# https://github.com/mikedh/trimesh
v -0.04309621 -0.03314156 -0.03985459
v -0.04290976 -0.03303739 -0.04020325
v -0.04323289 -0.03282127 -0.04006688
v -0.04221979 -0.03339488 -0.04042358
v -0.04242604 -0.03352236 -0.04008985
v -0.04270325 -0.03290976 -0.04053739
v -0.04235458 -0.03309621 -0.04064156
v -0.04256688 -0.03323289 -0.04032127
v -0.04276209 -0.03334806 -0.03998221
v -0.04367397 -0.03302871 -0.03902606
v -0.04379326 -0.03303413 -0.03868543
v -0.04400752 -0.03282256 -0.03848637
v -0.04406085 -0.03285570 -0.03809539
v -0.04363979 -0.03328003 -0.03849665
v -0.04390102 -0.03310120 -0.03790571
v -0.04369443 -0.03331421 -0.03810596
v -0.04385920 -0.03307728 -0.03829806
v -0.04408761 -0.03287229 -0.03770338
v -0.04371748 -0.03333751 -0.03770338
v -0.04391393 -0.03311146 -0.03750000
v -0.04258061 -0.03391726 -0.03923076
v -0.04223489 -0.03408116 -0.03933014
v -0.04272554 -0.03395056 -0.03890160
v -0.04285626 -0.03396324 -0.03856511
v -0.04238113 -0.03412588 -0.03901901
v -0.04252105 -0.03415179 -0.03868615
v -0.04297448 -0.03395085 -0.03823707
v -0.04307821 -0.03391922 -0.03790543
v -0.04308838 -0.03393216 -0.03750000
v -0.04222682 -0.03446463 -0.03782909
v -0.04264567 -0.03415406 -0.03836266
v -0.04275930 -0.03413555 -0.03803247
v -0.04230133 -0.03432935 -0.03848008
v -0.04242221 -0.03432465 -0.03815600
v -0.04262866 -0.03425325 -0.03750000
v -0.04286028 -0.03409604 -0.03770320
v -0.04253149 -0.03429924 -0.03782879
v -0.04232829 -0.03442483 -0.03750000
v -0.04293893 -0.03344095 -0.03962663
v -0.04309593 -0.03348519 -0.03930796
v -0.04336160 -0.03351991 -0.03864450
v -0.04291846 -0.03372669 -0.03911071
v -0.04305463 -0.03374717 -0.03877590
v -0.04323706 -0.03351155 -0.03898002
v -0.04324724 -0.03323420 -0.03949885
v -0.04339488 -0.03292358 -0.03971979
v -0.04353553 -0.03300751 -0.03935874
v -0.04339457 -0.03326749 -0.03917346
v -0.04352618 -0.03328310 -0.03883690
v -0.04276686 -0.03368856 -0.03943365
v -0.04261249 -0.03362650 -0.03974130
v -0.04243120 -0.03386288 -0.03954143
v -0.04226995 -0.03378968 -0.03984215
v -0.04328141 -0.03372363 -0.03810572
v -0.04346890 -0.03351023 -0.03830311
v -0.04350311 -0.03354485 -0.03790287
v -0.04317290 -0.03374893 -0.03843716
v -0.04330442 -0.03374694 -0.03770321
v -0.04351453 -0.03355641 -0.03750000
v -0.04386288 -0.03204143 -0.03993120
v -0.04362649 -0.03224130 -0.04011249
v -0.04368856 -0.03193365 -0.04026686
v -0.04391726 -0.03173076 -0.04008061
v -0.04432465 -0.03065600 -0.03992221
v -0.04374718 -0.03127590 -0.04055463
v -0.04412588 -0.03151901 -0.03988113
v -0.04395056 -0.03140160 -0.04022555
v -0.04415179 -0.03118614 -0.04002105
v -0.04372669 -0.03161070 -0.04041846
v -0.04374893 -0.03093716 -0.04067289
v -0.04396325 -0.03106511 -0.04035626
v -0.04395085 -0.03073707 -0.04047448
v -0.04415406 -0.03086266 -0.04014568
v -0.04234215 -0.03226995 -0.04128968
v -0.04268392 -0.03207136 -0.04117506
v -0.04242856 -0.03191342 -0.04142949
v -0.04314156 -0.03235459 -0.04059621
v -0.04352235 -0.03258985 -0.03992604
v -0.04334806 -0.03248221 -0.04026209
v -0.04303739 -0.03270325 -0.04040976
v -0.04348518 -0.03180796 -0.04059593
v -0.04292358 -0.03221979 -0.04089488
v -0.04323420 -0.03199885 -0.04074724
v -0.04300750 -0.03185874 -0.04103553
v -0.04344096 -0.03212663 -0.04043893
v -0.04282127 -0.03256688 -0.04073289
v -0.04258985 -0.03242604 -0.04102236
v -0.04248221 -0.03276209 -0.04084806
v -0.04224130 -0.03261249 -0.04112649
v -0.04302871 -0.03152606 -0.04117397
v -0.04303413 -0.03118543 -0.04129326
v -0.04307728 -0.03079806 -0.04135920
v -0.04276227 -0.03170718 -0.04130203
v -0.04277370 -0.03136854 -0.04142857
v -0.04250000 -0.03154508 -0.04154509
v -0.04221433 -0.03171424 -0.04164223
v -0.04222232 -0.03137347 -0.04176320
v -0.04227131 -0.03099114 -0.04184267
v -0.04282257 -0.03098637 -0.04150752
v -0.04255603 -0.03116723 -0.04163574
v -0.04259629 -0.03078217 -0.04170089
v -0.04326748 -0.03167346 -0.04089456
v -0.04351155 -0.03148002 -0.04073706
v -0.04328310 -0.03133691 -0.04102618
v -0.04351991 -0.03114450 -0.04086160
v -0.04328003 -0.03099666 -0.04113979
v -0.04351023 -0.03080311 -0.04096890
v -0.04434863 -0.03192953 -0.03903830
v -0.04445503 -0.03193094 -0.03869338
v -0.04367505 -0.03268392 -0.03957136
v -0.04380203 -0.03276227 -0.03920718
v -0.04378968 -0.03234215 -0.03976995
v -0.04392949 -0.03242856 -0.03941342
v -0.04413573 -0.03255603 -0.03866723
v -0.04404508 -0.03250000 -0.03904508
v -0.04392857 -0.03277370 -0.03886853
v -0.04401508 -0.03213567 -0.03957799
v -0.04414224 -0.03221433 -0.03921424
v -0.04408116 -0.03183014 -0.03973489
v -0.04421956 -0.03191807 -0.03937519
v -0.04426320 -0.03222232 -0.03887347
v -0.04434267 -0.03227131 -0.03849114
v -0.04439672 -0.03230441 -0.03809878
v -0.04442380 -0.03232107 -0.03770649
v -0.04456491 -0.03199803 -0.03791162
v -0.04452420 -0.03197068 -0.03830503
v -0.04458046 -0.03200484 -0.03750000
v -0.04420089 -0.03259629 -0.03828217
v -0.04424014 -0.03262055 -0.03789230
v -0.04425325 -0.03262866 -0.03750000
v -0.04441418 -0.03162432 -0.03919604
v -0.04431334 -0.03129946 -0.03966944
v -0.04445871 -0.03131330 -0.03934259
v -0.04468025 -0.03132075 -0.03866228
v -0.04452916 -0.03162964 -0.03885313
v -0.04458122 -0.03132042 -0.03900629
v -0.04432936 -0.03098008 -0.03980133
v -0.04448200 -0.03098206 -0.03948675
v -0.04448400 -0.03065874 -0.03961182
v -0.04462152 -0.03065828 -0.03929114
v -0.04472216 -0.03099547 -0.03880775
v -0.04473911 -0.03066285 -0.03894965
v -0.04483196 -0.03066396 -0.03860059
v -0.04461341 -0.03099193 -0.03915303
v -0.04427668 -0.03161262 -0.03952717
v -0.04467565 -0.03166171 -0.03811400
v -0.04475528 -0.03131433 -0.03831230
v -0.04480327 -0.03132759 -0.03790750
v -0.04461940 -0.03162765 -0.03850594
v -0.04470809 -0.03167070 -0.03770651
v -0.04481931 -0.03133202 -0.03750000
v -0.04480594 -0.03099169 -0.03845890
v -0.04486185 -0.03099290 -0.03811365
v -0.04489713 -0.03066628 -0.03825774
v -0.04493844 -0.03066535 -0.03791121
v -0.04489426 -0.03100184 -0.03770626
v -0.04495523 -0.03066762 -0.03750000
v -0.04191342 -0.03392949 -0.03992856
v -0.04154509 -0.03404509 -0.04000000
v -0.04136853 -0.03392857 -0.04027370
v -0.04116723 -0.03413574 -0.04005602
v -0.04078217 -0.03420089 -0.04009629
v -0.04098637 -0.03400752 -0.04032256
v -0.04161071 -0.03291846 -0.04122669
v -0.04127590 -0.03305463 -0.04124717
v -0.04093716 -0.03317290 -0.04124893
v -0.04106512 -0.03285626 -0.04146324
v -0.04152606 -0.03367397 -0.04052871
v -0.04167346 -0.03339456 -0.04076749
v -0.04207136 -0.03367506 -0.04018392
v -0.04185874 -0.03353553 -0.04050751
v -0.04170718 -0.03380203 -0.04026227
v -0.04199884 -0.03324724 -0.04073420
v -0.04212663 -0.03293893 -0.04094096
v -0.04180796 -0.03309593 -0.04098519
v -0.04118543 -0.03379326 -0.04053413
v -0.04114450 -0.03336160 -0.04101991
v -0.04133691 -0.03352618 -0.04078310
v -0.04099666 -0.03363979 -0.04078003
v -0.04079806 -0.03385920 -0.04057728
v -0.04080311 -0.03346890 -0.04101023
v -0.04148002 -0.03323706 -0.04101155
v -0.04059539 -0.03406085 -0.04035570
v -0.04039229 -0.03424014 -0.04012055
v -0.04020338 -0.03408761 -0.04037229
v -0.04000000 -0.03391393 -0.04061146
v -0.04000000 -0.03425325 -0.04012866
v -0.04060572 -0.03328141 -0.04122363
v -0.04073707 -0.03297448 -0.04145085
v -0.04020321 -0.03330442 -0.04124694
v -0.04020320 -0.03286028 -0.04159604
v -0.04040543 -0.03307821 -0.04141922
v -0.04000000 -0.03308838 -0.04143216
v -0.04060596 -0.03369443 -0.04081421
v -0.04040571 -0.03390102 -0.04060120
v -0.04020339 -0.03371748 -0.04083751
v -0.04040286 -0.03350311 -0.04104485
v -0.04000000 -0.03351454 -0.04105641
v -0.04184259 -0.03445871 -0.03881330
v -0.04150629 -0.03458122 -0.03882041
v -0.04187519 -0.03421956 -0.03941807
v -0.04207799 -0.03401508 -0.03963567
v -0.04153830 -0.03434863 -0.03942953
v -0.04171424 -0.03414223 -0.03971433
v -0.04202717 -0.03427668 -0.03911262
v -0.04216944 -0.03431334 -0.03879946
v -0.04169605 -0.03441418 -0.03912432
v -0.04119338 -0.03445503 -0.03943094
v -0.04080503 -0.03452419 -0.03947068
v -0.04135314 -0.03452916 -0.03912964
v -0.04116227 -0.03468025 -0.03882075
v -0.04081230 -0.03475528 -0.03881433
v -0.04100594 -0.03461940 -0.03912765
v -0.04137347 -0.03426320 -0.03972232
v -0.04099113 -0.03434267 -0.03977131
v -0.04198675 -0.03448201 -0.03848206
v -0.04211182 -0.03448400 -0.03815874
v -0.04165303 -0.03461341 -0.03849193
v -0.04179114 -0.03462152 -0.03815828
v -0.04190861 -0.03460959 -0.03782994
v -0.04201678 -0.03457522 -0.03750000
v -0.04158389 -0.03473099 -0.03783021
v -0.04169561 -0.03470371 -0.03750000
v -0.04144965 -0.03473911 -0.03816285
v -0.04130775 -0.03472216 -0.03849547
v -0.04095890 -0.03480594 -0.03849169
v -0.04110058 -0.03483196 -0.03816396
v -0.04123663 -0.03483322 -0.03783283
v -0.04136633 -0.03480969 -0.03750000
v -0.04089798 -0.03490742 -0.03783302
v -0.04103051 -0.03489265 -0.03750000
v -0.04041162 -0.03456491 -0.03949803
v -0.04061400 -0.03467565 -0.03916171
v -0.04040750 -0.03480328 -0.03882759
v -0.04020651 -0.03470809 -0.03917070
v -0.04059878 -0.03439672 -0.03980441
v -0.04020650 -0.03442380 -0.03982107
v -0.04000000 -0.03458046 -0.03950484
v -0.04000000 -0.03481930 -0.03883202
v -0.04061365 -0.03486185 -0.03849290
v -0.04075775 -0.03489713 -0.03816628
v -0.04020625 -0.03489426 -0.03850184
v -0.04041121 -0.03493844 -0.03816536
v -0.04055192 -0.03495824 -0.03783355
v -0.04068976 -0.03495219 -0.03750000
v -0.04020624 -0.03498458 -0.03783371
v -0.04034571 -0.03498803 -0.03750000
v -0.04000000 -0.03495523 -0.03816762
v -0.04000000 -0.03500000 -0.03750000
v -0.04193365 -0.03276686 -0.04118856
v -0.04204143 -0.03243120 -0.04136288
v -0.04173077 -0.03258061 -0.04141726
v -0.04151900 -0.03238113 -0.04162588
v -0.04213567 -0.03207799 -0.04151508
v -0.04191807 -0.03187519 -0.04171956
v -0.04183014 -0.03223488 -0.04158116
v -0.04161263 -0.03202717 -0.04177668
v -0.04140160 -0.03272555 -0.04145056
v -0.04118614 -0.03252105 -0.04165179
v -0.04086266 -0.03264568 -0.04165406
v -0.04098007 -0.03230133 -0.04182936
v -0.04131330 -0.03184259 -0.04195871
v -0.04098206 -0.03198675 -0.04198201
v -0.04129946 -0.03216944 -0.04181334
v -0.04192953 -0.03153830 -0.04184863
v -0.04193094 -0.03119338 -0.04195503
v -0.04162432 -0.03169604 -0.04191418
v -0.04162965 -0.03135313 -0.04202916
v -0.04197068 -0.03080503 -0.04202420
v -0.04162765 -0.03100594 -0.04211940
v -0.04132041 -0.03150630 -0.04208122
v -0.04099193 -0.03165303 -0.04211341
v -0.04099547 -0.03130775 -0.04222216
v -0.04132076 -0.03116228 -0.04218025
v -0.04131433 -0.03081230 -0.04225528
v -0.04099169 -0.03095890 -0.04230594
v -0.04053247 -0.03275929 -0.04163555
v -0.04065600 -0.03242221 -0.04182465
v -0.04032879 -0.03253149 -0.04179924
v -0.04065874 -0.03211182 -0.04198400
v -0.04065828 -0.03179114 -0.04212152
v -0.04032908 -0.03222683 -0.04196464
v -0.04032994 -0.03190861 -0.04210959
v -0.04000000 -0.03232829 -0.04192482
v -0.04000000 -0.03262866 -0.04175325
v -0.04000000 -0.03201678 -0.04207522
v -0.04066285 -0.03144965 -0.04223911
v -0.04033021 -0.03158389 -0.04223099
v -0.04033284 -0.03123663 -0.04233322
v -0.04066396 -0.03110059 -0.04233196
v -0.04066628 -0.03075774 -0.04239713
v -0.04033302 -0.03089798 -0.04240742
v -0.04000000 -0.03169561 -0.04220371
v -0.04000000 -0.03136633 -0.04230969
v -0.04000000 -0.03103051 -0.04239265
v -0.04000000 -0.03068976 -0.04245219
v -0.04429924 -0.03032879 -0.04003149
v -0.04391922 -0.03040543 -0.04057821
v -0.04372364 -0.03060572 -0.04078141
v -0.04374694 -0.03020321 -0.04080442
v -0.04413555 -0.03053247 -0.04025929
v -0.04409604 -0.03020320 -0.04036028
v -0.04393216 -0.03000000 -0.04058838
v -0.04425325 -0.03000000 -0.04012866
v -0.04331421 -0.03060596 -0.04119443
v -0.04333751 -0.03020339 -0.04121748
v -0.04310120 -0.03040571 -0.04140102
v -0.04311146 -0.03000000 -0.04141393
v -0.04230441 -0.03059878 -0.04189672
v -0.04232107 -0.03020650 -0.04192380
v -0.04285570 -0.03059539 -0.04156085
v -0.04262055 -0.03039229 -0.04174014
v -0.04287229 -0.03020338 -0.04158761
v -0.04262866 -0.03000000 -0.04175325
v -0.04354485 -0.03040287 -0.04100311
v -0.04355641 -0.03000000 -0.04101453
v -0.04446463 -0.03032908 -0.03972682
v -0.04460960 -0.03032994 -0.03940861
v -0.04473099 -0.03033021 -0.03908389
v -0.04483322 -0.03033283 -0.03873663
v -0.04470371 -0.03000000 -0.03919561
v -0.04457522 -0.03000000 -0.03951678
v -0.04442482 -0.03000000 -0.03982829
v -0.04480969 -0.03000000 -0.03886633
v -0.04489265 -0.03000000 -0.03853051
v -0.04490742 -0.03033302 -0.03839798
v -0.04495824 -0.03033355 -0.03805193
v -0.04498459 -0.03033371 -0.03770624
v -0.04495220 -0.03000000 -0.03818976
v -0.04498803 -0.03000000 -0.03784571
v -0.04500000 -0.03000000 -0.03750000
v -0.04199804 -0.03041162 -0.04206491
v -0.04166171 -0.03061400 -0.04217565
v -0.04167070 -0.03020651 -0.04220809
v -0.04200484 -0.03000000 -0.04208046
v -0.04132759 -0.03040751 -0.04230328
v -0.04099290 -0.03061365 -0.04236185
v -0.04100184 -0.03020625 -0.04239426
v -0.04133203 -0.03000000 -0.04231931
v -0.04066535 -0.03041121 -0.04243844
v -0.04033355 -0.03055193 -0.04245824
v -0.04033371 -0.03020624 -0.04248459
v -0.04066762 -0.03000000 -0.04245523
v -0.04000000 -0.03034571 -0.04248803
v -0.04000000 -0.03000000 -0.04250000
v -0.04500000 -0.02423358 -0.02733939
v -0.04500000 -0.02438074 -0.02690587
v -0.04500000 -0.02233939 -0.02923358
v -0.04500000 -0.02190587 -0.02938074
v -0.04500000 -0.02377674 -0.02813067
v -0.04500000 -0.02313066 -0.02877674
v -0.04500000 -0.02347487 -0.02847487
v -0.04500000 -0.02403109 -0.02775000
v -0.04500000 -0.02275000 -0.02903109
v -0.04500000 -0.02447006 -0.02645684
v -0.04500000 -0.02450000 -0.02600000
v -0.04500000 -0.02447006 -0.02554316
v -0.04500000 -0.02438074 -0.02509413
v -0.04500000 -0.02423358 -0.02466061
v -0.04500000 -0.02403109 -0.02425000
v -0.04500000 -0.02377674 -0.02386934
v -0.04500000 -0.02347487 -0.02352513
v -0.04500000 -0.02313066 -0.02322326
v -0.04500000 -0.02275000 -0.02296891
v -0.04500000 -0.02233939 -0.02276642
v -0.04500000 -0.02190587 -0.02261926
v -0.04500000 -0.02145684 -0.02947006
v -0.04500000 -0.02100000 -0.02950000
v -0.04500000 -0.02054316 -0.02947006
v -0.04500000 -0.02009413 -0.02938074
v -0.04500000 -0.01966061 -0.02923358
v -0.04500000 -0.01925000 -0.02903109
v -0.04500000 -0.01886933 -0.02877674
v -0.04500000 -0.01852513 -0.02847487
v -0.04500000 -0.01822326 -0.02813067
v -0.04500000 -0.01796891 -0.02775000
v -0.04500000 -0.01776642 -0.02733939
v -0.04500000 -0.01761926 -0.02690587
v -0.04500000 -0.02145684 -0.02252994
v -0.04500000 -0.02100000 -0.02250000
v -0.04500000 -0.02009413 -0.02261926
v -0.04500000 -0.02054316 -0.02252994
v -0.04500000 -0.01752994 -0.02645684
v -0.04500000 -0.01752994 -0.02554316
v -0.04500000 -0.01761926 -0.02509413
v -0.04500000 -0.01776642 -0.02466061
v -0.04500000 -0.01796891 -0.02425000
v -0.04500000 -0.01966061 -0.02276642
v -0.04500000 -0.01925000 -0.02296891
v -0.04500000 -0.01886933 -0.02322326
v -0.04500000 -0.01852513 -0.02352513
v -0.04500000 -0.01822326 -0.02386934
v -0.03133939 -0.03500000 -0.02923358
v -0.03277674 -0.03500000 -0.02813067
v -0.03247488 -0.03500000 -0.02847487
v -0.03323358 -0.03500000 -0.02733939
v -0.03338074 -0.03500000 -0.02690587
v -0.03303109 -0.03500000 -0.02775000
v -0.03213067 -0.03500000 -0.02877674
v -0.03175000 -0.03500000 -0.02903109
v -0.03090587 -0.03500000 -0.02938074
v -0.03045684 -0.03500000 -0.02947006
v -0.03000000 -0.03500000 -0.02950000
v -0.02954316 -0.03500000 -0.02947006
v -0.02909413 -0.03500000 -0.02938074
v -0.02866061 -0.03500000 -0.02923358
v -0.02825000 -0.03500000 -0.02903109
v -0.03347006 -0.03500000 -0.02645684
v -0.03350000 -0.03500000 -0.02600000
v -0.03347006 -0.03500000 -0.02554316
v -0.03338074 -0.03500000 -0.02509413
v -0.03323358 -0.03500000 -0.02466061
v -0.03303109 -0.03500000 -0.02425000
v -0.03277674 -0.03500000 -0.02386934
v -0.03247488 -0.03500000 -0.02352513
v -0.03213067 -0.03500000 -0.02322326
v -0.03175000 -0.03500000 -0.02296891
v -0.03133939 -0.03500000 -0.02276642
v -0.03090587 -0.03500000 -0.02261926
v -0.03045684 -0.03500000 -0.02252994
v -0.03000000 -0.03500000 -0.02250000
v -0.02954316 -0.03500000 -0.02252994
v -0.02909413 -0.03500000 -0.02261926
v -0.02866061 -0.03500000 -0.02276642
v -0.02825000 -0.03500000 -0.02296891
v -0.02786933 -0.03500000 -0.02877674
v -0.02752513 -0.03500000 -0.02847487
v -0.02722326 -0.03500000 -0.02813067
v -0.02696891 -0.03500000 -0.02775000
v -0.02676642 -0.03500000 -0.02733939
v -0.02661926 -0.03500000 -0.02690587
v -0.02676642 -0.03500000 -0.02466061
v -0.02696891 -0.03500000 -0.02425000
v -0.02652994 -0.03500000 -0.02645684
v -0.02650000 -0.03500000 -0.02600000
v -0.02652994 -0.03500000 -0.02554316
v -0.02661926 -0.03500000 -0.02509413
v -0.02752513 -0.03500000 -0.02352513
v -0.02786933 -0.03500000 -0.02322326
v -0.02722326 -0.03500000 -0.02386934
v -0.03323358 -0.02423358 -0.02733939
v -0.03338074 -0.02438074 -0.02690587
v -0.03133939 -0.02233939 -0.02923358
v -0.03277674 -0.02377674 -0.02813067
v -0.03247488 -0.02347487 -0.02847487
v -0.03303109 -0.02403109 -0.02775000
v -0.03213067 -0.02313066 -0.02877674
v -0.03175000 -0.02275000 -0.02903109
v -0.03090587 -0.02190587 -0.02938074
v -0.02909413 -0.02190587 -0.02938074
v -0.02866061 -0.02233939 -0.02923358
v -0.02825000 -0.02275000 -0.02903109
v -0.03347006 -0.02447006 -0.02645684
v -0.03350000 -0.02450000 -0.02600000
v -0.03347006 -0.02447006 -0.02554316
v -0.03338074 -0.02438074 -0.02509413
v -0.03323358 -0.02423358 -0.02466061
v -0.03303109 -0.02403109 -0.02425000
v -0.03277674 -0.02377674 -0.02386934
v -0.03247488 -0.02347487 -0.02352513
v -0.03213067 -0.02313066 -0.02322326
v -0.03175000 -0.02275000 -0.02296891
v -0.03133939 -0.02233939 -0.02276642
v -0.03090587 -0.02190587 -0.02261926
v -0.02909413 -0.02190587 -0.02261926
v -0.02825000 -0.02275000 -0.02296891
v -0.02866061 -0.02233939 -0.02276642
v -0.03133939 -0.01966061 -0.02923358
v -0.03277674 -0.01822326 -0.02813067
v -0.03247488 -0.01852513 -0.02847487
v -0.03323358 -0.01776642 -0.02733939
v -0.03338074 -0.01761926 -0.02690587
v -0.03303109 -0.01796891 -0.02775000
v -0.03175000 -0.01925000 -0.02903109
v -0.03213067 -0.01886933 -0.02877674
v -0.03045684 -0.02145684 -0.02947006
v -0.02954316 -0.02145684 -0.02947006
v -0.03000000 -0.02100000 -0.02950000
v -0.03045684 -0.02054316 -0.02947006
v -0.03090587 -0.02009413 -0.02938074
v -0.02954316 -0.02054316 -0.02947006
v -0.02909413 -0.02009413 -0.02938074
v -0.02866061 -0.01966061 -0.02923358
v -0.02825000 -0.01925000 -0.02903109
v -0.03347006 -0.01752994 -0.02645684
v -0.03347006 -0.01752994 -0.02554316
v -0.03338074 -0.01761926 -0.02509413
v -0.03323358 -0.01776642 -0.02466061
v -0.03303109 -0.01796891 -0.02425000
v -0.03277674 -0.01822326 -0.02386934
v -0.03247488 -0.01852513 -0.02352513
v -0.03175000 -0.01925000 -0.02296891
v -0.03213067 -0.01886933 -0.02322326
v -0.03133939 -0.01966061 -0.02276642
v -0.03045684 -0.02145684 -0.02252994
v -0.02954316 -0.02145684 -0.02252994
v -0.03000000 -0.02100000 -0.02250000
v -0.03090587 -0.02009413 -0.02261926
v -0.03045684 -0.02054316 -0.02252994
v -0.02954316 -0.02054316 -0.02252994
v -0.02909413 -0.02009413 -0.02261926
v -0.02866061 -0.01966061 -0.02276642
v -0.02825000 -0.01925000 -0.02296891
v -0.02676642 -0.02423358 -0.02733939
v -0.02661926 -0.02438074 -0.02690587
v -0.02786933 -0.02313066 -0.02877674
v -0.02752513 -0.02347487 -0.02847487
v -0.02722326 -0.02377674 -0.02813067
v -0.02696891 -0.02403109 -0.02775000
v -0.02676642 -0.02423358 -0.02466061
v -0.02652994 -0.02447006 -0.02645684
v -0.02650000 -0.02450000 -0.02600000
v -0.02652994 -0.02447006 -0.02554316
v -0.02661926 -0.02438074 -0.02509413
v -0.02696891 -0.02403109 -0.02425000
v -0.02752513 -0.02347487 -0.02352513
v -0.02786933 -0.02313066 -0.02322326
v -0.02722326 -0.02377674 -0.02386934
v -0.02786933 -0.01886933 -0.02877674
v -0.02752513 -0.01852513 -0.02847487
v -0.02722326 -0.01822326 -0.02813067
v -0.02696891 -0.01796891 -0.02775000
v -0.02676642 -0.01776642 -0.02733939
v -0.02661926 -0.01761926 -0.02690587
v -0.02676642 -0.01776642 -0.02466061
v -0.02696891 -0.01796891 -0.02425000
v -0.02652994 -0.01752994 -0.02645684
v -0.02652994 -0.01752994 -0.02554316
v -0.02661926 -0.01761926 -0.02509413
v -0.02786933 -0.01886933 -0.02322326
v -0.02752513 -0.01852513 -0.02352513
v -0.02722326 -0.01822326 -0.02386934
v -0.04500000 -0.02423358 -0.00533939
v -0.04500000 -0.02313066 -0.00677674
v -0.04500000 -0.02377674 -0.00613067
v -0.04500000 -0.02403109 -0.00575000
v -0.04500000 -0.02347487 -0.00647487
v -0.04500000 -0.02275000 -0.00703109
v -0.04500000 -0.02190587 -0.00738074
v -0.04500000 -0.02233939 -0.00723358
v -0.04500000 -0.02438074 -0.00490587
v -0.04500000 -0.02447006 -0.00445684
v -0.04500000 -0.02450000 -0.00400000
v -0.04500000 -0.02447006 -0.00354316
v -0.04500000 -0.02438074 -0.00309413
v -0.04500000 -0.02423358 -0.00266061
v -0.04500000 -0.02403109 -0.00225000
v -0.04500000 -0.02377674 -0.00186933
v -0.04500000 -0.02347487 -0.00152513
v -0.04500000 -0.02313066 -0.00122326
v -0.04500000 -0.02275000 -0.00096891
v -0.04500000 -0.02233939 -0.00076642
v -0.04500000 -0.02190587 -0.00061926
v -0.04500000 -0.02145684 -0.00747006
v -0.04500000 -0.02100000 -0.00750000
v -0.04500000 -0.02054316 -0.00747006
v -0.04500000 -0.02009413 -0.00738074
v -0.04500000 -0.01966061 -0.00723358
v -0.04500000 -0.01925000 -0.00703109
v -0.04500000 -0.01886933 -0.00677674
v -0.04500000 -0.01852513 -0.00647487
v -0.04500000 -0.01822326 -0.00613067
v -0.04500000 -0.01796891 -0.00575000
v -0.04500000 -0.01776642 -0.00533939
v -0.04500000 -0.02145684 -0.00052994
v -0.04500000 -0.02100000 -0.00050000
v -0.04500000 -0.02054316 -0.00052994
v -0.04500000 -0.02009413 -0.00061926
v -0.04500000 -0.01761926 -0.00490587
v -0.04500000 -0.01752994 -0.00445684
v -0.04500000 -0.01752994 -0.00354316
v -0.04500000 -0.01761926 -0.00309413
v -0.04500000 -0.01776642 -0.00266061
v -0.04500000 -0.01966061 -0.00076642
v -0.04500000 -0.01925000 -0.00096891
v -0.04500000 -0.01886933 -0.00122326
v -0.04500000 -0.01852513 -0.00152513
v -0.04500000 -0.01822326 -0.00186933
v -0.04500000 -0.01796891 -0.00225000
v -0.03323358 -0.03500000 -0.00533939
v -0.03277674 -0.03500000 -0.00613067
v -0.03247488 -0.03500000 -0.00647487
v -0.03303109 -0.03500000 -0.00575000
v -0.03213067 -0.03500000 -0.00677674
v -0.03175000 -0.03500000 -0.00703109
v -0.03133939 -0.03500000 -0.00723358
v -0.03090587 -0.03500000 -0.00738074
v -0.03045684 -0.03500000 -0.00747006
v -0.03000000 -0.03500000 -0.00750000
v -0.02954316 -0.03500000 -0.00747006
v -0.02909413 -0.03500000 -0.00738074
v -0.02866061 -0.03500000 -0.00723358
v -0.02825000 -0.03500000 -0.00703109
v -0.03338074 -0.03500000 -0.00490587
v -0.03347006 -0.03500000 -0.00445684
v -0.03350000 -0.03500000 -0.00400000
v -0.03347006 -0.03500000 -0.00354316
v -0.03338074 -0.03500000 -0.00309413
v -0.03323358 -0.03500000 -0.00266061
v -0.03303109 -0.03500000 -0.00225000
v -0.03277674 -0.03500000 -0.00186933
v -0.03247488 -0.03500000 -0.00152513
v -0.03213067 -0.03500000 -0.00122326
v -0.03175000 -0.03500000 -0.00096891
v -0.03133939 -0.03500000 -0.00076642
v -0.03090587 -0.03500000 -0.00061926
v -0.03045684 -0.03500000 -0.00052994
v -0.03000000 -0.03500000 -0.00050000
v -0.02954316 -0.03500000 -0.00052994
v -0.02909413 -0.03500000 -0.00061926
v -0.02866061 -0.03500000 -0.00076642
v -0.02825000 -0.03500000 -0.00096891
v -0.02786933 -0.03500000 -0.00677674
v -0.02752513 -0.03500000 -0.00647487
v -0.02722326 -0.03500000 -0.00613067
v -0.02696891 -0.03500000 -0.00575000
v -0.02676642 -0.03500000 -0.00533939
v -0.02676642 -0.03500000 -0.00266061
v -0.02661926 -0.03500000 -0.00490587
v -0.02652994 -0.03500000 -0.00445684
v -0.02650000 -0.03500000 -0.00400000
v -0.02652994 -0.03500000 -0.00354316
v -0.02661926 -0.03500000 -0.00309413
v -0.02752513 -0.03500000 -0.00152513
v -0.02696891 -0.03500000 -0.00225000
v -0.02722326 -0.03500000 -0.00186933
v -0.02786933 -0.03500000 -0.00122326
v -0.03323358 -0.02423358 -0.00533939
v -0.03277674 -0.02377674 -0.00613067
v -0.03303109 -0.02403109 -0.00575000
v -0.03247488 -0.02347487 -0.00647487
v -0.03213067 -0.02313066 -0.00677674
v -0.03175000 -0.02275000 -0.00703109
v -0.03133939 -0.02233939 -0.00723358
v -0.03090587 -0.02190587 -0.00738074
v -0.02909413 -0.02190587 -0.00738074
v -0.02825000 -0.02275000 -0.00703109
v -0.02866061 -0.02233939 -0.00723358
v -0.03338074 -0.02438074 -0.00490587
v -0.03347006 -0.02447006 -0.00445684
v -0.03350000 -0.02450000 -0.00400000
v -0.03347006 -0.02447006 -0.00354316
v -0.03338074 -0.02438074 -0.00309413
v -0.03323358 -0.02423358 -0.00266061
v -0.03303109 -0.02403109 -0.00225000
v -0.03277674 -0.02377674 -0.00186933
v -0.03247488 -0.02347487 -0.00152513
v -0.03213067 -0.02313066 -0.00122326
v -0.03175000 -0.02275000 -0.00096891
v -0.03133939 -0.02233939 -0.00076642
v -0.03090587 -0.02190587 -0.00061926
v -0.02909413 -0.02190587 -0.00061926
v -0.02825000 -0.02275000 -0.00096891
v -0.02866061 -0.02233939 -0.00076642
v -0.03323358 -0.01776642 -0.00533939
v -0.03277674 -0.01822326 -0.00613067
v -0.03247488 -0.01852513 -0.00647487
v -0.03303109 -0.01796891 -0.00575000
v -0.03175000 -0.01925000 -0.00703109
v -0.03213067 -0.01886933 -0.00677674
v -0.03133939 -0.01966061 -0.00723358
v -0.03045684 -0.02145684 -0.00747006
v -0.02954316 -0.02145684 -0.00747006
v -0.03000000 -0.02100000 -0.00750000
v -0.03045684 -0.02054316 -0.00747006
v -0.03090587 -0.02009413 -0.00738074
v -0.02954316 -0.02054316 -0.00747006
v -0.02909413 -0.02009413 -0.00738074
v -0.02866061 -0.01966061 -0.00723358
v -0.02825000 -0.01925000 -0.00703109
v -0.03338074 -0.01761926 -0.00490587
v -0.03347006 -0.01752994 -0.00445684
v -0.03347006 -0.01752994 -0.00354316
v -0.03338074 -0.01761926 -0.00309413
v -0.03323358 -0.01776642 -0.00266061
v -0.03277674 -0.01822326 -0.00186933
v -0.03247488 -0.01852513 -0.00152513
v -0.03303109 -0.01796891 -0.00225000
v -0.03175000 -0.01925000 -0.00096891
v -0.03213067 -0.01886933 -0.00122326
v -0.03133939 -0.01966061 -0.00076642
v -0.03045684 -0.02145684 -0.00052994
v -0.02954316 -0.02145684 -0.00052994
v -0.03000000 -0.02100000 -0.00050000
v -0.03045684 -0.02054316 -0.00052994
v -0.03090587 -0.02009413 -0.00061926
v -0.02954316 -0.02054316 -0.00052994
v -0.02909413 -0.02009413 -0.00061926
v -0.02866061 -0.01966061 -0.00076642
v -0.02825000 -0.01925000 -0.00096891
v -0.02676642 -0.02423358 -0.00533939
v -0.02786933 -0.02313066 -0.00677674
v -0.02752513 -0.02347487 -0.00647487
v -0.02722326 -0.02377674 -0.00613067
v -0.02696891 -0.02403109 -0.00575000
v -0.02676642 -0.02423358 -0.00266061
v -0.02661926 -0.02438074 -0.00490587
v -0.02652994 -0.02447006 -0.00445684
v -0.02650000 -0.02450000 -0.00400000
v -0.02652994 -0.02447006 -0.00354316
v -0.02661926 -0.02438074 -0.00309413
v -0.02752513 -0.02347487 -0.00152513
v -0.02696891 -0.02403109 -0.00225000
v -0.02722326 -0.02377674 -0.00186933
v -0.02786933 -0.02313066 -0.00122326
v -0.02786933 -0.01886933 -0.00677674
v -0.02752513 -0.01852513 -0.00647487
v -0.02722326 -0.01822326 -0.00613067
v -0.02696891 -0.01796891 -0.00575000
v -0.02676642 -0.01776642 -0.00533939
v -0.02676642 -0.01776642 -0.00266061
v -0.02661926 -0.01761926 -0.00490587
v -0.02652994 -0.01752994 -0.00445684
v -0.02652994 -0.01752994 -0.00354316
v -0.02661926 -0.01761926 -0.00309413
v -0.02786933 -0.01886933 -0.00122326
v -0.02752513 -0.01852513 -0.00152513
v -0.02722326 -0.01822326 -0.00186933
v -0.02696891 -0.01796891 -0.00225000
v -0.04500000 -0.01750000 -0.02600000
v -0.04500000 -0.00338074 -0.02690587
v -0.04500000 -0.00277674 -0.02813067
v -0.04500000 -0.00247487 -0.02847487
v -0.04500000 -0.00303109 -0.02775000
v -0.04500000 -0.00323358 -0.02733939
v -0.04500000 -0.00133939 -0.02923358
v -0.04500000 -0.00090587 -0.02938074
v -0.04500000 -0.00045684 -0.02947006
v -0.04500000 -0.00213067 -0.02877674
v -0.04500000 -0.00175000 -0.02903109
v -0.04500000 -0.00347006 -0.02645684
v -0.04500000 -0.00350000 -0.02600000
v -0.04500000 -0.00347006 -0.02554316
v -0.04500000 -0.00338074 -0.02509413
v -0.04500000 -0.00323358 -0.02466061
v -0.04500000 -0.00303109 -0.02425000
v -0.04500000 -0.00277674 -0.02386934
v -0.04500000 -0.00247487 -0.02352513
v -0.04500000 -0.00213067 -0.02322326
v -0.04500000 -0.00175000 -0.02296891
v -0.04500000 -0.00133939 -0.02276642
v -0.04500000 -0.00090587 -0.02261926
v -0.04500000 -0.00045684 -0.02252994
v -0.03350000 -0.01750000 -0.02600000
v -0.02650000 -0.01750000 -0.02600000
v -0.03338074 -0.00338074 -0.02690587
v -0.03277674 -0.00277674 -0.02813067
v -0.03247488 -0.00247487 -0.02847487
v -0.03323358 -0.00323358 -0.02733939
v -0.03303109 -0.00303109 -0.02775000
v -0.03133939 -0.00133939 -0.02923358
v -0.03213067 -0.00213067 -0.02877674
v -0.03175000 -0.00175000 -0.02903109
v -0.03090587 -0.00090587 -0.02938074
v -0.03045684 -0.00045684 -0.02947006
v -0.02954316 -0.00045684 -0.02947006
v -0.02866061 -0.00133939 -0.02923358
v -0.02909413 -0.00090587 -0.02938074
v -0.02825000 -0.00175000 -0.02903109
v -0.03347006 -0.00347006 -0.02645684
v -0.03350000 -0.00350000 -0.02600000
v -0.03347006 -0.00347006 -0.02554316
v -0.03338074 -0.00338074 -0.02509413
v -0.03323358 -0.00323358 -0.02466061
v -0.03303109 -0.00303109 -0.02425000
v -0.03277674 -0.00277674 -0.02386934
v -0.03247488 -0.00247487 -0.02352513
v -0.03213067 -0.00213067 -0.02322326
v -0.03175000 -0.00175000 -0.02296891
v -0.03133939 -0.00133939 -0.02276642
v -0.03090587 -0.00090587 -0.02261926
v -0.03045684 -0.00045684 -0.02252994
v -0.02954316 -0.00045684 -0.02252994
v -0.02825000 -0.00175000 -0.02296891
v -0.02866061 -0.00133939 -0.02276642
v -0.02909413 -0.00090587 -0.02261926
v -0.02752513 -0.00247487 -0.02847487
v -0.02722326 -0.00277674 -0.02813067
v -0.02696891 -0.00303109 -0.02775000
v -0.02676642 -0.00323358 -0.02733939
v -0.02661926 -0.00338074 -0.02690587
v -0.02786933 -0.00213067 -0.02877674
v -0.02676642 -0.00323358 -0.02466061
v -0.02696891 -0.00303109 -0.02425000
v -0.02652994 -0.00347006 -0.02645684
v -0.02650000 -0.00350000 -0.02600000
v -0.02652994 -0.00347006 -0.02554316
v -0.02661926 -0.00338074 -0.02509413
v -0.02752513 -0.00247487 -0.02352513
v -0.02722326 -0.00277674 -0.02386934
v -0.02786933 -0.00213067 -0.02322326
v -0.04500000 -0.01750000 -0.00400000
v -0.04500000 -0.00277674 -0.00613067
v -0.04500000 -0.00303109 -0.00575000
v -0.04500000 -0.00323358 -0.00533939
v -0.04500000 -0.00247487 -0.00647487
v -0.04500000 -0.00213067 -0.00677674
v -0.04500000 -0.00175000 -0.00703109
v -0.04500000 -0.00133939 -0.00723358
v -0.04500000 -0.00090587 -0.00738074
v -0.04500000 -0.00045684 -0.00747006
v -0.04500000 -0.00338074 -0.00490587
v -0.04500000 -0.00347006 -0.00445684
v -0.04500000 -0.00350000 -0.00400000
v -0.04500000 -0.00347006 -0.00354316
v -0.04500000 -0.00338074 -0.00309413
v -0.04500000 -0.00323358 -0.00266061
v -0.04500000 -0.00303109 -0.00225000
v -0.04500000 -0.00277674 -0.00186933
v -0.04500000 -0.00247487 -0.00152513
v -0.04500000 -0.00213067 -0.00122326
v -0.04500000 -0.00175000 -0.00096891
v -0.04500000 -0.00133939 -0.00076642
v -0.04500000 -0.00090587 -0.00061926
v -0.04500000 -0.00045684 -0.00052994
v -0.03350000 -0.01750000 -0.00400000
v -0.02650000 -0.01750000 -0.00400000
v -0.03323358 -0.00323358 -0.00533939
v -0.03277674 -0.00277674 -0.00613067
v -0.03303109 -0.00303109 -0.00575000
v -0.03247488 -0.00247487 -0.00647487
v -0.03213067 -0.00213067 -0.00677674
v -0.03175000 -0.00175000 -0.00703109
v -0.03133939 -0.00133939 -0.00723358
v -0.03090587 -0.00090587 -0.00738074
v -0.03045684 -0.00045684 -0.00747006
v -0.02954316 -0.00045684 -0.00747006
v -0.02825000 -0.00175000 -0.00703109
v -0.02866061 -0.00133939 -0.00723358
v -0.02909413 -0.00090587 -0.00738074
v -0.03338074 -0.00338074 -0.00490587
v -0.03347006 -0.00347006 -0.00445684
v -0.03350000 -0.00350000 -0.00400000
v -0.03347006 -0.00347006 -0.00354316
v -0.03338074 -0.00338074 -0.00309413
v -0.03323358 -0.00323358 -0.00266061
v -0.03303109 -0.00303109 -0.00225000
v -0.03277674 -0.00277674 -0.00186933
v -0.03247488 -0.00247487 -0.00152513
v -0.03213067 -0.00213067 -0.00122326
v -0.03175000 -0.00175000 -0.00096891
v -0.03133939 -0.00133939 -0.00076642
v -0.03090587 -0.00090587 -0.00061926
v -0.03045684 -0.00045684 -0.00052994
v -0.02954316 -0.00045684 -0.00052994
v -0.02825000 -0.00175000 -0.00096891
v -0.02866061 -0.00133939 -0.00076642
v -0.02909413 -0.00090587 -0.00061926
v -0.02752513 -0.00247487 -0.00647487
v -0.02722326 -0.00277674 -0.00613067
v -0.02696891 -0.00303109 -0.00575000
v -0.02676642 -0.00323358 -0.00533939
v -0.02786933 -0.00213067 -0.00677674
v -0.02676642 -0.00323358 -0.00266061
v -0.02661926 -0.00338074 -0.00490587
v -0.02652994 -0.00347006 -0.00445684
v -0.02650000 -0.00350000 -0.00400000
v -0.02652994 -0.00347006 -0.00354316
v -0.02661926 -0.00338074 -0.00309413
v -0.02752513 -0.00247487 -0.00152513
v -0.02696891 -0.00303109 -0.00225000
v -0.02722326 -0.00277674 -0.00186933
v -0.02786933 -0.00213067 -0.00122326
v -0.00323358 -0.03500000 -0.02733939
v -0.00303109 -0.03500000 -0.02775000
v -0.00338074 -0.03500000 -0.02690587
v -0.00133939 -0.03500000 -0.02923358
v -0.00090587 -0.03500000 -0.02938074
v -0.00045684 -0.03500000 -0.02947006
v -0.00213067 -0.03500000 -0.02877674
v -0.00247487 -0.03500000 -0.02847487
v -0.00277674 -0.03500000 -0.02813067
v -0.00175000 -0.03500000 -0.02903109
v -0.00347006 -0.03500000 -0.02645684
v -0.00350000 -0.03500000 -0.02600000
v -0.00347006 -0.03500000 -0.02554316
v -0.00338074 -0.03500000 -0.02509413
v -0.00323358 -0.03500000 -0.02466061
v -0.00303109 -0.03500000 -0.02425000
v -0.00277674 -0.03500000 -0.02386934
v -0.00247487 -0.03500000 -0.02352513
v -0.00213067 -0.03500000 -0.02322326
v -0.00175000 -0.03500000 -0.02296891
v -0.00133939 -0.03500000 -0.02276642
v -0.00090587 -0.03500000 -0.02261926
v -0.00045684 -0.03500000 -0.02252994
v -0.00323358 -0.02423358 -0.02733939
v -0.00338074 -0.02438074 -0.02690587
v -0.00303109 -0.02403109 -0.02775000
v -0.00133939 -0.02233939 -0.02923358
v -0.00090587 -0.02190587 -0.02938074
v -0.00277674 -0.02377674 -0.02813067
v -0.00213067 -0.02313066 -0.02877674
v -0.00247487 -0.02347487 -0.02847487
v -0.00175000 -0.02275000 -0.02903109
v -0.00347006 -0.02447006 -0.02645684
v -0.00350000 -0.02450000 -0.02600000
v -0.00347006 -0.02447006 -0.02554316
v -0.00338074 -0.02438074 -0.02509413
v -0.00323358 -0.02423358 -0.02466061
v -0.00303109 -0.02403109 -0.02425000
v -0.00277674 -0.02377674 -0.02386934
v -0.00247487 -0.02347487 -0.02352513
v -0.00213067 -0.02313066 -0.02322326
v -0.00175000 -0.02275000 -0.02296891
v -0.00133939 -0.02233939 -0.02276642
v -0.00090587 -0.02190587 -0.02261926
v -0.00323358 -0.01776642 -0.02733939
v -0.00303109 -0.01796891 -0.02775000
v -0.00338074 -0.01761926 -0.02690587
v -0.00045684 -0.02145684 -0.02947006
v -0.00090587 -0.02009413 -0.02938074
v -0.00045684 -0.02054316 -0.02947006
v -0.00133939 -0.01966061 -0.02923358
v -0.00213067 -0.01886933 -0.02877674
v -0.00175000 -0.01925000 -0.02903109
v -0.00247487 -0.01852513 -0.02847487
v -0.00277674 -0.01822326 -0.02813067
v -0.00347006 -0.01752994 -0.02645684
v -0.00347006 -0.01752994 -0.02554316
v -0.00338074 -0.01761926 -0.02509413
v -0.00323358 -0.01776642 -0.02466061
v -0.00303109 -0.01796891 -0.02425000
v -0.00045684 -0.02145684 -0.02252994
v -0.00090587 -0.02009413 -0.02261926
v -0.00045684 -0.02054316 -0.02252994
v -0.00213067 -0.01886933 -0.02322326
v -0.00175000 -0.01925000 -0.02296891
v -0.00247487 -0.01852513 -0.02352513
v -0.00277674 -0.01822326 -0.02386934
v -0.00133939 -0.01966061 -0.02276642
v -0.00323358 -0.03500000 -0.00533939
v -0.00303109 -0.03500000 -0.00575000
v -0.00213067 -0.03500000 -0.00677674
v -0.00175000 -0.03500000 -0.00703109
v -0.00247487 -0.03500000 -0.00647487
v -0.00277674 -0.03500000 -0.00613067
v -0.00090587 -0.03500000 -0.00738074
v -0.00133939 -0.03500000 -0.00723358
v -0.00045684 -0.03500000 -0.00747006
v -0.00338074 -0.03500000 -0.00490587
v -0.00347006 -0.03500000 -0.00445684
v -0.00350000 -0.03500000 -0.00400000
v -0.00347006 -0.03500000 -0.00354316
v -0.00338074 -0.03500000 -0.00309413
v -0.00323358 -0.03500000 -0.00266061
v -0.00303109 -0.03500000 -0.00225000
v -0.00277674 -0.03500000 -0.00186933
v -0.00247487 -0.03500000 -0.00152513
v -0.00213067 -0.03500000 -0.00122326
v -0.00175000 -0.03500000 -0.00096891
v -0.00133939 -0.03500000 -0.00076642
v -0.00090587 -0.03500000 -0.00061926
v -0.00045684 -0.03500000 -0.00052994
v -0.00323358 -0.02423358 -0.00533939
v -0.00303109 -0.02403109 -0.00575000
v -0.00213067 -0.02313066 -0.00677674
v -0.00277674 -0.02377674 -0.00613067
v -0.00247487 -0.02347487 -0.00647487
v -0.00175000 -0.02275000 -0.00703109
v -0.00090587 -0.02190587 -0.00738074
v -0.00133939 -0.02233939 -0.00723358
v -0.00338074 -0.02438074 -0.00490587
v -0.00347006 -0.02447006 -0.00445684
v -0.00350000 -0.02450000 -0.00400000
v -0.00347006 -0.02447006 -0.00354316
v -0.00338074 -0.02438074 -0.00309413
v -0.00323358 -0.02423358 -0.00266061
v -0.00303109 -0.02403109 -0.00225000
v -0.00277674 -0.02377674 -0.00186933
v -0.00247487 -0.02347487 -0.00152513
v -0.00213067 -0.02313066 -0.00122326
v -0.00175000 -0.02275000 -0.00096891
v -0.00133939 -0.02233939 -0.00076642
v -0.00090587 -0.02190587 -0.00061926
v -0.00323358 -0.01776642 -0.00533939
v -0.00303109 -0.01796891 -0.00575000
v -0.00045684 -0.02145684 -0.00747006
v -0.00090587 -0.02009413 -0.00738074
v -0.00045684 -0.02054316 -0.00747006
v -0.00213067 -0.01886933 -0.00677674
v -0.00175000 -0.01925000 -0.00703109
v -0.00247487 -0.01852513 -0.00647487
v -0.00277674 -0.01822326 -0.00613067
v -0.00133939 -0.01966061 -0.00723358
v -0.00338074 -0.01761926 -0.00490587
v -0.00347006 -0.01752994 -0.00445684
v -0.00347006 -0.01752994 -0.00354316
v -0.00338074 -0.01761926 -0.00309413
v -0.00323358 -0.01776642 -0.00266061
v -0.00303109 -0.01796891 -0.00225000
v -0.00045684 -0.02145684 -0.00052994
v -0.00090587 -0.02009413 -0.00061926
v -0.00045684 -0.02054316 -0.00052994
v -0.00213067 -0.01886933 -0.00122326
v -0.00175000 -0.01925000 -0.00096891
v -0.00247487 -0.01852513 -0.00152513
v -0.00277674 -0.01822326 -0.00186933
v -0.00133939 -0.01966061 -0.00076642
v -0.00871700 -0.01034650 -0.03750000
v -0.00350000 -0.01750000 -0.02600000
v -0.00323358 -0.01034650 -0.02733939
v -0.00303109 -0.01034650 -0.02775000
v -0.00338074 -0.01034650 -0.02690587
v -0.00133939 -0.01034650 -0.02923358
v -0.00090587 -0.01034650 -0.02938074
v -0.00045684 -0.01034650 -0.02947006
v -0.00213067 -0.01034650 -0.02877674
v -0.00247487 -0.01034650 -0.02847487
v -0.00277674 -0.01034650 -0.02813067
v -0.00175000 -0.01034650 -0.02903109
v -0.00347006 -0.01034650 -0.02645684
v -0.00350000 -0.01034650 -0.02600000
v -0.00347006 -0.01034650 -0.02554316
v -0.00338074 -0.01034650 -0.02509413
v -0.00323358 -0.01034650 -0.02466061
v -0.00303109 -0.01034650 -0.02425000
v -0.00277674 -0.01034650 -0.02386934
v -0.00247487 -0.01034650 -0.02352513
v -0.00213067 -0.01034650 -0.02322326
v -0.00175000 -0.01034650 -0.02296891
v -0.00133939 -0.01034650 -0.02276642
v -0.00090587 -0.01034650 -0.02261926
v -0.00045684 -0.01034650 -0.02252994
v -0.00871700 -0.00338074 -0.02690587
v -0.00871700 -0.00277674 -0.02813067
v -0.00871700 -0.00247487 -0.02847487
v -0.00871700 -0.00303109 -0.02775000
v -0.00871700 -0.00323358 -0.02733939
v -0.00871700 -0.00133939 -0.02923358
v -0.00871700 -0.00090587 -0.02938074
v -0.00871700 -0.00045684 -0.02947006
v -0.00871700 -0.00213067 -0.02877674
v -0.00871700 -0.00175000 -0.02903109
v -0.00871700 -0.00347006 -0.02645684
v -0.00871700 -0.00350000 -0.02600000
v -0.00871700 -0.00347006 -0.02554316
v -0.00871700 -0.00338074 -0.02509413
v -0.00871700 -0.00323358 -0.02466061
v -0.00871700 -0.00303109 -0.02425000
v -0.00871700 -0.00277674 -0.02386934
v -0.00871700 -0.00247487 -0.02352513
v -0.00871700 -0.00213067 -0.02322326
v -0.00871700 -0.00175000 -0.02296891
v -0.00871700 -0.00133939 -0.02276642
v -0.00871700 -0.00090587 -0.02261926
v -0.00871700 -0.00045684 -0.02252994
v -0.00350000 -0.01750000 -0.00400000
v -0.00323358 -0.01034650 -0.00533939
v -0.00303109 -0.01034650 -0.00575000
v -0.00213067 -0.01034650 -0.00677674
v -0.00175000 -0.01034650 -0.00703109
v -0.00247487 -0.01034650 -0.00647487
v -0.00277674 -0.01034650 -0.00613067
v -0.00090587 -0.01034650 -0.00738074
v -0.00133939 -0.01034650 -0.00723358
v -0.00045684 -0.01034650 -0.00747006
v -0.00338074 -0.01034650 -0.00490587
v -0.00347006 -0.01034650 -0.00445684
v -0.00350000 -0.01034650 -0.00400000
v -0.00347006 -0.01034650 -0.00354316
v -0.00338074 -0.01034650 -0.00309413
v -0.00323358 -0.01034650 -0.00266061
v -0.00303109 -0.01034650 -0.00225000
v -0.00277674 -0.01034650 -0.00186933
v -0.00247487 -0.01034650 -0.00152513
v -0.00213067 -0.01034650 -0.00122326
v -0.00175000 -0.01034650 -0.00096891
v -0.00133939 -0.01034650 -0.00076642
v -0.00090587 -0.01034650 -0.00061926
v -0.00045684 -0.01034650 -0.00052994
v -0.00871700 -0.00277674 -0.00613067
v -0.00871700 -0.00303109 -0.00575000
v -0.00871700 -0.00323358 -0.00533939
v -0.00871700 -0.00247487 -0.00647487
v -0.00871700 -0.00213067 -0.00677674
v -0.00871700 -0.00175000 -0.00703109
v -0.00871700 -0.00133939 -0.00723358
v -0.00871700 -0.00090587 -0.00738074
v -0.00871700 -0.00045684 -0.00747006
v -0.00871700 -0.00338074 -0.00490587
v -0.00871700 -0.00347006 -0.00445684
v -0.00871700 -0.00350000 -0.00400000
v -0.00871700 -0.00347006 -0.00354316
v -0.00871700 -0.00338074 -0.00309413
v -0.00871700 -0.00323358 -0.00266061
v -0.00871700 -0.00303109 -0.00225000
v -0.00871700 -0.00277674 -0.00186933
v -0.00871700 -0.00247487 -0.00152513
v -0.00871700 -0.00213067 -0.00122326
v -0.00871700 -0.00175000 -0.00096891
v -0.00871700 -0.00133939 -0.00076642
v -0.00871700 -0.00090587 -0.00061926
v -0.00871700 -0.00045684 -0.00052994
v -0.04500000 -0.02377674 0.01586933
v -0.04500000 -0.02313066 0.01522326
v -0.04500000 -0.02347487 0.01552513
v -0.04500000 -0.02275000 0.01496891
v -0.04500000 -0.02233939 0.01476642
v -0.04500000 -0.02190587 0.01461926
v -0.04500000 -0.02438074 0.01709413
v -0.04500000 -0.02423358 0.01666061
v -0.04500000 -0.02447006 0.01754316
v -0.04500000 -0.02450000 0.01800000
v -0.04500000 -0.02447006 0.01845684
v -0.04500000 -0.02438074 0.01890587
v -0.04500000 -0.02423358 0.01933939
v -0.04500000 -0.02403109 0.01625000
v -0.04500000 -0.02403109 0.01975000
v -0.04500000 -0.02377674 0.02013066
v -0.04500000 -0.02347487 0.02047487
v -0.04500000 -0.02313066 0.02077674
v -0.04500000 -0.02275000 0.02103109
v -0.04500000 -0.02233939 0.02123358
v -0.04500000 -0.02145684 0.01452994
v -0.04500000 -0.02100000 0.01450000
v -0.04500000 -0.02054316 0.01452994
v -0.04500000 -0.02009413 0.01461926
v -0.04500000 -0.01966061 0.01476642
v -0.04500000 -0.01925000 0.01496891
v -0.04500000 -0.01886933 0.01522326
v -0.04500000 -0.01852513 0.01552513
v -0.04500000 -0.01822326 0.01586933
v -0.04500000 -0.01796891 0.01625000
v -0.04500000 -0.01776642 0.01666061
v -0.04500000 -0.01761926 0.01709413
v -0.04500000 -0.01752994 0.01754316
v -0.04500000 -0.01752994 0.01845684
v -0.04500000 -0.01966061 0.02123358
v -0.04500000 -0.01925000 0.02103109
v -0.04500000 -0.01886933 0.02077674
v -0.04500000 -0.01761926 0.01890587
v -0.04500000 -0.01796891 0.01975000
v -0.04500000 -0.01776642 0.01933939
v -0.04500000 -0.01852513 0.02047487
v -0.04500000 -0.01822326 0.02013066
v -0.03277674 -0.03500000 0.01586933
v -0.03247488 -0.03500000 0.01552513
v -0.03213067 -0.03500000 0.01522326
v -0.03175000 -0.03500000 0.01496891
v -0.03133939 -0.03500000 0.01476642
v -0.03045684 -0.03500000 0.01452994
v -0.03000000 -0.03500000 0.01450000
v -0.02954316 -0.03500000 0.01452994
v -0.03090587 -0.03500000 0.01461926
v -0.02909413 -0.03500000 0.01461926
v -0.02866061 -0.03500000 0.01476642
v -0.02825000 -0.03500000 0.01496891
v -0.03323358 -0.03500000 0.01666061
v -0.03338074 -0.03500000 0.01709413
v -0.03303109 -0.03500000 0.01625000
v -0.03347006 -0.03500000 0.01754316
v -0.03350000 -0.03500000 0.01800000
v -0.03347006 -0.03500000 0.01845684
v -0.03338074 -0.03500000 0.01890587
v -0.03323358 -0.03500000 0.01933939
v -0.03303109 -0.03500000 0.01975000
v -0.03277674 -0.03500000 0.02013066
v -0.03247488 -0.03500000 0.02047487
v -0.03213067 -0.03500000 0.02077674
v -0.03175000 -0.03500000 0.02103109
v -0.03133939 -0.03500000 0.02123358
v -0.02866061 -0.03500000 0.02123358
v -0.02825000 -0.03500000 0.02103109
v -0.02786933 -0.03500000 0.01522326
v -0.02752513 -0.03500000 0.01552513
v -0.02722326 -0.03500000 0.01586933
v -0.02696891 -0.03500000 0.01625000
v -0.02676642 -0.03500000 0.01666061
v -0.02661926 -0.03500000 0.01709413
v -0.02652994 -0.03500000 0.01754316
v -0.02650000 -0.03500000 0.01800000
v -0.02652994 -0.03500000 0.01845684
v -0.02676642 -0.03500000 0.01933939
v -0.02696891 -0.03500000 0.01975000
v -0.02752513 -0.03500000 0.02047487
v -0.02786933 -0.03500000 0.02077674
v -0.02722326 -0.03500000 0.02013066
v -0.02661926 -0.03500000 0.01890587
v -0.03277674 -0.02377674 0.01586933
v -0.03247488 -0.02347487 0.01552513
v -0.03213067 -0.02313066 0.01522326
v -0.03175000 -0.02275000 0.01496891
v -0.03133939 -0.02233939 0.01476642
v -0.03090587 -0.02190587 0.01461926
v -0.02909413 -0.02190587 0.01461926
v -0.02825000 -0.02275000 0.01496891
v -0.02866061 -0.02233939 0.01476642
v -0.03338074 -0.02438074 0.01709413
v -0.03323358 -0.02423358 0.01666061
v -0.03347006 -0.02447006 0.01754316
v -0.03350000 -0.02450000 0.01800000
v -0.03347006 -0.02447006 0.01845684
v -0.03338074 -0.02438074 0.01890587
v -0.03323358 -0.02423358 0.01933939
v -0.03303109 -0.02403109 0.01625000
v -0.03303109 -0.02403109 0.01975000
v -0.03277674 -0.02377674 0.02013066
v -0.03247488 -0.02347487 0.02047487
v -0.03213067 -0.02313066 0.02077674
v -0.03175000 -0.02275000 0.02103109
v -0.03133939 -0.02233939 0.02123358
v -0.02825000 -0.02275000 0.02103109
v -0.02866061 -0.02233939 0.02123358
v -0.03277674 -0.01822326 0.01586933
v -0.03247488 -0.01852513 0.01552513
v -0.03175000 -0.01925000 0.01496891
v -0.03213067 -0.01886933 0.01522326
v -0.03133939 -0.01966061 0.01476642
v -0.03045684 -0.02145684 0.01452994
v -0.02954316 -0.02145684 0.01452994
v -0.03000000 -0.02100000 0.01450000
v -0.03045684 -0.02054316 0.01452994
v -0.02954316 -0.02054316 0.01452994
v -0.03090587 -0.02009413 0.01461926
v -0.02909413 -0.02009413 0.01461926
v -0.02866061 -0.01966061 0.01476642
v -0.02825000 -0.01925000 0.01496891
v -0.03323358 -0.01776642 0.01666061
v -0.03338074 -0.01761926 0.01709413
v -0.03303109 -0.01796891 0.01625000
v -0.03347006 -0.01752994 0.01754316
v -0.03347006 -0.01752994 0.01845684
v -0.03338074 -0.01761926 0.01890587
v -0.03323358 -0.01776642 0.01933939
v -0.03303109 -0.01796891 0.01975000
v -0.03277674 -0.01822326 0.02013066
v -0.03247488 -0.01852513 0.02047487
v -0.03175000 -0.01925000 0.02103109
v -0.03213067 -0.01886933 0.02077674
v -0.03133939 -0.01966061 0.02123358
v -0.02866061 -0.01966061 0.02123358
v -0.02825000 -0.01925000 0.02103109
v -0.02786933 -0.02313066 0.01522326
v -0.02752513 -0.02347487 0.01552513
v -0.02722326 -0.02377674 0.01586933
v -0.02676642 -0.02423358 0.01666061
v -0.02661926 -0.02438074 0.01709413
v -0.02652994 -0.02447006 0.01754316
v -0.02650000 -0.02450000 0.01800000
v -0.02652994 -0.02447006 0.01845684
v -0.02676642 -0.02423358 0.01933939
v -0.02661926 -0.02438074 0.01890587
v -0.02696891 -0.02403109 0.01625000
v -0.02696891 -0.02403109 0.01975000
v -0.02752513 -0.02347487 0.02047487
v -0.02786933 -0.02313066 0.02077674
v -0.02722326 -0.02377674 0.02013066
v -0.02786933 -0.01886933 0.01522326
v -0.02752513 -0.01852513 0.01552513
v -0.02722326 -0.01822326 0.01586933
v -0.02696891 -0.01796891 0.01625000
v -0.02676642 -0.01776642 0.01666061
v -0.02661926 -0.01761926 0.01709413
v -0.02652994 -0.01752994 0.01754316
v -0.02652994 -0.01752994 0.01845684
v -0.02786933 -0.01886933 0.02077674
v -0.02696891 -0.01796891 0.01975000
v -0.02676642 -0.01776642 0.01933939
v -0.02752513 -0.01852513 0.02047487
v -0.02722326 -0.01822326 0.02013066
v -0.02661926 -0.01761926 0.01890587
v -0.04408761 -0.03287229 0.03770338
v -0.04391393 -0.03311146 0.03750000
v -0.04371748 -0.03333751 0.03770338
v -0.04406085 -0.03285570 0.03809539
v -0.04400752 -0.03282256 0.03848637
v -0.04390102 -0.03310120 0.03790571
v -0.04369443 -0.03331421 0.03810596
v -0.04363979 -0.03328003 0.03849665
v -0.04385920 -0.03307728 0.03829806
v -0.04379326 -0.03303413 0.03868543
v -0.04367397 -0.03302871 0.03902606
v -0.04308838 -0.03393216 0.03750000
v -0.04307821 -0.03391922 0.03790543
v -0.04297448 -0.03395085 0.03823707
v -0.04222682 -0.03446463 0.03782909
v -0.04262866 -0.03425325 0.03750000
v -0.04286028 -0.03409604 0.03770320
v -0.04232829 -0.03442483 0.03750000
v -0.04253149 -0.03429924 0.03782879
v -0.04275930 -0.03413555 0.03803247
v -0.04264567 -0.03415406 0.03836266
v -0.04242221 -0.03432465 0.03815600
v -0.04230133 -0.03432935 0.03848008
v -0.04285626 -0.03396324 0.03856511
v -0.04272554 -0.03395056 0.03890160
v -0.04252105 -0.03415179 0.03868615
v -0.04238113 -0.03412588 0.03901901
v -0.04258061 -0.03391726 0.03923076
v -0.04223489 -0.03408116 0.03933014
v -0.04330442 -0.03374694 0.03770321
v -0.04351453 -0.03355641 0.03750000
v -0.04328141 -0.03372363 0.03810572
v -0.04350311 -0.03354485 0.03790287
v -0.04346890 -0.03351023 0.03830311
v -0.04317290 -0.03374893 0.03843716
v -0.04336160 -0.03351991 0.03864450
v -0.04305463 -0.03374717 0.03877590
v -0.04291846 -0.03372669 0.03911071
v -0.04323706 -0.03351155 0.03898002
v -0.04309593 -0.03348519 0.03930796
v -0.04293893 -0.03344095 0.03962663
v -0.04352618 -0.03328310 0.03883690
v -0.04339457 -0.03326749 0.03917346
v -0.04324724 -0.03323420 0.03949885
v -0.04353553 -0.03300751 0.03935874
v -0.04339488 -0.03292358 0.03971979
v -0.04276686 -0.03368856 0.03943365
v -0.04261249 -0.03362650 0.03974130
v -0.04243120 -0.03386288 0.03954143
v -0.04226995 -0.03378968 0.03984215
v -0.04309621 -0.03314156 0.03985459
v -0.04323289 -0.03282127 0.04006688
v -0.04290976 -0.03303739 0.04020325
v -0.04242604 -0.03352236 0.04008985
v -0.04221979 -0.03339488 0.04042358
v -0.04276209 -0.03334806 0.03998221
v -0.04256688 -0.03323289 0.04032127
v -0.04270325 -0.03290976 0.04053739
v -0.04235458 -0.03309621 0.04064156
v -0.04442380 -0.03232107 0.03770649
v -0.04439672 -0.03230441 0.03809878
v -0.04434267 -0.03227131 0.03849114
v -0.04458046 -0.03200484 0.03750000
v -0.04456491 -0.03199803 0.03791162
v -0.04452420 -0.03197068 0.03830503
v -0.04425325 -0.03262866 0.03750000
v -0.04424014 -0.03262055 0.03789230
v -0.04420089 -0.03259629 0.03828217
v -0.04445503 -0.03193094 0.03869338
v -0.04434863 -0.03192953 0.03903830
v -0.04413573 -0.03255603 0.03866723
v -0.04404508 -0.03250000 0.03904508
v -0.04392857 -0.03277370 0.03886853
v -0.04380203 -0.03276227 0.03920718
v -0.04367505 -0.03268392 0.03957136
v -0.04392949 -0.03242856 0.03941342
v -0.04378968 -0.03234215 0.03976995
v -0.04426320 -0.03222232 0.03887347
v -0.04414224 -0.03221433 0.03921424
v -0.04401508 -0.03213567 0.03957799
v -0.04421956 -0.03191807 0.03937519
v -0.04408116 -0.03183014 0.03973489
v -0.04470809 -0.03167070 0.03770651
v -0.04481931 -0.03133202 0.03750000
v -0.04467565 -0.03166171 0.03811400
v -0.04480327 -0.03132759 0.03790750
v -0.04475528 -0.03131433 0.03831230
v -0.04461940 -0.03162765 0.03850594
v -0.04489426 -0.03100184 0.03770626
v -0.04495523 -0.03066762 0.03750000
v -0.04486185 -0.03099290 0.03811365
v -0.04480594 -0.03099169 0.03845890
v -0.04493844 -0.03066535 0.03791121
v -0.04489713 -0.03066628 0.03825774
v -0.04468025 -0.03132075 0.03866228
v -0.04452916 -0.03162964 0.03885313
v -0.04458122 -0.03132042 0.03900629
v -0.04441418 -0.03162432 0.03919604
v -0.04445871 -0.03131330 0.03934259
v -0.04431334 -0.03129946 0.03966944
v -0.04472216 -0.03099547 0.03880775
v -0.04483196 -0.03066396 0.03860059
v -0.04473911 -0.03066285 0.03894965
v -0.04461341 -0.03099193 0.03915303
v -0.04448200 -0.03098206 0.03948675
v -0.04432936 -0.03098008 0.03980133
v -0.04462152 -0.03065828 0.03929114
v -0.04448400 -0.03065874 0.03961182
v -0.04427668 -0.03161262 0.03952717
v -0.04386288 -0.03204143 0.03993120
v -0.04362649 -0.03224130 0.04011249
v -0.04391726 -0.03173076 0.04008061
v -0.04368856 -0.03193365 0.04026686
v -0.04432465 -0.03065600 0.03992221
v -0.04412588 -0.03151901 0.03988113
v -0.04415179 -0.03118614 0.04002105
v -0.04395056 -0.03140160 0.04022555
v -0.04372669 -0.03161070 0.04041846
v -0.04374718 -0.03127590 0.04055463
v -0.04396325 -0.03106511 0.04035626
v -0.04415406 -0.03086266 0.04014568
v -0.04395085 -0.03073707 0.04047448
v -0.04374893 -0.03093716 0.04067289
v -0.04352235 -0.03258985 0.03992604
v -0.04334806 -0.03248221 0.04026209
v -0.04303739 -0.03270325 0.04040976
v -0.04314156 -0.03235459 0.04059621
v -0.04344096 -0.03212663 0.04043893
v -0.04348518 -0.03180796 0.04059593
v -0.04323420 -0.03199885 0.04074724
v -0.04292358 -0.03221979 0.04089488
v -0.04300750 -0.03185874 0.04103553
v -0.04282127 -0.03256688 0.04073289
v -0.04258985 -0.03242604 0.04102236
v -0.04248221 -0.03276209 0.04084806
v -0.04224130 -0.03261249 0.04112649
v -0.04234215 -0.03226995 0.04128968
v -0.04268392 -0.03207136 0.04117506
v -0.04242856 -0.03191342 0.04142949
v -0.04351155 -0.03148002 0.04073706
v -0.04326748 -0.03167346 0.04089456
v -0.04328310 -0.03133691 0.04102618
v -0.04351991 -0.03114450 0.04086160
v -0.04328003 -0.03099666 0.04113979
v -0.04351023 -0.03080311 0.04096890
v -0.04302871 -0.03152606 0.04117397
v -0.04303413 -0.03118543 0.04129326
v -0.04307728 -0.03079806 0.04135920
v -0.04276227 -0.03170718 0.04130203
v -0.04277370 -0.03136854 0.04142857
v -0.04250000 -0.03154508 0.04154509
v -0.04221433 -0.03171424 0.04164223
v -0.04222232 -0.03137347 0.04176320
v -0.04282257 -0.03098637 0.04150752
v -0.04255603 -0.03116723 0.04163574
v -0.04259629 -0.03078217 0.04170089
v -0.04227131 -0.03099114 0.04184267
v -0.04201678 -0.03457522 0.03750000
v -0.04190861 -0.03460959 0.03782994
v -0.04158389 -0.03473099 0.03783021
v -0.04169561 -0.03470371 0.03750000
v -0.04211182 -0.03448400 0.03815874
v -0.04198675 -0.03448201 0.03848206
v -0.04179114 -0.03462152 0.03815828
v -0.04165303 -0.03461341 0.03849193
v -0.04136633 -0.03480969 0.03750000
v -0.04123663 -0.03483322 0.03783283
v -0.04103051 -0.03489265 0.03750000
v -0.04089798 -0.03490742 0.03783302
v -0.04144965 -0.03473911 0.03816285
v -0.04130775 -0.03472216 0.03849547
v -0.04110058 -0.03483196 0.03816396
v -0.04095890 -0.03480594 0.03849169
v -0.04184259 -0.03445871 0.03881330
v -0.04150629 -0.03458122 0.03882041
v -0.04216944 -0.03431334 0.03879946
v -0.04202717 -0.03427668 0.03911262
v -0.04169605 -0.03441418 0.03912432
v -0.04187519 -0.03421956 0.03941807
v -0.04207799 -0.03401508 0.03963567
v -0.04153830 -0.03434863 0.03942953
v -0.04171424 -0.03414223 0.03971433
v -0.04116227 -0.03468025 0.03882075
v -0.04135314 -0.03452916 0.03912964
v -0.04081230 -0.03475528 0.03881433
v -0.04100594 -0.03461940 0.03912765
v -0.04119338 -0.03445503 0.03943094
v -0.04080503 -0.03452419 0.03947068
v -0.04137347 -0.03426320 0.03972232
v -0.04099113 -0.03434267 0.03977131
v -0.04068976 -0.03495219 0.03750000
v -0.04055192 -0.03495824 0.03783355
v -0.04034571 -0.03498803 0.03750000
v -0.04020624 -0.03498458 0.03783371
v -0.04075775 -0.03489713 0.03816628
v -0.04061365 -0.03486185 0.03849290
v -0.04041121 -0.03493844 0.03816536
v -0.04020625 -0.03489426 0.03850184
v -0.04000000 -0.03500000 0.03750000
v -0.04000000 -0.03495523 0.03816762
v -0.04061400 -0.03467565 0.03916171
v -0.04040750 -0.03480328 0.03882759
v -0.04020651 -0.03470809 0.03917070
v -0.04041162 -0.03456491 0.03949803
v -0.04059878 -0.03439672 0.03980441
v -0.04020650 -0.03442380 0.03982107
v -0.04000000 -0.03481930 0.03883202
v -0.04000000 -0.03458046 0.03950484
v -0.04191342 -0.03392949 0.03992856
v -0.04154509 -0.03404509 0.04000000
v -0.04116723 -0.03413574 0.04005602
v -0.04136853 -0.03392857 0.04027370
v -0.04078217 -0.03420089 0.04009629
v -0.04098637 -0.03400752 0.04032256
v -0.04207136 -0.03367506 0.04018392
v -0.04185874 -0.03353553 0.04050751
v -0.04170718 -0.03380203 0.04026227
v -0.04152606 -0.03367397 0.04052871
v -0.04167346 -0.03339456 0.04076749
v -0.04199884 -0.03324724 0.04073420
v -0.04212663 -0.03293893 0.04094096
v -0.04180796 -0.03309593 0.04098519
v -0.04118543 -0.03379326 0.04053413
v -0.04133691 -0.03352618 0.04078310
v -0.04114450 -0.03336160 0.04101991
v -0.04099666 -0.03363979 0.04078003
v -0.04079806 -0.03385920 0.04057728
v -0.04080311 -0.03346890 0.04101023
v -0.04148002 -0.03323706 0.04101155
v -0.04161071 -0.03291846 0.04122669
v -0.04127590 -0.03305463 0.04124717
v -0.04093716 -0.03317290 0.04124893
v -0.04106512 -0.03285626 0.04146324
v -0.04059539 -0.03406085 0.04035570
v -0.04039229 -0.03424014 0.04012055
v -0.04020338 -0.03408761 0.04037229
v -0.04000000 -0.03425325 0.04012866
v -0.04000000 -0.03391393 0.04061146
v -0.04060596 -0.03369443 0.04081421
v -0.04040571 -0.03390102 0.04060120
v -0.04020339 -0.03371748 0.04083751
v -0.04040286 -0.03350311 0.04104485
v -0.04000000 -0.03351454 0.04105641
v -0.04060572 -0.03328141 0.04122363
v -0.04073707 -0.03297448 0.04145085
v -0.04020321 -0.03330442 0.04124694
v -0.04040543 -0.03307821 0.04141922
v -0.04020320 -0.03286028 0.04159604
v -0.04000000 -0.03308838 0.04143216
v -0.04193365 -0.03276686 0.04118856
v -0.04204143 -0.03243120 0.04136288
v -0.04173077 -0.03258061 0.04141726
v -0.04151900 -0.03238113 0.04162588
v -0.04213567 -0.03207799 0.04151508
v -0.04191807 -0.03187519 0.04171956
v -0.04183014 -0.03223488 0.04158116
v -0.04161263 -0.03202717 0.04177668
v -0.04140160 -0.03272555 0.04145056
v -0.04118614 -0.03252105 0.04165179
v -0.04086266 -0.03264568 0.04165406
v -0.04098007 -0.03230133 0.04182936
v -0.04129946 -0.03216944 0.04181334
v -0.04131330 -0.03184259 0.04195871
v -0.04098206 -0.03198675 0.04198201
v -0.04192953 -0.03153830 0.04184863
v -0.04193094 -0.03119338 0.04195503
v -0.04162432 -0.03169604 0.04191418
v -0.04162965 -0.03135313 0.04202916
v -0.04197068 -0.03080503 0.04202420
v -0.04162765 -0.03100594 0.04211940
v -0.04132041 -0.03150630 0.04208122
v -0.04099193 -0.03165303 0.04211341
v -0.04099547 -0.03130775 0.04222216
v -0.04132076 -0.03116228 0.04218025
v -0.04131433 -0.03081230 0.04225528
v -0.04099169 -0.03095890 0.04230594
v -0.04053247 -0.03275929 0.04163555
v -0.04065600 -0.03242221 0.04182465
v -0.04032879 -0.03253149 0.04179924
v -0.04065874 -0.03211182 0.04198400
v -0.04065828 -0.03179114 0.04212152
v -0.04032908 -0.03222683 0.04196464
v -0.04032994 -0.03190861 0.04210959
v -0.04000000 -0.03262866 0.04175325
v -0.04000000 -0.03232829 0.04192482
v -0.04000000 -0.03201678 0.04207522
v -0.04066285 -0.03144965 0.04223911
v -0.04033021 -0.03158389 0.04223099
v -0.04033284 -0.03123663 0.04233322
v -0.04066396 -0.03110059 0.04233196
v -0.04066628 -0.03075774 0.04239713
v -0.04033302 -0.03089798 0.04240742
v -0.04000000 -0.03169561 0.04220371
v -0.04000000 -0.03136633 0.04230969
v -0.04000000 -0.03103051 0.04239265
v -0.04000000 -0.03068976 0.04245219
v -0.04498459 -0.03033371 0.03770624
v -0.04495824 -0.03033355 0.03805193
v -0.04490742 -0.03033302 0.03839798
v -0.04500000 -0.03000000 0.03750000
v -0.04498803 -0.03000000 0.03784571
v -0.04495220 -0.03000000 0.03818976
v -0.04483322 -0.03033283 0.03873663
v -0.04473099 -0.03033021 0.03908389
v -0.04460960 -0.03032994 0.03940861
v -0.04446463 -0.03032908 0.03972682
v -0.04489265 -0.03000000 0.03853051
v -0.04480969 -0.03000000 0.03886633
v -0.04470371 -0.03000000 0.03919561
v -0.04457522 -0.03000000 0.03951678
v -0.04442482 -0.03000000 0.03982829
v -0.04429924 -0.03032879 0.04003149
v -0.04413555 -0.03053247 0.04025929
v -0.04409604 -0.03020320 0.04036028
v -0.04391922 -0.03040543 0.04057821
v -0.04372364 -0.03060572 0.04078141
v -0.04374694 -0.03020321 0.04080442
v -0.04425325 -0.03000000 0.04012866
v -0.04393216 -0.03000000 0.04058838
v -0.04354485 -0.03040287 0.04100311
v -0.04355641 -0.03000000 0.04101453
v -0.04331421 -0.03060596 0.04119443
v -0.04333751 -0.03020339 0.04121748
v -0.04310120 -0.03040571 0.04140102
v -0.04311146 -0.03000000 0.04141393
v -0.04285570 -0.03059539 0.04156085
v -0.04262055 -0.03039229 0.04174014
v -0.04287229 -0.03020338 0.04158761
v -0.04230441 -0.03059878 0.04189672
v -0.04232107 -0.03020650 0.04192380
v -0.04262866 -0.03000000 0.04175325
v -0.04199804 -0.03041162 0.04206491
v -0.04166171 -0.03061400 0.04217565
v -0.04167070 -0.03020651 0.04220809
v -0.04200484 -0.03000000 0.04208046
v -0.04132759 -0.03040751 0.04230328
v -0.04099290 -0.03061365 0.04236185
v -0.04100184 -0.03020625 0.04239426
v -0.04133203 -0.03000000 0.04231931
v -0.04066535 -0.03041121 0.04243844
v -0.04033355 -0.03055193 0.04245824
v -0.04033371 -0.03020624 0.04248459
v -0.04066762 -0.03000000 0.04245523
v -0.04000000 -0.03034571 0.04248803
v -0.04000000 -0.03000000 0.04250000
v -0.04500000 -0.02190587 0.02138074
v -0.04500000 -0.02145684 0.02147006
v -0.04500000 -0.02100000 0.02150000
v -0.04500000 -0.02054316 0.02147006
v -0.04500000 -0.02009413 0.02138074
v -0.03090587 -0.03500000 0.02138074
v -0.03045684 -0.03500000 0.02147006
v -0.03000000 -0.03500000 0.02150000
v -0.02954316 -0.03500000 0.02147006
v -0.02909413 -0.03500000 0.02138074
v -0.03090587 -0.02190587 0.02138074
v -0.02909413 -0.02190587 0.02138074
v -0.03045684 -0.02145684 0.02147006
v -0.02954316 -0.02145684 0.02147006
v -0.03000000 -0.02100000 0.02150000
v -0.03045684 -0.02054316 0.02147006
v -0.03090587 -0.02009413 0.02138074
v -0.02954316 -0.02054316 0.02147006
v -0.02909413 -0.02009413 0.02138074
v -0.04500000 -0.01750000 0.01800000
v -0.04500000 -0.00277674 0.01586933
v -0.04500000 -0.00247487 0.01552513
v -0.04500000 -0.00213067 0.01522326
v -0.04500000 -0.00175000 0.01496891
v -0.04500000 -0.00133939 0.01476642
v -0.04500000 -0.00045684 0.01452994
v -0.04500000 -0.00090587 0.01461926
v -0.04500000 -0.00338074 0.01709413
v -0.04500000 -0.00347006 0.01754316
v -0.04500000 -0.00350000 0.01800000
v -0.04500000 -0.00347006 0.01845684
v -0.04500000 -0.00303109 0.01625000
v -0.04500000 -0.00323358 0.01666061
v -0.04500000 -0.00338074 0.01890587
v -0.04500000 -0.00323358 0.01933939
v -0.04500000 -0.00303109 0.01975000
v -0.04500000 -0.00277674 0.02013066
v -0.04500000 -0.00247487 0.02047487
v -0.04500000 -0.00213067 0.02077674
v -0.04500000 -0.00175000 0.02103109
v -0.04500000 -0.00133939 0.02123358
v -0.03350000 -0.01750000 0.01800000
v -0.02650000 -0.01750000 0.01800000
v -0.03277674 -0.00277674 0.01586933
v -0.03247488 -0.00247487 0.01552513
v -0.03213067 -0.00213067 0.01522326
v -0.03175000 -0.00175000 0.01496891
v -0.03133939 -0.00133939 0.01476642
v -0.03045684 -0.00045684 0.01452994
v -0.02954316 -0.00045684 0.01452994
v -0.03090587 -0.00090587 0.01461926
v -0.02825000 -0.00175000 0.01496891
v -0.02866061 -0.00133939 0.01476642
v -0.02909413 -0.00090587 0.01461926
v -0.03338074 -0.00338074 0.01709413
v -0.03347006 -0.00347006 0.01754316
v -0.03350000 -0.00350000 0.01800000
v -0.03347006 -0.00347006 0.01845684
v -0.03323358 -0.00323358 0.01666061
v -0.03303109 -0.00303109 0.01625000
v -0.03338074 -0.00338074 0.01890587
v -0.03323358 -0.00323358 0.01933939
v -0.03303109 -0.00303109 0.01975000
v -0.03277674 -0.00277674 0.02013066
v -0.03247488 -0.00247487 0.02047487
v -0.03213067 -0.00213067 0.02077674
v -0.03175000 -0.00175000 0.02103109
v -0.03133939 -0.00133939 0.02123358
v -0.02825000 -0.00175000 0.02103109
v -0.02866061 -0.00133939 0.02123358
v -0.02752513 -0.00247487 0.01552513
v -0.02722326 -0.00277674 0.01586933
v -0.02786933 -0.00213067 0.01522326
v -0.02696891 -0.00303109 0.01625000
v -0.02676642 -0.00323358 0.01666061
v -0.02661926 -0.00338074 0.01709413
v -0.02652994 -0.00347006 0.01754316
v -0.02650000 -0.00350000 0.01800000
v -0.02652994 -0.00347006 0.01845684
v -0.02676642 -0.00323358 0.01933939
v -0.02696891 -0.00303109 0.01975000
v -0.02752513 -0.00247487 0.02047487
v -0.02722326 -0.00277674 0.02013066
v -0.02661926 -0.00338074 0.01890587
v -0.02786933 -0.00213067 0.02077674
v -0.04500000 -0.00090587 0.02138074
v -0.04500000 -0.00045684 0.02147006
v -0.03090587 -0.00090587 0.02138074
v -0.03045684 -0.00045684 0.02147006
v -0.02954316 -0.00045684 0.02147006
v -0.02909413 -0.00090587 0.02138074
v -0.00213067 -0.03500000 0.01522326
v -0.00247487 -0.03500000 0.01552513
v -0.00277674 -0.03500000 0.01586933
v -0.00175000 -0.03500000 0.01496891
v -0.00045684 -0.03500000 0.01452994
v -0.00133939 -0.03500000 0.01476642
v -0.00090587 -0.03500000 0.01461926
v -0.00303109 -0.03500000 0.01625000
v -0.00323358 -0.03500000 0.01666061
v -0.00338074 -0.03500000 0.01709413
v -0.00347006 -0.03500000 0.01754316
v -0.00350000 -0.03500000 0.01800000
v -0.00347006 -0.03500000 0.01845684
v -0.00338074 -0.03500000 0.01890587
v -0.00323358 -0.03500000 0.01933939
v -0.00303109 -0.03500000 0.01975000
v -0.00277674 -0.03500000 0.02013066
v -0.00247487 -0.03500000 0.02047487
v -0.00213067 -0.03500000 0.02077674
v -0.00175000 -0.03500000 0.02103109
v -0.00133939 -0.03500000 0.02123358
v -0.00277674 -0.02377674 0.01586933
v -0.00213067 -0.02313066 0.01522326
v -0.00247487 -0.02347487 0.01552513
v -0.00175000 -0.02275000 0.01496891
v -0.00133939 -0.02233939 0.01476642
v -0.00090587 -0.02190587 0.01461926
v -0.00338074 -0.02438074 0.01709413
v -0.00323358 -0.02423358 0.01666061
v -0.00347006 -0.02447006 0.01754316
v -0.00350000 -0.02450000 0.01800000
v -0.00347006 -0.02447006 0.01845684
v -0.00338074 -0.02438074 0.01890587
v -0.00323358 -0.02423358 0.01933939
v -0.00303109 -0.02403109 0.01625000
v -0.00303109 -0.02403109 0.01975000
v -0.00277674 -0.02377674 0.02013066
v -0.00247487 -0.02347487 0.02047487
v -0.00213067 -0.02313066 0.02077674
v -0.00175000 -0.02275000 0.02103109
v -0.00133939 -0.02233939 0.02123358
v -0.00045684 -0.02145684 0.01452994
v -0.00045684 -0.02054316 0.01452994
v -0.00090587 -0.02009413 0.01461926
v -0.00213067 -0.01886933 0.01522326
v -0.00175000 -0.01925000 0.01496891
v -0.00247487 -0.01852513 0.01552513
v -0.00277674 -0.01822326 0.01586933
v -0.00133939 -0.01966061 0.01476642
v -0.00303109 -0.01796891 0.01625000
v -0.00323358 -0.01776642 0.01666061
v -0.00338074 -0.01761926 0.01709413
v -0.00347006 -0.01752994 0.01754316
v -0.00347006 -0.01752994 0.01845684
v -0.00338074 -0.01761926 0.01890587
v -0.00323358 -0.01776642 0.01933939
v -0.00303109 -0.01796891 0.01975000
v -0.00213067 -0.01886933 0.02077674
v -0.00175000 -0.01925000 0.02103109
v -0.00247487 -0.01852513 0.02047487
v -0.00277674 -0.01822326 0.02013066
v -0.00133939 -0.01966061 0.02123358
v -0.00090587 -0.03500000 0.02138074
v -0.00045684 -0.03500000 0.02147006
v -0.00090587 -0.02190587 0.02138074
v -0.00045684 -0.02145684 0.02147006
v -0.00090587 -0.02009413 0.02138074
v -0.00045684 -0.02054316 0.02147006
v -0.00350000 -0.01750000 0.01800000
v -0.00213067 -0.01034650 0.01522326
v -0.00247487 -0.01034650 0.01552513
v -0.00277674 -0.01034650 0.01586933
v -0.00175000 -0.01034650 0.01496891
v -0.00045684 -0.01034650 0.01452994
v -0.00133939 -0.01034650 0.01476642
v -0.00090587 -0.01034650 0.01461926
v -0.00303109 -0.01034650 0.01625000
v -0.00323358 -0.01034650 0.01666061
v -0.00338074 -0.01034650 0.01709413
v -0.00347006 -0.01034650 0.01754316
v -0.00350000 -0.01034650 0.01800000
v -0.00347006 -0.01034650 0.01845684
v -0.00338074 -0.01034650 0.01890587
v -0.00323358 -0.01034650 0.01933939
v -0.00303109 -0.01034650 0.01975000
v -0.00277674 -0.01034650 0.02013066
v -0.00247487 -0.01034650 0.02047487
v -0.00213067 -0.01034650 0.02077674
v -0.00175000 -0.01034650 0.02103109
v -0.00133939 -0.01034650 0.02123358
v -0.00871700 -0.00277674 0.01586933
v -0.00871700 -0.00247487 0.01552513
v -0.00871700 -0.00213067 0.01522326
v -0.00871700 -0.00175000 0.01496891
v -0.00871700 -0.00133939 0.01476642
v -0.00871700 -0.00045684 0.01452994
v -0.00871700 -0.00090587 0.01461926
v -0.00871700 -0.00338074 0.01709413
v -0.00871700 -0.00347006 0.01754316
v -0.00871700 -0.00350000 0.01800000
v -0.00871700 -0.00347006 0.01845684
v -0.00871700 -0.00303109 0.01625000
v -0.00871700 -0.00323358 0.01666061
v -0.00871700 -0.00338074 0.01890587
v -0.00871700 -0.00323358 0.01933939
v -0.00871700 -0.00303109 0.01975000
v -0.00871700 -0.00277674 0.02013066
v -0.00871700 -0.00247487 0.02047487
v -0.00871700 -0.00213067 0.02077674
v -0.00871700 -0.00175000 0.02103109
v -0.00871700 -0.00133939 0.02123358
v -0.01161700 -0.01324650 0.04250000
v -0.00090587 -0.01034650 0.02138074
v -0.00045684 -0.01034650 0.02147006
v -0.00871700 -0.01034650 0.03960000
v -0.00871700 -0.00090587 0.02138074
v -0.00871700 -0.00045684 0.02147006
v -0.04500000 0.00000000 -0.02950000
v -0.04500000 0.00045684 -0.02947006
v -0.04500000 0.00090587 -0.02938074
v -0.04500000 0.00133939 -0.02923358
v -0.04500000 0.00175000 -0.02903109
v -0.04500000 0.00213067 -0.02877674
v -0.04500000 0.00247487 -0.02847487
v -0.04500000 0.00277674 -0.02813067
v -0.04500000 0.00303109 -0.02775000
v -0.04500000 0.00323358 -0.02733939
v -0.04500000 0.00338074 -0.02690587
v -0.04500000 0.00090587 -0.02261926
v -0.04500000 0.00000000 -0.02250000
v -0.04500000 0.00045684 -0.02252994
v -0.04500000 0.00133939 -0.02276642
v -0.04500000 0.00175000 -0.02296891
v -0.04500000 0.00213067 -0.02322326
v -0.04500000 0.00323358 -0.02466061
v -0.04500000 0.00303109 -0.02425000
v -0.04500000 0.00347006 -0.02645684
v -0.04500000 0.00350000 -0.02600000
v -0.04500000 0.00347006 -0.02554316
v -0.04500000 0.00338074 -0.02509413
v -0.04500000 0.00247487 -0.02352513
v -0.04500000 0.00277674 -0.02386934
v -0.03133939 0.00133939 -0.02923358
v -0.03213067 0.00213067 -0.02877674
v -0.03175000 0.00175000 -0.02903109
v -0.03247488 0.00247487 -0.02847487
v -0.03277674 0.00277674 -0.02813067
v -0.03323358 0.00323358 -0.02733939
v -0.03303109 0.00303109 -0.02775000
v -0.03338074 0.00338074 -0.02690587
v -0.03045684 0.00045684 -0.02947006
v -0.03090587 0.00090587 -0.02938074
v -0.03000000 0.00000000 -0.02950000
v -0.02954316 0.00045684 -0.02947006
v -0.02909413 0.00090587 -0.02938074
v -0.02866061 0.00133939 -0.02923358
v -0.02825000 0.00175000 -0.02903109
v -0.03213067 0.00213067 -0.02322326
v -0.03175000 0.00175000 -0.02296891
v -0.03133939 0.00133939 -0.02276642
v -0.03323358 0.00323358 -0.02466061
v -0.03303109 0.00303109 -0.02425000
v -0.03347006 0.00347006 -0.02645684
v -0.03350000 0.00350000 -0.02600000
v -0.03347006 0.00347006 -0.02554316
v -0.03338074 0.00338074 -0.02509413
v -0.03247488 0.00247487 -0.02352513
v -0.03277674 0.00277674 -0.02386934
v -0.03090587 0.00090587 -0.02261926
v -0.03045684 0.00045684 -0.02252994
v -0.03000000 0.00000000 -0.02250000
v -0.02954316 0.00045684 -0.02252994
v -0.02909413 0.00090587 -0.02261926
v -0.02866061 0.00133939 -0.02276642
v -0.02825000 0.00175000 -0.02296891
v -0.02786933 0.00213067 -0.02877674
v -0.02752513 0.00247487 -0.02847487
v -0.02722326 0.00277674 -0.02813067
v -0.02696891 0.00303109 -0.02775000
v -0.02676642 0.00323358 -0.02733939
v -0.02661926 0.00338074 -0.02690587
v -0.02786933 0.00213067 -0.02322326
v -0.02676642 0.00323358 -0.02466061
v -0.02696891 0.00303109 -0.02425000
v -0.02652994 0.00347006 -0.02645684
v -0.02650000 0.00350000 -0.02600000
v -0.02652994 0.00347006 -0.02554316
v -0.02661926 0.00338074 -0.02509413
v -0.02752513 0.00247487 -0.02352513
v -0.02722326 0.00277674 -0.02386934
v -0.04500000 0.00000000 -0.00750000
v -0.04500000 0.00045684 -0.00747006
v -0.04500000 0.00090587 -0.00738074
v -0.04500000 0.00133939 -0.00723358
v -0.04500000 0.00175000 -0.00703109
v -0.04500000 0.00213067 -0.00677674
v -0.04500000 0.00247487 -0.00647487
v -0.04500000 0.00277674 -0.00613067
v -0.04500000 0.00303109 -0.00575000
v -0.04500000 0.00323358 -0.00533939
v -0.04500000 0.00000000 -0.00050000
v -0.04500000 0.00045684 -0.00052994
v -0.04500000 0.00090587 -0.00061926
v -0.04500000 0.00133939 -0.00076642
v -0.04500000 0.00175000 -0.00096891
v -0.04500000 0.00213067 -0.00122326
v -0.04500000 0.00323358 -0.00266061
v -0.04500000 0.00338074 -0.00490587
v -0.04500000 0.00347006 -0.00445684
v -0.04500000 0.00350000 -0.00400000
v -0.04500000 0.00347006 -0.00354316
v -0.04500000 0.00338074 -0.00309413
v -0.04500000 0.00247487 -0.00152513
v -0.04500000 0.00303109 -0.00225000
v -0.04500000 0.00277674 -0.00186933
v -0.03213067 0.00213067 -0.00677674
v -0.03175000 0.00175000 -0.00703109
v -0.03133939 0.00133939 -0.00723358
v -0.03323358 0.00323358 -0.00533939
v -0.03247488 0.00247487 -0.00647487
v -0.03277674 0.00277674 -0.00613067
v -0.03303109 0.00303109 -0.00575000
v -0.03045684 0.00045684 -0.00747006
v -0.03090587 0.00090587 -0.00738074
v -0.03000000 0.00000000 -0.00750000
v -0.02954316 0.00045684 -0.00747006
v -0.02909413 0.00090587 -0.00738074
v -0.02866061 0.00133939 -0.00723358
v -0.02825000 0.00175000 -0.00703109
v -0.03213067 0.00213067 -0.00122326
v -0.03175000 0.00175000 -0.00096891
v -0.03133939 0.00133939 -0.00076642
v -0.03323358 0.00323358 -0.00266061
v -0.03338074 0.00338074 -0.00490587
v -0.03347006 0.00347006 -0.00445684
v -0.03350000 0.00350000 -0.00400000
v -0.03347006 0.00347006 -0.00354316
v -0.03338074 0.00338074 -0.00309413
v -0.03247488 0.00247487 -0.00152513
v -0.03303109 0.00303109 -0.00225000
v -0.03277674 0.00277674 -0.00186933
v -0.03045684 0.00045684 -0.00052994
v -0.03090587 0.00090587 -0.00061926
v -0.03000000 0.00000000 -0.00050000
v -0.02954316 0.00045684 -0.00052994
v -0.02909413 0.00090587 -0.00061926
v -0.02866061 0.00133939 -0.00076642
v -0.02825000 0.00175000 -0.00096891
v -0.02786933 0.00213067 -0.00677674
v -0.02752513 0.00247487 -0.00647487
v -0.02722326 0.00277674 -0.00613067
v -0.02696891 0.00303109 -0.00575000
v -0.02676642 0.00323358 -0.00533939
v -0.02786933 0.00213067 -0.00122326
v -0.02676642 0.00323358 -0.00266061
v -0.02661926 0.00338074 -0.00490587
v -0.02652994 0.00347006 -0.00445684
v -0.02650000 0.00350000 -0.00400000
v -0.02652994 0.00347006 -0.00354316
v -0.02661926 0.00338074 -0.00309413
v -0.02752513 0.00247487 -0.00152513
v -0.02696891 0.00303109 -0.00225000
v -0.02722326 0.00277674 -0.00186933
v -0.04500000 0.01966061 -0.02923358
v -0.04500000 0.01822326 -0.02813067
v -0.04500000 0.01852513 -0.02847487
v -0.04500000 0.01776642 -0.02733939
v -0.04500000 0.01796891 -0.02775000
v -0.04500000 0.01761926 -0.02690587
v -0.04500000 0.01886933 -0.02877674
v -0.04500000 0.01925000 -0.02903109
v -0.04500000 0.02009413 -0.02938074
v -0.04500000 0.02054316 -0.02947006
v -0.04500000 0.02100000 -0.02950000
v -0.04500000 0.02145684 -0.02947006
v -0.04500000 0.01752994 -0.02645684
v -0.04500000 0.01750000 -0.02600000
v -0.04500000 0.01752994 -0.02554316
v -0.04500000 0.01761926 -0.02509413
v -0.04500000 0.01776642 -0.02466061
v -0.04500000 0.01796891 -0.02425000
v -0.04500000 0.01822326 -0.02386934
v -0.04500000 0.01852513 -0.02352513
v -0.04500000 0.01886933 -0.02322326
v -0.04500000 0.01925000 -0.02296891
v -0.04500000 0.01966061 -0.02276642
v -0.04500000 0.02009413 -0.02261926
v -0.04500000 0.02054316 -0.02252994
v -0.04500000 0.02100000 -0.02250000
v -0.04500000 0.02145684 -0.02252994
v -0.04500000 0.02190587 -0.02938074
v -0.04500000 0.02233939 -0.02923358
v -0.04500000 0.02275000 -0.02903109
v -0.04500000 0.02313066 -0.02877674
v -0.04500000 0.02347487 -0.02847487
v -0.04500000 0.02377674 -0.02813067
v -0.04500000 0.02403109 -0.02775000
v -0.04500000 0.02423358 -0.02733939
v -0.04500000 0.02438074 -0.02690587
v -0.04500000 0.02403109 -0.02425000
v -0.04500000 0.02190587 -0.02261926
v -0.04500000 0.02233939 -0.02276642
v -0.04500000 0.02275000 -0.02296891
v -0.04500000 0.02347487 -0.02352513
v -0.04500000 0.02313066 -0.02322326
v -0.04500000 0.02377674 -0.02386934
v -0.04500000 0.02447006 -0.02645684
v -0.04500000 0.02450000 -0.02600000
v -0.04500000 0.02447006 -0.02554316
v -0.04500000 0.02423358 -0.02466061
v -0.04500000 0.02438074 -0.02509413
v -0.04429924 0.03032879 -0.04003149
v -0.04393216 0.03000000 -0.04058838
v -0.04425325 0.03000000 -0.04012866
v -0.04374694 0.03020321 -0.04080442
v -0.04391922 0.03040543 -0.04057821
v -0.04372364 0.03060572 -0.04078141
v -0.04409604 0.03020320 -0.04036028
v -0.04413555 0.03053247 -0.04025929
v -0.04311146 0.03000000 -0.04141393
v -0.04333751 0.03020339 -0.04121748
v -0.04331421 0.03060596 -0.04119443
v -0.04310120 0.03040571 -0.04140102
v -0.04262866 0.03000000 -0.04175325
v -0.04232107 0.03020650 -0.04192380
v -0.04230441 0.03059878 -0.04189672
v -0.04287229 0.03020338 -0.04158761
v -0.04285570 0.03059539 -0.04156085
v -0.04262055 0.03039229 -0.04174014
v -0.04355641 0.03000000 -0.04101453
v -0.04354485 0.03040287 -0.04100311
v -0.04470371 0.03000000 -0.03919561
v -0.04457522 0.03000000 -0.03951678
v -0.04442482 0.03000000 -0.03982829
v -0.04480969 0.03000000 -0.03886633
v -0.04489265 0.03000000 -0.03853051
v -0.04446463 0.03032908 -0.03972682
v -0.04460960 0.03032994 -0.03940861
v -0.04473099 0.03033021 -0.03908389
v -0.04483322 0.03033283 -0.03873663
v -0.04495220 0.03000000 -0.03818976
v -0.04498803 0.03000000 -0.03784571
v -0.04500000 0.03000000 -0.03750000
v -0.04490742 0.03033302 -0.03839798
v -0.04495824 0.03033355 -0.03805193
v -0.04498459 0.03033371 -0.03770624
v -0.04200484 0.03000000 -0.04208046
v -0.04199804 0.03041162 -0.04206491
v -0.04167070 0.03020651 -0.04220809
v -0.04166171 0.03061400 -0.04217565
v -0.04133203 0.03000000 -0.04231931
v -0.04132759 0.03040751 -0.04230328
v -0.04100184 0.03020625 -0.04239426
v -0.04099290 0.03061365 -0.04236185
v -0.04066762 0.03000000 -0.04245523
v -0.04066535 0.03041121 -0.04243844
v -0.04033371 0.03020624 -0.04248459
v -0.04033355 0.03055193 -0.04245824
v -0.04000000 0.03000000 -0.04250000
v -0.04000000 0.03034571 -0.04248803
v -0.04432465 0.03065600 -0.03992221
v -0.04374893 0.03093716 -0.04067289
v -0.04395085 0.03073707 -0.04047448
v -0.04415406 0.03086266 -0.04014568
v -0.04396325 0.03106511 -0.04035626
v -0.04374718 0.03127590 -0.04055463
v -0.04395056 0.03140160 -0.04022555
v -0.04415179 0.03118614 -0.04002105
v -0.04412588 0.03151901 -0.03988113
v -0.04372669 0.03161070 -0.04041846
v -0.04368856 0.03193365 -0.04026686
v -0.04391726 0.03173076 -0.04008061
v -0.04386288 0.03204143 -0.03993120
v -0.04362649 0.03224130 -0.04011249
v -0.04307728 0.03079806 -0.04135920
v -0.04303413 0.03118543 -0.04129326
v -0.04302871 0.03152606 -0.04117397
v -0.04227131 0.03099114 -0.04184267
v -0.04259629 0.03078217 -0.04170089
v -0.04282257 0.03098637 -0.04150752
v -0.04255603 0.03116723 -0.04163574
v -0.04277370 0.03136854 -0.04142857
v -0.04276227 0.03170718 -0.04130203
v -0.04222232 0.03137347 -0.04176320
v -0.04250000 0.03154508 -0.04154509
v -0.04221433 0.03171424 -0.04164223
v -0.04351023 0.03080311 -0.04096890
v -0.04351991 0.03114450 -0.04086160
v -0.04328003 0.03099666 -0.04113979
v -0.04328310 0.03133691 -0.04102618
v -0.04326748 0.03167346 -0.04089456
v -0.04351155 0.03148002 -0.04073706
v -0.04268392 0.03207136 -0.04117506
v -0.04242856 0.03191342 -0.04142949
v -0.04234215 0.03226995 -0.04128968
v -0.04348518 0.03180796 -0.04059593
v -0.04300750 0.03185874 -0.04103553
v -0.04292358 0.03221979 -0.04089488
v -0.04323420 0.03199885 -0.04074724
v -0.04344096 0.03212663 -0.04043893
v -0.04314156 0.03235459 -0.04059621
v -0.04334806 0.03248221 -0.04026209
v -0.04352235 0.03258985 -0.03992604
v -0.04303739 0.03270325 -0.04040976
v -0.04258985 0.03242604 -0.04102236
v -0.04282127 0.03256688 -0.04073289
v -0.04248221 0.03276209 -0.04084806
v -0.04224130 0.03261249 -0.04112649
v -0.04448400 0.03065874 -0.03961182
v -0.04462152 0.03065828 -0.03929114
v -0.04432936 0.03098008 -0.03980133
v -0.04448200 0.03098206 -0.03948675
v -0.04473911 0.03066285 -0.03894965
v -0.04483196 0.03066396 -0.03860059
v -0.04472216 0.03099547 -0.03880775
v -0.04461341 0.03099193 -0.03915303
v -0.04431334 0.03129946 -0.03966944
v -0.04445871 0.03131330 -0.03934259
v -0.04441418 0.03162432 -0.03919604
v -0.04468025 0.03132075 -0.03866228
v -0.04458122 0.03132042 -0.03900629
v -0.04452916 0.03162964 -0.03885313
v -0.04427668 0.03161262 -0.03952717
v -0.04489713 0.03066628 -0.03825774
v -0.04493844 0.03066535 -0.03791121
v -0.04480594 0.03099169 -0.03845890
v -0.04486185 0.03099290 -0.03811365
v -0.04495523 0.03066762 -0.03750000
v -0.04489426 0.03100184 -0.03770626
v -0.04475528 0.03131433 -0.03831230
v -0.04480327 0.03132759 -0.03790750
v -0.04467565 0.03166171 -0.03811400
v -0.04461940 0.03162765 -0.03850594
v -0.04481931 0.03133202 -0.03750000
v -0.04470809 0.03167070 -0.03770651
v -0.04434863 0.03192953 -0.03903830
v -0.04445503 0.03193094 -0.03869338
v -0.04408116 0.03183014 -0.03973489
v -0.04421956 0.03191807 -0.03937519
v -0.04401508 0.03213567 -0.03957799
v -0.04414224 0.03221433 -0.03921424
v -0.04426320 0.03222232 -0.03887347
v -0.04378968 0.03234215 -0.03976995
v -0.04392949 0.03242856 -0.03941342
v -0.04367505 0.03268392 -0.03957136
v -0.04380203 0.03276227 -0.03920718
v -0.04404508 0.03250000 -0.03904508
v -0.04413573 0.03255603 -0.03866723
v -0.04392857 0.03277370 -0.03886853
v -0.04452420 0.03197068 -0.03830503
v -0.04456491 0.03199803 -0.03791162
v -0.04458046 0.03200484 -0.03750000
v -0.04434267 0.03227131 -0.03849114
v -0.04439672 0.03230441 -0.03809878
v -0.04442380 0.03232107 -0.03770649
v -0.04420089 0.03259629 -0.03828217
v -0.04424014 0.03262055 -0.03789230
v -0.04425325 0.03262866 -0.03750000
v -0.04290976 0.03303739 -0.04020325
v -0.04323289 0.03282127 -0.04006688
v -0.04309621 0.03314156 -0.03985459
v -0.04270325 0.03290976 -0.04053739
v -0.04235458 0.03309621 -0.04064156
v -0.04256688 0.03323289 -0.04032127
v -0.04276209 0.03334806 -0.03998221
v -0.04221979 0.03339488 -0.04042358
v -0.04242604 0.03352236 -0.04008985
v -0.04367397 0.03302871 -0.03902606
v -0.04379326 0.03303413 -0.03868543
v -0.04400752 0.03282256 -0.03848637
v -0.04406085 0.03285570 -0.03809539
v -0.04385920 0.03307728 -0.03829806
v -0.04363979 0.03328003 -0.03849665
v -0.04390102 0.03310120 -0.03790571
v -0.04369443 0.03331421 -0.03810596
v -0.04408761 0.03287229 -0.03770338
v -0.04371748 0.03333751 -0.03770338
v -0.04391393 0.03311146 -0.03750000
v -0.04339488 0.03292358 -0.03971979
v -0.04353553 0.03300751 -0.03935874
v -0.04324724 0.03323420 -0.03949885
v -0.04339457 0.03326749 -0.03917346
v -0.04352618 0.03328310 -0.03883690
v -0.04293893 0.03344095 -0.03962663
v -0.04309593 0.03348519 -0.03930796
v -0.04336160 0.03351991 -0.03864450
v -0.04323706 0.03351155 -0.03898002
v -0.04291846 0.03372669 -0.03911071
v -0.04305463 0.03374717 -0.03877590
v -0.04261249 0.03362650 -0.03974130
v -0.04276686 0.03368856 -0.03943365
v -0.04243120 0.03386288 -0.03954143
v -0.04226995 0.03378968 -0.03984215
v -0.04346890 0.03351023 -0.03830311
v -0.04350311 0.03354485 -0.03790287
v -0.04328141 0.03372363 -0.03810572
v -0.04317290 0.03374893 -0.03843716
v -0.04351453 0.03355641 -0.03750000
v -0.04330442 0.03374694 -0.03770321
v -0.04258061 0.03391726 -0.03923076
v -0.04223489 0.03408116 -0.03933014
v -0.04272554 0.03395056 -0.03890160
v -0.04285626 0.03396324 -0.03856511
v -0.04238113 0.03412588 -0.03901901
v -0.04252105 0.03415179 -0.03868615
v -0.04297448 0.03395085 -0.03823707
v -0.04307821 0.03391922 -0.03790543
v -0.04308838 0.03393216 -0.03750000
v -0.04264567 0.03415406 -0.03836266
v -0.04275930 0.03413555 -0.03803247
v -0.04230133 0.03432935 -0.03848008
v -0.04242221 0.03432465 -0.03815600
v -0.04286028 0.03409604 -0.03770320
v -0.04262866 0.03425325 -0.03750000
v -0.04253149 0.03429924 -0.03782879
v -0.04232829 0.03442483 -0.03750000
v -0.04222682 0.03446463 -0.03782909
v -0.04197068 0.03080503 -0.04202420
v -0.04162765 0.03100594 -0.04211940
v -0.04193094 0.03119338 -0.04195503
v -0.04192953 0.03153830 -0.04184863
v -0.04162965 0.03135313 -0.04202916
v -0.04162432 0.03169604 -0.04191418
v -0.04131433 0.03081230 -0.04225528
v -0.04132076 0.03116228 -0.04218025
v -0.04099169 0.03095890 -0.04230594
v -0.04132041 0.03150630 -0.04208122
v -0.04099547 0.03130775 -0.04222216
v -0.04099193 0.03165303 -0.04211341
v -0.04191807 0.03187519 -0.04171956
v -0.04213567 0.03207799 -0.04151508
v -0.04183014 0.03223488 -0.04158116
v -0.04161263 0.03202717 -0.04177668
v -0.04204143 0.03243120 -0.04136288
v -0.04193365 0.03276686 -0.04118856
v -0.04151900 0.03238113 -0.04162588
v -0.04173077 0.03258061 -0.04141726
v -0.04131330 0.03184259 -0.04195871
v -0.04098206 0.03198675 -0.04198201
v -0.04129946 0.03216944 -0.04181334
v -0.04118614 0.03252105 -0.04165179
v -0.04140160 0.03272555 -0.04145056
v -0.04098007 0.03230133 -0.04182936
v -0.04086266 0.03264568 -0.04165406
v -0.04066628 0.03075774 -0.04239713
v -0.04066396 0.03110059 -0.04233196
v -0.04033302 0.03089798 -0.04240742
v -0.04066285 0.03144965 -0.04223911
v -0.04033284 0.03123663 -0.04233322
v -0.04033021 0.03158389 -0.04223099
v -0.04000000 0.03068976 -0.04245219
v -0.04000000 0.03103051 -0.04239265
v -0.04000000 0.03136633 -0.04230969
v -0.04000000 0.03169561 -0.04220371
v -0.04065828 0.03179114 -0.04212152
v -0.04065874 0.03211182 -0.04198400
v -0.04032994 0.03190861 -0.04210959
v -0.04032908 0.03222683 -0.04196464
v -0.04065600 0.03242221 -0.04182465
v -0.04053247 0.03275929 -0.04163555
v -0.04032879 0.03253149 -0.04179924
v -0.04000000 0.03201678 -0.04207522
v -0.04000000 0.03232829 -0.04192482
v -0.04000000 0.03262866 -0.04175325
v -0.04161071 0.03291846 -0.04122669
v -0.04127590 0.03305463 -0.04124717
v -0.04106512 0.03285626 -0.04146324
v -0.04093716 0.03317290 -0.04124893
v -0.04212663 0.03293893 -0.04094096
v -0.04199884 0.03324724 -0.04073420
v -0.04180796 0.03309593 -0.04098519
v -0.04167346 0.03339456 -0.04076749
v -0.04152606 0.03367397 -0.04052871
v -0.04185874 0.03353553 -0.04050751
v -0.04207136 0.03367506 -0.04018392
v -0.04170718 0.03380203 -0.04026227
v -0.04148002 0.03323706 -0.04101155
v -0.04114450 0.03336160 -0.04101991
v -0.04133691 0.03352618 -0.04078310
v -0.04118543 0.03379326 -0.04053413
v -0.04080311 0.03346890 -0.04101023
v -0.04099666 0.03363979 -0.04078003
v -0.04079806 0.03385920 -0.04057728
v -0.04191342 0.03392949 -0.03992856
v -0.04154509 0.03404509 -0.04000000
v -0.04136853 0.03392857 -0.04027370
v -0.04116723 0.03413574 -0.04005602
v -0.04098637 0.03400752 -0.04032256
v -0.04078217 0.03420089 -0.04009629
v -0.04073707 0.03297448 -0.04145085
v -0.04060572 0.03328141 -0.04122363
v -0.04020320 0.03286028 -0.04159604
v -0.04040543 0.03307821 -0.04141922
v -0.04020321 0.03330442 -0.04124694
v -0.04000000 0.03308838 -0.04143216
v -0.04060596 0.03369443 -0.04081421
v -0.04040286 0.03350311 -0.04104485
v -0.04040571 0.03390102 -0.04060120
v -0.04020339 0.03371748 -0.04083751
v -0.04000000 0.03351454 -0.04105641
v -0.04059539 0.03406085 -0.04035570
v -0.04020338 0.03408761 -0.04037229
v -0.04039229 0.03424014 -0.04012055
v -0.04000000 0.03391393 -0.04061146
v -0.04000000 0.03425325 -0.04012866
v -0.04207799 0.03401508 -0.03963567
v -0.04187519 0.03421956 -0.03941807
v -0.04171424 0.03414223 -0.03971433
v -0.04153830 0.03434863 -0.03942953
v -0.04202717 0.03427668 -0.03911262
v -0.04216944 0.03431334 -0.03879946
v -0.04169605 0.03441418 -0.03912432
v -0.04184259 0.03445871 -0.03881330
v -0.04150629 0.03458122 -0.03882041
v -0.04137347 0.03426320 -0.03972232
v -0.04099113 0.03434267 -0.03977131
v -0.04119338 0.03445503 -0.03943094
v -0.04080503 0.03452419 -0.03947068
v -0.04135314 0.03452916 -0.03912964
v -0.04116227 0.03468025 -0.03882075
v -0.04100594 0.03461940 -0.03912765
v -0.04081230 0.03475528 -0.03881433
v -0.04198675 0.03448201 -0.03848206
v -0.04211182 0.03448400 -0.03815874
v -0.04165303 0.03461341 -0.03849193
v -0.04179114 0.03462152 -0.03815828
v -0.04190861 0.03460959 -0.03782994
v -0.04201678 0.03457522 -0.03750000
v -0.04169561 0.03470371 -0.03750000
v -0.04158389 0.03473099 -0.03783021
v -0.04130775 0.03472216 -0.03849547
v -0.04144965 0.03473911 -0.03816285
v -0.04095890 0.03480594 -0.03849169
v -0.04110058 0.03483196 -0.03816396
v -0.04123663 0.03483322 -0.03783283
v -0.04136633 0.03480969 -0.03750000
v -0.04089798 0.03490742 -0.03783302
v -0.04103051 0.03489265 -0.03750000
v -0.04059878 0.03439672 -0.03980441
v -0.04020650 0.03442380 -0.03982107
v -0.04041162 0.03456491 -0.03949803
v -0.04061400 0.03467565 -0.03916171
v -0.04020651 0.03470809 -0.03917070
v -0.04040750 0.03480328 -0.03882759
v -0.04000000 0.03458046 -0.03950484
v -0.04000000 0.03481930 -0.03883202
v -0.04061365 0.03486185 -0.03849290
v -0.04075775 0.03489713 -0.03816628
v -0.04020625 0.03489426 -0.03850184
v -0.04041121 0.03493844 -0.03816536
v -0.04055192 0.03495824 -0.03783355
v -0.04068976 0.03495219 -0.03750000
v -0.04020624 0.03498458 -0.03783371
v -0.04034571 0.03498803 -0.03750000
v -0.04000000 0.03495523 -0.03816762
v -0.04000000 0.03500000 -0.03750000
v -0.03133939 0.01966061 -0.02923358
v -0.03277674 0.01822326 -0.02813067
v -0.03247488 0.01852513 -0.02847487
v -0.03323358 0.01776642 -0.02733939
v -0.03338074 0.01761926 -0.02690587
v -0.03303109 0.01796891 -0.02775000
v -0.03213067 0.01886933 -0.02877674
v -0.03175000 0.01925000 -0.02903109
v -0.02866061 0.01966061 -0.02923358
v -0.02825000 0.01925000 -0.02903109
v -0.03090587 0.02009413 -0.02938074
v -0.03045684 0.02054316 -0.02947006
v -0.02954316 0.02054316 -0.02947006
v -0.03045684 0.02145684 -0.02947006
v -0.03000000 0.02100000 -0.02950000
v -0.02954316 0.02145684 -0.02947006
v -0.02909413 0.02009413 -0.02938074
v -0.03347006 0.01752994 -0.02645684
v -0.03350000 0.01750000 -0.02600000
v -0.03347006 0.01752994 -0.02554316
v -0.03338074 0.01761926 -0.02509413
v -0.03323358 0.01776642 -0.02466061
v -0.03303109 0.01796891 -0.02425000
v -0.03277674 0.01822326 -0.02386934
v -0.03247488 0.01852513 -0.02352513
v -0.03213067 0.01886933 -0.02322326
v -0.03175000 0.01925000 -0.02296891
v -0.03133939 0.01966061 -0.02276642
v -0.02866061 0.01966061 -0.02276642
v -0.02825000 0.01925000 -0.02296891
v -0.03090587 0.02009413 -0.02261926
v -0.03045684 0.02054316 -0.02252994
v -0.02954316 0.02054316 -0.02252994
v -0.03045684 0.02145684 -0.02252994
v -0.03000000 0.02100000 -0.02250000
v -0.02954316 0.02145684 -0.02252994
v -0.02909413 0.02009413 -0.02261926
v -0.03133939 0.02233939 -0.02923358
v -0.03247488 0.02347487 -0.02847487
v -0.03277674 0.02377674 -0.02813067
v -0.03303109 0.02403109 -0.02775000
v -0.03175000 0.02275000 -0.02903109
v -0.03213067 0.02313066 -0.02877674
v -0.03323358 0.02423358 -0.02733939
v -0.03338074 0.02438074 -0.02690587
v -0.03090587 0.02190587 -0.02938074
v -0.02909413 0.02190587 -0.02938074
v -0.02866061 0.02233939 -0.02923358
v -0.02825000 0.02275000 -0.02903109
v -0.03303109 0.02403109 -0.02425000
v -0.03247488 0.02347487 -0.02352513
v -0.03277674 0.02377674 -0.02386934
v -0.03175000 0.02275000 -0.02296891
v -0.03133939 0.02233939 -0.02276642
v -0.03213067 0.02313066 -0.02322326
v -0.03347006 0.02447006 -0.02645684
v -0.03350000 0.02450000 -0.02600000
v -0.03347006 0.02447006 -0.02554316
v -0.03323358 0.02423358 -0.02466061
v -0.03338074 0.02438074 -0.02509413
v -0.03090587 0.02190587 -0.02261926
v -0.02909413 0.02190587 -0.02261926
v -0.02866061 0.02233939 -0.02276642
v -0.02825000 0.02275000 -0.02296891
v -0.02752513 0.01852513 -0.02847487
v -0.02722326 0.01822326 -0.02813067
v -0.02676642 0.01776642 -0.02733939
v -0.02696891 0.01796891 -0.02775000
v -0.02786933 0.01886933 -0.02877674
v -0.02661926 0.01761926 -0.02690587
v -0.02676642 0.01776642 -0.02466061
v -0.02696891 0.01796891 -0.02425000
v -0.02652994 0.01752994 -0.02645684
v -0.02650000 0.01750000 -0.02600000
v -0.02652994 0.01752994 -0.02554316
v -0.02661926 0.01761926 -0.02509413
v -0.02752513 0.01852513 -0.02352513
v -0.02722326 0.01822326 -0.02386934
v -0.02786933 0.01886933 -0.02322326
v -0.02786933 0.02313066 -0.02877674
v -0.02752513 0.02347487 -0.02847487
v -0.02722326 0.02377674 -0.02813067
v -0.02696891 0.02403109 -0.02775000
v -0.02676642 0.02423358 -0.02733939
v -0.02661926 0.02438074 -0.02690587
v -0.02696891 0.02403109 -0.02425000
v -0.02752513 0.02347487 -0.02352513
v -0.02786933 0.02313066 -0.02322326
v -0.02722326 0.02377674 -0.02386934
v -0.02676642 0.02423358 -0.02466061
v -0.02652994 0.02447006 -0.02645684
v -0.02650000 0.02450000 -0.02600000
v -0.02652994 0.02447006 -0.02554316
v -0.02661926 0.02438074 -0.02509413
v -0.03133939 0.03500000 -0.02923358
v -0.03277674 0.03500000 -0.02813067
v -0.03247488 0.03500000 -0.02847487
v -0.03323358 0.03500000 -0.02733939
v -0.03338074 0.03500000 -0.02690587
v -0.03303109 0.03500000 -0.02775000
v -0.03213067 0.03500000 -0.02877674
v -0.03175000 0.03500000 -0.02903109
v -0.03090587 0.03500000 -0.02938074
v -0.03045684 0.03500000 -0.02947006
v -0.03000000 0.03500000 -0.02950000
v -0.02954316 0.03500000 -0.02947006
v -0.02909413 0.03500000 -0.02938074
v -0.02866061 0.03500000 -0.02923358
v -0.02825000 0.03500000 -0.02903109
v -0.03347006 0.03500000 -0.02645684
v -0.03350000 0.03500000 -0.02600000
v -0.03347006 0.03500000 -0.02554316
v -0.03338074 0.03500000 -0.02509413
v -0.03323358 0.03500000 -0.02466061
v -0.03303109 0.03500000 -0.02425000
v -0.03277674 0.03500000 -0.02386934
v -0.03247488 0.03500000 -0.02352513
v -0.03213067 0.03500000 -0.02322326
v -0.03175000 0.03500000 -0.02296891
v -0.03133939 0.03500000 -0.02276642
v -0.03090587 0.03500000 -0.02261926
v -0.03045684 0.03500000 -0.02252994
v -0.03000000 0.03500000 -0.02250000
v -0.02954316 0.03500000 -0.02252994
v -0.02909413 0.03500000 -0.02261926
v -0.02866061 0.03500000 -0.02276642
v -0.02825000 0.03500000 -0.02296891
v -0.02786933 0.03500000 -0.02877674
v -0.02752513 0.03500000 -0.02847487
v -0.02722326 0.03500000 -0.02813067
v -0.02696891 0.03500000 -0.02775000
v -0.02676642 0.03500000 -0.02733939
v -0.02661926 0.03500000 -0.02690587
v -0.02676642 0.03500000 -0.02466061
v -0.02696891 0.03500000 -0.02425000
v -0.02652994 0.03500000 -0.02645684
v -0.02650000 0.03500000 -0.02600000
v -0.02652994 0.03500000 -0.02554316
v -0.02661926 0.03500000 -0.02509413
v -0.02752513 0.03500000 -0.02352513
v -0.02786933 0.03500000 -0.02322326
v -0.02722326 0.03500000 -0.02386934
v -0.04500000 0.01776642 -0.00533939
v -0.04500000 0.01796891 -0.00575000
v -0.04500000 0.01822326 -0.00613067
v -0.04500000 0.01852513 -0.00647487
v -0.04500000 0.01886933 -0.00677674
v -0.04500000 0.01925000 -0.00703109
v -0.04500000 0.01966061 -0.00723358
v -0.04500000 0.02009413 -0.00738074
v -0.04500000 0.02054316 -0.00747006
v -0.04500000 0.02100000 -0.00750000
v -0.04500000 0.02145684 -0.00747006
v -0.04500000 0.01761926 -0.00490587
v -0.04500000 0.01752994 -0.00445684
v -0.04500000 0.01750000 -0.00400000
v -0.04500000 0.01752994 -0.00354316
v -0.04500000 0.01761926 -0.00309413
v -0.04500000 0.01776642 -0.00266061
v -0.04500000 0.01796891 -0.00225000
v -0.04500000 0.01822326 -0.00186933
v -0.04500000 0.01852513 -0.00152513
v -0.04500000 0.01886933 -0.00122326
v -0.04500000 0.01925000 -0.00096891
v -0.04500000 0.01966061 -0.00076642
v -0.04500000 0.02009413 -0.00061926
v -0.04500000 0.02054316 -0.00052994
v -0.04500000 0.02100000 -0.00050000
v -0.04500000 0.02145684 -0.00052994
v -0.04500000 0.02190587 -0.00738074
v -0.04500000 0.02233939 -0.00723358
v -0.04500000 0.02275000 -0.00703109
v -0.04500000 0.02313066 -0.00677674
v -0.04500000 0.02347487 -0.00647487
v -0.04500000 0.02377674 -0.00613067
v -0.04500000 0.02403109 -0.00575000
v -0.04500000 0.02423358 -0.00533939
v -0.04500000 0.02233939 -0.00076642
v -0.04500000 0.02190587 -0.00061926
v -0.04500000 0.02275000 -0.00096891
v -0.04500000 0.02347487 -0.00152513
v -0.04500000 0.02403109 -0.00225000
v -0.04500000 0.02377674 -0.00186933
v -0.04500000 0.02313066 -0.00122326
v -0.04500000 0.02438074 -0.00490587
v -0.04500000 0.02447006 -0.00445684
v -0.04500000 0.02450000 -0.00400000
v -0.04500000 0.02447006 -0.00354316
v -0.04500000 0.02423358 -0.00266061
v -0.04500000 0.02438074 -0.00309413
v -0.03323358 0.01776642 -0.00533939
v -0.03303109 0.01796891 -0.00575000
v -0.03277674 0.01822326 -0.00613067
v -0.03247488 0.01852513 -0.00647487
v -0.03213067 0.01886933 -0.00677674
v -0.03175000 0.01925000 -0.00703109
v -0.03133939 0.01966061 -0.00723358
v -0.02866061 0.01966061 -0.00723358
v -0.02825000 0.01925000 -0.00703109
v -0.03090587 0.02009413 -0.00738074
v -0.03045684 0.02054316 -0.00747006
v -0.02954316 0.02054316 -0.00747006
v -0.03045684 0.02145684 -0.00747006
v -0.03000000 0.02100000 -0.00750000
v -0.02954316 0.02145684 -0.00747006
v -0.02909413 0.02009413 -0.00738074
v -0.03338074 0.01761926 -0.00490587
v -0.03347006 0.01752994 -0.00445684
v -0.03350000 0.01750000 -0.00400000
v -0.03347006 0.01752994 -0.00354316
v -0.03338074 0.01761926 -0.00309413
v -0.03323358 0.01776642 -0.00266061
v -0.03303109 0.01796891 -0.00225000
v -0.03277674 0.01822326 -0.00186933
v -0.03247488 0.01852513 -0.00152513
v -0.03213067 0.01886933 -0.00122326
v -0.03175000 0.01925000 -0.00096891
v -0.03133939 0.01966061 -0.00076642
v -0.02866061 0.01966061 -0.00076642
v -0.02825000 0.01925000 -0.00096891
v -0.03090587 0.02009413 -0.00061926
v -0.03045684 0.02054316 -0.00052994
v -0.02954316 0.02054316 -0.00052994
v -0.03045684 0.02145684 -0.00052994
v -0.03000000 0.02100000 -0.00050000
v -0.02954316 0.02145684 -0.00052994
v -0.02909413 0.02009413 -0.00061926
v -0.03247488 0.02347487 -0.00647487
v -0.03277674 0.02377674 -0.00613067
v -0.03303109 0.02403109 -0.00575000
v -0.03175000 0.02275000 -0.00703109
v -0.03133939 0.02233939 -0.00723358
v -0.03213067 0.02313066 -0.00677674
v -0.03323358 0.02423358 -0.00533939
v -0.03090587 0.02190587 -0.00738074
v -0.02909413 0.02190587 -0.00738074
v -0.02866061 0.02233939 -0.00723358
v -0.02825000 0.02275000 -0.00703109
v -0.03247488 0.02347487 -0.00152513
v -0.03303109 0.02403109 -0.00225000
v -0.03277674 0.02377674 -0.00186933
v -0.03175000 0.02275000 -0.00096891
v -0.03133939 0.02233939 -0.00076642
v -0.03213067 0.02313066 -0.00122326
v -0.03338074 0.02438074 -0.00490587
v -0.03347006 0.02447006 -0.00445684
v -0.03350000 0.02450000 -0.00400000
v -0.03347006 0.02447006 -0.00354316
v -0.03323358 0.02423358 -0.00266061
v -0.03338074 0.02438074 -0.00309413
v -0.03090587 0.02190587 -0.00061926
v -0.02909413 0.02190587 -0.00061926
v -0.02866061 0.02233939 -0.00076642
v -0.02825000 0.02275000 -0.00096891
v -0.02752513 0.01852513 -0.00647487
v -0.02676642 0.01776642 -0.00533939
v -0.02696891 0.01796891 -0.00575000
v -0.02722326 0.01822326 -0.00613067
v -0.02786933 0.01886933 -0.00677674
v -0.02676642 0.01776642 -0.00266061
v -0.02661926 0.01761926 -0.00490587
v -0.02652994 0.01752994 -0.00445684
v -0.02650000 0.01750000 -0.00400000
v -0.02652994 0.01752994 -0.00354316
v -0.02661926 0.01761926 -0.00309413
v -0.02752513 0.01852513 -0.00152513
v -0.02696891 0.01796891 -0.00225000
v -0.02722326 0.01822326 -0.00186933
v -0.02786933 0.01886933 -0.00122326
v -0.02786933 0.02313066 -0.00677674
v -0.02752513 0.02347487 -0.00647487
v -0.02722326 0.02377674 -0.00613067
v -0.02696891 0.02403109 -0.00575000
v -0.02676642 0.02423358 -0.00533939
v -0.02752513 0.02347487 -0.00152513
v -0.02696891 0.02403109 -0.00225000
v -0.02722326 0.02377674 -0.00186933
v -0.02786933 0.02313066 -0.00122326
v -0.02676642 0.02423358 -0.00266061
v -0.02661926 0.02438074 -0.00490587
v -0.02652994 0.02447006 -0.00445684
v -0.02650000 0.02450000 -0.00400000
v -0.02652994 0.02447006 -0.00354316
v -0.02661926 0.02438074 -0.00309413
v -0.03323358 0.03500000 -0.00533939
v -0.03277674 0.03500000 -0.00613067
v -0.03247488 0.03500000 -0.00647487
v -0.03303109 0.03500000 -0.00575000
v -0.03213067 0.03500000 -0.00677674
v -0.03175000 0.03500000 -0.00703109
v -0.03133939 0.03500000 -0.00723358
v -0.03090587 0.03500000 -0.00738074
v -0.03045684 0.03500000 -0.00747006
v -0.03000000 0.03500000 -0.00750000
v -0.02954316 0.03500000 -0.00747006
v -0.02909413 0.03500000 -0.00738074
v -0.02866061 0.03500000 -0.00723358
v -0.02825000 0.03500000 -0.00703109
v -0.03338074 0.03500000 -0.00490587
v -0.03347006 0.03500000 -0.00445684
v -0.03350000 0.03500000 -0.00400000
v -0.03347006 0.03500000 -0.00354316
v -0.03338074 0.03500000 -0.00309413
v -0.03323358 0.03500000 -0.00266061
v -0.03303109 0.03500000 -0.00225000
v -0.03277674 0.03500000 -0.00186933
v -0.03247488 0.03500000 -0.00152513
v -0.03213067 0.03500000 -0.00122326
v -0.03175000 0.03500000 -0.00096891
v -0.03133939 0.03500000 -0.00076642
v -0.03090587 0.03500000 -0.00061926
v -0.03045684 0.03500000 -0.00052994
v -0.03000000 0.03500000 -0.00050000
v -0.02954316 0.03500000 -0.00052994
v -0.02909413 0.03500000 -0.00061926
v -0.02866061 0.03500000 -0.00076642
v -0.02825000 0.03500000 -0.00096891
v -0.02786933 0.03500000 -0.00677674
v -0.02752513 0.03500000 -0.00647487
v -0.02722326 0.03500000 -0.00613067
v -0.02696891 0.03500000 -0.00575000
v -0.02676642 0.03500000 -0.00533939
v -0.02676642 0.03500000 -0.00266061
v -0.02661926 0.03500000 -0.00490587
v -0.02652994 0.03500000 -0.00445684
v -0.02650000 0.03500000 -0.00400000
v -0.02652994 0.03500000 -0.00354316
v -0.02661926 0.03500000 -0.00309413
v -0.02752513 0.03500000 -0.00152513
v -0.02696891 0.03500000 -0.00225000
v -0.02722326 0.03500000 -0.00186933
v -0.02786933 0.03500000 -0.00122326
v -0.00871700 0.00000000 -0.02950000
v -0.00871700 0.00045684 -0.02947006
v -0.00871700 0.00090587 -0.02938074
v -0.00871700 0.00133939 -0.02923358
v -0.00871700 0.00175000 -0.02903109
v -0.00871700 0.00213067 -0.02877674
v -0.00871700 0.00247487 -0.02847487
v -0.00871700 0.00277674 -0.02813067
v -0.00871700 0.00303109 -0.02775000
v -0.00871700 0.00323358 -0.02733939
v -0.00871700 0.00338074 -0.02690587
v -0.00871700 0.00090587 -0.02261926
v -0.00871700 0.00000000 -0.02250000
v -0.00871700 0.00045684 -0.02252994
v -0.00871700 0.00133939 -0.02276642
v -0.00871700 0.00175000 -0.02296891
v -0.00871700 0.00213067 -0.02322326
v -0.00871700 0.00323358 -0.02466061
v -0.00871700 0.00303109 -0.02425000
v -0.00871700 0.00347006 -0.02645684
v -0.00871700 0.00350000 -0.02600000
v -0.00871700 0.00347006 -0.02554316
v -0.00871700 0.00338074 -0.02509413
v -0.00871700 0.00247487 -0.02352513
v -0.00871700 0.00277674 -0.02386934
v -0.00871700 0.01034650 -0.03750000
v -0.00323358 0.01034650 -0.02733939
v -0.00303109 0.01034650 -0.02775000
v -0.00338074 0.01034650 -0.02690587
v -0.00133939 0.01034650 -0.02923358
v -0.00090587 0.01034650 -0.02938074
v -0.00045684 0.01034650 -0.02947006
v -0.00213067 0.01034650 -0.02877674
v -0.00247487 0.01034650 -0.02847487
v -0.00277674 0.01034650 -0.02813067
v -0.00175000 0.01034650 -0.02903109
v -0.00347006 0.01034650 -0.02645684
v -0.00350000 0.01034650 -0.02600000
v -0.00347006 0.01034650 -0.02554316
v -0.00338074 0.01034650 -0.02509413
v -0.00323358 0.01034650 -0.02466061
v -0.00303109 0.01034650 -0.02425000
v -0.00277674 0.01034650 -0.02386934
v -0.00247487 0.01034650 -0.02352513
v -0.00213067 0.01034650 -0.02322326
v -0.00175000 0.01034650 -0.02296891
v -0.00133939 0.01034650 -0.02276642
v -0.00090587 0.01034650 -0.02261926
v -0.00045684 0.01034650 -0.02252994
v -0.00871700 0.00000000 -0.00750000
v -0.00871700 0.00045684 -0.00747006
v -0.00871700 0.00090587 -0.00738074
v -0.00871700 0.00133939 -0.00723358
v -0.00871700 0.00175000 -0.00703109
v -0.00871700 0.00213067 -0.00677674
v -0.00871700 0.00247487 -0.00647487
v -0.00871700 0.00277674 -0.00613067
v -0.00871700 0.00303109 -0.00575000
v -0.00871700 0.00323358 -0.00533939
v -0.00871700 0.00000000 -0.00050000
v -0.00871700 0.00045684 -0.00052994
v -0.00871700 0.00090587 -0.00061926
v -0.00871700 0.00133939 -0.00076642
v -0.00871700 0.00175000 -0.00096891
v -0.00871700 0.00213067 -0.00122326
v -0.00871700 0.00323358 -0.00266061
v -0.00871700 0.00338074 -0.00490587
v -0.00871700 0.00347006 -0.00445684
v -0.00871700 0.00350000 -0.00400000
v -0.00871700 0.00347006 -0.00354316
v -0.00871700 0.00338074 -0.00309413
v -0.00871700 0.00247487 -0.00152513
v -0.00871700 0.00303109 -0.00225000
v -0.00871700 0.00277674 -0.00186933
v -0.00323358 0.01034650 -0.00533939
v -0.00303109 0.01034650 -0.00575000
v -0.00213067 0.01034650 -0.00677674
v -0.00175000 0.01034650 -0.00703109
v -0.00247487 0.01034650 -0.00647487
v -0.00277674 0.01034650 -0.00613067
v -0.00090587 0.01034650 -0.00738074
v -0.00133939 0.01034650 -0.00723358
v -0.00045684 0.01034650 -0.00747006
v -0.00338074 0.01034650 -0.00490587
v -0.00347006 0.01034650 -0.00445684
v -0.00350000 0.01034650 -0.00400000
v -0.00347006 0.01034650 -0.00354316
v -0.00338074 0.01034650 -0.00309413
v -0.00323358 0.01034650 -0.00266061
v -0.00303109 0.01034650 -0.00225000
v -0.00277674 0.01034650 -0.00186933
v -0.00247487 0.01034650 -0.00152513
v -0.00213067 0.01034650 -0.00122326
v -0.00175000 0.01034650 -0.00096891
v -0.00133939 0.01034650 -0.00076642
v -0.00090587 0.01034650 -0.00061926
v -0.00045684 0.01034650 -0.00052994
v -0.00323358 0.01776642 -0.02733939
v -0.00303109 0.01796891 -0.02775000
v -0.00338074 0.01761926 -0.02690587
v -0.00133939 0.01966061 -0.02923358
v -0.00277674 0.01822326 -0.02813067
v -0.00247487 0.01852513 -0.02847487
v -0.00213067 0.01886933 -0.02877674
v -0.00175000 0.01925000 -0.02903109
v -0.00090587 0.02009413 -0.02938074
v -0.00045684 0.02054316 -0.02947006
v -0.00045684 0.02145684 -0.02947006
v -0.00347006 0.01752994 -0.02645684
v -0.00350000 0.01750000 -0.02600000
v -0.00347006 0.01752994 -0.02554316
v -0.00338074 0.01761926 -0.02509413
v -0.00323358 0.01776642 -0.02466061
v -0.00303109 0.01796891 -0.02425000
v -0.00277674 0.01822326 -0.02386934
v -0.00247487 0.01852513 -0.02352513
v -0.00213067 0.01886933 -0.02322326
v -0.00175000 0.01925000 -0.02296891
v -0.00133939 0.01966061 -0.02276642
v -0.00090587 0.02009413 -0.02261926
v -0.00045684 0.02054316 -0.02252994
v -0.00045684 0.02145684 -0.02252994
v -0.00303109 0.02403109 -0.02775000
v -0.00323358 0.02423358 -0.02733939
v -0.00338074 0.02438074 -0.02690587
v -0.00133939 0.02233939 -0.02923358
v -0.00090587 0.02190587 -0.02938074
v -0.00175000 0.02275000 -0.02903109
v -0.00213067 0.02313066 -0.02877674
v -0.00247487 0.02347487 -0.02847487
v -0.00277674 0.02377674 -0.02813067
v -0.00303109 0.02403109 -0.02425000
v -0.00347006 0.02447006 -0.02645684
v -0.00350000 0.02450000 -0.02600000
v -0.00347006 0.02447006 -0.02554316
v -0.00323358 0.02423358 -0.02466061
v -0.00338074 0.02438074 -0.02509413
v -0.00175000 0.02275000 -0.02296891
v -0.00247487 0.02347487 -0.02352513
v -0.00213067 0.02313066 -0.02322326
v -0.00277674 0.02377674 -0.02386934
v -0.00133939 0.02233939 -0.02276642
v -0.00090587 0.02190587 -0.02261926
v -0.00323358 0.03500000 -0.02733939
v -0.00303109 0.03500000 -0.02775000
v -0.00338074 0.03500000 -0.02690587
v -0.00133939 0.03500000 -0.02923358
v -0.00090587 0.03500000 -0.02938074
v -0.00045684 0.03500000 -0.02947006
v -0.00213067 0.03500000 -0.02877674
v -0.00247487 0.03500000 -0.02847487
v -0.00277674 0.03500000 -0.02813067
v -0.00175000 0.03500000 -0.02903109
v -0.00347006 0.03500000 -0.02645684
v -0.00350000 0.03500000 -0.02600000
v -0.00347006 0.03500000 -0.02554316
v -0.00338074 0.03500000 -0.02509413
v -0.00323358 0.03500000 -0.02466061
v -0.00303109 0.03500000 -0.02425000
v -0.00277674 0.03500000 -0.02386934
v -0.00247487 0.03500000 -0.02352513
v -0.00213067 0.03500000 -0.02322326
v -0.00175000 0.03500000 -0.02296891
v -0.00133939 0.03500000 -0.02276642
v -0.00090587 0.03500000 -0.02261926
v -0.00045684 0.03500000 -0.02252994
v -0.00323358 0.01776642 -0.00533939
v -0.00303109 0.01796891 -0.00575000
v -0.00277674 0.01822326 -0.00613067
v -0.00247487 0.01852513 -0.00647487
v -0.00213067 0.01886933 -0.00677674
v -0.00175000 0.01925000 -0.00703109
v -0.00133939 0.01966061 -0.00723358
v -0.00090587 0.02009413 -0.00738074
v -0.00045684 0.02054316 -0.00747006
v -0.00045684 0.02145684 -0.00747006
v -0.00338074 0.01761926 -0.00490587
v -0.00347006 0.01752994 -0.00445684
v -0.00350000 0.01750000 -0.00400000
v -0.00347006 0.01752994 -0.00354316
v -0.00338074 0.01761926 -0.00309413
v -0.00323358 0.01776642 -0.00266061
v -0.00303109 0.01796891 -0.00225000
v -0.00277674 0.01822326 -0.00186933
v -0.00247487 0.01852513 -0.00152513
v -0.00213067 0.01886933 -0.00122326
v -0.00175000 0.01925000 -0.00096891
v -0.00133939 0.01966061 -0.00076642
v -0.00090587 0.02009413 -0.00061926
v -0.00045684 0.02054316 -0.00052994
v -0.00045684 0.02145684 -0.00052994
v -0.00303109 0.02403109 -0.00575000
v -0.00323358 0.02423358 -0.00533939
v -0.00175000 0.02275000 -0.00703109
v -0.00213067 0.02313066 -0.00677674
v -0.00247487 0.02347487 -0.00647487
v -0.00277674 0.02377674 -0.00613067
v -0.00090587 0.02190587 -0.00738074
v -0.00133939 0.02233939 -0.00723358
v -0.00303109 0.02403109 -0.00225000
v -0.00338074 0.02438074 -0.00490587
v -0.00347006 0.02447006 -0.00445684
v -0.00350000 0.02450000 -0.00400000
v -0.00347006 0.02447006 -0.00354316
v -0.00323358 0.02423358 -0.00266061
v -0.00338074 0.02438074 -0.00309413
v -0.00175000 0.02275000 -0.00096891
v -0.00247487 0.02347487 -0.00152513
v -0.00277674 0.02377674 -0.00186933
v -0.00213067 0.02313066 -0.00122326
v -0.00133939 0.02233939 -0.00076642
v -0.00090587 0.02190587 -0.00061926
v -0.00323358 0.03500000 -0.00533939
v -0.00303109 0.03500000 -0.00575000
v -0.00213067 0.03500000 -0.00677674
v -0.00175000 0.03500000 -0.00703109
v -0.00247487 0.03500000 -0.00647487
v -0.00277674 0.03500000 -0.00613067
v -0.00090587 0.03500000 -0.00738074
v -0.00133939 0.03500000 -0.00723358
v -0.00045684 0.03500000 -0.00747006
v -0.00338074 0.03500000 -0.00490587
v -0.00347006 0.03500000 -0.00445684
v -0.00350000 0.03500000 -0.00400000
v -0.00347006 0.03500000 -0.00354316
v -0.00338074 0.03500000 -0.00309413
v -0.00323358 0.03500000 -0.00266061
v -0.00303109 0.03500000 -0.00225000
v -0.00277674 0.03500000 -0.00186933
v -0.00247487 0.03500000 -0.00152513
v -0.00213067 0.03500000 -0.00122326
v -0.00175000 0.03500000 -0.00096891
v -0.00133939 0.03500000 -0.00076642
v -0.00090587 0.03500000 -0.00061926
v -0.00045684 0.03500000 -0.00052994
v -0.04500000 0.00000000 0.01450000
v -0.04500000 0.00045684 0.01452994
v -0.04500000 0.00090587 0.01461926
v -0.04500000 0.00133939 0.01476642
v -0.04500000 0.00175000 0.01496891
v -0.04500000 0.00213067 0.01522326
v -0.04500000 0.00247487 0.01552513
v -0.04500000 0.00277674 0.01586933
v -0.04500000 0.00133939 0.02123358
v -0.04500000 0.00175000 0.02103109
v -0.04500000 0.00213067 0.02077674
v -0.04500000 0.00303109 0.01625000
v -0.04500000 0.00323358 0.01666061
v -0.04500000 0.00338074 0.01709413
v -0.04500000 0.00347006 0.01754316
v -0.04500000 0.00350000 0.01800000
v -0.04500000 0.00347006 0.01845684
v -0.04500000 0.00323358 0.01933939
v -0.04500000 0.00303109 0.01975000
v -0.04500000 0.00247487 0.02047487
v -0.04500000 0.00277674 0.02013066
v -0.04500000 0.00338074 0.01890587
v -0.03213067 0.00213067 0.01522326
v -0.03175000 0.00175000 0.01496891
v -0.03133939 0.00133939 0.01476642
v -0.03247488 0.00247487 0.01552513
v -0.03277674 0.00277674 0.01586933
v -0.03045684 0.00045684 0.01452994
v -0.03000000 0.00000000 0.01450000
v -0.02954316 0.00045684 0.01452994
v -0.03090587 0.00090587 0.01461926
v -0.02909413 0.00090587 0.01461926
v -0.02866061 0.00133939 0.01476642
v -0.02825000 0.00175000 0.01496891
v -0.03213067 0.00213067 0.02077674
v -0.03175000 0.00175000 0.02103109
v -0.03133939 0.00133939 0.02123358
v -0.03323358 0.00323358 0.01666061
v -0.03303109 0.00303109 0.01625000
v -0.03338074 0.00338074 0.01709413
v -0.03347006 0.00347006 0.01754316
v -0.03350000 0.00350000 0.01800000
v -0.03347006 0.00347006 0.01845684
v -0.03323358 0.00323358 0.01933939
v -0.03303109 0.00303109 0.01975000
v -0.03247488 0.00247487 0.02047487
v -0.03277674 0.00277674 0.02013066
v -0.03338074 0.00338074 0.01890587
v -0.02866061 0.00133939 0.02123358
v -0.02825000 0.00175000 0.02103109
v -0.02786933 0.00213067 0.01522326
v -0.02752513 0.00247487 0.01552513
v -0.02722326 0.00277674 0.01586933
v -0.02786933 0.00213067 0.02077674
v -0.02696891 0.00303109 0.01625000
v -0.02676642 0.00323358 0.01666061
v -0.02661926 0.00338074 0.01709413
v -0.02652994 0.00347006 0.01754316
v -0.02650000 0.00350000 0.01800000
v -0.02652994 0.00347006 0.01845684
v -0.02676642 0.00323358 0.01933939
v -0.02696891 0.00303109 0.01975000
v -0.02752513 0.00247487 0.02047487
v -0.02722326 0.00277674 0.02013066
v -0.02661926 0.00338074 0.01890587
v -0.04500000 0.00000000 0.02150000
v -0.04500000 0.00045684 0.02147006
v -0.04500000 0.00090587 0.02138074
v -0.03045684 0.00045684 0.02147006
v -0.03090587 0.00090587 0.02138074
v -0.03000000 0.00000000 0.02150000
v -0.02954316 0.00045684 0.02147006
v -0.02909413 0.00090587 0.02138074
v -0.04500000 0.01822326 0.01586933
v -0.04500000 0.01852513 0.01552513
v -0.04500000 0.01886933 0.01522326
v -0.04500000 0.01925000 0.01496891
v -0.04500000 0.01966061 0.01476642
v -0.04500000 0.02054316 0.01452994
v -0.04500000 0.02009413 0.01461926
v -0.04500000 0.02100000 0.01450000
v -0.04500000 0.02145684 0.01452994
v -0.04500000 0.01796891 0.01625000
v -0.04500000 0.01776642 0.01666061
v -0.04500000 0.01761926 0.01709413
v -0.04500000 0.01752994 0.01754316
v -0.04500000 0.01750000 0.01800000
v -0.04500000 0.01752994 0.01845684
v -0.04500000 0.01761926 0.01890587
v -0.04500000 0.01776642 0.01933939
v -0.04500000 0.01796891 0.01975000
v -0.04500000 0.01822326 0.02013066
v -0.04500000 0.01852513 0.02047487
v -0.04500000 0.01886933 0.02077674
v -0.04500000 0.01925000 0.02103109
v -0.04500000 0.01966061 0.02123358
v -0.04500000 0.02190587 0.01461926
v -0.04500000 0.02233939 0.01476642
v -0.04500000 0.02275000 0.01496891
v -0.04500000 0.02313066 0.01522326
v -0.04500000 0.02347487 0.01552513
v -0.04500000 0.02377674 0.01586933
v -0.04500000 0.02403109 0.01625000
v -0.04500000 0.02233939 0.02123358
v -0.04500000 0.02275000 0.02103109
v -0.04500000 0.02403109 0.01975000
v -0.04500000 0.02347487 0.02047487
v -0.04500000 0.02313066 0.02077674
v -0.04500000 0.02377674 0.02013066
v -0.04500000 0.02423358 0.01666061
v -0.04500000 0.02438074 0.01709413
v -0.04500000 0.02447006 0.01754316
v -0.04500000 0.02450000 0.01800000
v -0.04500000 0.02447006 0.01845684
v -0.04500000 0.02438074 0.01890587
v -0.04500000 0.02423358 0.01933939
v -0.03277674 0.01822326 0.01586933
v -0.03247488 0.01852513 0.01552513
v -0.03213067 0.01886933 0.01522326
v -0.03175000 0.01925000 0.01496891
v -0.03133939 0.01966061 0.01476642
v -0.02866061 0.01966061 0.01476642
v -0.02825000 0.01925000 0.01496891
v -0.03045684 0.02054316 0.01452994
v -0.02954316 0.02054316 0.01452994
v -0.03090587 0.02009413 0.01461926
v -0.03045684 0.02145684 0.01452994
v -0.03000000 0.02100000 0.01450000
v -0.02954316 0.02145684 0.01452994
v -0.02909413 0.02009413 0.01461926
v -0.03323358 0.01776642 0.01666061
v -0.03338074 0.01761926 0.01709413
v -0.03303109 0.01796891 0.01625000
v -0.03347006 0.01752994 0.01754316
v -0.03350000 0.01750000 0.01800000
v -0.03347006 0.01752994 0.01845684
v -0.03338074 0.01761926 0.01890587
v -0.03323358 0.01776642 0.01933939
v -0.03303109 0.01796891 0.01975000
v -0.03277674 0.01822326 0.02013066
v -0.03247488 0.01852513 0.02047487
v -0.03213067 0.01886933 0.02077674
v -0.03175000 0.01925000 0.02103109
v -0.03133939 0.01966061 0.02123358
v -0.02866061 0.01966061 0.02123358
v -0.02825000 0.01925000 0.02103109
v -0.03247488 0.02347487 0.01552513
v -0.03277674 0.02377674 0.01586933
v -0.03175000 0.02275000 0.01496891
v -0.03133939 0.02233939 0.01476642
v -0.03213067 0.02313066 0.01522326
v -0.03090587 0.02190587 0.01461926
v -0.02909413 0.02190587 0.01461926
v -0.02866061 0.02233939 0.01476642
v -0.02825000 0.02275000 0.01496891
v -0.03303109 0.02403109 0.01625000
v -0.03303109 0.02403109 0.01975000
v -0.03247488 0.02347487 0.02047487
v -0.03277674 0.02377674 0.02013066
v -0.03175000 0.02275000 0.02103109
v -0.03133939 0.02233939 0.02123358
v -0.03213067 0.02313066 0.02077674
v -0.03323358 0.02423358 0.01666061
v -0.03338074 0.02438074 0.01709413
v -0.03347006 0.02447006 0.01754316
v -0.03350000 0.02450000 0.01800000
v -0.03347006 0.02447006 0.01845684
v -0.03338074 0.02438074 0.01890587
v -0.03323358 0.02423358 0.01933939
v -0.02866061 0.02233939 0.02123358
v -0.02825000 0.02275000 0.02103109
v -0.02752513 0.01852513 0.01552513
v -0.02722326 0.01822326 0.01586933
v -0.02786933 0.01886933 0.01522326
v -0.02696891 0.01796891 0.01625000
v -0.02676642 0.01776642 0.01666061
v -0.02661926 0.01761926 0.01709413
v -0.02652994 0.01752994 0.01754316
v -0.02650000 0.01750000 0.01800000
v -0.02652994 0.01752994 0.01845684
v -0.02676642 0.01776642 0.01933939
v -0.02696891 0.01796891 0.01975000
v -0.02752513 0.01852513 0.02047487
v -0.02722326 0.01822326 0.02013066
v -0.02786933 0.01886933 0.02077674
v -0.02661926 0.01761926 0.01890587
v -0.02786933 0.02313066 0.01522326
v -0.02752513 0.02347487 0.01552513
v -0.02722326 0.02377674 0.01586933
v -0.02696891 0.02403109 0.01625000
v -0.02696891 0.02403109 0.01975000
v -0.02752513 0.02347487 0.02047487
v -0.02786933 0.02313066 0.02077674
v -0.02722326 0.02377674 0.02013066
v -0.02676642 0.02423358 0.01666061
v -0.02661926 0.02438074 0.01709413
v -0.02652994 0.02447006 0.01754316
v -0.02650000 0.02450000 0.01800000
v -0.02652994 0.02447006 0.01845684
v -0.02676642 0.02423358 0.01933939
v -0.02661926 0.02438074 0.01890587
v -0.03277674 0.03500000 0.01586933
v -0.03247488 0.03500000 0.01552513
v -0.03213067 0.03500000 0.01522326
v -0.03175000 0.03500000 0.01496891
v -0.03133939 0.03500000 0.01476642
v -0.03045684 0.03500000 0.01452994
v -0.03000000 0.03500000 0.01450000
v -0.02954316 0.03500000 0.01452994
v -0.03090587 0.03500000 0.01461926
v -0.02909413 0.03500000 0.01461926
v -0.02866061 0.03500000 0.01476642
v -0.02825000 0.03500000 0.01496891
v -0.03323358 0.03500000 0.01666061
v -0.03338074 0.03500000 0.01709413
v -0.03303109 0.03500000 0.01625000
v -0.03347006 0.03500000 0.01754316
v -0.03350000 0.03500000 0.01800000
v -0.03347006 0.03500000 0.01845684
v -0.03338074 0.03500000 0.01890587
v -0.03323358 0.03500000 0.01933939
v -0.03303109 0.03500000 0.01975000
v -0.03277674 0.03500000 0.02013066
v -0.03247488 0.03500000 0.02047487
v -0.03213067 0.03500000 0.02077674
v -0.03175000 0.03500000 0.02103109
v -0.03133939 0.03500000 0.02123358
v -0.02866061 0.03500000 0.02123358
v -0.02825000 0.03500000 0.02103109
v -0.02786933 0.03500000 0.01522326
v -0.02752513 0.03500000 0.01552513
v -0.02722326 0.03500000 0.01586933
v -0.02696891 0.03500000 0.01625000
v -0.02676642 0.03500000 0.01666061
v -0.02661926 0.03500000 0.01709413
v -0.02652994 0.03500000 0.01754316
v -0.02650000 0.03500000 0.01800000
v -0.02652994 0.03500000 0.01845684
v -0.02676642 0.03500000 0.01933939
v -0.02696891 0.03500000 0.01975000
v -0.02752513 0.03500000 0.02047487
v -0.02786933 0.03500000 0.02077674
v -0.02722326 0.03500000 0.02013066
v -0.02661926 0.03500000 0.01890587
v -0.04500000 0.02009413 0.02138074
v -0.04500000 0.02054316 0.02147006
v -0.04500000 0.02100000 0.02150000
v -0.04500000 0.02145684 0.02147006
v -0.04500000 0.02190587 0.02138074
v -0.04500000 0.03000000 0.03750000
v -0.04498803 0.03000000 0.03784571
v -0.04495220 0.03000000 0.03818976
v -0.04498459 0.03033371 0.03770624
v -0.04495824 0.03033355 0.03805193
v -0.04490742 0.03033302 0.03839798
v -0.04489265 0.03000000 0.03853051
v -0.04480969 0.03000000 0.03886633
v -0.04470371 0.03000000 0.03919561
v -0.04457522 0.03000000 0.03951678
v -0.04442482 0.03000000 0.03982829
v -0.04483322 0.03033283 0.03873663
v -0.04473099 0.03033021 0.03908389
v -0.04460960 0.03032994 0.03940861
v -0.04446463 0.03032908 0.03972682
v -0.04429924 0.03032879 0.04003149
v -0.04425325 0.03000000 0.04012866
v -0.04393216 0.03000000 0.04058838
v -0.04409604 0.03020320 0.04036028
v -0.04413555 0.03053247 0.04025929
v -0.04374694 0.03020321 0.04080442
v -0.04391922 0.03040543 0.04057821
v -0.04372364 0.03060572 0.04078141
v -0.04355641 0.03000000 0.04101453
v -0.04354485 0.03040287 0.04100311
v -0.04311146 0.03000000 0.04141393
v -0.04333751 0.03020339 0.04121748
v -0.04331421 0.03060596 0.04119443
v -0.04310120 0.03040571 0.04140102
v -0.04262866 0.03000000 0.04175325
v -0.04287229 0.03020338 0.04158761
v -0.04285570 0.03059539 0.04156085
v -0.04262055 0.03039229 0.04174014
v -0.04232107 0.03020650 0.04192380
v -0.04230441 0.03059878 0.04189672
v -0.04200484 0.03000000 0.04208046
v -0.04199804 0.03041162 0.04206491
v -0.04167070 0.03020651 0.04220809
v -0.04166171 0.03061400 0.04217565
v -0.04133203 0.03000000 0.04231931
v -0.04132759 0.03040751 0.04230328
v -0.04100184 0.03020625 0.04239426
v -0.04099290 0.03061365 0.04236185
v -0.04066762 0.03000000 0.04245523
v -0.04066535 0.03041121 0.04243844
v -0.04033371 0.03020624 0.04248459
v -0.04033355 0.03055193 0.04245824
v -0.04000000 0.03000000 0.04250000
v -0.04000000 0.03034571 0.04248803
v -0.04495523 0.03066762 0.03750000
v -0.04489426 0.03100184 0.03770626
v -0.04493844 0.03066535 0.03791121
v -0.04489713 0.03066628 0.03825774
v -0.04486185 0.03099290 0.03811365
v -0.04480594 0.03099169 0.03845890
v -0.04481931 0.03133202 0.03750000
v -0.04470809 0.03167070 0.03770651
v -0.04480327 0.03132759 0.03790750
v -0.04475528 0.03131433 0.03831230
v -0.04467565 0.03166171 0.03811400
v -0.04461940 0.03162765 0.03850594
v -0.04483196 0.03066396 0.03860059
v -0.04473911 0.03066285 0.03894965
v -0.04472216 0.03099547 0.03880775
v -0.04461341 0.03099193 0.03915303
v -0.04462152 0.03065828 0.03929114
v -0.04448400 0.03065874 0.03961182
v -0.04448200 0.03098206 0.03948675
v -0.04432936 0.03098008 0.03980133
v -0.04468025 0.03132075 0.03866228
v -0.04458122 0.03132042 0.03900629
v -0.04452916 0.03162964 0.03885313
v -0.04445871 0.03131330 0.03934259
v -0.04431334 0.03129946 0.03966944
v -0.04441418 0.03162432 0.03919604
v -0.04427668 0.03161262 0.03952717
v -0.04458046 0.03200484 0.03750000
v -0.04452420 0.03197068 0.03830503
v -0.04456491 0.03199803 0.03791162
v -0.04442380 0.03232107 0.03770649
v -0.04439672 0.03230441 0.03809878
v -0.04434267 0.03227131 0.03849114
v -0.04425325 0.03262866 0.03750000
v -0.04424014 0.03262055 0.03789230
v -0.04420089 0.03259629 0.03828217
v -0.04445503 0.03193094 0.03869338
v -0.04434863 0.03192953 0.03903830
v -0.04426320 0.03222232 0.03887347
v -0.04421956 0.03191807 0.03937519
v -0.04408116 0.03183014 0.03973489
v -0.04414224 0.03221433 0.03921424
v -0.04401508 0.03213567 0.03957799
v -0.04404508 0.03250000 0.03904508
v -0.04413573 0.03255603 0.03866723
v -0.04392857 0.03277370 0.03886853
v -0.04392949 0.03242856 0.03941342
v -0.04378968 0.03234215 0.03976995
v -0.04380203 0.03276227 0.03920718
v -0.04367505 0.03268392 0.03957136
v -0.04432465 0.03065600 0.03992221
v -0.04415406 0.03086266 0.04014568
v -0.04395085 0.03073707 0.04047448
v -0.04396325 0.03106511 0.04035626
v -0.04374893 0.03093716 0.04067289
v -0.04415179 0.03118614 0.04002105
v -0.04395056 0.03140160 0.04022555
v -0.04412588 0.03151901 0.03988113
v -0.04372669 0.03161070 0.04041846
v -0.04374718 0.03127590 0.04055463
v -0.04391726 0.03173076 0.04008061
v -0.04368856 0.03193365 0.04026686
v -0.04386288 0.03204143 0.03993120
v -0.04362649 0.03224130 0.04011249
v -0.04351023 0.03080311 0.04096890
v -0.04351991 0.03114450 0.04086160
v -0.04328003 0.03099666 0.04113979
v -0.04328310 0.03133691 0.04102618
v -0.04351155 0.03148002 0.04073706
v -0.04326748 0.03167346 0.04089456
v -0.04307728 0.03079806 0.04135920
v -0.04303413 0.03118543 0.04129326
v -0.04302871 0.03152606 0.04117397
v -0.04259629 0.03078217 0.04170089
v -0.04282257 0.03098637 0.04150752
v -0.04255603 0.03116723 0.04163574
v -0.04227131 0.03099114 0.04184267
v -0.04277370 0.03136854 0.04142857
v -0.04276227 0.03170718 0.04130203
v -0.04222232 0.03137347 0.04176320
v -0.04250000 0.03154508 0.04154509
v -0.04221433 0.03171424 0.04164223
v -0.04344096 0.03212663 0.04043893
v -0.04348518 0.03180796 0.04059593
v -0.04300750 0.03185874 0.04103553
v -0.04323420 0.03199885 0.04074724
v -0.04292358 0.03221979 0.04089488
v -0.04334806 0.03248221 0.04026209
v -0.04352235 0.03258985 0.03992604
v -0.04303739 0.03270325 0.04040976
v -0.04314156 0.03235459 0.04059621
v -0.04258985 0.03242604 0.04102236
v -0.04282127 0.03256688 0.04073289
v -0.04248221 0.03276209 0.04084806
v -0.04224130 0.03261249 0.04112649
v -0.04268392 0.03207136 0.04117506
v -0.04242856 0.03191342 0.04142949
v -0.04234215 0.03226995 0.04128968
v -0.04408761 0.03287229 0.03770338
v -0.04391393 0.03311146 0.03750000
v -0.04371748 0.03333751 0.03770338
v -0.04406085 0.03285570 0.03809539
v -0.04400752 0.03282256 0.03848637
v -0.04385920 0.03307728 0.03829806
v -0.04390102 0.03310120 0.03790571
v -0.04369443 0.03331421 0.03810596
v -0.04363979 0.03328003 0.03849665
v -0.04379326 0.03303413 0.03868543
v -0.04367397 0.03302871 0.03902606
v -0.04351453 0.03355641 0.03750000
v -0.04330442 0.03374694 0.03770321
v -0.04350311 0.03354485 0.03790287
v -0.04346890 0.03351023 0.03830311
v -0.04328141 0.03372363 0.03810572
v -0.04317290 0.03374893 0.03843716
v -0.04352618 0.03328310 0.03883690
v -0.04339457 0.03326749 0.03917346
v -0.04353553 0.03300751 0.03935874
v -0.04339488 0.03292358 0.03971979
v -0.04324724 0.03323420 0.03949885
v -0.04336160 0.03351991 0.03864450
v -0.04323706 0.03351155 0.03898002
v -0.04305463 0.03374717 0.03877590
v -0.04291846 0.03372669 0.03911071
v -0.04309593 0.03348519 0.03930796
v -0.04293893 0.03344095 0.03962663
v -0.04261249 0.03362650 0.03974130
v -0.04276686 0.03368856 0.03943365
v -0.04243120 0.03386288 0.03954143
v -0.04226995 0.03378968 0.03984215
v -0.04308838 0.03393216 0.03750000
v -0.04307821 0.03391922 0.03790543
v -0.04297448 0.03395085 0.03823707
v -0.04286028 0.03409604 0.03770320
v -0.04262866 0.03425325 0.03750000
v -0.04232829 0.03442483 0.03750000
v -0.04253149 0.03429924 0.03782879
v -0.04275930 0.03413555 0.03803247
v -0.04264567 0.03415406 0.03836266
v -0.04242221 0.03432465 0.03815600
v -0.04230133 0.03432935 0.03848008
v -0.04222682 0.03446463 0.03782909
v -0.04285626 0.03396324 0.03856511
v -0.04272554 0.03395056 0.03890160
v -0.04252105 0.03415179 0.03868615
v -0.04238113 0.03412588 0.03901901
v -0.04258061 0.03391726 0.03923076
v -0.04223489 0.03408116 0.03933014
v -0.04323289 0.03282127 0.04006688
v -0.04290976 0.03303739 0.04020325
v -0.04309621 0.03314156 0.03985459
v -0.04276209 0.03334806 0.03998221
v -0.04256688 0.03323289 0.04032127
v -0.04270325 0.03290976 0.04053739
v -0.04235458 0.03309621 0.04064156
v -0.04242604 0.03352236 0.04008985
v -0.04221979 0.03339488 0.04042358
v -0.04197068 0.03080503 0.04202420
v -0.04162765 0.03100594 0.04211940
v -0.04193094 0.03119338 0.04195503
v -0.04192953 0.03153830 0.04184863
v -0.04162965 0.03135313 0.04202916
v -0.04162432 0.03169604 0.04191418
v -0.04131433 0.03081230 0.04225528
v -0.04132076 0.03116228 0.04218025
v -0.04099169 0.03095890 0.04230594
v -0.04132041 0.03150630 0.04208122
v -0.04099547 0.03130775 0.04222216
v -0.04099193 0.03165303 0.04211341
v -0.04191807 0.03187519 0.04171956
v -0.04213567 0.03207799 0.04151508
v -0.04183014 0.03223488 0.04158116
v -0.04161263 0.03202717 0.04177668
v -0.04204143 0.03243120 0.04136288
v -0.04193365 0.03276686 0.04118856
v -0.04151900 0.03238113 0.04162588
v -0.04173077 0.03258061 0.04141726
v -0.04129946 0.03216944 0.04181334
v -0.04131330 0.03184259 0.04195871
v -0.04098206 0.03198675 0.04198201
v -0.04118614 0.03252105 0.04165179
v -0.04140160 0.03272555 0.04145056
v -0.04098007 0.03230133 0.04182936
v -0.04086266 0.03264568 0.04165406
v -0.04066628 0.03075774 0.04239713
v -0.04066396 0.03110059 0.04233196
v -0.04033302 0.03089798 0.04240742
v -0.04066285 0.03144965 0.04223911
v -0.04033284 0.03123663 0.04233322
v -0.04033021 0.03158389 0.04223099
v -0.04000000 0.03068976 0.04245219
v -0.04000000 0.03103051 0.04239265
v -0.04000000 0.03136633 0.04230969
v -0.04000000 0.03169561 0.04220371
v -0.04065828 0.03179114 0.04212152
v -0.04065874 0.03211182 0.04198400
v -0.04032994 0.03190861 0.04210959
v -0.04032908 0.03222683 0.04196464
v -0.04065600 0.03242221 0.04182465
v -0.04053247 0.03275929 0.04163555
v -0.04032879 0.03253149 0.04179924
v -0.04000000 0.03201678 0.04207522
v -0.04000000 0.03262866 0.04175325
v -0.04000000 0.03232829 0.04192482
v -0.04201678 0.03457522 0.03750000
v -0.04190861 0.03460959 0.03782994
v -0.04169561 0.03470371 0.03750000
v -0.04158389 0.03473099 0.03783021
v -0.04211182 0.03448400 0.03815874
v -0.04198675 0.03448201 0.03848206
v -0.04179114 0.03462152 0.03815828
v -0.04165303 0.03461341 0.03849193
v -0.04136633 0.03480969 0.03750000
v -0.04123663 0.03483322 0.03783283
v -0.04103051 0.03489265 0.03750000
v -0.04089798 0.03490742 0.03783302
v -0.04130775 0.03472216 0.03849547
v -0.04144965 0.03473911 0.03816285
v -0.04110058 0.03483196 0.03816396
v -0.04095890 0.03480594 0.03849169
v -0.04216944 0.03431334 0.03879946
v -0.04202717 0.03427668 0.03911262
v -0.04169605 0.03441418 0.03912432
v -0.04207799 0.03401508 0.03963567
v -0.04187519 0.03421956 0.03941807
v -0.04171424 0.03414223 0.03971433
v -0.04153830 0.03434863 0.03942953
v -0.04184259 0.03445871 0.03881330
v -0.04150629 0.03458122 0.03882041
v -0.04137347 0.03426320 0.03972232
v -0.04099113 0.03434267 0.03977131
v -0.04116227 0.03468025 0.03882075
v -0.04135314 0.03452916 0.03912964
v -0.04100594 0.03461940 0.03912765
v -0.04081230 0.03475528 0.03881433
v -0.04119338 0.03445503 0.03943094
v -0.04080503 0.03452419 0.03947068
v -0.04068976 0.03495219 0.03750000
v -0.04055192 0.03495824 0.03783355
v -0.04034571 0.03498803 0.03750000
v -0.04020624 0.03498458 0.03783371
v -0.04075775 0.03489713 0.03816628
v -0.04061365 0.03486185 0.03849290
v -0.04041121 0.03493844 0.03816536
v -0.04020625 0.03489426 0.03850184
v -0.04000000 0.03500000 0.03750000
v -0.04000000 0.03495523 0.03816762
v -0.04059878 0.03439672 0.03980441
v -0.04020650 0.03442380 0.03982107
v -0.04061400 0.03467565 0.03916171
v -0.04020651 0.03470809 0.03917070
v -0.04040750 0.03480328 0.03882759
v -0.04041162 0.03456491 0.03949803
v -0.04000000 0.03481930 0.03883202
v -0.04000000 0.03458046 0.03950484
v -0.04212663 0.03293893 0.04094096
v -0.04199884 0.03324724 0.04073420
v -0.04180796 0.03309593 0.04098519
v -0.04185874 0.03353553 0.04050751
v -0.04207136 0.03367506 0.04018392
v -0.04170718 0.03380203 0.04026227
v -0.04167346 0.03339456 0.04076749
v -0.04152606 0.03367397 0.04052871
v -0.04148002 0.03323706 0.04101155
v -0.04133691 0.03352618 0.04078310
v -0.04114450 0.03336160 0.04101991
v -0.04118543 0.03379326 0.04053413
v -0.04080311 0.03346890 0.04101023
v -0.04099666 0.03363979 0.04078003
v -0.04079806 0.03385920 0.04057728
v -0.04161071 0.03291846 0.04122669
v -0.04127590 0.03305463 0.04124717
v -0.04106512 0.03285626 0.04146324
v -0.04093716 0.03317290 0.04124893
v -0.04191342 0.03392949 0.03992856
v -0.04154509 0.03404509 0.04000000
v -0.04116723 0.03413574 0.04005602
v -0.04136853 0.03392857 0.04027370
v -0.04098637 0.03400752 0.04032256
v -0.04078217 0.03420089 0.04009629
v -0.04060596 0.03369443 0.04081421
v -0.04040286 0.03350311 0.04104485
v -0.04040571 0.03390102 0.04060120
v -0.04020339 0.03371748 0.04083751
v -0.04000000 0.03351454 0.04105641
v -0.04073707 0.03297448 0.04145085
v -0.04060572 0.03328141 0.04122363
v -0.04040543 0.03307821 0.04141922
v -0.04020320 0.03286028 0.04159604
v -0.04020321 0.03330442 0.04124694
v -0.04000000 0.03308838 0.04143216
v -0.04059539 0.03406085 0.04035570
v -0.04020338 0.03408761 0.04037229
v -0.04039229 0.03424014 0.04012055
v -0.04000000 0.03425325 0.04012866
v -0.04000000 0.03391393 0.04061146
v -0.03090587 0.02009413 0.02138074
v -0.03045684 0.02054316 0.02147006
v -0.02954316 0.02054316 0.02147006
v -0.03045684 0.02145684 0.02147006
v -0.03000000 0.02100000 0.02150000
v -0.02954316 0.02145684 0.02147006
v -0.02909413 0.02009413 0.02138074
v -0.03090587 0.02190587 0.02138074
v -0.02909413 0.02190587 0.02138074
v -0.03090587 0.03500000 0.02138074
v -0.03045684 0.03500000 0.02147006
v -0.03000000 0.03500000 0.02150000
v -0.02954316 0.03500000 0.02147006
v -0.02909413 0.03500000 0.02138074
v -0.00871700 0.00000000 0.01450000
v -0.00871700 0.00045684 0.01452994
v -0.00871700 0.00090587 0.01461926
v -0.00871700 0.00133939 0.01476642
v -0.00871700 0.00175000 0.01496891
v -0.00871700 0.00213067 0.01522326
v -0.00871700 0.00247487 0.01552513
v -0.00871700 0.00277674 0.01586933
v -0.00871700 0.00133939 0.02123358
v -0.00871700 0.00175000 0.02103109
v -0.00871700 0.00213067 0.02077674
v -0.00871700 0.00303109 0.01625000
v -0.00871700 0.00323358 0.01666061
v -0.00871700 0.00338074 0.01709413
v -0.00871700 0.00347006 0.01754316
v -0.00871700 0.00350000 0.01800000
v -0.00871700 0.00347006 0.01845684
v -0.00871700 0.00323358 0.01933939
v -0.00871700 0.00303109 0.01975000
v -0.00871700 0.00247487 0.02047487
v -0.00871700 0.00277674 0.02013066
v -0.00871700 0.00338074 0.01890587
v -0.00213067 0.01034650 0.01522326
v -0.00247487 0.01034650 0.01552513
v -0.00277674 0.01034650 0.01586933
v -0.00175000 0.01034650 0.01496891
v -0.00045684 0.01034650 0.01452994
v -0.00133939 0.01034650 0.01476642
v -0.00090587 0.01034650 0.01461926
v -0.00303109 0.01034650 0.01625000
v -0.00323358 0.01034650 0.01666061
v -0.00338074 0.01034650 0.01709413
v -0.00347006 0.01034650 0.01754316
v -0.00350000 0.01034650 0.01800000
v -0.00347006 0.01034650 0.01845684
v -0.00338074 0.01034650 0.01890587
v -0.00323358 0.01034650 0.01933939
v -0.00303109 0.01034650 0.01975000
v -0.00277674 0.01034650 0.02013066
v -0.00247487 0.01034650 0.02047487
v -0.00213067 0.01034650 0.02077674
v -0.00175000 0.01034650 0.02103109
v -0.00133939 0.01034650 0.02123358
v -0.01161700 0.01324650 0.04250000
v -0.00871700 0.00000000 0.02150000
v -0.00871700 0.00045684 0.02147006
v -0.00871700 0.00090587 0.02138074
v -0.00090587 0.01034650 0.02138074
v -0.00045684 0.01034650 0.02147006
v -0.00871700 0.01034650 0.03960000
v -0.00277674 0.01822326 0.01586933
v -0.00247487 0.01852513 0.01552513
v -0.00213067 0.01886933 0.01522326
v -0.00175000 0.01925000 0.01496891
v -0.00133939 0.01966061 0.01476642
v -0.00045684 0.02054316 0.01452994
v -0.00090587 0.02009413 0.01461926
v -0.00045684 0.02145684 0.01452994
v -0.00303109 0.01796891 0.01625000
v -0.00323358 0.01776642 0.01666061
v -0.00338074 0.01761926 0.01709413
v -0.00347006 0.01752994 0.01754316
v -0.00350000 0.01750000 0.01800000
v -0.00347006 0.01752994 0.01845684
v -0.00338074 0.01761926 0.01890587
v -0.00323358 0.01776642 0.01933939
v -0.00303109 0.01796891 0.01975000
v -0.00277674 0.01822326 0.02013066
v -0.00247487 0.01852513 0.02047487
v -0.00213067 0.01886933 0.02077674
v -0.00175000 0.01925000 0.02103109
v -0.00133939 0.01966061 0.02123358
v -0.00175000 0.02275000 0.01496891
v -0.00213067 0.02313066 0.01522326
v -0.00247487 0.02347487 0.01552513
v -0.00277674 0.02377674 0.01586933
v -0.00133939 0.02233939 0.01476642
v -0.00090587 0.02190587 0.01461926
v -0.00303109 0.02403109 0.01625000
v -0.00303109 0.02403109 0.01975000
v -0.00323358 0.02423358 0.01666061
v -0.00338074 0.02438074 0.01709413
v -0.00347006 0.02447006 0.01754316
v -0.00350000 0.02450000 0.01800000
v -0.00347006 0.02447006 0.01845684
v -0.00338074 0.02438074 0.01890587
v -0.00323358 0.02423358 0.01933939
v -0.00175000 0.02275000 0.02103109
v -0.00247487 0.02347487 0.02047487
v -0.00213067 0.02313066 0.02077674
v -0.00277674 0.02377674 0.02013066
v -0.00133939 0.02233939 0.02123358
v -0.00213067 0.03500000 0.01522326
v -0.00247487 0.03500000 0.01552513
v -0.00277674 0.03500000 0.01586933
v -0.00175000 0.03500000 0.01496891
v -0.00045684 0.03500000 0.01452994
v -0.00133939 0.03500000 0.01476642
v -0.00090587 0.03500000 0.01461926
v -0.00303109 0.03500000 0.01625000
v -0.00323358 0.03500000 0.01666061
v -0.00338074 0.03500000 0.01709413
v -0.00347006 0.03500000 0.01754316
v -0.00350000 0.03500000 0.01800000
v -0.00347006 0.03500000 0.01845684
v -0.00338074 0.03500000 0.01890587
v -0.00323358 0.03500000 0.01933939
v -0.00303109 0.03500000 0.01975000
v -0.00277674 0.03500000 0.02013066
v -0.00247487 0.03500000 0.02047487
v -0.00213067 0.03500000 0.02077674
v -0.00175000 0.03500000 0.02103109
v -0.00133939 0.03500000 0.02123358
v -0.00090587 0.02009413 0.02138074
v -0.00045684 0.02054316 0.02147006
v -0.00045684 0.02145684 0.02147006
v -0.00090587 0.02190587 0.02138074
v -0.00090587 0.03500000 0.02138074
v -0.00045684 0.03500000 0.02147006
v -0.00000000 -0.03500000 -0.02950000
v 0.00045684 -0.03500000 -0.02947006
v 0.00090587 -0.03500000 -0.02938074
v 0.00133939 -0.03500000 -0.02923358
v 0.00175000 -0.03500000 -0.02903109
v 0.00213067 -0.03500000 -0.02877674
v 0.00247487 -0.03500000 -0.02847487
v 0.00277674 -0.03500000 -0.02813067
v 0.00303109 -0.03500000 -0.02775000
v 0.00323358 -0.03500000 -0.02733939
v 0.00338074 -0.03500000 -0.02690587
v 0.00090587 -0.03500000 -0.02261926
v 0.00133939 -0.03500000 -0.02276642
v 0.00000000 -0.03500000 -0.02250000
v 0.00045684 -0.03500000 -0.02252994
v 0.00175000 -0.03500000 -0.02296891
v 0.00277674 -0.03500000 -0.02386934
v 0.00247487 -0.03500000 -0.02352513
v 0.00213067 -0.03500000 -0.02322326
v 0.00347006 -0.03500000 -0.02645684
v 0.00350000 -0.03500000 -0.02600000
v 0.00347006 -0.03500000 -0.02554316
v 0.00338074 -0.03500000 -0.02509413
v 0.00323358 -0.03500000 -0.02466061
v 0.00303109 -0.03500000 -0.02425000
v 0.00090587 -0.02190587 -0.02938074
v 0.00133939 -0.02233939 -0.02923358
v 0.00277674 -0.02377674 -0.02813067
v 0.00213067 -0.02313066 -0.02877674
v 0.00247487 -0.02347487 -0.02847487
v 0.00175000 -0.02275000 -0.02903109
v 0.00323358 -0.02423358 -0.02733939
v 0.00338074 -0.02438074 -0.02690587
v 0.00303109 -0.02403109 -0.02775000
v 0.00090587 -0.02190587 -0.02261926
v 0.00133939 -0.02233939 -0.02276642
v 0.00277674 -0.02377674 -0.02386934
v 0.00247487 -0.02347487 -0.02352513
v 0.00213067 -0.02313066 -0.02322326
v 0.00175000 -0.02275000 -0.02296891
v 0.00347006 -0.02447006 -0.02645684
v 0.00350000 -0.02450000 -0.02600000
v 0.00347006 -0.02447006 -0.02554316
v 0.00338074 -0.02438074 -0.02509413
v 0.00323358 -0.02423358 -0.02466061
v 0.00303109 -0.02403109 -0.02425000
v 0.00045684 -0.02145684 -0.02947006
v -0.00000000 -0.02100000 -0.02950000
v 0.00045684 -0.02054316 -0.02947006
v 0.00090587 -0.02009413 -0.02938074
v 0.00133939 -0.01966061 -0.02923358
v 0.00175000 -0.01925000 -0.02903109
v 0.00213067 -0.01886933 -0.02877674
v 0.00247487 -0.01852513 -0.02847487
v 0.00277674 -0.01822326 -0.02813067
v 0.00303109 -0.01796891 -0.02775000
v 0.00323358 -0.01776642 -0.02733939
v 0.00338074 -0.01761926 -0.02690587
v 0.00045684 -0.02145684 -0.02252994
v 0.00000000 -0.02100000 -0.02250000
v 0.00090587 -0.02009413 -0.02261926
v 0.00045684 -0.02054316 -0.02252994
v 0.00133939 -0.01966061 -0.02276642
v 0.00175000 -0.01925000 -0.02296891
v 0.00213067 -0.01886933 -0.02322326
v 0.00247487 -0.01852513 -0.02352513
v 0.00277674 -0.01822326 -0.02386934
v 0.00347006 -0.01752994 -0.02645684
v 0.00347006 -0.01752994 -0.02554316
v 0.00338074 -0.01761926 -0.02509413
v 0.00323358 -0.01776642 -0.02466061
v 0.00303109 -0.01796891 -0.02425000
v -0.00000000 -0.03500000 -0.00750000
v 0.00045684 -0.03500000 -0.00747006
v 0.00090587 -0.03500000 -0.00738074
v 0.00133939 -0.03500000 -0.00723358
v 0.00175000 -0.03500000 -0.00703109
v 0.00213067 -0.03500000 -0.00677674
v 0.00247487 -0.03500000 -0.00647487
v 0.00277674 -0.03500000 -0.00613067
v 0.00303109 -0.03500000 -0.00575000
v 0.00323358 -0.03500000 -0.00533939
v 0.00000000 -0.03500000 -0.00050000
v 0.00045684 -0.03500000 -0.00052994
v 0.00133939 -0.03500000 -0.00076642
v 0.00090587 -0.03500000 -0.00061926
v 0.00277674 -0.03500000 -0.00186933
v 0.00247487 -0.03500000 -0.00152513
v 0.00175000 -0.03500000 -0.00096891
v 0.00213067 -0.03500000 -0.00122326
v 0.00338074 -0.03500000 -0.00490587
v 0.00347006 -0.03500000 -0.00445684
v 0.00350000 -0.03500000 -0.00400000
v 0.00347006 -0.03500000 -0.00354316
v 0.00338074 -0.03500000 -0.00309413
v 0.00323358 -0.03500000 -0.00266061
v 0.00303109 -0.03500000 -0.00225000
v 0.00090587 -0.02190587 -0.00738074
v 0.00133939 -0.02233939 -0.00723358
v 0.00213067 -0.02313066 -0.00677674
v 0.00277674 -0.02377674 -0.00613067
v 0.00247487 -0.02347487 -0.00647487
v 0.00175000 -0.02275000 -0.00703109
v 0.00323358 -0.02423358 -0.00533939
v 0.00303109 -0.02403109 -0.00575000
v 0.00133939 -0.02233939 -0.00076642
v 0.00090587 -0.02190587 -0.00061926
v 0.00277674 -0.02377674 -0.00186933
v 0.00247487 -0.02347487 -0.00152513
v 0.00213067 -0.02313066 -0.00122326
v 0.00175000 -0.02275000 -0.00096891
v 0.00338074 -0.02438074 -0.00490587
v 0.00347006 -0.02447006 -0.00445684
v 0.00350000 -0.02450000 -0.00400000
v 0.00347006 -0.02447006 -0.00354316
v 0.00338074 -0.02438074 -0.00309413
v 0.00323358 -0.02423358 -0.00266061
v 0.00303109 -0.02403109 -0.00225000
v 0.00045684 -0.02145684 -0.00747006
v -0.00000000 -0.02100000 -0.00750000
v 0.00045684 -0.02054316 -0.00747006
v 0.00090587 -0.02009413 -0.00738074
v 0.00133939 -0.01966061 -0.00723358
v 0.00175000 -0.01925000 -0.00703109
v 0.00213067 -0.01886933 -0.00677674
v 0.00247487 -0.01852513 -0.00647487
v 0.00277674 -0.01822326 -0.00613067
v 0.00303109 -0.01796891 -0.00575000
v 0.00323358 -0.01776642 -0.00533939
v 0.00045684 -0.02145684 -0.00052994
v 0.00000000 -0.02100000 -0.00050000
v 0.00045684 -0.02054316 -0.00052994
v 0.00090587 -0.02009413 -0.00061926
v 0.00133939 -0.01966061 -0.00076642
v 0.00175000 -0.01925000 -0.00096891
v 0.00213067 -0.01886933 -0.00122326
v 0.00247487 -0.01852513 -0.00152513
v 0.00277674 -0.01822326 -0.00186933
v 0.00338074 -0.01761926 -0.00490587
v 0.00347006 -0.01752994 -0.00445684
v 0.00347006 -0.01752994 -0.00354316
v 0.00338074 -0.01761926 -0.00309413
v 0.00323358 -0.01776642 -0.00266061
v 0.00303109 -0.01796891 -0.00225000
v 0.00871700 -0.01034650 -0.03750000
v 0.00350000 -0.01750000 -0.02600000
v -0.00000000 -0.01034650 -0.02950000
v 0.00045684 -0.01034650 -0.02947006
v 0.00090587 -0.01034650 -0.02938074
v 0.00133939 -0.01034650 -0.02923358
v 0.00175000 -0.01034650 -0.02903109
v 0.00213067 -0.01034650 -0.02877674
v 0.00247487 -0.01034650 -0.02847487
v 0.00277674 -0.01034650 -0.02813067
v 0.00303109 -0.01034650 -0.02775000
v 0.00323358 -0.01034650 -0.02733939
v 0.00338074 -0.01034650 -0.02690587
v 0.00090587 -0.01034650 -0.02261926
v 0.00133939 -0.01034650 -0.02276642
v 0.00000000 -0.01034650 -0.02250000
v 0.00045684 -0.01034650 -0.02252994
v 0.00175000 -0.01034650 -0.02296891
v 0.00277674 -0.01034650 -0.02386934
v 0.00247487 -0.01034650 -0.02352513
v 0.00213067 -0.01034650 -0.02322326
v 0.00347006 -0.01034650 -0.02645684
v 0.00350000 -0.01034650 -0.02600000
v 0.00347006 -0.01034650 -0.02554316
v 0.00338074 -0.01034650 -0.02509413
v 0.00323358 -0.01034650 -0.02466061
v 0.00303109 -0.01034650 -0.02425000
v 0.00871700 -0.00338074 -0.02690587
v 0.00871700 -0.00277674 -0.02813067
v 0.00871700 -0.00247487 -0.02847487
v 0.00871700 -0.00303109 -0.02775000
v 0.00871700 -0.00323358 -0.02733939
v 0.00871700 -0.00133939 -0.02923358
v 0.00871700 -0.00090587 -0.02938074
v 0.00871700 -0.00045684 -0.02947006
v 0.00871700 -0.00213067 -0.02877674
v 0.00871700 -0.00175000 -0.02903109
v 0.00871700 -0.00347006 -0.02645684
v 0.00871700 -0.00350000 -0.02600000
v 0.00871700 -0.00347006 -0.02554316
v 0.00871700 -0.00338074 -0.02509413
v 0.00871700 -0.00323358 -0.02466061
v 0.00871700 -0.00303109 -0.02425000
v 0.00871700 -0.00277674 -0.02386934
v 0.00871700 -0.00247487 -0.02352513
v 0.00871700 -0.00213067 -0.02322326
v 0.00871700 -0.00175000 -0.02296891
v 0.00871700 -0.00133939 -0.02276642
v 0.00871700 -0.00090587 -0.02261926
v 0.00871700 -0.00045684 -0.02252994
v 0.00350000 -0.01750000 -0.00400000
v -0.00000000 -0.01034650 -0.00750000
v 0.00045684 -0.01034650 -0.00747006
v 0.00090587 -0.01034650 -0.00738074
v 0.00133939 -0.01034650 -0.00723358
v 0.00175000 -0.01034650 -0.00703109
v 0.00213067 -0.01034650 -0.00677674
v 0.00247487 -0.01034650 -0.00647487
v 0.00277674 -0.01034650 -0.00613067
v 0.00303109 -0.01034650 -0.00575000
v 0.00323358 -0.01034650 -0.00533939
v 0.00000000 -0.01034650 -0.00050000
v 0.00045684 -0.01034650 -0.00052994
v 0.00133939 -0.01034650 -0.00076642
v 0.00090587 -0.01034650 -0.00061926
v 0.00277674 -0.01034650 -0.00186933
v 0.00247487 -0.01034650 -0.00152513
v 0.00175000 -0.01034650 -0.00096891
v 0.00213067 -0.01034650 -0.00122326
v 0.00338074 -0.01034650 -0.00490587
v 0.00347006 -0.01034650 -0.00445684
v 0.00350000 -0.01034650 -0.00400000
v 0.00347006 -0.01034650 -0.00354316
v 0.00338074 -0.01034650 -0.00309413
v 0.00323358 -0.01034650 -0.00266061
v 0.00303109 -0.01034650 -0.00225000
v 0.00871700 -0.00277674 -0.00613067
v 0.00871700 -0.00303109 -0.00575000
v 0.00871700 -0.00323358 -0.00533939
v 0.00871700 -0.00247487 -0.00647487
v 0.00871700 -0.00213067 -0.00677674
v 0.00871700 -0.00175000 -0.00703109
v 0.00871700 -0.00133939 -0.00723358
v 0.00871700 -0.00090587 -0.00738074
v 0.00871700 -0.00045684 -0.00747006
v 0.00871700 -0.00338074 -0.00490587
v 0.00871700 -0.00347006 -0.00445684
v 0.00871700 -0.00350000 -0.00400000
v 0.00871700 -0.00347006 -0.00354316
v 0.00871700 -0.00338074 -0.00309413
v 0.00871700 -0.00323358 -0.00266061
v 0.00871700 -0.00303109 -0.00225000
v 0.00871700 -0.00277674 -0.00186933
v 0.00871700 -0.00247487 -0.00152513
v 0.00871700 -0.00213067 -0.00122326
v 0.00871700 -0.00175000 -0.00096891
v 0.00871700 -0.00133939 -0.00076642
v 0.00871700 -0.00090587 -0.00061926
v 0.00871700 -0.00045684 -0.00052994
v 0.02661926 -0.03500000 -0.02690587
v 0.02722326 -0.03500000 -0.02813067
v 0.02786933 -0.03500000 -0.02877674
v 0.02752513 -0.03500000 -0.02847487
v 0.02696891 -0.03500000 -0.02775000
v 0.02676642 -0.03500000 -0.02733939
v 0.02652994 -0.03500000 -0.02645684
v 0.02650000 -0.03500000 -0.02600000
v 0.02652994 -0.03500000 -0.02554316
v 0.02661926 -0.03500000 -0.02509413
v 0.02676642 -0.03500000 -0.02466061
v 0.02696891 -0.03500000 -0.02425000
v 0.02722326 -0.03500000 -0.02386934
v 0.02752513 -0.03500000 -0.02352513
v 0.02786933 -0.03500000 -0.02322326
v 0.02866061 -0.03500000 -0.02923358
v 0.02909413 -0.03500000 -0.02938074
v 0.02954316 -0.03500000 -0.02947006
v 0.03000000 -0.03500000 -0.02950000
v 0.03045684 -0.03500000 -0.02947006
v 0.03090587 -0.03500000 -0.02938074
v 0.02825000 -0.03500000 -0.02903109
v 0.03133939 -0.03500000 -0.02923358
v 0.03175000 -0.03500000 -0.02903109
v 0.03213067 -0.03500000 -0.02877674
v 0.03247488 -0.03500000 -0.02847487
v 0.03277674 -0.03500000 -0.02813067
v 0.03303109 -0.03500000 -0.02775000
v 0.03323358 -0.03500000 -0.02733939
v 0.03338074 -0.03500000 -0.02690587
v 0.02825000 -0.03500000 -0.02296891
v 0.02866061 -0.03500000 -0.02276642
v 0.02909413 -0.03500000 -0.02261926
v 0.03090587 -0.03500000 -0.02261926
v 0.02954316 -0.03500000 -0.02252994
v 0.03000000 -0.03500000 -0.02250000
v 0.03045684 -0.03500000 -0.02252994
v 0.03347006 -0.03500000 -0.02645684
v 0.03350000 -0.03500000 -0.02600000
v 0.03347006 -0.03500000 -0.02554316
v 0.03303109 -0.03500000 -0.02425000
v 0.03338074 -0.03500000 -0.02509413
v 0.03323358 -0.03500000 -0.02466061
v 0.03133939 -0.03500000 -0.02276642
v 0.03175000 -0.03500000 -0.02296891
v 0.03213067 -0.03500000 -0.02322326
v 0.03247488 -0.03500000 -0.02352513
v 0.03277674 -0.03500000 -0.02386934
v 0.02661926 -0.02438074 -0.02690587
v 0.02676642 -0.02423358 -0.02733939
v 0.02722326 -0.02377674 -0.02813067
v 0.02786933 -0.02313066 -0.02877674
v 0.02752513 -0.02347487 -0.02847487
v 0.02696891 -0.02403109 -0.02775000
v 0.02652994 -0.02447006 -0.02645684
v 0.02650000 -0.02450000 -0.02600000
v 0.02652994 -0.02447006 -0.02554316
v 0.02661926 -0.02438074 -0.02509413
v 0.02676642 -0.02423358 -0.02466061
v 0.02696891 -0.02403109 -0.02425000
v 0.02722326 -0.02377674 -0.02386934
v 0.02752513 -0.02347487 -0.02352513
v 0.02786933 -0.02313066 -0.02322326
v 0.02661926 -0.01761926 -0.02690587
v 0.02786933 -0.01886933 -0.02877674
v 0.02722326 -0.01822326 -0.02813067
v 0.02752513 -0.01852513 -0.02847487
v 0.02696891 -0.01796891 -0.02775000
v 0.02676642 -0.01776642 -0.02733939
v 0.02652994 -0.01752994 -0.02645684
v 0.02652994 -0.01752994 -0.02554316
v 0.02661926 -0.01761926 -0.02509413
v 0.02676642 -0.01776642 -0.02466061
v 0.02696891 -0.01796891 -0.02425000
v 0.02786933 -0.01886933 -0.02322326
v 0.02722326 -0.01822326 -0.02386934
v 0.02752513 -0.01852513 -0.02352513
v 0.02866061 -0.02233939 -0.02923358
v 0.02909413 -0.02190587 -0.02938074
v 0.03090587 -0.02190587 -0.02938074
v 0.02825000 -0.02275000 -0.02903109
v 0.03323358 -0.02423358 -0.02733939
v 0.03338074 -0.02438074 -0.02690587
v 0.03133939 -0.02233939 -0.02923358
v 0.03213067 -0.02313066 -0.02877674
v 0.03175000 -0.02275000 -0.02903109
v 0.03277674 -0.02377674 -0.02813067
v 0.03247488 -0.02347487 -0.02847487
v 0.03303109 -0.02403109 -0.02775000
v 0.02825000 -0.02275000 -0.02296891
v 0.02866061 -0.02233939 -0.02276642
v 0.02909413 -0.02190587 -0.02261926
v 0.03090587 -0.02190587 -0.02261926
v 0.03347006 -0.02447006 -0.02645684
v 0.03350000 -0.02450000 -0.02600000
v 0.03347006 -0.02447006 -0.02554316
v 0.03338074 -0.02438074 -0.02509413
v 0.03323358 -0.02423358 -0.02466061
v 0.03303109 -0.02403109 -0.02425000
v 0.03213067 -0.02313066 -0.02322326
v 0.03133939 -0.02233939 -0.02276642
v 0.03175000 -0.02275000 -0.02296891
v 0.03277674 -0.02377674 -0.02386934
v 0.03247488 -0.02347487 -0.02352513
v 0.02909413 -0.02009413 -0.02938074
v 0.02954316 -0.02145684 -0.02947006
v 0.03000000 -0.02100000 -0.02950000
v 0.03045684 -0.02145684 -0.02947006
v 0.02954316 -0.02054316 -0.02947006
v 0.03045684 -0.02054316 -0.02947006
v 0.03090587 -0.02009413 -0.02938074
v 0.02866061 -0.01966061 -0.02923358
v 0.02825000 -0.01925000 -0.02903109
v 0.03133939 -0.01966061 -0.02923358
v 0.03175000 -0.01925000 -0.02903109
v 0.03213067 -0.01886933 -0.02877674
v 0.03247488 -0.01852513 -0.02847487
v 0.03277674 -0.01822326 -0.02813067
v 0.03303109 -0.01796891 -0.02775000
v 0.03323358 -0.01776642 -0.02733939
v 0.03338074 -0.01761926 -0.02690587
v 0.02909413 -0.02009413 -0.02261926
v 0.02954316 -0.02145684 -0.02252994
v 0.03000000 -0.02100000 -0.02250000
v 0.03045684 -0.02145684 -0.02252994
v 0.03090587 -0.02009413 -0.02261926
v 0.02954316 -0.02054316 -0.02252994
v 0.03045684 -0.02054316 -0.02252994
v 0.02825000 -0.01925000 -0.02296891
v 0.02866061 -0.01966061 -0.02276642
v 0.03347006 -0.01752994 -0.02645684
v 0.03347006 -0.01752994 -0.02554316
v 0.03303109 -0.01796891 -0.02425000
v 0.03338074 -0.01761926 -0.02509413
v 0.03323358 -0.01776642 -0.02466061
v 0.03133939 -0.01966061 -0.02276642
v 0.03175000 -0.01925000 -0.02296891
v 0.03213067 -0.01886933 -0.02322326
v 0.03247488 -0.01852513 -0.02352513
v 0.03277674 -0.01822326 -0.02386934
v 0.04000000 -0.03391393 -0.04061146
v 0.04000000 -0.03425325 -0.04012866
v 0.04039229 -0.03424014 -0.04012055
v 0.04020338 -0.03408761 -0.04037229
v 0.04059539 -0.03406085 -0.04035570
v 0.04000000 -0.03308838 -0.04143216
v 0.04020321 -0.03330442 -0.04124694
v 0.04020320 -0.03286028 -0.04159604
v 0.04040543 -0.03307821 -0.04141922
v 0.04060572 -0.03328141 -0.04122363
v 0.04073707 -0.03297448 -0.04145085
v 0.04000000 -0.03351454 -0.04105641
v 0.04020339 -0.03371748 -0.04083751
v 0.04040571 -0.03390102 -0.04060120
v 0.04040286 -0.03350311 -0.04104485
v 0.04060596 -0.03369443 -0.04081421
v 0.04078217 -0.03420089 -0.04009629
v 0.04098637 -0.03400752 -0.04032256
v 0.04136853 -0.03392857 -0.04027370
v 0.04116723 -0.03413574 -0.04005602
v 0.04154509 -0.03404509 -0.04000000
v 0.04191342 -0.03392949 -0.03992856
v 0.04093716 -0.03317290 -0.04124893
v 0.04106512 -0.03285626 -0.04146324
v 0.04127590 -0.03305463 -0.04124717
v 0.04161071 -0.03291846 -0.04122669
v 0.04079806 -0.03385920 -0.04057728
v 0.04099666 -0.03363979 -0.04078003
v 0.04080311 -0.03346890 -0.04101023
v 0.04118543 -0.03379326 -0.04053413
v 0.04114450 -0.03336160 -0.04101991
v 0.04133691 -0.03352618 -0.04078310
v 0.04148002 -0.03323706 -0.04101155
v 0.04152606 -0.03367397 -0.04052871
v 0.04167346 -0.03339456 -0.04076749
v 0.04170718 -0.03380203 -0.04026227
v 0.04207136 -0.03367506 -0.04018392
v 0.04185874 -0.03353553 -0.04050751
v 0.04180796 -0.03309593 -0.04098519
v 0.04199884 -0.03324724 -0.04073420
v 0.04212663 -0.03293893 -0.04094096
v 0.04000000 -0.03458046 -0.03950484
v 0.04000000 -0.03481930 -0.03883202
v 0.04041162 -0.03456491 -0.03949803
v 0.04040750 -0.03480328 -0.03882759
v 0.04020651 -0.03470809 -0.03917070
v 0.04061400 -0.03467565 -0.03916171
v 0.04020650 -0.03442380 -0.03982107
v 0.04059878 -0.03439672 -0.03980441
v 0.04000000 -0.03495523 -0.03816762
v 0.04000000 -0.03500000 -0.03750000
v 0.04020625 -0.03489426 -0.03850184
v 0.04041121 -0.03493844 -0.03816536
v 0.04061365 -0.03486185 -0.03849290
v 0.04075775 -0.03489713 -0.03816628
v 0.04020624 -0.03498458 -0.03783371
v 0.04034571 -0.03498803 -0.03750000
v 0.04055192 -0.03495824 -0.03783355
v 0.04068976 -0.03495219 -0.03750000
v 0.04080503 -0.03452419 -0.03947068
v 0.04119338 -0.03445503 -0.03943094
v 0.04081230 -0.03475528 -0.03881433
v 0.04100594 -0.03461940 -0.03912765
v 0.04135314 -0.03452916 -0.03912964
v 0.04116227 -0.03468025 -0.03882075
v 0.04099113 -0.03434267 -0.03977131
v 0.04137347 -0.03426320 -0.03972232
v 0.04150629 -0.03458122 -0.03882041
v 0.04184259 -0.03445871 -0.03881330
v 0.04153830 -0.03434863 -0.03942953
v 0.04171424 -0.03414223 -0.03971433
v 0.04187519 -0.03421956 -0.03941807
v 0.04207799 -0.03401508 -0.03963567
v 0.04169605 -0.03441418 -0.03912432
v 0.04202717 -0.03427668 -0.03911262
v 0.04216944 -0.03431334 -0.03879946
v 0.04095890 -0.03480594 -0.03849169
v 0.04110058 -0.03483196 -0.03816396
v 0.04144965 -0.03473911 -0.03816285
v 0.04130775 -0.03472216 -0.03849547
v 0.04089798 -0.03490742 -0.03783302
v 0.04103051 -0.03489265 -0.03750000
v 0.04123663 -0.03483322 -0.03783283
v 0.04136633 -0.03480969 -0.03750000
v 0.04165303 -0.03461341 -0.03849193
v 0.04179114 -0.03462152 -0.03815828
v 0.04198675 -0.03448201 -0.03848206
v 0.04211182 -0.03448400 -0.03815874
v 0.04158389 -0.03473099 -0.03783021
v 0.04169561 -0.03470371 -0.03750000
v 0.04190861 -0.03460959 -0.03782994
v 0.04201678 -0.03457522 -0.03750000
v 0.04000000 -0.03232829 -0.04192482
v 0.04000000 -0.03262866 -0.04175325
v 0.04000000 -0.03201678 -0.04207522
v 0.04032879 -0.03253149 -0.04179924
v 0.04053247 -0.03275929 -0.04163555
v 0.04065600 -0.03242221 -0.04182465
v 0.04032908 -0.03222683 -0.04196464
v 0.04032994 -0.03190861 -0.04210959
v 0.04065874 -0.03211182 -0.04198400
v 0.04065828 -0.03179114 -0.04212152
v 0.04000000 -0.03169561 -0.04220371
v 0.04000000 -0.03136633 -0.04230969
v 0.04000000 -0.03103051 -0.04239265
v 0.04000000 -0.03068976 -0.04245219
v 0.04033021 -0.03158389 -0.04223099
v 0.04033284 -0.03123663 -0.04233322
v 0.04066285 -0.03144965 -0.04223911
v 0.04033302 -0.03089798 -0.04240742
v 0.04066396 -0.03110059 -0.04233196
v 0.04066628 -0.03075774 -0.04239713
v 0.04086266 -0.03264568 -0.04165406
v 0.04098007 -0.03230133 -0.04182936
v 0.04140160 -0.03272555 -0.04145056
v 0.04118614 -0.03252105 -0.04165179
v 0.04098206 -0.03198675 -0.04198201
v 0.04131330 -0.03184259 -0.04195871
v 0.04129946 -0.03216944 -0.04181334
v 0.04173077 -0.03258061 -0.04141726
v 0.04151900 -0.03238113 -0.04162588
v 0.04193365 -0.03276686 -0.04118856
v 0.04204143 -0.03243120 -0.04136288
v 0.04161263 -0.03202717 -0.04177668
v 0.04183014 -0.03223488 -0.04158116
v 0.04213567 -0.03207799 -0.04151508
v 0.04191807 -0.03187519 -0.04171956
v 0.04099193 -0.03165303 -0.04211341
v 0.04099547 -0.03130775 -0.04222216
v 0.04132041 -0.03150630 -0.04208122
v 0.04099169 -0.03095890 -0.04230594
v 0.04132076 -0.03116228 -0.04218025
v 0.04131433 -0.03081230 -0.04225528
v 0.04162432 -0.03169604 -0.04191418
v 0.04162965 -0.03135313 -0.04202916
v 0.04192953 -0.03153830 -0.04184863
v 0.04193094 -0.03119338 -0.04195503
v 0.04162765 -0.03100594 -0.04211940
v 0.04197068 -0.03080503 -0.04202420
v 0.04221979 -0.03339488 -0.04042358
v 0.04242604 -0.03352236 -0.04008985
v 0.04235458 -0.03309621 -0.04064156
v 0.04270325 -0.03290976 -0.04053739
v 0.04256688 -0.03323289 -0.04032127
v 0.04276209 -0.03334806 -0.03998221
v 0.04309621 -0.03314156 -0.03985459
v 0.04290976 -0.03303739 -0.04020325
v 0.04323289 -0.03282127 -0.04006688
v 0.04223489 -0.03408116 -0.03933014
v 0.04258061 -0.03391726 -0.03923076
v 0.04238113 -0.03412588 -0.03901901
v 0.04252105 -0.03415179 -0.03868615
v 0.04272554 -0.03395056 -0.03890160
v 0.04285626 -0.03396324 -0.03856511
v 0.04222682 -0.03446463 -0.03782909
v 0.04230133 -0.03432935 -0.03848008
v 0.04242221 -0.03432465 -0.03815600
v 0.04264567 -0.03415406 -0.03836266
v 0.04275930 -0.03413555 -0.03803247
v 0.04253149 -0.03429924 -0.03782879
v 0.04232829 -0.03442483 -0.03750000
v 0.04262866 -0.03425325 -0.03750000
v 0.04286028 -0.03409604 -0.03770320
v 0.04297448 -0.03395085 -0.03823707
v 0.04307821 -0.03391922 -0.03790543
v 0.04308838 -0.03393216 -0.03750000
v 0.04226995 -0.03378968 -0.03984215
v 0.04243120 -0.03386288 -0.03954143
v 0.04276686 -0.03368856 -0.03943365
v 0.04261249 -0.03362650 -0.03974130
v 0.04293893 -0.03344095 -0.03962663
v 0.04309593 -0.03348519 -0.03930796
v 0.04291846 -0.03372669 -0.03911071
v 0.04305463 -0.03374717 -0.03877590
v 0.04323706 -0.03351155 -0.03898002
v 0.04336160 -0.03351991 -0.03864450
v 0.04324724 -0.03323420 -0.03949885
v 0.04339488 -0.03292358 -0.03971979
v 0.04353553 -0.03300751 -0.03935874
v 0.04339457 -0.03326749 -0.03917346
v 0.04352618 -0.03328310 -0.03883690
v 0.04317290 -0.03374893 -0.03843716
v 0.04328141 -0.03372363 -0.03810572
v 0.04346890 -0.03351023 -0.03830311
v 0.04350311 -0.03354485 -0.03790287
v 0.04330442 -0.03374694 -0.03770321
v 0.04351453 -0.03355641 -0.03750000
v 0.04367397 -0.03302871 -0.03902606
v 0.04379326 -0.03303413 -0.03868543
v 0.04363979 -0.03328003 -0.03849665
v 0.04369443 -0.03331421 -0.03810596
v 0.04390102 -0.03310120 -0.03790571
v 0.04385920 -0.03307728 -0.03829806
v 0.04400752 -0.03282256 -0.03848637
v 0.04406085 -0.03285570 -0.03809539
v 0.04371748 -0.03333751 -0.03770338
v 0.04391393 -0.03311146 -0.03750000
v 0.04408761 -0.03287229 -0.03770338
v 0.04234215 -0.03226995 -0.04128968
v 0.04242856 -0.03191342 -0.04142949
v 0.04268392 -0.03207136 -0.04117506
v 0.04224130 -0.03261249 -0.04112649
v 0.04248221 -0.03276209 -0.04084806
v 0.04282127 -0.03256688 -0.04073289
v 0.04258985 -0.03242604 -0.04102236
v 0.04314156 -0.03235459 -0.04059621
v 0.04303739 -0.03270325 -0.04040976
v 0.04352235 -0.03258985 -0.03992604
v 0.04334806 -0.03248221 -0.04026209
v 0.04292358 -0.03221979 -0.04089488
v 0.04323420 -0.03199885 -0.04074724
v 0.04300750 -0.03185874 -0.04103553
v 0.04348518 -0.03180796 -0.04059593
v 0.04344096 -0.03212663 -0.04043893
v 0.04221433 -0.03171424 -0.04164223
v 0.04250000 -0.03154508 -0.04154509
v 0.04222232 -0.03137347 -0.04176320
v 0.04276227 -0.03170718 -0.04130203
v 0.04277370 -0.03136854 -0.04142857
v 0.04227131 -0.03099114 -0.04184267
v 0.04255603 -0.03116723 -0.04163574
v 0.04282257 -0.03098637 -0.04150752
v 0.04259629 -0.03078217 -0.04170089
v 0.04302871 -0.03152606 -0.04117397
v 0.04303413 -0.03118543 -0.04129326
v 0.04307728 -0.03079806 -0.04135920
v 0.04326748 -0.03167346 -0.04089456
v 0.04351155 -0.03148002 -0.04073706
v 0.04328310 -0.03133691 -0.04102618
v 0.04328003 -0.03099666 -0.04113979
v 0.04351991 -0.03114450 -0.04086160
v 0.04351023 -0.03080311 -0.04096890
v 0.04362649 -0.03224130 -0.04011249
v 0.04386288 -0.03204143 -0.03993120
v 0.04368856 -0.03193365 -0.04026686
v 0.04391726 -0.03173076 -0.04008061
v 0.04374718 -0.03127590 -0.04055463
v 0.04372669 -0.03161070 -0.04041846
v 0.04412588 -0.03151901 -0.03988113
v 0.04395056 -0.03140160 -0.04022555
v 0.04415179 -0.03118614 -0.04002105
v 0.04374893 -0.03093716 -0.04067289
v 0.04396325 -0.03106511 -0.04035626
v 0.04395085 -0.03073707 -0.04047448
v 0.04415406 -0.03086266 -0.04014568
v 0.04432465 -0.03065600 -0.03992221
v 0.04367505 -0.03268392 -0.03957136
v 0.04380203 -0.03276227 -0.03920718
v 0.04378968 -0.03234215 -0.03976995
v 0.04392949 -0.03242856 -0.03941342
v 0.04392857 -0.03277370 -0.03886853
v 0.04413573 -0.03255603 -0.03866723
v 0.04404508 -0.03250000 -0.03904508
v 0.04401508 -0.03213567 -0.03957799
v 0.04414224 -0.03221433 -0.03921424
v 0.04408116 -0.03183014 -0.03973489
v 0.04421956 -0.03191807 -0.03937519
v 0.04426320 -0.03222232 -0.03887347
v 0.04434863 -0.03192953 -0.03903830
v 0.04445503 -0.03193094 -0.03869338
v 0.04420089 -0.03259629 -0.03828217
v 0.04424014 -0.03262055 -0.03789230
v 0.04425325 -0.03262866 -0.03750000
v 0.04434267 -0.03227131 -0.03849114
v 0.04439672 -0.03230441 -0.03809878
v 0.04442380 -0.03232107 -0.03770649
v 0.04456491 -0.03199803 -0.03791162
v 0.04452420 -0.03197068 -0.03830503
v 0.04458046 -0.03200484 -0.03750000
v 0.04427668 -0.03161262 -0.03952717
v 0.04441418 -0.03162432 -0.03919604
v 0.04431334 -0.03129946 -0.03966944
v 0.04445871 -0.03131330 -0.03934259
v 0.04452916 -0.03162964 -0.03885313
v 0.04458122 -0.03132042 -0.03900629
v 0.04468025 -0.03132075 -0.03866228
v 0.04432936 -0.03098008 -0.03980133
v 0.04448200 -0.03098206 -0.03948675
v 0.04448400 -0.03065874 -0.03961182
v 0.04462152 -0.03065828 -0.03929114
v 0.04461341 -0.03099193 -0.03915303
v 0.04472216 -0.03099547 -0.03880775
v 0.04473911 -0.03066285 -0.03894965
v 0.04483196 -0.03066396 -0.03860059
v 0.04461940 -0.03162765 -0.03850594
v 0.04467565 -0.03166171 -0.03811400
v 0.04475528 -0.03131433 -0.03831230
v 0.04480327 -0.03132759 -0.03790750
v 0.04470809 -0.03167070 -0.03770651
v 0.04481931 -0.03133202 -0.03750000
v 0.04480594 -0.03099169 -0.03845890
v 0.04486185 -0.03099290 -0.03811365
v 0.04489713 -0.03066628 -0.03825774
v 0.04493844 -0.03066535 -0.03791121
v 0.04489426 -0.03100184 -0.03770626
v 0.04495523 -0.03066762 -0.03750000
v 0.04000000 -0.03034571 -0.04248803
v 0.04000000 -0.03000000 -0.04250000
v 0.04033355 -0.03055193 -0.04245824
v 0.04033371 -0.03020624 -0.04248459
v 0.04066535 -0.03041121 -0.04243844
v 0.04066762 -0.03000000 -0.04245523
v 0.04099290 -0.03061365 -0.04236185
v 0.04100184 -0.03020625 -0.04239426
v 0.04132759 -0.03040751 -0.04230328
v 0.04133203 -0.03000000 -0.04231931
v 0.04166171 -0.03061400 -0.04217565
v 0.04167070 -0.03020651 -0.04220809
v 0.04199804 -0.03041162 -0.04206491
v 0.04200484 -0.03000000 -0.04208046
v 0.04230441 -0.03059878 -0.04189672
v 0.04232107 -0.03020650 -0.04192380
v 0.04262055 -0.03039229 -0.04174014
v 0.04285570 -0.03059539 -0.04156085
v 0.04287229 -0.03020338 -0.04158761
v 0.04262866 -0.03000000 -0.04175325
v 0.04310120 -0.03040571 -0.04140102
v 0.04331421 -0.03060596 -0.04119443
v 0.04333751 -0.03020339 -0.04121748
v 0.04311146 -0.03000000 -0.04141393
v 0.04354485 -0.03040287 -0.04100311
v 0.04355641 -0.03000000 -0.04101453
v 0.04372364 -0.03060572 -0.04078141
v 0.04391922 -0.03040543 -0.04057821
v 0.04374694 -0.03020321 -0.04080442
v 0.04413555 -0.03053247 -0.04025929
v 0.04409604 -0.03020320 -0.04036028
v 0.04393216 -0.03000000 -0.04058838
v 0.04425325 -0.03000000 -0.04012866
v 0.04429924 -0.03032879 -0.04003149
v 0.04446463 -0.03032908 -0.03972682
v 0.04460960 -0.03032994 -0.03940861
v 0.04473099 -0.03033021 -0.03908389
v 0.04483322 -0.03033283 -0.03873663
v 0.04442482 -0.03000000 -0.03982829
v 0.04457522 -0.03000000 -0.03951678
v 0.04470371 -0.03000000 -0.03919561
v 0.04480969 -0.03000000 -0.03886633
v 0.04489265 -0.03000000 -0.03853051
v 0.04490742 -0.03033302 -0.03839798
v 0.04495824 -0.03033355 -0.03805193
v 0.04498459 -0.03033371 -0.03770624
v 0.04495220 -0.03000000 -0.03818976
v 0.04498803 -0.03000000 -0.03784571
v 0.04500000 -0.03000000 -0.03750000
v 0.04500000 -0.02423358 -0.02733939
v 0.04500000 -0.02438074 -0.02690587
v 0.04500000 -0.02233939 -0.02923358
v 0.04500000 -0.02190587 -0.02938074
v 0.04500000 -0.02377674 -0.02813067
v 0.04500000 -0.02313066 -0.02877674
v 0.04500000 -0.02347487 -0.02847487
v 0.04500000 -0.02403109 -0.02775000
v 0.04500000 -0.02275000 -0.02903109
v 0.04500000 -0.02447006 -0.02645684
v 0.04500000 -0.02450000 -0.02600000
v 0.04500000 -0.02447006 -0.02554316
v 0.04500000 -0.02438074 -0.02509413
v 0.04500000 -0.02423358 -0.02466061
v 0.04500000 -0.02403109 -0.02425000
v 0.04500000 -0.02377674 -0.02386934
v 0.04500000 -0.02347487 -0.02352513
v 0.04500000 -0.02313066 -0.02322326
v 0.04500000 -0.02275000 -0.02296891
v 0.04500000 -0.02233939 -0.02276642
v 0.04500000 -0.02190587 -0.02261926
v 0.04500000 -0.02145684 -0.02947006
v 0.04500000 -0.02100000 -0.02950000
v 0.04500000 -0.02054316 -0.02947006
v 0.04500000 -0.02009413 -0.02938074
v 0.04500000 -0.01966061 -0.02923358
v 0.04500000 -0.01925000 -0.02903109
v 0.04500000 -0.01886933 -0.02877674
v 0.04500000 -0.01852513 -0.02847487
v 0.04500000 -0.01822326 -0.02813067
v 0.04500000 -0.01796891 -0.02775000
v 0.04500000 -0.01776642 -0.02733939
v 0.04500000 -0.01761926 -0.02690587
v 0.04500000 -0.02145684 -0.02252994
v 0.04500000 -0.02100000 -0.02250000
v 0.04500000 -0.02009413 -0.02261926
v 0.04500000 -0.02054316 -0.02252994
v 0.04500000 -0.01752994 -0.02645684
v 0.04500000 -0.01752994 -0.02554316
v 0.04500000 -0.01761926 -0.02509413
v 0.04500000 -0.01776642 -0.02466061
v 0.04500000 -0.01796891 -0.02425000
v 0.04500000 -0.01966061 -0.02276642
v 0.04500000 -0.01925000 -0.02296891
v 0.04500000 -0.01886933 -0.02322326
v 0.04500000 -0.01852513 -0.02352513
v 0.04500000 -0.01822326 -0.02386934
v 0.02786933 -0.03500000 -0.00677674
v 0.02722326 -0.03500000 -0.00613067
v 0.02696891 -0.03500000 -0.00575000
v 0.02676642 -0.03500000 -0.00533939
v 0.02752513 -0.03500000 -0.00647487
v 0.02661926 -0.03500000 -0.00490587
v 0.02652994 -0.03500000 -0.00445684
v 0.02650000 -0.03500000 -0.00400000
v 0.02652994 -0.03500000 -0.00354316
v 0.02661926 -0.03500000 -0.00309413
v 0.02676642 -0.03500000 -0.00266061
v 0.02696891 -0.03500000 -0.00225000
v 0.02722326 -0.03500000 -0.00186933
v 0.02752513 -0.03500000 -0.00152513
v 0.02786933 -0.03500000 -0.00122326
v 0.02825000 -0.03500000 -0.00703109
v 0.02866061 -0.03500000 -0.00723358
v 0.02909413 -0.03500000 -0.00738074
v 0.02954316 -0.03500000 -0.00747006
v 0.03000000 -0.03500000 -0.00750000
v 0.03045684 -0.03500000 -0.00747006
v 0.03090587 -0.03500000 -0.00738074
v 0.03133939 -0.03500000 -0.00723358
v 0.03175000 -0.03500000 -0.00703109
v 0.03213067 -0.03500000 -0.00677674
v 0.03247488 -0.03500000 -0.00647487
v 0.03277674 -0.03500000 -0.00613067
v 0.03303109 -0.03500000 -0.00575000
v 0.03323358 -0.03500000 -0.00533939
v 0.02825000 -0.03500000 -0.00096891
v 0.02866061 -0.03500000 -0.00076642
v 0.02909413 -0.03500000 -0.00061926
v 0.02954316 -0.03500000 -0.00052994
v 0.03000000 -0.03500000 -0.00050000
v 0.03045684 -0.03500000 -0.00052994
v 0.03090587 -0.03500000 -0.00061926
v 0.03338074 -0.03500000 -0.00490587
v 0.03347006 -0.03500000 -0.00445684
v 0.03350000 -0.03500000 -0.00400000
v 0.03347006 -0.03500000 -0.00354316
v 0.03338074 -0.03500000 -0.00309413
v 0.03323358 -0.03500000 -0.00266061
v 0.03133939 -0.03500000 -0.00076642
v 0.03175000 -0.03500000 -0.00096891
v 0.03213067 -0.03500000 -0.00122326
v 0.03303109 -0.03500000 -0.00225000
v 0.03247488 -0.03500000 -0.00152513
v 0.03277674 -0.03500000 -0.00186933
v 0.02676642 -0.02423358 -0.00533939
v 0.02786933 -0.02313066 -0.00677674
v 0.02722326 -0.02377674 -0.00613067
v 0.02696891 -0.02403109 -0.00575000
v 0.02752513 -0.02347487 -0.00647487
v 0.02661926 -0.02438074 -0.00490587
v 0.02652994 -0.02447006 -0.00445684
v 0.02650000 -0.02450000 -0.00400000
v 0.02652994 -0.02447006 -0.00354316
v 0.02661926 -0.02438074 -0.00309413
v 0.02676642 -0.02423358 -0.00266061
v 0.02696891 -0.02403109 -0.00225000
v 0.02722326 -0.02377674 -0.00186933
v 0.02752513 -0.02347487 -0.00152513
v 0.02786933 -0.02313066 -0.00122326
v 0.02786933 -0.01886933 -0.00677674
v 0.02722326 -0.01822326 -0.00613067
v 0.02696891 -0.01796891 -0.00575000
v 0.02676642 -0.01776642 -0.00533939
v 0.02752513 -0.01852513 -0.00647487
v 0.02661926 -0.01761926 -0.00490587
v 0.02652994 -0.01752994 -0.00445684
v 0.02652994 -0.01752994 -0.00354316
v 0.02661926 -0.01761926 -0.00309413
v 0.02676642 -0.01776642 -0.00266061
v 0.02786933 -0.01886933 -0.00122326
v 0.02722326 -0.01822326 -0.00186933
v 0.02696891 -0.01796891 -0.00225000
v 0.02752513 -0.01852513 -0.00152513
v 0.02825000 -0.02275000 -0.00703109
v 0.02866061 -0.02233939 -0.00723358
v 0.02909413 -0.02190587 -0.00738074
v 0.03090587 -0.02190587 -0.00738074
v 0.03323358 -0.02423358 -0.00533939
v 0.03213067 -0.02313066 -0.00677674
v 0.03133939 -0.02233939 -0.00723358
v 0.03175000 -0.02275000 -0.00703109
v 0.03277674 -0.02377674 -0.00613067
v 0.03303109 -0.02403109 -0.00575000
v 0.03247488 -0.02347487 -0.00647487
v 0.02825000 -0.02275000 -0.00096891
v 0.02866061 -0.02233939 -0.00076642
v 0.02909413 -0.02190587 -0.00061926
v 0.03090587 -0.02190587 -0.00061926
v 0.03338074 -0.02438074 -0.00490587
v 0.03347006 -0.02447006 -0.00445684
v 0.03350000 -0.02450000 -0.00400000
v 0.03347006 -0.02447006 -0.00354316
v 0.03338074 -0.02438074 -0.00309413
v 0.03323358 -0.02423358 -0.00266061
v 0.03213067 -0.02313066 -0.00122326
v 0.03133939 -0.02233939 -0.00076642
v 0.03175000 -0.02275000 -0.00096891
v 0.03303109 -0.02403109 -0.00225000
v 0.03277674 -0.02377674 -0.00186933
v 0.03247488 -0.02347487 -0.00152513
v 0.02909413 -0.02009413 -0.00738074
v 0.02954316 -0.02145684 -0.00747006
v 0.03000000 -0.02100000 -0.00750000
v 0.03045684 -0.02145684 -0.00747006
v 0.02954316 -0.02054316 -0.00747006
v 0.03045684 -0.02054316 -0.00747006
v 0.03090587 -0.02009413 -0.00738074
v 0.02825000 -0.01925000 -0.00703109
v 0.02866061 -0.01966061 -0.00723358
v 0.03133939 -0.01966061 -0.00723358
v 0.03175000 -0.01925000 -0.00703109
v 0.03213067 -0.01886933 -0.00677674
v 0.03247488 -0.01852513 -0.00647487
v 0.03277674 -0.01822326 -0.00613067
v 0.03303109 -0.01796891 -0.00575000
v 0.03323358 -0.01776642 -0.00533939
v 0.02909413 -0.02009413 -0.00061926
v 0.02954316 -0.02145684 -0.00052994
v 0.03000000 -0.02100000 -0.00050000
v 0.03045684 -0.02145684 -0.00052994
v 0.02954316 -0.02054316 -0.00052994
v 0.03045684 -0.02054316 -0.00052994
v 0.03090587 -0.02009413 -0.00061926
v 0.02825000 -0.01925000 -0.00096891
v 0.02866061 -0.01966061 -0.00076642
v 0.03338074 -0.01761926 -0.00490587
v 0.03347006 -0.01752994 -0.00445684
v 0.03347006 -0.01752994 -0.00354316
v 0.03338074 -0.01761926 -0.00309413
v 0.03323358 -0.01776642 -0.00266061
v 0.03133939 -0.01966061 -0.00076642
v 0.03175000 -0.01925000 -0.00096891
v 0.03213067 -0.01886933 -0.00122326
v 0.03247488 -0.01852513 -0.00152513
v 0.03277674 -0.01822326 -0.00186933
v 0.03303109 -0.01796891 -0.00225000
v 0.04500000 -0.02423358 -0.00533939
v 0.04500000 -0.02313066 -0.00677674
v 0.04500000 -0.02377674 -0.00613067
v 0.04500000 -0.02403109 -0.00575000
v 0.04500000 -0.02347487 -0.00647487
v 0.04500000 -0.02275000 -0.00703109
v 0.04500000 -0.02190587 -0.00738074
v 0.04500000 -0.02233939 -0.00723358
v 0.04500000 -0.02438074 -0.00490587
v 0.04500000 -0.02447006 -0.00445684
v 0.04500000 -0.02450000 -0.00400000
v 0.04500000 -0.02447006 -0.00354316
v 0.04500000 -0.02438074 -0.00309413
v 0.04500000 -0.02423358 -0.00266061
v 0.04500000 -0.02403109 -0.00225000
v 0.04500000 -0.02377674 -0.00186933
v 0.04500000 -0.02347487 -0.00152513
v 0.04500000 -0.02313066 -0.00122326
v 0.04500000 -0.02275000 -0.00096891
v 0.04500000 -0.02233939 -0.00076642
v 0.04500000 -0.02190587 -0.00061926
v 0.04500000 -0.02145684 -0.00747006
v 0.04500000 -0.02100000 -0.00750000
v 0.04500000 -0.02054316 -0.00747006
v 0.04500000 -0.02009413 -0.00738074
v 0.04500000 -0.01966061 -0.00723358
v 0.04500000 -0.01925000 -0.00703109
v 0.04500000 -0.01886933 -0.00677674
v 0.04500000 -0.01852513 -0.00647487
v 0.04500000 -0.01822326 -0.00613067
v 0.04500000 -0.01796891 -0.00575000
v 0.04500000 -0.01776642 -0.00533939
v 0.04500000 -0.02145684 -0.00052994
v 0.04500000 -0.02100000 -0.00050000
v 0.04500000 -0.02054316 -0.00052994
v 0.04500000 -0.02009413 -0.00061926
v 0.04500000 -0.01761926 -0.00490587
v 0.04500000 -0.01752994 -0.00445684
v 0.04500000 -0.01752994 -0.00354316
v 0.04500000 -0.01761926 -0.00309413
v 0.04500000 -0.01776642 -0.00266061
v 0.04500000 -0.01966061 -0.00076642
v 0.04500000 -0.01925000 -0.00096891
v 0.04500000 -0.01886933 -0.00122326
v 0.04500000 -0.01852513 -0.00152513
v 0.04500000 -0.01822326 -0.00186933
v 0.04500000 -0.01796891 -0.00225000
v 0.02650000 -0.01750000 -0.02600000
v 0.03350000 -0.01750000 -0.02600000
v 0.02661926 -0.00338074 -0.02690587
v 0.02722326 -0.00277674 -0.02813067
v 0.02752513 -0.00247487 -0.02847487
v 0.02696891 -0.00303109 -0.02775000
v 0.02676642 -0.00323358 -0.02733939
v 0.02786933 -0.00213067 -0.02877674
v 0.02652994 -0.00347006 -0.02645684
v 0.02650000 -0.00350000 -0.02600000
v 0.02652994 -0.00347006 -0.02554316
v 0.02661926 -0.00338074 -0.02509413
v 0.02676642 -0.00323358 -0.02466061
v 0.02696891 -0.00303109 -0.02425000
v 0.02722326 -0.00277674 -0.02386934
v 0.02752513 -0.00247487 -0.02352513
v 0.02786933 -0.00213067 -0.02322326
v 0.02866061 -0.00133939 -0.02923358
v 0.02909413 -0.00090587 -0.02938074
v 0.02954316 -0.00045684 -0.02947006
v 0.03090587 -0.00090587 -0.02938074
v 0.03045684 -0.00045684 -0.02947006
v 0.02825000 -0.00175000 -0.02903109
v 0.03338074 -0.00338074 -0.02690587
v 0.03277674 -0.00277674 -0.02813067
v 0.03247488 -0.00247487 -0.02847487
v 0.03303109 -0.00303109 -0.02775000
v 0.03323358 -0.00323358 -0.02733939
v 0.03133939 -0.00133939 -0.02923358
v 0.03175000 -0.00175000 -0.02903109
v 0.03213067 -0.00213067 -0.02877674
v 0.02825000 -0.00175000 -0.02296891
v 0.02866061 -0.00133939 -0.02276642
v 0.02909413 -0.00090587 -0.02261926
v 0.03090587 -0.00090587 -0.02261926
v 0.02954316 -0.00045684 -0.02252994
v 0.03045684 -0.00045684 -0.02252994
v 0.03347006 -0.00347006 -0.02645684
v 0.03350000 -0.00350000 -0.02600000
v 0.03347006 -0.00347006 -0.02554316
v 0.03338074 -0.00338074 -0.02509413
v 0.03303109 -0.00303109 -0.02425000
v 0.03323358 -0.00323358 -0.02466061
v 0.03277674 -0.00277674 -0.02386934
v 0.03247488 -0.00247487 -0.02352513
v 0.03133939 -0.00133939 -0.02276642
v 0.03175000 -0.00175000 -0.02296891
v 0.03213067 -0.00213067 -0.02322326
v 0.04500000 -0.01750000 -0.02600000
v 0.04500000 -0.00338074 -0.02690587
v 0.04500000 -0.00277674 -0.02813067
v 0.04500000 -0.00247487 -0.02847487
v 0.04500000 -0.00303109 -0.02775000
v 0.04500000 -0.00323358 -0.02733939
v 0.04500000 -0.00133939 -0.02923358
v 0.04500000 -0.00090587 -0.02938074
v 0.04500000 -0.00045684 -0.02947006
v 0.04500000 -0.00213067 -0.02877674
v 0.04500000 -0.00175000 -0.02903109
v 0.04500000 -0.00347006 -0.02645684
v 0.04500000 -0.00350000 -0.02600000
v 0.04500000 -0.00347006 -0.02554316
v 0.04500000 -0.00338074 -0.02509413
v 0.04500000 -0.00323358 -0.02466061
v 0.04500000 -0.00303109 -0.02425000
v 0.04500000 -0.00277674 -0.02386934
v 0.04500000 -0.00247487 -0.02352513
v 0.04500000 -0.00213067 -0.02322326
v 0.04500000 -0.00175000 -0.02296891
v 0.04500000 -0.00133939 -0.02276642
v 0.04500000 -0.00090587 -0.02261926
v 0.04500000 -0.00045684 -0.02252994
v 0.02650000 -0.01750000 -0.00400000
v 0.03350000 -0.01750000 -0.00400000
v 0.02722326 -0.00277674 -0.00613067
v 0.02696891 -0.00303109 -0.00575000
v 0.02676642 -0.00323358 -0.00533939
v 0.02752513 -0.00247487 -0.00647487
v 0.02786933 -0.00213067 -0.00677674
v 0.02661926 -0.00338074 -0.00490587
v 0.02652994 -0.00347006 -0.00445684
v 0.02650000 -0.00350000 -0.00400000
v 0.02652994 -0.00347006 -0.00354316
v 0.02661926 -0.00338074 -0.00309413
v 0.02676642 -0.00323358 -0.00266061
v 0.02696891 -0.00303109 -0.00225000
v 0.02722326 -0.00277674 -0.00186933
v 0.02752513 -0.00247487 -0.00152513
v 0.02786933 -0.00213067 -0.00122326
v 0.02825000 -0.00175000 -0.00703109
v 0.02866061 -0.00133939 -0.00723358
v 0.02909413 -0.00090587 -0.00738074
v 0.02954316 -0.00045684 -0.00747006
v 0.03090587 -0.00090587 -0.00738074
v 0.03045684 -0.00045684 -0.00747006
v 0.03277674 -0.00277674 -0.00613067
v 0.03303109 -0.00303109 -0.00575000
v 0.03247488 -0.00247487 -0.00647487
v 0.03323358 -0.00323358 -0.00533939
v 0.03133939 -0.00133939 -0.00723358
v 0.03175000 -0.00175000 -0.00703109
v 0.03213067 -0.00213067 -0.00677674
v 0.02825000 -0.00175000 -0.00096891
v 0.02866061 -0.00133939 -0.00076642
v 0.02909413 -0.00090587 -0.00061926
v 0.02954316 -0.00045684 -0.00052994
v 0.03090587 -0.00090587 -0.00061926
v 0.03045684 -0.00045684 -0.00052994
v 0.03338074 -0.00338074 -0.00490587
v 0.03347006 -0.00347006 -0.00445684
v 0.03350000 -0.00350000 -0.00400000
v 0.03347006 -0.00347006 -0.00354316
v 0.03338074 -0.00338074 -0.00309413
v 0.03323358 -0.00323358 -0.00266061
v 0.03303109 -0.00303109 -0.00225000
v 0.03277674 -0.00277674 -0.00186933
v 0.03247488 -0.00247487 -0.00152513
v 0.03133939 -0.00133939 -0.00076642
v 0.03175000 -0.00175000 -0.00096891
v 0.03213067 -0.00213067 -0.00122326
v 0.04500000 -0.01750000 -0.00400000
v 0.04500000 -0.00277674 -0.00613067
v 0.04500000 -0.00303109 -0.00575000
v 0.04500000 -0.00323358 -0.00533939
v 0.04500000 -0.00247487 -0.00647487
v 0.04500000 -0.00213067 -0.00677674
v 0.04500000 -0.00175000 -0.00703109
v 0.04500000 -0.00133939 -0.00723358
v 0.04500000 -0.00090587 -0.00738074
v 0.04500000 -0.00045684 -0.00747006
v 0.04500000 -0.00338074 -0.00490587
v 0.04500000 -0.00347006 -0.00445684
v 0.04500000 -0.00350000 -0.00400000
v 0.04500000 -0.00347006 -0.00354316
v 0.04500000 -0.00338074 -0.00309413
v 0.04500000 -0.00323358 -0.00266061
v 0.04500000 -0.00303109 -0.00225000
v 0.04500000 -0.00277674 -0.00186933
v 0.04500000 -0.00247487 -0.00152513
v 0.04500000 -0.00213067 -0.00122326
v 0.04500000 -0.00175000 -0.00096891
v 0.04500000 -0.00133939 -0.00076642
v 0.04500000 -0.00090587 -0.00061926
v 0.04500000 -0.00045684 -0.00052994
v -0.00000000 -0.03500000 0.01450000
v 0.00045684 -0.03500000 0.01452994
v 0.00090587 -0.03500000 0.01461926
v 0.00133939 -0.03500000 0.01476642
v 0.00175000 -0.03500000 0.01496891
v 0.00213067 -0.03500000 0.01522326
v 0.00247487 -0.03500000 0.01552513
v 0.00277674 -0.03500000 0.01586933
v 0.00133939 -0.03500000 0.02123358
v 0.00175000 -0.03500000 0.02103109
v 0.00277674 -0.03500000 0.02013066
v 0.00247487 -0.03500000 0.02047487
v 0.00213067 -0.03500000 0.02077674
v 0.00303109 -0.03500000 0.01625000
v 0.00323358 -0.03500000 0.01666061
v 0.00338074 -0.03500000 0.01709413
v 0.00347006 -0.03500000 0.01754316
v 0.00350000 -0.03500000 0.01800000
v 0.00347006 -0.03500000 0.01845684
v 0.00338074 -0.03500000 0.01890587
v 0.00303109 -0.03500000 0.01975000
v 0.00323358 -0.03500000 0.01933939
v 0.00090587 -0.02190587 0.01461926
v 0.00133939 -0.02233939 0.01476642
v 0.00277674 -0.02377674 0.01586933
v 0.00213067 -0.02313066 0.01522326
v 0.00247487 -0.02347487 0.01552513
v 0.00175000 -0.02275000 0.01496891
v 0.00133939 -0.02233939 0.02123358
v 0.00277674 -0.02377674 0.02013066
v 0.00247487 -0.02347487 0.02047487
v 0.00213067 -0.02313066 0.02077674
v 0.00175000 -0.02275000 0.02103109
v 0.00338074 -0.02438074 0.01709413
v 0.00323358 -0.02423358 0.01666061
v 0.00347006 -0.02447006 0.01754316
v 0.00350000 -0.02450000 0.01800000
v 0.00347006 -0.02447006 0.01845684
v 0.00338074 -0.02438074 0.01890587
v 0.00323358 -0.02423358 0.01933939
v 0.00303109 -0.02403109 0.01625000
v 0.00303109 -0.02403109 0.01975000
v 0.00045684 -0.02145684 0.01452994
v -0.00000000 -0.02100000 0.01450000
v 0.00045684 -0.02054316 0.01452994
v 0.00090587 -0.02009413 0.01461926
v 0.00133939 -0.01966061 0.01476642
v 0.00175000 -0.01925000 0.01496891
v 0.00213067 -0.01886933 0.01522326
v 0.00247487 -0.01852513 0.01552513
v 0.00277674 -0.01822326 0.01586933
v 0.00133939 -0.01966061 0.02123358
v 0.00175000 -0.01925000 0.02103109
v 0.00213067 -0.01886933 0.02077674
v 0.00247487 -0.01852513 0.02047487
v 0.00277674 -0.01822326 0.02013066
v 0.00303109 -0.01796891 0.01625000
v 0.00323358 -0.01776642 0.01666061
v 0.00338074 -0.01761926 0.01709413
v 0.00347006 -0.01752994 0.01754316
v 0.00347006 -0.01752994 0.01845684
v 0.00338074 -0.01761926 0.01890587
v 0.00303109 -0.01796891 0.01975000
v 0.00323358 -0.01776642 0.01933939
v 0.00000000 -0.03500000 0.02150000
v 0.00045684 -0.03500000 0.02147006
v 0.00090587 -0.03500000 0.02138074
v 0.00090587 -0.02190587 0.02138074
v 0.00045684 -0.02145684 0.02147006
v 0.00000000 -0.02100000 0.02150000
v 0.00045684 -0.02054316 0.02147006
v 0.00090587 -0.02009413 0.02138074
v 0.00350000 -0.01750000 0.01800000
v -0.00000000 -0.01034650 0.01450000
v 0.00045684 -0.01034650 0.01452994
v 0.00090587 -0.01034650 0.01461926
v 0.00133939 -0.01034650 0.01476642
v 0.00175000 -0.01034650 0.01496891
v 0.00213067 -0.01034650 0.01522326
v 0.00247487 -0.01034650 0.01552513
v 0.00277674 -0.01034650 0.01586933
v 0.00133939 -0.01034650 0.02123358
v 0.00175000 -0.01034650 0.02103109
v 0.00277674 -0.01034650 0.02013066
v 0.00247487 -0.01034650 0.02047487
v 0.00213067 -0.01034650 0.02077674
v 0.00303109 -0.01034650 0.01625000
v 0.00323358 -0.01034650 0.01666061
v 0.00338074 -0.01034650 0.01709413
v 0.00347006 -0.01034650 0.01754316
v 0.00350000 -0.01034650 0.01800000
v 0.00347006 -0.01034650 0.01845684
v 0.00338074 -0.01034650 0.01890587
v 0.00303109 -0.01034650 0.01975000
v 0.00323358 -0.01034650 0.01933939
v 0.00871700 -0.00277674 0.01586933
v 0.00871700 -0.00247487 0.01552513
v 0.00871700 -0.00213067 0.01522326
v 0.00871700 -0.00175000 0.01496891
v 0.00871700 -0.00133939 0.01476642
v 0.00871700 -0.00045684 0.01452994
v 0.00871700 -0.00090587 0.01461926
v 0.00871700 -0.00338074 0.01709413
v 0.00871700 -0.00347006 0.01754316
v 0.00871700 -0.00350000 0.01800000
v 0.00871700 -0.00347006 0.01845684
v 0.00871700 -0.00303109 0.01625000
v 0.00871700 -0.00323358 0.01666061
v 0.00871700 -0.00338074 0.01890587
v 0.00871700 -0.00323358 0.01933939
v 0.00871700 -0.00303109 0.01975000
v 0.00871700 -0.00277674 0.02013066
v 0.00871700 -0.00247487 0.02047487
v 0.00871700 -0.00213067 0.02077674
v 0.00871700 -0.00175000 0.02103109
v 0.00871700 -0.00133939 0.02123358
v 0.00000000 -0.01034650 0.02150000
v 0.00045684 -0.01034650 0.02147006
v 0.00090587 -0.01034650 0.02138074
v 0.00871700 -0.01034650 0.03960000
v 0.00871700 -0.00090587 0.02138074
v 0.00871700 -0.00045684 0.02147006
v 0.01161700 -0.01324650 0.04250000
v 0.02722326 -0.03500000 0.01586933
v 0.02786933 -0.03500000 0.01522326
v 0.02752513 -0.03500000 0.01552513
v 0.02661926 -0.03500000 0.01709413
v 0.02652994 -0.03500000 0.01754316
v 0.02650000 -0.03500000 0.01800000
v 0.02652994 -0.03500000 0.01845684
v 0.02696891 -0.03500000 0.01625000
v 0.02676642 -0.03500000 0.01666061
v 0.02661926 -0.03500000 0.01890587
v 0.02676642 -0.03500000 0.01933939
v 0.02696891 -0.03500000 0.01975000
v 0.02722326 -0.03500000 0.02013066
v 0.02752513 -0.03500000 0.02047487
v 0.02786933 -0.03500000 0.02077674
v 0.02825000 -0.03500000 0.01496891
v 0.02866061 -0.03500000 0.01476642
v 0.02909413 -0.03500000 0.01461926
v 0.02954316 -0.03500000 0.01452994
v 0.03000000 -0.03500000 0.01450000
v 0.03045684 -0.03500000 0.01452994
v 0.03090587 -0.03500000 0.01461926
v 0.03133939 -0.03500000 0.01476642
v 0.03175000 -0.03500000 0.01496891
v 0.03213067 -0.03500000 0.01522326
v 0.03247488 -0.03500000 0.01552513
v 0.03277674 -0.03500000 0.01586933
v 0.02825000 -0.03500000 0.02103109
v 0.02866061 -0.03500000 0.02123358
v 0.03303109 -0.03500000 0.01625000
v 0.03323358 -0.03500000 0.01666061
v 0.03338074 -0.03500000 0.01709413
v 0.03347006 -0.03500000 0.01754316
v 0.03350000 -0.03500000 0.01800000
v 0.03347006 -0.03500000 0.01845684
v 0.03133939 -0.03500000 0.02123358
v 0.03175000 -0.03500000 0.02103109
v 0.03213067 -0.03500000 0.02077674
v 0.03303109 -0.03500000 0.01975000
v 0.03338074 -0.03500000 0.01890587
v 0.03323358 -0.03500000 0.01933939
v 0.03247488 -0.03500000 0.02047487
v 0.03277674 -0.03500000 0.02013066
v 0.02722326 -0.02377674 0.01586933
v 0.02786933 -0.02313066 0.01522326
v 0.02752513 -0.02347487 0.01552513
v 0.02661926 -0.02438074 0.01709413
v 0.02652994 -0.02447006 0.01754316
v 0.02650000 -0.02450000 0.01800000
v 0.02652994 -0.02447006 0.01845684
v 0.02676642 -0.02423358 0.01666061
v 0.02661926 -0.02438074 0.01890587
v 0.02676642 -0.02423358 0.01933939
v 0.02696891 -0.02403109 0.01625000
v 0.02696891 -0.02403109 0.01975000
v 0.02722326 -0.02377674 0.02013066
v 0.02752513 -0.02347487 0.02047487
v 0.02786933 -0.02313066 0.02077674
v 0.02786933 -0.01886933 0.01522326
v 0.02722326 -0.01822326 0.01586933
v 0.02752513 -0.01852513 0.01552513
v 0.02661926 -0.01761926 0.01709413
v 0.02652994 -0.01752994 0.01754316
v 0.02652994 -0.01752994 0.01845684
v 0.02696891 -0.01796891 0.01625000
v 0.02676642 -0.01776642 0.01666061
v 0.02661926 -0.01761926 0.01890587
v 0.02786933 -0.01886933 0.02077674
v 0.02696891 -0.01796891 0.01975000
v 0.02676642 -0.01776642 0.01933939
v 0.02722326 -0.01822326 0.02013066
v 0.02752513 -0.01852513 0.02047487
v 0.02825000 -0.02275000 0.01496891
v 0.02866061 -0.02233939 0.01476642
v 0.02909413 -0.02190587 0.01461926
v 0.03090587 -0.02190587 0.01461926
v 0.03213067 -0.02313066 0.01522326
v 0.03133939 -0.02233939 0.01476642
v 0.03175000 -0.02275000 0.01496891
v 0.03277674 -0.02377674 0.01586933
v 0.03247488 -0.02347487 0.01552513
v 0.02825000 -0.02275000 0.02103109
v 0.02866061 -0.02233939 0.02123358
v 0.03338074 -0.02438074 0.01709413
v 0.03323358 -0.02423358 0.01666061
v 0.03347006 -0.02447006 0.01754316
v 0.03350000 -0.02450000 0.01800000
v 0.03347006 -0.02447006 0.01845684
v 0.03338074 -0.02438074 0.01890587
v 0.03323358 -0.02423358 0.01933939
v 0.03303109 -0.02403109 0.01625000
v 0.03213067 -0.02313066 0.02077674
v 0.03133939 -0.02233939 0.02123358
v 0.03175000 -0.02275000 0.02103109
v 0.03303109 -0.02403109 0.01975000
v 0.03277674 -0.02377674 0.02013066
v 0.03247488 -0.02347487 0.02047487
v 0.02909413 -0.02009413 0.01461926
v 0.02954316 -0.02145684 0.01452994
v 0.03000000 -0.02100000 0.01450000
v 0.03045684 -0.02145684 0.01452994
v 0.02954316 -0.02054316 0.01452994
v 0.03045684 -0.02054316 0.01452994
v 0.03090587 -0.02009413 0.01461926
v 0.02825000 -0.01925000 0.01496891
v 0.02866061 -0.01966061 0.01476642
v 0.03133939 -0.01966061 0.01476642
v 0.03175000 -0.01925000 0.01496891
v 0.03213067 -0.01886933 0.01522326
v 0.03247488 -0.01852513 0.01552513
v 0.03277674 -0.01822326 0.01586933
v 0.02825000 -0.01925000 0.02103109
v 0.02866061 -0.01966061 0.02123358
v 0.03303109 -0.01796891 0.01625000
v 0.03323358 -0.01776642 0.01666061
v 0.03338074 -0.01761926 0.01709413
v 0.03347006 -0.01752994 0.01754316
v 0.03347006 -0.01752994 0.01845684
v 0.03133939 -0.01966061 0.02123358
v 0.03175000 -0.01925000 0.02103109
v 0.03213067 -0.01886933 0.02077674
v 0.03303109 -0.01796891 0.01975000
v 0.03338074 -0.01761926 0.01890587
v 0.03323358 -0.01776642 0.01933939
v 0.03247488 -0.01852513 0.02047487
v 0.03277674 -0.01822326 0.02013066
v 0.04500000 -0.02377674 0.01586933
v 0.04500000 -0.02313066 0.01522326
v 0.04500000 -0.02347487 0.01552513
v 0.04500000 -0.02275000 0.01496891
v 0.04500000 -0.02233939 0.01476642
v 0.04500000 -0.02190587 0.01461926
v 0.04500000 -0.02438074 0.01709413
v 0.04500000 -0.02423358 0.01666061
v 0.04500000 -0.02447006 0.01754316
v 0.04500000 -0.02450000 0.01800000
v 0.04500000 -0.02447006 0.01845684
v 0.04500000 -0.02438074 0.01890587
v 0.04500000 -0.02423358 0.01933939
v 0.04500000 -0.02403109 0.01625000
v 0.04500000 -0.02403109 0.01975000
v 0.04500000 -0.02377674 0.02013066
v 0.04500000 -0.02347487 0.02047487
v 0.04500000 -0.02313066 0.02077674
v 0.04500000 -0.02275000 0.02103109
v 0.04500000 -0.02233939 0.02123358
v 0.04500000 -0.02145684 0.01452994
v 0.04500000 -0.02100000 0.01450000
v 0.04500000 -0.02054316 0.01452994
v 0.04500000 -0.02009413 0.01461926
v 0.04500000 -0.01966061 0.01476642
v 0.04500000 -0.01925000 0.01496891
v 0.04500000 -0.01886933 0.01522326
v 0.04500000 -0.01852513 0.01552513
v 0.04500000 -0.01822326 0.01586933
v 0.04500000 -0.01796891 0.01625000
v 0.04500000 -0.01776642 0.01666061
v 0.04500000 -0.01761926 0.01709413
v 0.04500000 -0.01752994 0.01754316
v 0.04500000 -0.01752994 0.01845684
v 0.04500000 -0.01966061 0.02123358
v 0.04500000 -0.01925000 0.02103109
v 0.04500000 -0.01886933 0.02077674
v 0.04500000 -0.01761926 0.01890587
v 0.04500000 -0.01796891 0.01975000
v 0.04500000 -0.01776642 0.01933939
v 0.04500000 -0.01852513 0.02047487
v 0.04500000 -0.01822326 0.02013066
v 0.02909413 -0.03500000 0.02138074
v 0.02954316 -0.03500000 0.02147006
v 0.03000000 -0.03500000 0.02150000
v 0.03045684 -0.03500000 0.02147006
v 0.03090587 -0.03500000 0.02138074
v 0.02909413 -0.02190587 0.02138074
v 0.03090587 -0.02190587 0.02138074
v 0.02909413 -0.02009413 0.02138074
v 0.02954316 -0.02145684 0.02147006
v 0.03000000 -0.02100000 0.02150000
v 0.03045684 -0.02145684 0.02147006
v 0.02954316 -0.02054316 0.02147006
v 0.03045684 -0.02054316 0.02147006
v 0.03090587 -0.02009413 0.02138074
v 0.04000000 -0.03500000 0.03750000
v 0.04000000 -0.03495523 0.03816762
v 0.04034571 -0.03498803 0.03750000
v 0.04020624 -0.03498458 0.03783371
v 0.04068976 -0.03495219 0.03750000
v 0.04055192 -0.03495824 0.03783355
v 0.04041121 -0.03493844 0.03816536
v 0.04020625 -0.03489426 0.03850184
v 0.04075775 -0.03489713 0.03816628
v 0.04061365 -0.03486185 0.03849290
v 0.04000000 -0.03481930 0.03883202
v 0.04000000 -0.03458046 0.03950484
v 0.04040750 -0.03480328 0.03882759
v 0.04020651 -0.03470809 0.03917070
v 0.04061400 -0.03467565 0.03916171
v 0.04041162 -0.03456491 0.03949803
v 0.04020650 -0.03442380 0.03982107
v 0.04059878 -0.03439672 0.03980441
v 0.04103051 -0.03489265 0.03750000
v 0.04089798 -0.03490742 0.03783302
v 0.04136633 -0.03480969 0.03750000
v 0.04123663 -0.03483322 0.03783283
v 0.04110058 -0.03483196 0.03816396
v 0.04095890 -0.03480594 0.03849169
v 0.04144965 -0.03473911 0.03816285
v 0.04130775 -0.03472216 0.03849547
v 0.04158389 -0.03473099 0.03783021
v 0.04169561 -0.03470371 0.03750000
v 0.04201678 -0.03457522 0.03750000
v 0.04190861 -0.03460959 0.03782994
v 0.04179114 -0.03462152 0.03815828
v 0.04165303 -0.03461341 0.03849193
v 0.04211182 -0.03448400 0.03815874
v 0.04198675 -0.03448201 0.03848206
v 0.04081230 -0.03475528 0.03881433
v 0.04100594 -0.03461940 0.03912765
v 0.04116227 -0.03468025 0.03882075
v 0.04135314 -0.03452916 0.03912964
v 0.04080503 -0.03452419 0.03947068
v 0.04119338 -0.03445503 0.03943094
v 0.04099113 -0.03434267 0.03977131
v 0.04137347 -0.03426320 0.03972232
v 0.04150629 -0.03458122 0.03882041
v 0.04184259 -0.03445871 0.03881330
v 0.04169605 -0.03441418 0.03912432
v 0.04216944 -0.03431334 0.03879946
v 0.04202717 -0.03427668 0.03911262
v 0.04153830 -0.03434863 0.03942953
v 0.04171424 -0.03414223 0.03971433
v 0.04187519 -0.03421956 0.03941807
v 0.04207799 -0.03401508 0.03963567
v 0.04000000 -0.03425325 0.04012866
v 0.04000000 -0.03391393 0.04061146
v 0.04039229 -0.03424014 0.04012055
v 0.04020338 -0.03408761 0.04037229
v 0.04059539 -0.03406085 0.04035570
v 0.04000000 -0.03351454 0.04105641
v 0.04020339 -0.03371748 0.04083751
v 0.04040571 -0.03390102 0.04060120
v 0.04040286 -0.03350311 0.04104485
v 0.04060596 -0.03369443 0.04081421
v 0.04000000 -0.03308838 0.04143216
v 0.04020321 -0.03330442 0.04124694
v 0.04040543 -0.03307821 0.04141922
v 0.04020320 -0.03286028 0.04159604
v 0.04060572 -0.03328141 0.04122363
v 0.04073707 -0.03297448 0.04145085
v 0.04078217 -0.03420089 0.04009629
v 0.04098637 -0.03400752 0.04032256
v 0.04116723 -0.03413574 0.04005602
v 0.04136853 -0.03392857 0.04027370
v 0.04154509 -0.03404509 0.04000000
v 0.04191342 -0.03392949 0.03992856
v 0.04079806 -0.03385920 0.04057728
v 0.04099666 -0.03363979 0.04078003
v 0.04080311 -0.03346890 0.04101023
v 0.04118543 -0.03379326 0.04053413
v 0.04133691 -0.03352618 0.04078310
v 0.04114450 -0.03336160 0.04101991
v 0.04148002 -0.03323706 0.04101155
v 0.04170718 -0.03380203 0.04026227
v 0.04207136 -0.03367506 0.04018392
v 0.04185874 -0.03353553 0.04050751
v 0.04152606 -0.03367397 0.04052871
v 0.04167346 -0.03339456 0.04076749
v 0.04180796 -0.03309593 0.04098519
v 0.04199884 -0.03324724 0.04073420
v 0.04212663 -0.03293893 0.04094096
v 0.04093716 -0.03317290 0.04124893
v 0.04106512 -0.03285626 0.04146324
v 0.04127590 -0.03305463 0.04124717
v 0.04161071 -0.03291846 0.04122669
v 0.04000000 -0.03262866 0.04175325
v 0.04000000 -0.03232829 0.04192482
v 0.04000000 -0.03201678 0.04207522
v 0.04032879 -0.03253149 0.04179924
v 0.04053247 -0.03275929 0.04163555
v 0.04065600 -0.03242221 0.04182465
v 0.04032908 -0.03222683 0.04196464
v 0.04032994 -0.03190861 0.04210959
v 0.04065874 -0.03211182 0.04198400
v 0.04065828 -0.03179114 0.04212152
v 0.04000000 -0.03169561 0.04220371
v 0.04000000 -0.03136633 0.04230969
v 0.04000000 -0.03103051 0.04239265
v 0.04000000 -0.03068976 0.04245219
v 0.04033021 -0.03158389 0.04223099
v 0.04033284 -0.03123663 0.04233322
v 0.04066285 -0.03144965 0.04223911
v 0.04033302 -0.03089798 0.04240742
v 0.04066396 -0.03110059 0.04233196
v 0.04066628 -0.03075774 0.04239713
v 0.04086266 -0.03264568 0.04165406
v 0.04098007 -0.03230133 0.04182936
v 0.04140160 -0.03272555 0.04145056
v 0.04118614 -0.03252105 0.04165179
v 0.04129946 -0.03216944 0.04181334
v 0.04098206 -0.03198675 0.04198201
v 0.04131330 -0.03184259 0.04195871
v 0.04173077 -0.03258061 0.04141726
v 0.04151900 -0.03238113 0.04162588
v 0.04193365 -0.03276686 0.04118856
v 0.04204143 -0.03243120 0.04136288
v 0.04161263 -0.03202717 0.04177668
v 0.04183014 -0.03223488 0.04158116
v 0.04213567 -0.03207799 0.04151508
v 0.04191807 -0.03187519 0.04171956
v 0.04099193 -0.03165303 0.04211341
v 0.04099547 -0.03130775 0.04222216
v 0.04132041 -0.03150630 0.04208122
v 0.04099169 -0.03095890 0.04230594
v 0.04132076 -0.03116228 0.04218025
v 0.04131433 -0.03081230 0.04225528
v 0.04162432 -0.03169604 0.04191418
v 0.04162965 -0.03135313 0.04202916
v 0.04192953 -0.03153830 0.04184863
v 0.04193094 -0.03119338 0.04195503
v 0.04162765 -0.03100594 0.04211940
v 0.04197068 -0.03080503 0.04202420
v 0.04222682 -0.03446463 0.03782909
v 0.04232829 -0.03442483 0.03750000
v 0.04253149 -0.03429924 0.03782879
v 0.04262866 -0.03425325 0.03750000
v 0.04286028 -0.03409604 0.03770320
v 0.04242221 -0.03432465 0.03815600
v 0.04230133 -0.03432935 0.03848008
v 0.04275930 -0.03413555 0.03803247
v 0.04264567 -0.03415406 0.03836266
v 0.04308838 -0.03393216 0.03750000
v 0.04307821 -0.03391922 0.03790543
v 0.04297448 -0.03395085 0.03823707
v 0.04252105 -0.03415179 0.03868615
v 0.04238113 -0.03412588 0.03901901
v 0.04285626 -0.03396324 0.03856511
v 0.04272554 -0.03395056 0.03890160
v 0.04223489 -0.03408116 0.03933014
v 0.04258061 -0.03391726 0.03923076
v 0.04330442 -0.03374694 0.03770321
v 0.04351453 -0.03355641 0.03750000
v 0.04317290 -0.03374893 0.03843716
v 0.04328141 -0.03372363 0.03810572
v 0.04350311 -0.03354485 0.03790287
v 0.04346890 -0.03351023 0.03830311
v 0.04226995 -0.03378968 0.03984215
v 0.04243120 -0.03386288 0.03954143
v 0.04276686 -0.03368856 0.03943365
v 0.04261249 -0.03362650 0.03974130
v 0.04305463 -0.03374717 0.03877590
v 0.04291846 -0.03372669 0.03911071
v 0.04323706 -0.03351155 0.03898002
v 0.04336160 -0.03351991 0.03864450
v 0.04309593 -0.03348519 0.03930796
v 0.04293893 -0.03344095 0.03962663
v 0.04352618 -0.03328310 0.03883690
v 0.04339457 -0.03326749 0.03917346
v 0.04324724 -0.03323420 0.03949885
v 0.04353553 -0.03300751 0.03935874
v 0.04339488 -0.03292358 0.03971979
v 0.04391393 -0.03311146 0.03750000
v 0.04371748 -0.03333751 0.03770338
v 0.04408761 -0.03287229 0.03770338
v 0.04369443 -0.03331421 0.03810596
v 0.04390102 -0.03310120 0.03790571
v 0.04363979 -0.03328003 0.03849665
v 0.04385920 -0.03307728 0.03829806
v 0.04406085 -0.03285570 0.03809539
v 0.04400752 -0.03282256 0.03848637
v 0.04379326 -0.03303413 0.03868543
v 0.04367397 -0.03302871 0.03902606
v 0.04242604 -0.03352236 0.04008985
v 0.04221979 -0.03339488 0.04042358
v 0.04276209 -0.03334806 0.03998221
v 0.04256688 -0.03323289 0.04032127
v 0.04235458 -0.03309621 0.04064156
v 0.04270325 -0.03290976 0.04053739
v 0.04309621 -0.03314156 0.03985459
v 0.04323289 -0.03282127 0.04006688
v 0.04290976 -0.03303739 0.04020325
v 0.04425325 -0.03262866 0.03750000
v 0.04424014 -0.03262055 0.03789230
v 0.04420089 -0.03259629 0.03828217
v 0.04442380 -0.03232107 0.03770649
v 0.04439672 -0.03230441 0.03809878
v 0.04434267 -0.03227131 0.03849114
v 0.04458046 -0.03200484 0.03750000
v 0.04456491 -0.03199803 0.03791162
v 0.04452420 -0.03197068 0.03830503
v 0.04392857 -0.03277370 0.03886853
v 0.04413573 -0.03255603 0.03866723
v 0.04404508 -0.03250000 0.03904508
v 0.04380203 -0.03276227 0.03920718
v 0.04367505 -0.03268392 0.03957136
v 0.04392949 -0.03242856 0.03941342
v 0.04378968 -0.03234215 0.03976995
v 0.04426320 -0.03222232 0.03887347
v 0.04414224 -0.03221433 0.03921424
v 0.04401508 -0.03213567 0.03957799
v 0.04421956 -0.03191807 0.03937519
v 0.04408116 -0.03183014 0.03973489
v 0.04445503 -0.03193094 0.03869338
v 0.04434863 -0.03192953 0.03903830
v 0.04470809 -0.03167070 0.03770651
v 0.04481931 -0.03133202 0.03750000
v 0.04461940 -0.03162765 0.03850594
v 0.04467565 -0.03166171 0.03811400
v 0.04480327 -0.03132759 0.03790750
v 0.04475528 -0.03131433 0.03831230
v 0.04489426 -0.03100184 0.03770626
v 0.04495523 -0.03066762 0.03750000
v 0.04486185 -0.03099290 0.03811365
v 0.04480594 -0.03099169 0.03845890
v 0.04493844 -0.03066535 0.03791121
v 0.04489713 -0.03066628 0.03825774
v 0.04427668 -0.03161262 0.03952717
v 0.04452916 -0.03162964 0.03885313
v 0.04458122 -0.03132042 0.03900629
v 0.04468025 -0.03132075 0.03866228
v 0.04441418 -0.03162432 0.03919604
v 0.04445871 -0.03131330 0.03934259
v 0.04431334 -0.03129946 0.03966944
v 0.04461341 -0.03099193 0.03915303
v 0.04472216 -0.03099547 0.03880775
v 0.04483196 -0.03066396 0.03860059
v 0.04473911 -0.03066285 0.03894965
v 0.04448200 -0.03098206 0.03948675
v 0.04432936 -0.03098008 0.03980133
v 0.04462152 -0.03065828 0.03929114
v 0.04448400 -0.03065874 0.03961182
v 0.04224130 -0.03261249 0.04112649
v 0.04248221 -0.03276209 0.04084806
v 0.04282127 -0.03256688 0.04073289
v 0.04258985 -0.03242604 0.04102236
v 0.04303739 -0.03270325 0.04040976
v 0.04352235 -0.03258985 0.03992604
v 0.04334806 -0.03248221 0.04026209
v 0.04314156 -0.03235459 0.04059621
v 0.04344096 -0.03212663 0.04043893
v 0.04323420 -0.03199885 0.04074724
v 0.04292358 -0.03221979 0.04089488
v 0.04300750 -0.03185874 0.04103553
v 0.04348518 -0.03180796 0.04059593
v 0.04234215 -0.03226995 0.04128968
v 0.04242856 -0.03191342 0.04142949
v 0.04268392 -0.03207136 0.04117506
v 0.04351155 -0.03148002 0.04073706
v 0.04326748 -0.03167346 0.04089456
v 0.04328310 -0.03133691 0.04102618
v 0.04328003 -0.03099666 0.04113979
v 0.04351991 -0.03114450 0.04086160
v 0.04351023 -0.03080311 0.04096890
v 0.04221433 -0.03171424 0.04164223
v 0.04250000 -0.03154508 0.04154509
v 0.04222232 -0.03137347 0.04176320
v 0.04276227 -0.03170718 0.04130203
v 0.04277370 -0.03136854 0.04142857
v 0.04255603 -0.03116723 0.04163574
v 0.04282257 -0.03098637 0.04150752
v 0.04259629 -0.03078217 0.04170089
v 0.04227131 -0.03099114 0.04184267
v 0.04302871 -0.03152606 0.04117397
v 0.04303413 -0.03118543 0.04129326
v 0.04307728 -0.03079806 0.04135920
v 0.04362649 -0.03224130 0.04011249
v 0.04386288 -0.03204143 0.03993120
v 0.04391726 -0.03173076 0.04008061
v 0.04368856 -0.03193365 0.04026686
v 0.04372669 -0.03161070 0.04041846
v 0.04412588 -0.03151901 0.03988113
v 0.04415179 -0.03118614 0.04002105
v 0.04395056 -0.03140160 0.04022555
v 0.04374718 -0.03127590 0.04055463
v 0.04396325 -0.03106511 0.04035626
v 0.04415406 -0.03086266 0.04014568
v 0.04395085 -0.03073707 0.04047448
v 0.04374893 -0.03093716 0.04067289
v 0.04432465 -0.03065600 0.03992221
v 0.04000000 -0.03034571 0.04248803
v 0.04000000 -0.03000000 0.04250000
v 0.04033355 -0.03055193 0.04245824
v 0.04033371 -0.03020624 0.04248459
v 0.04066535 -0.03041121 0.04243844
v 0.04066762 -0.03000000 0.04245523
v 0.04099290 -0.03061365 0.04236185
v 0.04100184 -0.03020625 0.04239426
v 0.04132759 -0.03040751 0.04230328
v 0.04133203 -0.03000000 0.04231931
v 0.04166171 -0.03061400 0.04217565
v 0.04167070 -0.03020651 0.04220809
v 0.04199804 -0.03041162 0.04206491
v 0.04200484 -0.03000000 0.04208046
v 0.04498459 -0.03033371 0.03770624
v 0.04495824 -0.03033355 0.03805193
v 0.04490742 -0.03033302 0.03839798
v 0.04500000 -0.03000000 0.03750000
v 0.04498803 -0.03000000 0.03784571
v 0.04495220 -0.03000000 0.03818976
v 0.04483322 -0.03033283 0.03873663
v 0.04473099 -0.03033021 0.03908389
v 0.04460960 -0.03032994 0.03940861
v 0.04446463 -0.03032908 0.03972682
v 0.04489265 -0.03000000 0.03853051
v 0.04480969 -0.03000000 0.03886633
v 0.04442482 -0.03000000 0.03982829
v 0.04457522 -0.03000000 0.03951678
v 0.04470371 -0.03000000 0.03919561
v 0.04354485 -0.03040287 0.04100311
v 0.04355641 -0.03000000 0.04101453
v 0.04262055 -0.03039229 0.04174014
v 0.04285570 -0.03059539 0.04156085
v 0.04287229 -0.03020338 0.04158761
v 0.04230441 -0.03059878 0.04189672
v 0.04232107 -0.03020650 0.04192380
v 0.04262866 -0.03000000 0.04175325
v 0.04310120 -0.03040571 0.04140102
v 0.04331421 -0.03060596 0.04119443
v 0.04333751 -0.03020339 0.04121748
v 0.04311146 -0.03000000 0.04141393
v 0.04413555 -0.03053247 0.04025929
v 0.04409604 -0.03020320 0.04036028
v 0.04372364 -0.03060572 0.04078141
v 0.04391922 -0.03040543 0.04057821
v 0.04374694 -0.03020321 0.04080442
v 0.04425325 -0.03000000 0.04012866
v 0.04393216 -0.03000000 0.04058838
v 0.04429924 -0.03032879 0.04003149
v 0.04500000 -0.02190587 0.02138074
v 0.04500000 -0.02145684 0.02147006
v 0.04500000 -0.02100000 0.02150000
v 0.04500000 -0.02054316 0.02147006
v 0.04500000 -0.02009413 0.02138074
v 0.02650000 -0.01750000 0.01800000
v 0.03350000 -0.01750000 0.01800000
v 0.02722326 -0.00277674 0.01586933
v 0.02752513 -0.00247487 0.01552513
v 0.02786933 -0.00213067 0.01522326
v 0.02661926 -0.00338074 0.01709413
v 0.02652994 -0.00347006 0.01754316
v 0.02650000 -0.00350000 0.01800000
v 0.02652994 -0.00347006 0.01845684
v 0.02696891 -0.00303109 0.01625000
v 0.02676642 -0.00323358 0.01666061
v 0.02661926 -0.00338074 0.01890587
v 0.02676642 -0.00323358 0.01933939
v 0.02696891 -0.00303109 0.01975000
v 0.02722326 -0.00277674 0.02013066
v 0.02752513 -0.00247487 0.02047487
v 0.02786933 -0.00213067 0.02077674
v 0.02825000 -0.00175000 0.01496891
v 0.02866061 -0.00133939 0.01476642
v 0.02909413 -0.00090587 0.01461926
v 0.02954316 -0.00045684 0.01452994
v 0.03045684 -0.00045684 0.01452994
v 0.03090587 -0.00090587 0.01461926
v 0.03277674 -0.00277674 0.01586933
v 0.03247488 -0.00247487 0.01552513
v 0.03133939 -0.00133939 0.01476642
v 0.03175000 -0.00175000 0.01496891
v 0.03213067 -0.00213067 0.01522326
v 0.02825000 -0.00175000 0.02103109
v 0.02866061 -0.00133939 0.02123358
v 0.03338074 -0.00338074 0.01709413
v 0.03347006 -0.00347006 0.01754316
v 0.03350000 -0.00350000 0.01800000
v 0.03347006 -0.00347006 0.01845684
v 0.03303109 -0.00303109 0.01625000
v 0.03323358 -0.00323358 0.01666061
v 0.03338074 -0.00338074 0.01890587
v 0.03303109 -0.00303109 0.01975000
v 0.03323358 -0.00323358 0.01933939
v 0.03277674 -0.00277674 0.02013066
v 0.03247488 -0.00247487 0.02047487
v 0.03133939 -0.00133939 0.02123358
v 0.03175000 -0.00175000 0.02103109
v 0.03213067 -0.00213067 0.02077674
v 0.04500000 -0.01750000 0.01800000
v 0.04500000 -0.00277674 0.01586933
v 0.04500000 -0.00247487 0.01552513
v 0.04500000 -0.00213067 0.01522326
v 0.04500000 -0.00175000 0.01496891
v 0.04500000 -0.00133939 0.01476642
v 0.04500000 -0.00045684 0.01452994
v 0.04500000 -0.00090587 0.01461926
v 0.04500000 -0.00338074 0.01709413
v 0.04500000 -0.00347006 0.01754316
v 0.04500000 -0.00350000 0.01800000
v 0.04500000 -0.00347006 0.01845684
v 0.04500000 -0.00303109 0.01625000
v 0.04500000 -0.00323358 0.01666061
v 0.04500000 -0.00338074 0.01890587
v 0.04500000 -0.00323358 0.01933939
v 0.04500000 -0.00303109 0.01975000
v 0.04500000 -0.00277674 0.02013066
v 0.04500000 -0.00247487 0.02047487
v 0.04500000 -0.00213067 0.02077674
v 0.04500000 -0.00175000 0.02103109
v 0.04500000 -0.00133939 0.02123358
v 0.02909413 -0.00090587 0.02138074
v 0.02954316 -0.00045684 0.02147006
v 0.03090587 -0.00090587 0.02138074
v 0.03045684 -0.00045684 0.02147006
v 0.04500000 -0.00090587 0.02138074
v 0.04500000 -0.00045684 0.02147006
v 0.00871700 0.00000000 -0.02950000
v 0.00871700 0.00045684 -0.02947006
v 0.00871700 0.00090587 -0.02938074
v 0.00871700 0.00133939 -0.02923358
v 0.00871700 0.00175000 -0.02903109
v 0.00871700 0.00213067 -0.02877674
v 0.00871700 0.00247487 -0.02847487
v 0.00871700 0.00277674 -0.02813067
v 0.00871700 0.00303109 -0.02775000
v 0.00871700 0.00323358 -0.02733939
v 0.00871700 0.00338074 -0.02690587
v 0.00871700 0.00090587 -0.02261926
v 0.00871700 0.00000000 -0.02250000
v 0.00871700 0.00045684 -0.02252994
v 0.00871700 0.00133939 -0.02276642
v 0.00871700 0.00175000 -0.02296891
v 0.00871700 0.00213067 -0.02322326
v 0.00871700 0.00323358 -0.02466061
v 0.00871700 0.00303109 -0.02425000
v 0.00871700 0.00347006 -0.02645684
v 0.00871700 0.00350000 -0.02600000
v 0.00871700 0.00347006 -0.02554316
v 0.00871700 0.00338074 -0.02509413
v 0.00871700 0.00247487 -0.02352513
v 0.00871700 0.00277674 -0.02386934
v 0.00871700 0.01034650 -0.03750000
v -0.00000000 0.01034650 -0.02950000
v 0.00045684 0.01034650 -0.02947006
v 0.00090587 0.01034650 -0.02938074
v 0.00133939 0.01034650 -0.02923358
v 0.00175000 0.01034650 -0.02903109
v 0.00213067 0.01034650 -0.02877674
v 0.00247487 0.01034650 -0.02847487
v 0.00277674 0.01034650 -0.02813067
v 0.00303109 0.01034650 -0.02775000
v 0.00323358 0.01034650 -0.02733939
v 0.00338074 0.01034650 -0.02690587
v 0.00090587 0.01034650 -0.02261926
v 0.00133939 0.01034650 -0.02276642
v 0.00000000 0.01034650 -0.02250000
v 0.00045684 0.01034650 -0.02252994
v 0.00175000 0.01034650 -0.02296891
v 0.00277674 0.01034650 -0.02386934
v 0.00247487 0.01034650 -0.02352513
v 0.00213067 0.01034650 -0.02322326
v 0.00347006 0.01034650 -0.02645684
v 0.00350000 0.01034650 -0.02600000
v 0.00347006 0.01034650 -0.02554316
v 0.00338074 0.01034650 -0.02509413
v 0.00323358 0.01034650 -0.02466061
v 0.00303109 0.01034650 -0.02425000
v 0.00871700 0.00000000 -0.00750000
v 0.00871700 0.00045684 -0.00747006
v 0.00871700 0.00090587 -0.00738074
v 0.00871700 0.00133939 -0.00723358
v 0.00871700 0.00175000 -0.00703109
v 0.00871700 0.00213067 -0.00677674
v 0.00871700 0.00247487 -0.00647487
v 0.00871700 0.00277674 -0.00613067
v 0.00871700 0.00303109 -0.00575000
v 0.00871700 0.00323358 -0.00533939
v 0.00871700 0.00000000 -0.00050000
v 0.00871700 0.00045684 -0.00052994
v 0.00871700 0.00090587 -0.00061926
v 0.00871700 0.00133939 -0.00076642
v 0.00871700 0.00175000 -0.00096891
v 0.00871700 0.00213067 -0.00122326
v 0.00871700 0.00323358 -0.00266061
v 0.00871700 0.00338074 -0.00490587
v 0.00871700 0.00347006 -0.00445684
v 0.00871700 0.00350000 -0.00400000
v 0.00871700 0.00347006 -0.00354316
v 0.00871700 0.00338074 -0.00309413
v 0.00871700 0.00247487 -0.00152513
v 0.00871700 0.00303109 -0.00225000
v 0.00871700 0.00277674 -0.00186933
v -0.00000000 0.01034650 -0.00750000
v 0.00045684 0.01034650 -0.00747006
v 0.00090587 0.01034650 -0.00738074
v 0.00133939 0.01034650 -0.00723358
v 0.00175000 0.01034650 -0.00703109
v 0.00213067 0.01034650 -0.00677674
v 0.00247487 0.01034650 -0.00647487
v 0.00277674 0.01034650 -0.00613067
v 0.00303109 0.01034650 -0.00575000
v 0.00323358 0.01034650 -0.00533939
v 0.00000000 0.01034650 -0.00050000
v 0.00045684 0.01034650 -0.00052994
v 0.00133939 0.01034650 -0.00076642
v 0.00090587 0.01034650 -0.00061926
v 0.00277674 0.01034650 -0.00186933
v 0.00247487 0.01034650 -0.00152513
v 0.00175000 0.01034650 -0.00096891
v 0.00213067 0.01034650 -0.00122326
v 0.00338074 0.01034650 -0.00490587
v 0.00347006 0.01034650 -0.00445684
v 0.00350000 0.01034650 -0.00400000
v 0.00347006 0.01034650 -0.00354316
v 0.00338074 0.01034650 -0.00309413
v 0.00323358 0.01034650 -0.00266061
v 0.00303109 0.01034650 -0.00225000
v 0.00133939 0.01966061 -0.02923358
v 0.00277674 0.01822326 -0.02813067
v 0.00247487 0.01852513 -0.02847487
v 0.00175000 0.01925000 -0.02903109
v 0.00213067 0.01886933 -0.02877674
v 0.00045684 0.02054316 -0.02947006
v 0.00090587 0.02009413 -0.02938074
v -0.00000000 0.02100000 -0.02950000
v 0.00045684 0.02145684 -0.02947006
v 0.00303109 0.01796891 -0.02775000
v 0.00323358 0.01776642 -0.02733939
v 0.00338074 0.01761926 -0.02690587
v 0.00133939 0.01966061 -0.02276642
v 0.00277674 0.01822326 -0.02386934
v 0.00247487 0.01852513 -0.02352513
v 0.00175000 0.01925000 -0.02296891
v 0.00213067 0.01886933 -0.02322326
v 0.00090587 0.02009413 -0.02261926
v 0.00045684 0.02054316 -0.02252994
v 0.00000000 0.02100000 -0.02250000
v 0.00045684 0.02145684 -0.02252994
v 0.00347006 0.01752994 -0.02645684
v 0.00350000 0.01750000 -0.02600000
v 0.00347006 0.01752994 -0.02554316
v 0.00338074 0.01761926 -0.02509413
v 0.00323358 0.01776642 -0.02466061
v 0.00303109 0.01796891 -0.02425000
v 0.00090587 0.02190587 -0.02938074
v 0.00133939 0.02233939 -0.02923358
v 0.00175000 0.02275000 -0.02903109
v 0.00213067 0.02313066 -0.02877674
v 0.00247487 0.02347487 -0.02847487
v 0.00277674 0.02377674 -0.02813067
v 0.00303109 0.02403109 -0.02775000
v 0.00323358 0.02423358 -0.02733939
v 0.00338074 0.02438074 -0.02690587
v 0.00090587 0.02190587 -0.02261926
v 0.00133939 0.02233939 -0.02276642
v 0.00175000 0.02275000 -0.02296891
v 0.00247487 0.02347487 -0.02352513
v 0.00213067 0.02313066 -0.02322326
v 0.00277674 0.02377674 -0.02386934
v 0.00303109 0.02403109 -0.02425000
v 0.00347006 0.02447006 -0.02645684
v 0.00350000 0.02450000 -0.02600000
v 0.00347006 0.02447006 -0.02554316
v 0.00323358 0.02423358 -0.02466061
v 0.00338074 0.02438074 -0.02509413
v -0.00000000 0.03500000 -0.02950000
v 0.00045684 0.03500000 -0.02947006
v 0.00090587 0.03500000 -0.02938074
v 0.00133939 0.03500000 -0.02923358
v 0.00175000 0.03500000 -0.02903109
v 0.00213067 0.03500000 -0.02877674
v 0.00247487 0.03500000 -0.02847487
v 0.00277674 0.03500000 -0.02813067
v 0.00303109 0.03500000 -0.02775000
v 0.00323358 0.03500000 -0.02733939
v 0.00338074 0.03500000 -0.02690587
v 0.00090587 0.03500000 -0.02261926
v 0.00133939 0.03500000 -0.02276642
v 0.00000000 0.03500000 -0.02250000
v 0.00045684 0.03500000 -0.02252994
v 0.00175000 0.03500000 -0.02296891
v 0.00277674 0.03500000 -0.02386934
v 0.00247487 0.03500000 -0.02352513
v 0.00213067 0.03500000 -0.02322326
v 0.00347006 0.03500000 -0.02645684
v 0.00350000 0.03500000 -0.02600000
v 0.00347006 0.03500000 -0.02554316
v 0.00338074 0.03500000 -0.02509413
v 0.00323358 0.03500000 -0.02466061
v 0.00303109 0.03500000 -0.02425000
v 0.00133939 0.01966061 -0.00723358
v 0.00277674 0.01822326 -0.00613067
v 0.00247487 0.01852513 -0.00647487
v 0.00175000 0.01925000 -0.00703109
v 0.00213067 0.01886933 -0.00677674
v 0.00045684 0.02054316 -0.00747006
v 0.00090587 0.02009413 -0.00738074
v -0.00000000 0.02100000 -0.00750000
v 0.00045684 0.02145684 -0.00747006
v 0.00303109 0.01796891 -0.00575000
v 0.00323358 0.01776642 -0.00533939
v 0.00133939 0.01966061 -0.00076642
v 0.00277674 0.01822326 -0.00186933
v 0.00247487 0.01852513 -0.00152513
v 0.00175000 0.01925000 -0.00096891
v 0.00213067 0.01886933 -0.00122326
v 0.00045684 0.02054316 -0.00052994
v 0.00090587 0.02009413 -0.00061926
v 0.00000000 0.02100000 -0.00050000
v 0.00045684 0.02145684 -0.00052994
v 0.00338074 0.01761926 -0.00490587
v 0.00347006 0.01752994 -0.00445684
v 0.00350000 0.01750000 -0.00400000
v 0.00347006 0.01752994 -0.00354316
v 0.00338074 0.01761926 -0.00309413
v 0.00323358 0.01776642 -0.00266061
v 0.00303109 0.01796891 -0.00225000
v 0.00090587 0.02190587 -0.00738074
v 0.00133939 0.02233939 -0.00723358
v 0.00175000 0.02275000 -0.00703109
v 0.00213067 0.02313066 -0.00677674
v 0.00247487 0.02347487 -0.00647487
v 0.00277674 0.02377674 -0.00613067
v 0.00303109 0.02403109 -0.00575000
v 0.00323358 0.02423358 -0.00533939
v 0.00133939 0.02233939 -0.00076642
v 0.00090587 0.02190587 -0.00061926
v 0.00175000 0.02275000 -0.00096891
v 0.00247487 0.02347487 -0.00152513
v 0.00277674 0.02377674 -0.00186933
v 0.00213067 0.02313066 -0.00122326
v 0.00303109 0.02403109 -0.00225000
v 0.00338074 0.02438074 -0.00490587
v 0.00347006 0.02447006 -0.00445684
v 0.00350000 0.02450000 -0.00400000
v 0.00347006 0.02447006 -0.00354316
v 0.00323358 0.02423358 -0.00266061
v 0.00338074 0.02438074 -0.00309413
v -0.00000000 0.03500000 -0.00750000
v 0.00045684 0.03500000 -0.00747006
v 0.00090587 0.03500000 -0.00738074
v 0.00133939 0.03500000 -0.00723358
v 0.00175000 0.03500000 -0.00703109
v 0.00213067 0.03500000 -0.00677674
v 0.00247487 0.03500000 -0.00647487
v 0.00277674 0.03500000 -0.00613067
v 0.00303109 0.03500000 -0.00575000
v 0.00323358 0.03500000 -0.00533939
v 0.00000000 0.03500000 -0.00050000
v 0.00045684 0.03500000 -0.00052994
v 0.00133939 0.03500000 -0.00076642
v 0.00090587 0.03500000 -0.00061926
v 0.00277674 0.03500000 -0.00186933
v 0.00247487 0.03500000 -0.00152513
v 0.00175000 0.03500000 -0.00096891
v 0.00213067 0.03500000 -0.00122326
v 0.00338074 0.03500000 -0.00490587
v 0.00347006 0.03500000 -0.00445684
v 0.00350000 0.03500000 -0.00400000
v 0.00347006 0.03500000 -0.00354316
v 0.00338074 0.03500000 -0.00309413
v 0.00323358 0.03500000 -0.00266061
v 0.00303109 0.03500000 -0.00225000
v 0.02786933 0.00213067 -0.02877674
v 0.02661926 0.00338074 -0.02690587
v 0.02722326 0.00277674 -0.02813067
v 0.02752513 0.00247487 -0.02847487
v 0.02696891 0.00303109 -0.02775000
v 0.02676642 0.00323358 -0.02733939
v 0.02786933 0.00213067 -0.02322326
v 0.02652994 0.00347006 -0.02645684
v 0.02650000 0.00350000 -0.02600000
v 0.02652994 0.00347006 -0.02554316
v 0.02661926 0.00338074 -0.02509413
v 0.02676642 0.00323358 -0.02466061
v 0.02696891 0.00303109 -0.02425000
v 0.02722326 0.00277674 -0.02386934
v 0.02752513 0.00247487 -0.02352513
v 0.02909413 0.00090587 -0.02938074
v 0.02866061 0.00133939 -0.02923358
v 0.02954316 0.00045684 -0.02947006
v 0.03000000 0.00000000 -0.02950000
v 0.03045684 0.00045684 -0.02947006
v 0.03090587 0.00090587 -0.02938074
v 0.02825000 0.00175000 -0.02903109
v 0.03133939 0.00133939 -0.02923358
v 0.03175000 0.00175000 -0.02903109
v 0.03213067 0.00213067 -0.02877674
v 0.03247488 0.00247487 -0.02847487
v 0.03277674 0.00277674 -0.02813067
v 0.03303109 0.00303109 -0.02775000
v 0.03323358 0.00323358 -0.02733939
v 0.03338074 0.00338074 -0.02690587
v 0.02909413 0.00090587 -0.02261926
v 0.02866061 0.00133939 -0.02276642
v 0.02825000 0.00175000 -0.02296891
v 0.03090587 0.00090587 -0.02261926
v 0.02954316 0.00045684 -0.02252994
v 0.03000000 0.00000000 -0.02250000
v 0.03045684 0.00045684 -0.02252994
v 0.03133939 0.00133939 -0.02276642
v 0.03175000 0.00175000 -0.02296891
v 0.03213067 0.00213067 -0.02322326
v 0.03303109 0.00303109 -0.02425000
v 0.03323358 0.00323358 -0.02466061
v 0.03347006 0.00347006 -0.02645684
v 0.03350000 0.00350000 -0.02600000
v 0.03347006 0.00347006 -0.02554316
v 0.03338074 0.00338074 -0.02509413
v 0.03247488 0.00247487 -0.02352513
v 0.03277674 0.00277674 -0.02386934
v 0.04500000 0.00000000 -0.02950000
v 0.04500000 0.00045684 -0.02947006
v 0.04500000 0.00090587 -0.02938074
v 0.04500000 0.00133939 -0.02923358
v 0.04500000 0.00175000 -0.02903109
v 0.04500000 0.00213067 -0.02877674
v 0.04500000 0.00247487 -0.02847487
v 0.04500000 0.00277674 -0.02813067
v 0.04500000 0.00303109 -0.02775000
v 0.04500000 0.00323358 -0.02733939
v 0.04500000 0.00338074 -0.02690587
v 0.04500000 0.00090587 -0.02261926
v 0.04500000 0.00000000 -0.02250000
v 0.04500000 0.00045684 -0.02252994
v 0.04500000 0.00133939 -0.02276642
v 0.04500000 0.00175000 -0.02296891
v 0.04500000 0.00213067 -0.02322326
v 0.04500000 0.00323358 -0.02466061
v 0.04500000 0.00303109 -0.02425000
v 0.04500000 0.00347006 -0.02645684
v 0.04500000 0.00350000 -0.02600000
v 0.04500000 0.00347006 -0.02554316
v 0.04500000 0.00338074 -0.02509413
v 0.04500000 0.00247487 -0.02352513
v 0.04500000 0.00277674 -0.02386934
v 0.02786933 0.00213067 -0.00677674
v 0.02722326 0.00277674 -0.00613067
v 0.02696891 0.00303109 -0.00575000
v 0.02676642 0.00323358 -0.00533939
v 0.02752513 0.00247487 -0.00647487
v 0.02786933 0.00213067 -0.00122326
v 0.02661926 0.00338074 -0.00490587
v 0.02652994 0.00347006 -0.00445684
v 0.02650000 0.00350000 -0.00400000
v 0.02652994 0.00347006 -0.00354316
v 0.02661926 0.00338074 -0.00309413
v 0.02676642 0.00323358 -0.00266061
v 0.02696891 0.00303109 -0.00225000
v 0.02722326 0.00277674 -0.00186933
v 0.02752513 0.00247487 -0.00152513
v 0.02909413 0.00090587 -0.00738074
v 0.02866061 0.00133939 -0.00723358
v 0.02825000 0.00175000 -0.00703109
v 0.02954316 0.00045684 -0.00747006
v 0.03000000 0.00000000 -0.00750000
v 0.03045684 0.00045684 -0.00747006
v 0.03090587 0.00090587 -0.00738074
v 0.03133939 0.00133939 -0.00723358
v 0.03175000 0.00175000 -0.00703109
v 0.03213067 0.00213067 -0.00677674
v 0.03247488 0.00247487 -0.00647487
v 0.03277674 0.00277674 -0.00613067
v 0.03303109 0.00303109 -0.00575000
v 0.03323358 0.00323358 -0.00533939
v 0.02909413 0.00090587 -0.00061926
v 0.02866061 0.00133939 -0.00076642
v 0.02825000 0.00175000 -0.00096891
v 0.02954316 0.00045684 -0.00052994
v 0.03000000 0.00000000 -0.00050000
v 0.03045684 0.00045684 -0.00052994
v 0.03090587 0.00090587 -0.00061926
v 0.03133939 0.00133939 -0.00076642
v 0.03175000 0.00175000 -0.00096891
v 0.03213067 0.00213067 -0.00122326
v 0.03323358 0.00323358 -0.00266061
v 0.03338074 0.00338074 -0.00490587
v 0.03347006 0.00347006 -0.00445684
v 0.03350000 0.00350000 -0.00400000
v 0.03347006 0.00347006 -0.00354316
v 0.03338074 0.00338074 -0.00309413
v 0.03247488 0.00247487 -0.00152513
v 0.03303109 0.00303109 -0.00225000
v 0.03277674 0.00277674 -0.00186933
v 0.04500000 0.00000000 -0.00750000
v 0.04500000 0.00045684 -0.00747006
v 0.04500000 0.00090587 -0.00738074
v 0.04500000 0.00133939 -0.00723358
v 0.04500000 0.00175000 -0.00703109
v 0.04500000 0.00213067 -0.00677674
v 0.04500000 0.00247487 -0.00647487
v 0.04500000 0.00277674 -0.00613067
v 0.04500000 0.00303109 -0.00575000
v 0.04500000 0.00323358 -0.00533939
v 0.04500000 0.00000000 -0.00050000
v 0.04500000 0.00045684 -0.00052994
v 0.04500000 0.00090587 -0.00061926
v 0.04500000 0.00133939 -0.00076642
v 0.04500000 0.00175000 -0.00096891
v 0.04500000 0.00213067 -0.00122326
v 0.04500000 0.00323358 -0.00266061
v 0.04500000 0.00338074 -0.00490587
v 0.04500000 0.00347006 -0.00445684
v 0.04500000 0.00350000 -0.00400000
v 0.04500000 0.00347006 -0.00354316
v 0.04500000 0.00338074 -0.00309413
v 0.04500000 0.00247487 -0.00152513
v 0.04500000 0.00303109 -0.00225000
v 0.04500000 0.00277674 -0.00186933
v 0.02661926 0.01761926 -0.02690587
v 0.02722326 0.01822326 -0.02813067
v 0.02752513 0.01852513 -0.02847487
v 0.02676642 0.01776642 -0.02733939
v 0.02696891 0.01796891 -0.02775000
v 0.02786933 0.01886933 -0.02877674
v 0.02652994 0.01752994 -0.02645684
v 0.02650000 0.01750000 -0.02600000
v 0.02652994 0.01752994 -0.02554316
v 0.02661926 0.01761926 -0.02509413
v 0.02676642 0.01776642 -0.02466061
v 0.02696891 0.01796891 -0.02425000
v 0.02722326 0.01822326 -0.02386934
v 0.02752513 0.01852513 -0.02352513
v 0.02786933 0.01886933 -0.02322326
v 0.02722326 0.02377674 -0.02813067
v 0.02786933 0.02313066 -0.02877674
v 0.02752513 0.02347487 -0.02847487
v 0.02696891 0.02403109 -0.02775000
v 0.02661926 0.02438074 -0.02690587
v 0.02676642 0.02423358 -0.02733939
v 0.02696891 0.02403109 -0.02425000
v 0.02722326 0.02377674 -0.02386934
v 0.02752513 0.02347487 -0.02352513
v 0.02786933 0.02313066 -0.02322326
v 0.02652994 0.02447006 -0.02645684
v 0.02650000 0.02450000 -0.02600000
v 0.02652994 0.02447006 -0.02554316
v 0.02661926 0.02438074 -0.02509413
v 0.02676642 0.02423358 -0.02466061
v 0.02866061 0.01966061 -0.02923358
v 0.02825000 0.01925000 -0.02903109
v 0.02909413 0.02009413 -0.02938074
v 0.02954316 0.02054316 -0.02947006
v 0.03090587 0.02009413 -0.02938074
v 0.03045684 0.02054316 -0.02947006
v 0.03000000 0.02100000 -0.02950000
v 0.02954316 0.02145684 -0.02947006
v 0.03045684 0.02145684 -0.02947006
v 0.03133939 0.01966061 -0.02923358
v 0.03213067 0.01886933 -0.02877674
v 0.03175000 0.01925000 -0.02903109
v 0.03247488 0.01852513 -0.02847487
v 0.03277674 0.01822326 -0.02813067
v 0.03303109 0.01796891 -0.02775000
v 0.03323358 0.01776642 -0.02733939
v 0.03338074 0.01761926 -0.02690587
v 0.02825000 0.01925000 -0.02296891
v 0.02866061 0.01966061 -0.02276642
v 0.02909413 0.02009413 -0.02261926
v 0.03090587 0.02009413 -0.02261926
v 0.02954316 0.02054316 -0.02252994
v 0.03045684 0.02054316 -0.02252994
v 0.03000000 0.02100000 -0.02250000
v 0.02954316 0.02145684 -0.02252994
v 0.03045684 0.02145684 -0.02252994
v 0.03347006 0.01752994 -0.02645684
v 0.03350000 0.01750000 -0.02600000
v 0.03347006 0.01752994 -0.02554316
v 0.03303109 0.01796891 -0.02425000
v 0.03338074 0.01761926 -0.02509413
v 0.03323358 0.01776642 -0.02466061
v 0.03133939 0.01966061 -0.02276642
v 0.03213067 0.01886933 -0.02322326
v 0.03175000 0.01925000 -0.02296891
v 0.03247488 0.01852513 -0.02352513
v 0.03277674 0.01822326 -0.02386934
v 0.02866061 0.02233939 -0.02923358
v 0.02909413 0.02190587 -0.02938074
v 0.03090587 0.02190587 -0.02938074
v 0.02825000 0.02275000 -0.02903109
v 0.03133939 0.02233939 -0.02923358
v 0.03175000 0.02275000 -0.02903109
v 0.03213067 0.02313066 -0.02877674
v 0.03247488 0.02347487 -0.02847487
v 0.03277674 0.02377674 -0.02813067
v 0.03303109 0.02403109 -0.02775000
v 0.03323358 0.02423358 -0.02733939
v 0.03338074 0.02438074 -0.02690587
v 0.02866061 0.02233939 -0.02276642
v 0.02825000 0.02275000 -0.02296891
v 0.02909413 0.02190587 -0.02261926
v 0.03090587 0.02190587 -0.02261926
v 0.03303109 0.02403109 -0.02425000
v 0.03133939 0.02233939 -0.02276642
v 0.03175000 0.02275000 -0.02296891
v 0.03213067 0.02313066 -0.02322326
v 0.03247488 0.02347487 -0.02352513
v 0.03277674 0.02377674 -0.02386934
v 0.03347006 0.02447006 -0.02645684
v 0.03350000 0.02450000 -0.02600000
v 0.03347006 0.02447006 -0.02554316
v 0.03323358 0.02423358 -0.02466061
v 0.03338074 0.02438074 -0.02509413
v 0.02661926 0.03500000 -0.02690587
v 0.02722326 0.03500000 -0.02813067
v 0.02786933 0.03500000 -0.02877674
v 0.02752513 0.03500000 -0.02847487
v 0.02696891 0.03500000 -0.02775000
v 0.02676642 0.03500000 -0.02733939
v 0.02652994 0.03500000 -0.02645684
v 0.02650000 0.03500000 -0.02600000
v 0.02652994 0.03500000 -0.02554316
v 0.02661926 0.03500000 -0.02509413
v 0.02676642 0.03500000 -0.02466061
v 0.02696891 0.03500000 -0.02425000
v 0.02722326 0.03500000 -0.02386934
v 0.02752513 0.03500000 -0.02352513
v 0.02786933 0.03500000 -0.02322326
v 0.02866061 0.03500000 -0.02923358
v 0.02909413 0.03500000 -0.02938074
v 0.02954316 0.03500000 -0.02947006
v 0.03000000 0.03500000 -0.02950000
v 0.03045684 0.03500000 -0.02947006
v 0.03090587 0.03500000 -0.02938074
v 0.02825000 0.03500000 -0.02903109
v 0.03133939 0.03500000 -0.02923358
v 0.03175000 0.03500000 -0.02903109
v 0.03213067 0.03500000 -0.02877674
v 0.03247488 0.03500000 -0.02847487
v 0.03277674 0.03500000 -0.02813067
v 0.03303109 0.03500000 -0.02775000
v 0.03323358 0.03500000 -0.02733939
v 0.03338074 0.03500000 -0.02690587
v 0.02825000 0.03500000 -0.02296891
v 0.02866061 0.03500000 -0.02276642
v 0.02909413 0.03500000 -0.02261926
v 0.03090587 0.03500000 -0.02261926
v 0.02954316 0.03500000 -0.02252994
v 0.03000000 0.03500000 -0.02250000
v 0.03045684 0.03500000 -0.02252994
v 0.03347006 0.03500000 -0.02645684
v 0.03350000 0.03500000 -0.02600000
v 0.03347006 0.03500000 -0.02554316
v 0.03303109 0.03500000 -0.02425000
v 0.03338074 0.03500000 -0.02509413
v 0.03323358 0.03500000 -0.02466061
v 0.03133939 0.03500000 -0.02276642
v 0.03175000 0.03500000 -0.02296891
v 0.03213067 0.03500000 -0.02322326
v 0.03247488 0.03500000 -0.02352513
v 0.03277674 0.03500000 -0.02386934
v 0.04500000 0.01966061 -0.02923358
v 0.04500000 0.01822326 -0.02813067
v 0.04500000 0.01852513 -0.02847487
v 0.04500000 0.01776642 -0.02733939
v 0.04500000 0.01796891 -0.02775000
v 0.04500000 0.01761926 -0.02690587
v 0.04500000 0.01886933 -0.02877674
v 0.04500000 0.01925000 -0.02903109
v 0.04500000 0.02009413 -0.02938074
v 0.04500000 0.02054316 -0.02947006
v 0.04500000 0.02100000 -0.02950000
v 0.04500000 0.02145684 -0.02947006
v 0.04500000 0.01752994 -0.02645684
v 0.04500000 0.01750000 -0.02600000
v 0.04500000 0.01752994 -0.02554316
v 0.04500000 0.01761926 -0.02509413
v 0.04500000 0.01776642 -0.02466061
v 0.04500000 0.01796891 -0.02425000
v 0.04500000 0.01822326 -0.02386934
v 0.04500000 0.01852513 -0.02352513
v 0.04500000 0.01886933 -0.02322326
v 0.04500000 0.01925000 -0.02296891
v 0.04500000 0.01966061 -0.02276642
v 0.04500000 0.02009413 -0.02261926
v 0.04500000 0.02054316 -0.02252994
v 0.04500000 0.02100000 -0.02250000
v 0.04500000 0.02145684 -0.02252994
v 0.04500000 0.02190587 -0.02938074
v 0.04500000 0.02233939 -0.02923358
v 0.04500000 0.02275000 -0.02903109
v 0.04500000 0.02313066 -0.02877674
v 0.04500000 0.02347487 -0.02847487
v 0.04500000 0.02377674 -0.02813067
v 0.04500000 0.02403109 -0.02775000
v 0.04500000 0.02423358 -0.02733939
v 0.04500000 0.02438074 -0.02690587
v 0.04500000 0.02403109 -0.02425000
v 0.04500000 0.02190587 -0.02261926
v 0.04500000 0.02233939 -0.02276642
v 0.04500000 0.02275000 -0.02296891
v 0.04500000 0.02347487 -0.02352513
v 0.04500000 0.02313066 -0.02322326
v 0.04500000 0.02377674 -0.02386934
v 0.04500000 0.02447006 -0.02645684
v 0.04500000 0.02450000 -0.02600000
v 0.04500000 0.02447006 -0.02554316
v 0.04500000 0.02423358 -0.02466061
v 0.04500000 0.02438074 -0.02509413
v 0.04000000 0.03000000 -0.04250000
v 0.04000000 0.03034571 -0.04248803
v 0.04066762 0.03000000 -0.04245523
v 0.04033371 0.03020624 -0.04248459
v 0.04033355 0.03055193 -0.04245824
v 0.04066535 0.03041121 -0.04243844
v 0.04133203 0.03000000 -0.04231931
v 0.04100184 0.03020625 -0.04239426
v 0.04099290 0.03061365 -0.04236185
v 0.04132759 0.03040751 -0.04230328
v 0.04200484 0.03000000 -0.04208046
v 0.04167070 0.03020651 -0.04220809
v 0.04166171 0.03061400 -0.04217565
v 0.04199804 0.03041162 -0.04206491
v 0.04262866 0.03000000 -0.04175325
v 0.04232107 0.03020650 -0.04192380
v 0.04230441 0.03059878 -0.04189672
v 0.04287229 0.03020338 -0.04158761
v 0.04262055 0.03039229 -0.04174014
v 0.04285570 0.03059539 -0.04156085
v 0.04311146 0.03000000 -0.04141393
v 0.04310120 0.03040571 -0.04140102
v 0.04333751 0.03020339 -0.04121748
v 0.04331421 0.03060596 -0.04119443
v 0.04355641 0.03000000 -0.04101453
v 0.04354485 0.03040287 -0.04100311
v 0.04393216 0.03000000 -0.04058838
v 0.04425325 0.03000000 -0.04012866
v 0.04374694 0.03020321 -0.04080442
v 0.04372364 0.03060572 -0.04078141
v 0.04391922 0.03040543 -0.04057821
v 0.04409604 0.03020320 -0.04036028
v 0.04413555 0.03053247 -0.04025929
v 0.04429924 0.03032879 -0.04003149
v 0.04442482 0.03000000 -0.03982829
v 0.04457522 0.03000000 -0.03951678
v 0.04470371 0.03000000 -0.03919561
v 0.04480969 0.03000000 -0.03886633
v 0.04489265 0.03000000 -0.03853051
v 0.04446463 0.03032908 -0.03972682
v 0.04460960 0.03032994 -0.03940861
v 0.04473099 0.03033021 -0.03908389
v 0.04483322 0.03033283 -0.03873663
v 0.04495220 0.03000000 -0.03818976
v 0.04498803 0.03000000 -0.03784571
v 0.04500000 0.03000000 -0.03750000
v 0.04490742 0.03033302 -0.03839798
v 0.04495824 0.03033355 -0.03805193
v 0.04498459 0.03033371 -0.03770624
v 0.04000000 0.03068976 -0.04245219
v 0.04000000 0.03103051 -0.04239265
v 0.04000000 0.03136633 -0.04230969
v 0.04000000 0.03169561 -0.04220371
v 0.04033302 0.03089798 -0.04240742
v 0.04066628 0.03075774 -0.04239713
v 0.04066396 0.03110059 -0.04233196
v 0.04033284 0.03123663 -0.04233322
v 0.04033021 0.03158389 -0.04223099
v 0.04066285 0.03144965 -0.04223911
v 0.04000000 0.03201678 -0.04207522
v 0.04000000 0.03232829 -0.04192482
v 0.04000000 0.03262866 -0.04175325
v 0.04032994 0.03190861 -0.04210959
v 0.04032908 0.03222683 -0.04196464
v 0.04065828 0.03179114 -0.04212152
v 0.04065874 0.03211182 -0.04198400
v 0.04032879 0.03253149 -0.04179924
v 0.04065600 0.03242221 -0.04182465
v 0.04053247 0.03275929 -0.04163555
v 0.04099169 0.03095890 -0.04230594
v 0.04131433 0.03081230 -0.04225528
v 0.04132076 0.03116228 -0.04218025
v 0.04099547 0.03130775 -0.04222216
v 0.04099193 0.03165303 -0.04211341
v 0.04132041 0.03150630 -0.04208122
v 0.04162765 0.03100594 -0.04211940
v 0.04197068 0.03080503 -0.04202420
v 0.04162965 0.03135313 -0.04202916
v 0.04162432 0.03169604 -0.04191418
v 0.04193094 0.03119338 -0.04195503
v 0.04192953 0.03153830 -0.04184863
v 0.04098206 0.03198675 -0.04198201
v 0.04131330 0.03184259 -0.04195871
v 0.04129946 0.03216944 -0.04181334
v 0.04098007 0.03230133 -0.04182936
v 0.04086266 0.03264568 -0.04165406
v 0.04118614 0.03252105 -0.04165179
v 0.04140160 0.03272555 -0.04145056
v 0.04161263 0.03202717 -0.04177668
v 0.04183014 0.03223488 -0.04158116
v 0.04191807 0.03187519 -0.04171956
v 0.04213567 0.03207799 -0.04151508
v 0.04151900 0.03238113 -0.04162588
v 0.04173077 0.03258061 -0.04141726
v 0.04204143 0.03243120 -0.04136288
v 0.04193365 0.03276686 -0.04118856
v 0.04000000 0.03308838 -0.04143216
v 0.04020320 0.03286028 -0.04159604
v 0.04040543 0.03307821 -0.04141922
v 0.04020321 0.03330442 -0.04124694
v 0.04073707 0.03297448 -0.04145085
v 0.04060572 0.03328141 -0.04122363
v 0.04000000 0.03351454 -0.04105641
v 0.04040286 0.03350311 -0.04104485
v 0.04020339 0.03371748 -0.04083751
v 0.04040571 0.03390102 -0.04060120
v 0.04060596 0.03369443 -0.04081421
v 0.04000000 0.03391393 -0.04061146
v 0.04000000 0.03425325 -0.04012866
v 0.04020338 0.03408761 -0.04037229
v 0.04039229 0.03424014 -0.04012055
v 0.04059539 0.03406085 -0.04035570
v 0.04106512 0.03285626 -0.04146324
v 0.04093716 0.03317290 -0.04124893
v 0.04127590 0.03305463 -0.04124717
v 0.04161071 0.03291846 -0.04122669
v 0.04148002 0.03323706 -0.04101155
v 0.04080311 0.03346890 -0.04101023
v 0.04079806 0.03385920 -0.04057728
v 0.04099666 0.03363979 -0.04078003
v 0.04114450 0.03336160 -0.04101991
v 0.04133691 0.03352618 -0.04078310
v 0.04118543 0.03379326 -0.04053413
v 0.04180796 0.03309593 -0.04098519
v 0.04212663 0.03293893 -0.04094096
v 0.04199884 0.03324724 -0.04073420
v 0.04167346 0.03339456 -0.04076749
v 0.04152606 0.03367397 -0.04052871
v 0.04170718 0.03380203 -0.04026227
v 0.04185874 0.03353553 -0.04050751
v 0.04207136 0.03367506 -0.04018392
v 0.04098637 0.03400752 -0.04032256
v 0.04078217 0.03420089 -0.04009629
v 0.04136853 0.03392857 -0.04027370
v 0.04116723 0.03413574 -0.04005602
v 0.04154509 0.03404509 -0.04000000
v 0.04191342 0.03392949 -0.03992856
v 0.04000000 0.03458046 -0.03950484
v 0.04000000 0.03481930 -0.03883202
v 0.04020650 0.03442380 -0.03982107
v 0.04059878 0.03439672 -0.03980441
v 0.04041162 0.03456491 -0.03949803
v 0.04020651 0.03470809 -0.03917070
v 0.04040750 0.03480328 -0.03882759
v 0.04061400 0.03467565 -0.03916171
v 0.04000000 0.03495523 -0.03816762
v 0.04000000 0.03500000 -0.03750000
v 0.04020625 0.03489426 -0.03850184
v 0.04041121 0.03493844 -0.03816536
v 0.04061365 0.03486185 -0.03849290
v 0.04075775 0.03489713 -0.03816628
v 0.04020624 0.03498458 -0.03783371
v 0.04034571 0.03498803 -0.03750000
v 0.04055192 0.03495824 -0.03783355
v 0.04068976 0.03495219 -0.03750000
v 0.04099113 0.03434267 -0.03977131
v 0.04137347 0.03426320 -0.03972232
v 0.04080503 0.03452419 -0.03947068
v 0.04119338 0.03445503 -0.03943094
v 0.04100594 0.03461940 -0.03912765
v 0.04081230 0.03475528 -0.03881433
v 0.04135314 0.03452916 -0.03912964
v 0.04116227 0.03468025 -0.03882075
v 0.04171424 0.03414223 -0.03971433
v 0.04153830 0.03434863 -0.03942953
v 0.04207799 0.03401508 -0.03963567
v 0.04187519 0.03421956 -0.03941807
v 0.04169605 0.03441418 -0.03912432
v 0.04202717 0.03427668 -0.03911262
v 0.04216944 0.03431334 -0.03879946
v 0.04150629 0.03458122 -0.03882041
v 0.04184259 0.03445871 -0.03881330
v 0.04095890 0.03480594 -0.03849169
v 0.04110058 0.03483196 -0.03816396
v 0.04130775 0.03472216 -0.03849547
v 0.04144965 0.03473911 -0.03816285
v 0.04089798 0.03490742 -0.03783302
v 0.04103051 0.03489265 -0.03750000
v 0.04123663 0.03483322 -0.03783283
v 0.04136633 0.03480969 -0.03750000
v 0.04165303 0.03461341 -0.03849193
v 0.04179114 0.03462152 -0.03815828
v 0.04198675 0.03448201 -0.03848206
v 0.04211182 0.03448400 -0.03815874
v 0.04169561 0.03470371 -0.03750000
v 0.04158389 0.03473099 -0.03783021
v 0.04190861 0.03460959 -0.03782994
v 0.04201678 0.03457522 -0.03750000
v 0.04227131 0.03099114 -0.04184267
v 0.04259629 0.03078217 -0.04170089
v 0.04255603 0.03116723 -0.04163574
v 0.04282257 0.03098637 -0.04150752
v 0.04222232 0.03137347 -0.04176320
v 0.04221433 0.03171424 -0.04164223
v 0.04250000 0.03154508 -0.04154509
v 0.04277370 0.03136854 -0.04142857
v 0.04276227 0.03170718 -0.04130203
v 0.04307728 0.03079806 -0.04135920
v 0.04303413 0.03118543 -0.04129326
v 0.04302871 0.03152606 -0.04117397
v 0.04351023 0.03080311 -0.04096890
v 0.04328003 0.03099666 -0.04113979
v 0.04351991 0.03114450 -0.04086160
v 0.04328310 0.03133691 -0.04102618
v 0.04326748 0.03167346 -0.04089456
v 0.04351155 0.03148002 -0.04073706
v 0.04242856 0.03191342 -0.04142949
v 0.04268392 0.03207136 -0.04117506
v 0.04234215 0.03226995 -0.04128968
v 0.04224130 0.03261249 -0.04112649
v 0.04248221 0.03276209 -0.04084806
v 0.04258985 0.03242604 -0.04102236
v 0.04282127 0.03256688 -0.04073289
v 0.04300750 0.03185874 -0.04103553
v 0.04292358 0.03221979 -0.04089488
v 0.04323420 0.03199885 -0.04074724
v 0.04348518 0.03180796 -0.04059593
v 0.04344096 0.03212663 -0.04043893
v 0.04314156 0.03235459 -0.04059621
v 0.04303739 0.03270325 -0.04040976
v 0.04334806 0.03248221 -0.04026209
v 0.04352235 0.03258985 -0.03992604
v 0.04374893 0.03093716 -0.04067289
v 0.04395085 0.03073707 -0.04047448
v 0.04415406 0.03086266 -0.04014568
v 0.04396325 0.03106511 -0.04035626
v 0.04374718 0.03127590 -0.04055463
v 0.04372669 0.03161070 -0.04041846
v 0.04395056 0.03140160 -0.04022555
v 0.04415179 0.03118614 -0.04002105
v 0.04412588 0.03151901 -0.03988113
v 0.04432465 0.03065600 -0.03992221
v 0.04368856 0.03193365 -0.04026686
v 0.04391726 0.03173076 -0.04008061
v 0.04362649 0.03224130 -0.04011249
v 0.04386288 0.03204143 -0.03993120
v 0.04427668 0.03161262 -0.03952717
v 0.04448400 0.03065874 -0.03961182
v 0.04462152 0.03065828 -0.03929114
v 0.04432936 0.03098008 -0.03980133
v 0.04448200 0.03098206 -0.03948675
v 0.04461341 0.03099193 -0.03915303
v 0.04473911 0.03066285 -0.03894965
v 0.04483196 0.03066396 -0.03860059
v 0.04472216 0.03099547 -0.03880775
v 0.04431334 0.03129946 -0.03966944
v 0.04445871 0.03131330 -0.03934259
v 0.04441418 0.03162432 -0.03919604
v 0.04458122 0.03132042 -0.03900629
v 0.04452916 0.03162964 -0.03885313
v 0.04468025 0.03132075 -0.03866228
v 0.04489713 0.03066628 -0.03825774
v 0.04493844 0.03066535 -0.03791121
v 0.04480594 0.03099169 -0.03845890
v 0.04486185 0.03099290 -0.03811365
v 0.04495523 0.03066762 -0.03750000
v 0.04489426 0.03100184 -0.03770626
v 0.04461940 0.03162765 -0.03850594
v 0.04475528 0.03131433 -0.03831230
v 0.04480327 0.03132759 -0.03790750
v 0.04467565 0.03166171 -0.03811400
v 0.04481931 0.03133202 -0.03750000
v 0.04470809 0.03167070 -0.03770651
v 0.04408116 0.03183014 -0.03973489
v 0.04421956 0.03191807 -0.03937519
v 0.04401508 0.03213567 -0.03957799
v 0.04414224 0.03221433 -0.03921424
v 0.04426320 0.03222232 -0.03887347
v 0.04378968 0.03234215 -0.03976995
v 0.04392949 0.03242856 -0.03941342
v 0.04367505 0.03268392 -0.03957136
v 0.04380203 0.03276227 -0.03920718
v 0.04392857 0.03277370 -0.03886853
v 0.04404508 0.03250000 -0.03904508
v 0.04413573 0.03255603 -0.03866723
v 0.04434863 0.03192953 -0.03903830
v 0.04445503 0.03193094 -0.03869338
v 0.04420089 0.03259629 -0.03828217
v 0.04424014 0.03262055 -0.03789230
v 0.04425325 0.03262866 -0.03750000
v 0.04452420 0.03197068 -0.03830503
v 0.04456491 0.03199803 -0.03791162
v 0.04458046 0.03200484 -0.03750000
v 0.04434267 0.03227131 -0.03849114
v 0.04439672 0.03230441 -0.03809878
v 0.04442380 0.03232107 -0.03770649
v 0.04235458 0.03309621 -0.04064156
v 0.04270325 0.03290976 -0.04053739
v 0.04256688 0.03323289 -0.04032127
v 0.04276209 0.03334806 -0.03998221
v 0.04221979 0.03339488 -0.04042358
v 0.04242604 0.03352236 -0.04008985
v 0.04290976 0.03303739 -0.04020325
v 0.04323289 0.03282127 -0.04006688
v 0.04309621 0.03314156 -0.03985459
v 0.04226995 0.03378968 -0.03984215
v 0.04243120 0.03386288 -0.03954143
v 0.04261249 0.03362650 -0.03974130
v 0.04276686 0.03368856 -0.03943365
v 0.04339488 0.03292358 -0.03971979
v 0.04353553 0.03300751 -0.03935874
v 0.04324724 0.03323420 -0.03949885
v 0.04339457 0.03326749 -0.03917346
v 0.04352618 0.03328310 -0.03883690
v 0.04293893 0.03344095 -0.03962663
v 0.04309593 0.03348519 -0.03930796
v 0.04323706 0.03351155 -0.03898002
v 0.04291846 0.03372669 -0.03911071
v 0.04305463 0.03374717 -0.03877590
v 0.04336160 0.03351991 -0.03864450
v 0.04317290 0.03374893 -0.03843716
v 0.04346890 0.03351023 -0.03830311
v 0.04350311 0.03354485 -0.03790287
v 0.04328141 0.03372363 -0.03810572
v 0.04351453 0.03355641 -0.03750000
v 0.04330442 0.03374694 -0.03770321
v 0.04223489 0.03408116 -0.03933014
v 0.04258061 0.03391726 -0.03923076
v 0.04238113 0.03412588 -0.03901901
v 0.04252105 0.03415179 -0.03868615
v 0.04272554 0.03395056 -0.03890160
v 0.04285626 0.03396324 -0.03856511
v 0.04230133 0.03432935 -0.03848008
v 0.04242221 0.03432465 -0.03815600
v 0.04264567 0.03415406 -0.03836266
v 0.04275930 0.03413555 -0.03803247
v 0.04253149 0.03429924 -0.03782879
v 0.04232829 0.03442483 -0.03750000
v 0.04286028 0.03409604 -0.03770320
v 0.04262866 0.03425325 -0.03750000
v 0.04222682 0.03446463 -0.03782909
v 0.04297448 0.03395085 -0.03823707
v 0.04307821 0.03391922 -0.03790543
v 0.04308838 0.03393216 -0.03750000
v 0.04367397 0.03302871 -0.03902606
v 0.04379326 0.03303413 -0.03868543
v 0.04385920 0.03307728 -0.03829806
v 0.04363979 0.03328003 -0.03849665
v 0.04369443 0.03331421 -0.03810596
v 0.04390102 0.03310120 -0.03790571
v 0.04400752 0.03282256 -0.03848637
v 0.04406085 0.03285570 -0.03809539
v 0.04371748 0.03333751 -0.03770338
v 0.04391393 0.03311146 -0.03750000
v 0.04408761 0.03287229 -0.03770338
v 0.02676642 0.01776642 -0.00533939
v 0.02696891 0.01796891 -0.00575000
v 0.02722326 0.01822326 -0.00613067
v 0.02752513 0.01852513 -0.00647487
v 0.02786933 0.01886933 -0.00677674
v 0.02661926 0.01761926 -0.00490587
v 0.02652994 0.01752994 -0.00445684
v 0.02650000 0.01750000 -0.00400000
v 0.02652994 0.01752994 -0.00354316
v 0.02661926 0.01761926 -0.00309413
v 0.02676642 0.01776642 -0.00266061
v 0.02696891 0.01796891 -0.00225000
v 0.02722326 0.01822326 -0.00186933
v 0.02752513 0.01852513 -0.00152513
v 0.02786933 0.01886933 -0.00122326
v 0.02786933 0.02313066 -0.00677674
v 0.02722326 0.02377674 -0.00613067
v 0.02696891 0.02403109 -0.00575000
v 0.02752513 0.02347487 -0.00647487
v 0.02676642 0.02423358 -0.00533939
v 0.02696891 0.02403109 -0.00225000
v 0.02722326 0.02377674 -0.00186933
v 0.02752513 0.02347487 -0.00152513
v 0.02786933 0.02313066 -0.00122326
v 0.02661926 0.02438074 -0.00490587
v 0.02652994 0.02447006 -0.00445684
v 0.02650000 0.02450000 -0.00400000
v 0.02652994 0.02447006 -0.00354316
v 0.02661926 0.02438074 -0.00309413
v 0.02676642 0.02423358 -0.00266061
v 0.02825000 0.01925000 -0.00703109
v 0.02866061 0.01966061 -0.00723358
v 0.02909413 0.02009413 -0.00738074
v 0.02954316 0.02054316 -0.00747006
v 0.03090587 0.02009413 -0.00738074
v 0.03045684 0.02054316 -0.00747006
v 0.03000000 0.02100000 -0.00750000
v 0.02954316 0.02145684 -0.00747006
v 0.03045684 0.02145684 -0.00747006
v 0.03133939 0.01966061 -0.00723358
v 0.03213067 0.01886933 -0.00677674
v 0.03175000 0.01925000 -0.00703109
v 0.03303109 0.01796891 -0.00575000
v 0.03247488 0.01852513 -0.00647487
v 0.03277674 0.01822326 -0.00613067
v 0.03323358 0.01776642 -0.00533939
v 0.02825000 0.01925000 -0.00096891
v 0.02866061 0.01966061 -0.00076642
v 0.02909413 0.02009413 -0.00061926
v 0.02954316 0.02054316 -0.00052994
v 0.03090587 0.02009413 -0.00061926
v 0.03045684 0.02054316 -0.00052994
v 0.03000000 0.02100000 -0.00050000
v 0.02954316 0.02145684 -0.00052994
v 0.03045684 0.02145684 -0.00052994
v 0.03338074 0.01761926 -0.00490587
v 0.03347006 0.01752994 -0.00445684
v 0.03350000 0.01750000 -0.00400000
v 0.03347006 0.01752994 -0.00354316
v 0.03338074 0.01761926 -0.00309413
v 0.03323358 0.01776642 -0.00266061
v 0.03133939 0.01966061 -0.00076642
v 0.03213067 0.01886933 -0.00122326
v 0.03175000 0.01925000 -0.00096891
v 0.03303109 0.01796891 -0.00225000
v 0.03247488 0.01852513 -0.00152513
v 0.03277674 0.01822326 -0.00186933
v 0.02866061 0.02233939 -0.00723358
v 0.02825000 0.02275000 -0.00703109
v 0.02909413 0.02190587 -0.00738074
v 0.03090587 0.02190587 -0.00738074
v 0.03133939 0.02233939 -0.00723358
v 0.03175000 0.02275000 -0.00703109
v 0.03213067 0.02313066 -0.00677674
v 0.03247488 0.02347487 -0.00647487
v 0.03277674 0.02377674 -0.00613067
v 0.03303109 0.02403109 -0.00575000
v 0.03323358 0.02423358 -0.00533939
v 0.02866061 0.02233939 -0.00076642
v 0.02825000 0.02275000 -0.00096891
v 0.02909413 0.02190587 -0.00061926
v 0.03090587 0.02190587 -0.00061926
v 0.03133939 0.02233939 -0.00076642
v 0.03175000 0.02275000 -0.00096891
v 0.03213067 0.02313066 -0.00122326
v 0.03247488 0.02347487 -0.00152513
v 0.03303109 0.02403109 -0.00225000
v 0.03277674 0.02377674 -0.00186933
v 0.03338074 0.02438074 -0.00490587
v 0.03347006 0.02447006 -0.00445684
v 0.03350000 0.02450000 -0.00400000
v 0.03347006 0.02447006 -0.00354316
v 0.03323358 0.02423358 -0.00266061
v 0.03338074 0.02438074 -0.00309413
v 0.02786933 0.03500000 -0.00677674
v 0.02722326 0.03500000 -0.00613067
v 0.02696891 0.03500000 -0.00575000
v 0.02676642 0.03500000 -0.00533939
v 0.02752513 0.03500000 -0.00647487
v 0.02661926 0.03500000 -0.00490587
v 0.02652994 0.03500000 -0.00445684
v 0.02650000 0.03500000 -0.00400000
v 0.02652994 0.03500000 -0.00354316
v 0.02661926 0.03500000 -0.00309413
v 0.02676642 0.03500000 -0.00266061
v 0.02696891 0.03500000 -0.00225000
v 0.02722326 0.03500000 -0.00186933
v 0.02752513 0.03500000 -0.00152513
v 0.02786933 0.03500000 -0.00122326
v 0.02825000 0.03500000 -0.00703109
v 0.02866061 0.03500000 -0.00723358
v 0.02909413 0.03500000 -0.00738074
v 0.02954316 0.03500000 -0.00747006
v 0.03000000 0.03500000 -0.00750000
v 0.03045684 0.03500000 -0.00747006
v 0.03090587 0.03500000 -0.00738074
v 0.03133939 0.03500000 -0.00723358
v 0.03175000 0.03500000 -0.00703109
v 0.03213067 0.03500000 -0.00677674
v 0.03247488 0.03500000 -0.00647487
v 0.03277674 0.03500000 -0.00613067
v 0.03303109 0.03500000 -0.00575000
v 0.03323358 0.03500000 -0.00533939
v 0.02825000 0.03500000 -0.00096891
v 0.02866061 0.03500000 -0.00076642
v 0.02909413 0.03500000 -0.00061926
v 0.02954316 0.03500000 -0.00052994
v 0.03000000 0.03500000 -0.00050000
v 0.03045684 0.03500000 -0.00052994
v 0.03090587 0.03500000 -0.00061926
v 0.03338074 0.03500000 -0.00490587
v 0.03347006 0.03500000 -0.00445684
v 0.03350000 0.03500000 -0.00400000
v 0.03347006 0.03500000 -0.00354316
v 0.03338074 0.03500000 -0.00309413
v 0.03323358 0.03500000 -0.00266061
v 0.03133939 0.03500000 -0.00076642
v 0.03175000 0.03500000 -0.00096891
v 0.03213067 0.03500000 -0.00122326
v 0.03303109 0.03500000 -0.00225000
v 0.03247488 0.03500000 -0.00152513
v 0.03277674 0.03500000 -0.00186933
v 0.04500000 0.01776642 -0.00533939
v 0.04500000 0.01796891 -0.00575000
v 0.04500000 0.01822326 -0.00613067
v 0.04500000 0.01852513 -0.00647487
v 0.04500000 0.01886933 -0.00677674
v 0.04500000 0.01925000 -0.00703109
v 0.04500000 0.01966061 -0.00723358
v 0.04500000 0.02009413 -0.00738074
v 0.04500000 0.02054316 -0.00747006
v 0.04500000 0.02100000 -0.00750000
v 0.04500000 0.02145684 -0.00747006
v 0.04500000 0.01761926 -0.00490587
v 0.04500000 0.01752994 -0.00445684
v 0.04500000 0.01750000 -0.00400000
v 0.04500000 0.01752994 -0.00354316
v 0.04500000 0.01761926 -0.00309413
v 0.04500000 0.01776642 -0.00266061
v 0.04500000 0.01796891 -0.00225000
v 0.04500000 0.01822326 -0.00186933
v 0.04500000 0.01852513 -0.00152513
v 0.04500000 0.01886933 -0.00122326
v 0.04500000 0.01925000 -0.00096891
v 0.04500000 0.01966061 -0.00076642
v 0.04500000 0.02009413 -0.00061926
v 0.04500000 0.02054316 -0.00052994
v 0.04500000 0.02100000 -0.00050000
v 0.04500000 0.02145684 -0.00052994
v 0.04500000 0.02190587 -0.00738074
v 0.04500000 0.02233939 -0.00723358
v 0.04500000 0.02275000 -0.00703109
v 0.04500000 0.02313066 -0.00677674
v 0.04500000 0.02347487 -0.00647487
v 0.04500000 0.02377674 -0.00613067
v 0.04500000 0.02403109 -0.00575000
v 0.04500000 0.02423358 -0.00533939
v 0.04500000 0.02233939 -0.00076642
v 0.04500000 0.02190587 -0.00061926
v 0.04500000 0.02275000 -0.00096891
v 0.04500000 0.02347487 -0.00152513
v 0.04500000 0.02403109 -0.00225000
v 0.04500000 0.02377674 -0.00186933
v 0.04500000 0.02313066 -0.00122326
v 0.04500000 0.02438074 -0.00490587
v 0.04500000 0.02447006 -0.00445684
v 0.04500000 0.02450000 -0.00400000
v 0.04500000 0.02447006 -0.00354316
v 0.04500000 0.02423358 -0.00266061
v 0.04500000 0.02438074 -0.00309413
v 0.00871700 0.00000000 0.01450000
v 0.00871700 0.00045684 0.01452994
v 0.00871700 0.00090587 0.01461926
v 0.00871700 0.00133939 0.01476642
v 0.00871700 0.00175000 0.01496891
v 0.00871700 0.00213067 0.01522326
v 0.00871700 0.00247487 0.01552513
v 0.00871700 0.00277674 0.01586933
v 0.00871700 0.00133939 0.02123358
v 0.00871700 0.00175000 0.02103109
v 0.00871700 0.00213067 0.02077674
v 0.00871700 0.00303109 0.01625000
v 0.00871700 0.00323358 0.01666061
v 0.00871700 0.00338074 0.01709413
v 0.00871700 0.00347006 0.01754316
v 0.00871700 0.00350000 0.01800000
v 0.00871700 0.00347006 0.01845684
v 0.00871700 0.00323358 0.01933939
v 0.00871700 0.00303109 0.01975000
v 0.00871700 0.00247487 0.02047487
v 0.00871700 0.00277674 0.02013066
v 0.00871700 0.00338074 0.01890587
v -0.00000000 0.01034650 0.01450000
v 0.00045684 0.01034650 0.01452994
v 0.00090587 0.01034650 0.01461926
v 0.00133939 0.01034650 0.01476642
v 0.00175000 0.01034650 0.01496891
v 0.00213067 0.01034650 0.01522326
v 0.00247487 0.01034650 0.01552513
v 0.00277674 0.01034650 0.01586933
v 0.00133939 0.01034650 0.02123358
v 0.00175000 0.01034650 0.02103109
v 0.00277674 0.01034650 0.02013066
v 0.00247487 0.01034650 0.02047487
v 0.00213067 0.01034650 0.02077674
v 0.00303109 0.01034650 0.01625000
v 0.00323358 0.01034650 0.01666061
v 0.00338074 0.01034650 0.01709413
v 0.00347006 0.01034650 0.01754316
v 0.00350000 0.01034650 0.01800000
v 0.00347006 0.01034650 0.01845684
v 0.00338074 0.01034650 0.01890587
v 0.00303109 0.01034650 0.01975000
v 0.00323358 0.01034650 0.01933939
v 0.00871700 0.00000000 0.02150000
v 0.00871700 0.00045684 0.02147006
v 0.00871700 0.00090587 0.02138074
v 0.00000000 0.01034650 0.02150000
v 0.00045684 0.01034650 0.02147006
v 0.00090587 0.01034650 0.02138074
v 0.00871700 0.01034650 0.03960000
v 0.01161700 0.01324650 0.04250000
v 0.00133939 0.01966061 0.01476642
v 0.00277674 0.01822326 0.01586933
v 0.00247487 0.01852513 0.01552513
v 0.00175000 0.01925000 0.01496891
v 0.00213067 0.01886933 0.01522326
v 0.00045684 0.02054316 0.01452994
v 0.00090587 0.02009413 0.01461926
v -0.00000000 0.02100000 0.01450000
v 0.00045684 0.02145684 0.01452994
v 0.00133939 0.01966061 0.02123358
v 0.00277674 0.01822326 0.02013066
v 0.00247487 0.01852513 0.02047487
v 0.00175000 0.01925000 0.02103109
v 0.00213067 0.01886933 0.02077674
v 0.00303109 0.01796891 0.01625000
v 0.00323358 0.01776642 0.01666061
v 0.00338074 0.01761926 0.01709413
v 0.00347006 0.01752994 0.01754316
v 0.00350000 0.01750000 0.01800000
v 0.00347006 0.01752994 0.01845684
v 0.00338074 0.01761926 0.01890587
v 0.00303109 0.01796891 0.01975000
v 0.00323358 0.01776642 0.01933939
v 0.00090587 0.02190587 0.01461926
v 0.00133939 0.02233939 0.01476642
v 0.00175000 0.02275000 0.01496891
v 0.00213067 0.02313066 0.01522326
v 0.00247487 0.02347487 0.01552513
v 0.00277674 0.02377674 0.01586933
v 0.00133939 0.02233939 0.02123358
v 0.00175000 0.02275000 0.02103109
v 0.00247487 0.02347487 0.02047487
v 0.00213067 0.02313066 0.02077674
v 0.00277674 0.02377674 0.02013066
v 0.00303109 0.02403109 0.01625000
v 0.00303109 0.02403109 0.01975000
v 0.00323358 0.02423358 0.01666061
v 0.00338074 0.02438074 0.01709413
v 0.00347006 0.02447006 0.01754316
v 0.00350000 0.02450000 0.01800000
v 0.00347006 0.02447006 0.01845684
v 0.00338074 0.02438074 0.01890587
v 0.00323358 0.02423358 0.01933939
v -0.00000000 0.03500000 0.01450000
v 0.00045684 0.03500000 0.01452994
v 0.00090587 0.03500000 0.01461926
v 0.00133939 0.03500000 0.01476642
v 0.00175000 0.03500000 0.01496891
v 0.00213067 0.03500000 0.01522326
v 0.00247487 0.03500000 0.01552513
v 0.00277674 0.03500000 0.01586933
v 0.00133939 0.03500000 0.02123358
v 0.00175000 0.03500000 0.02103109
v 0.00277674 0.03500000 0.02013066
v 0.00247487 0.03500000 0.02047487
v 0.00213067 0.03500000 0.02077674
v 0.00303109 0.03500000 0.01625000
v 0.00323358 0.03500000 0.01666061
v 0.00338074 0.03500000 0.01709413
v 0.00347006 0.03500000 0.01754316
v 0.00350000 0.03500000 0.01800000
v 0.00347006 0.03500000 0.01845684
v 0.00338074 0.03500000 0.01890587
v 0.00303109 0.03500000 0.01975000
v 0.00323358 0.03500000 0.01933939
v 0.00045684 0.02054316 0.02147006
v 0.00090587 0.02009413 0.02138074
v 0.00000000 0.02100000 0.02150000
v 0.00045684 0.02145684 0.02147006
v 0.00090587 0.02190587 0.02138074
v 0.00000000 0.03500000 0.02150000
v 0.00045684 0.03500000 0.02147006
v 0.00090587 0.03500000 0.02138074
v 0.02786933 0.00213067 0.01522326
v 0.02722326 0.00277674 0.01586933
v 0.02752513 0.00247487 0.01552513
v 0.02786933 0.00213067 0.02077674
v 0.02661926 0.00338074 0.01709413
v 0.02652994 0.00347006 0.01754316
v 0.02650000 0.00350000 0.01800000
v 0.02652994 0.00347006 0.01845684
v 0.02696891 0.00303109 0.01625000
v 0.02676642 0.00323358 0.01666061
v 0.02661926 0.00338074 0.01890587
v 0.02676642 0.00323358 0.01933939
v 0.02696891 0.00303109 0.01975000
v 0.02722326 0.00277674 0.02013066
v 0.02752513 0.00247487 0.02047487
v 0.02909413 0.00090587 0.01461926
v 0.02866061 0.00133939 0.01476642
v 0.02825000 0.00175000 0.01496891
v 0.02954316 0.00045684 0.01452994
v 0.03000000 0.00000000 0.01450000
v 0.03045684 0.00045684 0.01452994
v 0.03090587 0.00090587 0.01461926
v 0.03133939 0.00133939 0.01476642
v 0.03175000 0.00175000 0.01496891
v 0.03213067 0.00213067 0.01522326
v 0.03247488 0.00247487 0.01552513
v 0.03277674 0.00277674 0.01586933
v 0.02866061 0.00133939 0.02123358
v 0.02825000 0.00175000 0.02103109
v 0.03133939 0.00133939 0.02123358
v 0.03175000 0.00175000 0.02103109
v 0.03213067 0.00213067 0.02077674
v 0.03303109 0.00303109 0.01625000
v 0.03323358 0.00323358 0.01666061
v 0.03338074 0.00338074 0.01709413
v 0.03347006 0.00347006 0.01754316
v 0.03350000 0.00350000 0.01800000
v 0.03347006 0.00347006 0.01845684
v 0.03303109 0.00303109 0.01975000
v 0.03323358 0.00323358 0.01933939
v 0.03247488 0.00247487 0.02047487
v 0.03277674 0.00277674 0.02013066
v 0.03338074 0.00338074 0.01890587
v 0.04500000 0.00000000 0.01450000
v 0.04500000 0.00045684 0.01452994
v 0.04500000 0.00090587 0.01461926
v 0.04500000 0.00133939 0.01476642
v 0.04500000 0.00175000 0.01496891
v 0.04500000 0.00213067 0.01522326
v 0.04500000 0.00247487 0.01552513
v 0.04500000 0.00277674 0.01586933
v 0.04500000 0.00133939 0.02123358
v 0.04500000 0.00175000 0.02103109
v 0.04500000 0.00213067 0.02077674
v 0.04500000 0.00303109 0.01625000
v 0.04500000 0.00323358 0.01666061
v 0.04500000 0.00338074 0.01709413
v 0.04500000 0.00347006 0.01754316
v 0.04500000 0.00350000 0.01800000
v 0.04500000 0.00347006 0.01845684
v 0.04500000 0.00323358 0.01933939
v 0.04500000 0.00303109 0.01975000
v 0.04500000 0.00247487 0.02047487
v 0.04500000 0.00277674 0.02013066
v 0.04500000 0.00338074 0.01890587
v 0.02909413 0.00090587 0.02138074
v 0.02954316 0.00045684 0.02147006
v 0.03000000 0.00000000 0.02150000
v 0.03045684 0.00045684 0.02147006
v 0.03090587 0.00090587 0.02138074
v 0.04500000 0.00000000 0.02150000
v 0.04500000 0.00045684 0.02147006
v 0.04500000 0.00090587 0.02138074
v 0.02722326 0.01822326 0.01586933
v 0.02752513 0.01852513 0.01552513
v 0.02786933 0.01886933 0.01522326
v 0.02661926 0.01761926 0.01709413
v 0.02652994 0.01752994 0.01754316
v 0.02650000 0.01750000 0.01800000
v 0.02652994 0.01752994 0.01845684
v 0.02696891 0.01796891 0.01625000
v 0.02676642 0.01776642 0.01666061
v 0.02661926 0.01761926 0.01890587
v 0.02676642 0.01776642 0.01933939
v 0.02696891 0.01796891 0.01975000
v 0.02722326 0.01822326 0.02013066
v 0.02752513 0.01852513 0.02047487
v 0.02786933 0.01886933 0.02077674
v 0.02722326 0.02377674 0.01586933
v 0.02786933 0.02313066 0.01522326
v 0.02752513 0.02347487 0.01552513
v 0.02696891 0.02403109 0.01625000
v 0.02696891 0.02403109 0.01975000
v 0.02722326 0.02377674 0.02013066
v 0.02752513 0.02347487 0.02047487
v 0.02786933 0.02313066 0.02077674
v 0.02661926 0.02438074 0.01709413
v 0.02652994 0.02447006 0.01754316
v 0.02650000 0.02450000 0.01800000
v 0.02652994 0.02447006 0.01845684
v 0.02676642 0.02423358 0.01666061
v 0.02661926 0.02438074 0.01890587
v 0.02676642 0.02423358 0.01933939
v 0.02825000 0.01925000 0.01496891
v 0.02866061 0.01966061 0.01476642
v 0.02909413 0.02009413 0.01461926
v 0.02954316 0.02054316 0.01452994
v 0.03045684 0.02054316 0.01452994
v 0.03090587 0.02009413 0.01461926
v 0.03000000 0.02100000 0.01450000
v 0.02954316 0.02145684 0.01452994
v 0.03045684 0.02145684 0.01452994
v 0.03133939 0.01966061 0.01476642
v 0.03213067 0.01886933 0.01522326
v 0.03175000 0.01925000 0.01496891
v 0.03247488 0.01852513 0.01552513
v 0.03277674 0.01822326 0.01586933
v 0.02825000 0.01925000 0.02103109
v 0.02866061 0.01966061 0.02123358
v 0.03303109 0.01796891 0.01625000
v 0.03323358 0.01776642 0.01666061
v 0.03338074 0.01761926 0.01709413
v 0.03347006 0.01752994 0.01754316
v 0.03350000 0.01750000 0.01800000
v 0.03347006 0.01752994 0.01845684
v 0.03133939 0.01966061 0.02123358
v 0.03213067 0.01886933 0.02077674
v 0.03175000 0.01925000 0.02103109
v 0.03303109 0.01796891 0.01975000
v 0.03338074 0.01761926 0.01890587
v 0.03323358 0.01776642 0.01933939
v 0.03247488 0.01852513 0.02047487
v 0.03277674 0.01822326 0.02013066
v 0.02866061 0.02233939 0.01476642
v 0.02825000 0.02275000 0.01496891
v 0.02909413 0.02190587 0.01461926
v 0.03090587 0.02190587 0.01461926
v 0.03133939 0.02233939 0.01476642
v 0.03175000 0.02275000 0.01496891
v 0.03213067 0.02313066 0.01522326
v 0.03247488 0.02347487 0.01552513
v 0.03277674 0.02377674 0.01586933
v 0.02866061 0.02233939 0.02123358
v 0.02825000 0.02275000 0.02103109
v 0.03303109 0.02403109 0.01625000
v 0.03133939 0.02233939 0.02123358
v 0.03175000 0.02275000 0.02103109
v 0.03213067 0.02313066 0.02077674
v 0.03303109 0.02403109 0.01975000
v 0.03247488 0.02347487 0.02047487
v 0.03277674 0.02377674 0.02013066
v 0.03323358 0.02423358 0.01666061
v 0.03338074 0.02438074 0.01709413
v 0.03347006 0.02447006 0.01754316
v 0.03350000 0.02450000 0.01800000
v 0.03347006 0.02447006 0.01845684
v 0.03338074 0.02438074 0.01890587
v 0.03323358 0.02423358 0.01933939
v 0.02722326 0.03500000 0.01586933
v 0.02786933 0.03500000 0.01522326
v 0.02752513 0.03500000 0.01552513
v 0.02661926 0.03500000 0.01709413
v 0.02652994 0.03500000 0.01754316
v 0.02650000 0.03500000 0.01800000
v 0.02652994 0.03500000 0.01845684
v 0.02696891 0.03500000 0.01625000
v 0.02676642 0.03500000 0.01666061
v 0.02661926 0.03500000 0.01890587
v 0.02676642 0.03500000 0.01933939
v 0.02696891 0.03500000 0.01975000
v 0.02722326 0.03500000 0.02013066
v 0.02752513 0.03500000 0.02047487
v 0.02786933 0.03500000 0.02077674
v 0.02825000 0.03500000 0.01496891
v 0.02866061 0.03500000 0.01476642
v 0.02909413 0.03500000 0.01461926
v 0.02954316 0.03500000 0.01452994
v 0.03000000 0.03500000 0.01450000
v 0.03045684 0.03500000 0.01452994
v 0.03090587 0.03500000 0.01461926
v 0.03133939 0.03500000 0.01476642
v 0.03175000 0.03500000 0.01496891
v 0.03213067 0.03500000 0.01522326
v 0.03247488 0.03500000 0.01552513
v 0.03277674 0.03500000 0.01586933
v 0.02825000 0.03500000 0.02103109
v 0.02866061 0.03500000 0.02123358
v 0.03303109 0.03500000 0.01625000
v 0.03323358 0.03500000 0.01666061
v 0.03338074 0.03500000 0.01709413
v 0.03347006 0.03500000 0.01754316
v 0.03350000 0.03500000 0.01800000
v 0.03347006 0.03500000 0.01845684
v 0.03133939 0.03500000 0.02123358
v 0.03175000 0.03500000 0.02103109
v 0.03213067 0.03500000 0.02077674
v 0.03303109 0.03500000 0.01975000
v 0.03338074 0.03500000 0.01890587
v 0.03323358 0.03500000 0.01933939
v 0.03247488 0.03500000 0.02047487
v 0.03277674 0.03500000 0.02013066
v 0.04500000 0.01822326 0.01586933
v 0.04500000 0.01852513 0.01552513
v 0.04500000 0.01886933 0.01522326
v 0.04500000 0.01925000 0.01496891
v 0.04500000 0.01966061 0.01476642
v 0.04500000 0.02054316 0.01452994
v 0.04500000 0.02009413 0.01461926
v 0.04500000 0.02100000 0.01450000
v 0.04500000 0.02145684 0.01452994
v 0.04500000 0.01796891 0.01625000
v 0.04500000 0.01776642 0.01666061
v 0.04500000 0.01761926 0.01709413
v 0.04500000 0.01752994 0.01754316
v 0.04500000 0.01750000 0.01800000
v 0.04500000 0.01752994 0.01845684
v 0.04500000 0.01761926 0.01890587
v 0.04500000 0.01776642 0.01933939
v 0.04500000 0.01796891 0.01975000
v 0.04500000 0.01822326 0.02013066
v 0.04500000 0.01852513 0.02047487
v 0.04500000 0.01886933 0.02077674
v 0.04500000 0.01925000 0.02103109
v 0.04500000 0.01966061 0.02123358
v 0.04500000 0.02190587 0.01461926
v 0.04500000 0.02233939 0.01476642
v 0.04500000 0.02275000 0.01496891
v 0.04500000 0.02313066 0.01522326
v 0.04500000 0.02347487 0.01552513
v 0.04500000 0.02377674 0.01586933
v 0.04500000 0.02403109 0.01625000
v 0.04500000 0.02233939 0.02123358
v 0.04500000 0.02275000 0.02103109
v 0.04500000 0.02403109 0.01975000
v 0.04500000 0.02347487 0.02047487
v 0.04500000 0.02313066 0.02077674
v 0.04500000 0.02377674 0.02013066
v 0.04500000 0.02423358 0.01666061
v 0.04500000 0.02438074 0.01709413
v 0.04500000 0.02447006 0.01754316
v 0.04500000 0.02450000 0.01800000
v 0.04500000 0.02447006 0.01845684
v 0.04500000 0.02438074 0.01890587
v 0.04500000 0.02423358 0.01933939
v 0.02909413 0.02009413 0.02138074
v 0.02954316 0.02054316 0.02147006
v 0.03090587 0.02009413 0.02138074
v 0.03045684 0.02054316 0.02147006
v 0.03000000 0.02100000 0.02150000
v 0.02954316 0.02145684 0.02147006
v 0.03045684 0.02145684 0.02147006
v 0.02909413 0.02190587 0.02138074
v 0.03090587 0.02190587 0.02138074
v 0.02909413 0.03500000 0.02138074
v 0.02954316 0.03500000 0.02147006
v 0.03000000 0.03500000 0.02150000
v 0.03045684 0.03500000 0.02147006
v 0.03090587 0.03500000 0.02138074
v 0.04500000 0.02009413 0.02138074
v 0.04500000 0.02054316 0.02147006
v 0.04500000 0.02100000 0.02150000
v 0.04500000 0.02145684 0.02147006
v 0.04500000 0.02190587 0.02138074
v 0.04000000 0.03000000 0.04250000
v 0.04000000 0.03034571 0.04248803
v 0.04066762 0.03000000 0.04245523
v 0.04033371 0.03020624 0.04248459
v 0.04033355 0.03055193 0.04245824
v 0.04066535 0.03041121 0.04243844
v 0.04133203 0.03000000 0.04231931
v 0.04100184 0.03020625 0.04239426
v 0.04099290 0.03061365 0.04236185
v 0.04132759 0.03040751 0.04230328
v 0.04200484 0.03000000 0.04208046
v 0.04167070 0.03020651 0.04220809
v 0.04166171 0.03061400 0.04217565
v 0.04199804 0.03041162 0.04206491
v 0.04500000 0.03000000 0.03750000
v 0.04498803 0.03000000 0.03784571
v 0.04495220 0.03000000 0.03818976
v 0.04498459 0.03033371 0.03770624
v 0.04495824 0.03033355 0.03805193
v 0.04490742 0.03033302 0.03839798
v 0.04489265 0.03000000 0.03853051
v 0.04480969 0.03000000 0.03886633
v 0.04442482 0.03000000 0.03982829
v 0.04457522 0.03000000 0.03951678
v 0.04470371 0.03000000 0.03919561
v 0.04483322 0.03033283 0.03873663
v 0.04473099 0.03033021 0.03908389
v 0.04460960 0.03032994 0.03940861
v 0.04446463 0.03032908 0.03972682
v 0.04355641 0.03000000 0.04101453
v 0.04354485 0.03040287 0.04100311
v 0.04262866 0.03000000 0.04175325
v 0.04287229 0.03020338 0.04158761
v 0.04262055 0.03039229 0.04174014
v 0.04285570 0.03059539 0.04156085
v 0.04232107 0.03020650 0.04192380
v 0.04230441 0.03059878 0.04189672
v 0.04311146 0.03000000 0.04141393
v 0.04310120 0.03040571 0.04140102
v 0.04333751 0.03020339 0.04121748
v 0.04331421 0.03060596 0.04119443
v 0.04425325 0.03000000 0.04012866
v 0.04393216 0.03000000 0.04058838
v 0.04409604 0.03020320 0.04036028
v 0.04413555 0.03053247 0.04025929
v 0.04374694 0.03020321 0.04080442
v 0.04372364 0.03060572 0.04078141
v 0.04391922 0.03040543 0.04057821
v 0.04429924 0.03032879 0.04003149
v 0.04000000 0.03068976 0.04245219
v 0.04000000 0.03103051 0.04239265
v 0.04000000 0.03136633 0.04230969
v 0.04000000 0.03169561 0.04220371
v 0.04033302 0.03089798 0.04240742
v 0.04066628 0.03075774 0.04239713
v 0.04066396 0.03110059 0.04233196
v 0.04033284 0.03123663 0.04233322
v 0.04033021 0.03158389 0.04223099
v 0.04066285 0.03144965 0.04223911
v 0.04000000 0.03201678 0.04207522
v 0.04000000 0.03262866 0.04175325
v 0.04000000 0.03232829 0.04192482
v 0.04032994 0.03190861 0.04210959
v 0.04032908 0.03222683 0.04196464
v 0.04065828 0.03179114 0.04212152
v 0.04065874 0.03211182 0.04198400
v 0.04032879 0.03253149 0.04179924
v 0.04065600 0.03242221 0.04182465
v 0.04053247 0.03275929 0.04163555
v 0.04099169 0.03095890 0.04230594
v 0.04131433 0.03081230 0.04225528
v 0.04132076 0.03116228 0.04218025
v 0.04099547 0.03130775 0.04222216
v 0.04099193 0.03165303 0.04211341
v 0.04132041 0.03150630 0.04208122
v 0.04162765 0.03100594 0.04211940
v 0.04197068 0.03080503 0.04202420
v 0.04162965 0.03135313 0.04202916
v 0.04162432 0.03169604 0.04191418
v 0.04193094 0.03119338 0.04195503
v 0.04192953 0.03153830 0.04184863
v 0.04129946 0.03216944 0.04181334
v 0.04098206 0.03198675 0.04198201
v 0.04131330 0.03184259 0.04195871
v 0.04098007 0.03230133 0.04182936
v 0.04086266 0.03264568 0.04165406
v 0.04118614 0.03252105 0.04165179
v 0.04140160 0.03272555 0.04145056
v 0.04161263 0.03202717 0.04177668
v 0.04183014 0.03223488 0.04158116
v 0.04191807 0.03187519 0.04171956
v 0.04213567 0.03207799 0.04151508
v 0.04151900 0.03238113 0.04162588
v 0.04173077 0.03258061 0.04141726
v 0.04204143 0.03243120 0.04136288
v 0.04193365 0.03276686 0.04118856
v 0.04000000 0.03500000 0.03750000
v 0.04000000 0.03495523 0.03816762
v 0.04034571 0.03498803 0.03750000
v 0.04020624 0.03498458 0.03783371
v 0.04068976 0.03495219 0.03750000
v 0.04055192 0.03495824 0.03783355
v 0.04041121 0.03493844 0.03816536
v 0.04020625 0.03489426 0.03850184
v 0.04075775 0.03489713 0.03816628
v 0.04061365 0.03486185 0.03849290
v 0.04000000 0.03481930 0.03883202
v 0.04000000 0.03458046 0.03950484
v 0.04020650 0.03442380 0.03982107
v 0.04059878 0.03439672 0.03980441
v 0.04020651 0.03470809 0.03917070
v 0.04040750 0.03480328 0.03882759
v 0.04061400 0.03467565 0.03916171
v 0.04041162 0.03456491 0.03949803
v 0.04103051 0.03489265 0.03750000
v 0.04089798 0.03490742 0.03783302
v 0.04136633 0.03480969 0.03750000
v 0.04123663 0.03483322 0.03783283
v 0.04110058 0.03483196 0.03816396
v 0.04095890 0.03480594 0.03849169
v 0.04130775 0.03472216 0.03849547
v 0.04144965 0.03473911 0.03816285
v 0.04169561 0.03470371 0.03750000
v 0.04158389 0.03473099 0.03783021
v 0.04201678 0.03457522 0.03750000
v 0.04190861 0.03460959 0.03782994
v 0.04179114 0.03462152 0.03815828
v 0.04165303 0.03461341 0.03849193
v 0.04211182 0.03448400 0.03815874
v 0.04198675 0.03448201 0.03848206
v 0.04099113 0.03434267 0.03977131
v 0.04137347 0.03426320 0.03972232
v 0.04100594 0.03461940 0.03912765
v 0.04081230 0.03475528 0.03881433
v 0.04116227 0.03468025 0.03882075
v 0.04135314 0.03452916 0.03912964
v 0.04080503 0.03452419 0.03947068
v 0.04119338 0.03445503 0.03943094
v 0.04169605 0.03441418 0.03912432
v 0.04216944 0.03431334 0.03879946
v 0.04202717 0.03427668 0.03911262
v 0.04171424 0.03414223 0.03971433
v 0.04153830 0.03434863 0.03942953
v 0.04207799 0.03401508 0.03963567
v 0.04187519 0.03421956 0.03941807
v 0.04150629 0.03458122 0.03882041
v 0.04184259 0.03445871 0.03881330
v 0.04000000 0.03351454 0.04105641
v 0.04040286 0.03350311 0.04104485
v 0.04020339 0.03371748 0.04083751
v 0.04040571 0.03390102 0.04060120
v 0.04060596 0.03369443 0.04081421
v 0.04000000 0.03308838 0.04143216
v 0.04040543 0.03307821 0.04141922
v 0.04020320 0.03286028 0.04159604
v 0.04020321 0.03330442 0.04124694
v 0.04073707 0.03297448 0.04145085
v 0.04060572 0.03328141 0.04122363
v 0.04000000 0.03425325 0.04012866
v 0.04000000 0.03391393 0.04061146
v 0.04020338 0.03408761 0.04037229
v 0.04039229 0.03424014 0.04012055
v 0.04059539 0.03406085 0.04035570
v 0.04148002 0.03323706 0.04101155
v 0.04080311 0.03346890 0.04101023
v 0.04079806 0.03385920 0.04057728
v 0.04099666 0.03363979 0.04078003
v 0.04133691 0.03352618 0.04078310
v 0.04114450 0.03336160 0.04101991
v 0.04118543 0.03379326 0.04053413
v 0.04180796 0.03309593 0.04098519
v 0.04212663 0.03293893 0.04094096
v 0.04199884 0.03324724 0.04073420
v 0.04170718 0.03380203 0.04026227
v 0.04185874 0.03353553 0.04050751
v 0.04207136 0.03367506 0.04018392
v 0.04167346 0.03339456 0.04076749
v 0.04152606 0.03367397 0.04052871
v 0.04106512 0.03285626 0.04146324
v 0.04093716 0.03317290 0.04124893
v 0.04127590 0.03305463 0.04124717
v 0.04161071 0.03291846 0.04122669
v 0.04098637 0.03400752 0.04032256
v 0.04078217 0.03420089 0.04009629
v 0.04116723 0.03413574 0.04005602
v 0.04136853 0.03392857 0.04027370
v 0.04154509 0.03404509 0.04000000
v 0.04191342 0.03392949 0.03992856
v 0.04495523 0.03066762 0.03750000
v 0.04489426 0.03100184 0.03770626
v 0.04493844 0.03066535 0.03791121
v 0.04489713 0.03066628 0.03825774
v 0.04486185 0.03099290 0.03811365
v 0.04480594 0.03099169 0.03845890
v 0.04481931 0.03133202 0.03750000
v 0.04470809 0.03167070 0.03770651
v 0.04461940 0.03162765 0.03850594
v 0.04480327 0.03132759 0.03790750
v 0.04475528 0.03131433 0.03831230
v 0.04467565 0.03166171 0.03811400
v 0.04427668 0.03161262 0.03952717
v 0.04461341 0.03099193 0.03915303
v 0.04483196 0.03066396 0.03860059
v 0.04473911 0.03066285 0.03894965
v 0.04472216 0.03099547 0.03880775
v 0.04462152 0.03065828 0.03929114
v 0.04448400 0.03065874 0.03961182
v 0.04448200 0.03098206 0.03948675
v 0.04432936 0.03098008 0.03980133
v 0.04458122 0.03132042 0.03900629
v 0.04452916 0.03162964 0.03885313
v 0.04468025 0.03132075 0.03866228
v 0.04445871 0.03131330 0.03934259
v 0.04431334 0.03129946 0.03966944
v 0.04441418 0.03162432 0.03919604
v 0.04425325 0.03262866 0.03750000
v 0.04424014 0.03262055 0.03789230
v 0.04420089 0.03259629 0.03828217
v 0.04458046 0.03200484 0.03750000
v 0.04452420 0.03197068 0.03830503
v 0.04456491 0.03199803 0.03791162
v 0.04442380 0.03232107 0.03770649
v 0.04439672 0.03230441 0.03809878
v 0.04434267 0.03227131 0.03849114
v 0.04426320 0.03222232 0.03887347
v 0.04421956 0.03191807 0.03937519
v 0.04408116 0.03183014 0.03973489
v 0.04414224 0.03221433 0.03921424
v 0.04401508 0.03213567 0.03957799
v 0.04392857 0.03277370 0.03886853
v 0.04404508 0.03250000 0.03904508
v 0.04413573 0.03255603 0.03866723
v 0.04392949 0.03242856 0.03941342
v 0.04378968 0.03234215 0.03976995
v 0.04380203 0.03276227 0.03920718
v 0.04367505 0.03268392 0.03957136
v 0.04445503 0.03193094 0.03869338
v 0.04434863 0.03192953 0.03903830
v 0.04351023 0.03080311 0.04096890
v 0.04328003 0.03099666 0.04113979
v 0.04351991 0.03114450 0.04086160
v 0.04328310 0.03133691 0.04102618
v 0.04351155 0.03148002 0.04073706
v 0.04326748 0.03167346 0.04089456
v 0.04259629 0.03078217 0.04170089
v 0.04255603 0.03116723 0.04163574
v 0.04282257 0.03098637 0.04150752
v 0.04227131 0.03099114 0.04184267
v 0.04222232 0.03137347 0.04176320
v 0.04221433 0.03171424 0.04164223
v 0.04250000 0.03154508 0.04154509
v 0.04277370 0.03136854 0.04142857
v 0.04276227 0.03170718 0.04130203
v 0.04307728 0.03079806 0.04135920
v 0.04303413 0.03118543 0.04129326
v 0.04302871 0.03152606 0.04117397
v 0.04224130 0.03261249 0.04112649
v 0.04248221 0.03276209 0.04084806
v 0.04258985 0.03242604 0.04102236
v 0.04282127 0.03256688 0.04073289
v 0.04344096 0.03212663 0.04043893
v 0.04300750 0.03185874 0.04103553
v 0.04323420 0.03199885 0.04074724
v 0.04292358 0.03221979 0.04089488
v 0.04348518 0.03180796 0.04059593
v 0.04303739 0.03270325 0.04040976
v 0.04334806 0.03248221 0.04026209
v 0.04352235 0.03258985 0.03992604
v 0.04314156 0.03235459 0.04059621
v 0.04242856 0.03191342 0.04142949
v 0.04268392 0.03207136 0.04117506
v 0.04234215 0.03226995 0.04128968
v 0.04415406 0.03086266 0.04014568
v 0.04395085 0.03073707 0.04047448
v 0.04396325 0.03106511 0.04035626
v 0.04374893 0.03093716 0.04067289
v 0.04372669 0.03161070 0.04041846
v 0.04415179 0.03118614 0.04002105
v 0.04395056 0.03140160 0.04022555
v 0.04412588 0.03151901 0.03988113
v 0.04374718 0.03127590 0.04055463
v 0.04432465 0.03065600 0.03992221
v 0.04391726 0.03173076 0.04008061
v 0.04368856 0.03193365 0.04026686
v 0.04362649 0.03224130 0.04011249
v 0.04386288 0.03204143 0.03993120
v 0.04351453 0.03355641 0.03750000
v 0.04330442 0.03374694 0.03770321
v 0.04317290 0.03374893 0.03843716
v 0.04350311 0.03354485 0.03790287
v 0.04346890 0.03351023 0.03830311
v 0.04328141 0.03372363 0.03810572
v 0.04226995 0.03378968 0.03984215
v 0.04243120 0.03386288 0.03954143
v 0.04261249 0.03362650 0.03974130
v 0.04276686 0.03368856 0.03943365
v 0.04352618 0.03328310 0.03883690
v 0.04339457 0.03326749 0.03917346
v 0.04353553 0.03300751 0.03935874
v 0.04339488 0.03292358 0.03971979
v 0.04324724 0.03323420 0.03949885
v 0.04323706 0.03351155 0.03898002
v 0.04305463 0.03374717 0.03877590
v 0.04291846 0.03372669 0.03911071
v 0.04336160 0.03351991 0.03864450
v 0.04309593 0.03348519 0.03930796
v 0.04293893 0.03344095 0.03962663
v 0.04232829 0.03442483 0.03750000
v 0.04253149 0.03429924 0.03782879
v 0.04286028 0.03409604 0.03770320
v 0.04262866 0.03425325 0.03750000
v 0.04242221 0.03432465 0.03815600
v 0.04230133 0.03432935 0.03848008
v 0.04275930 0.03413555 0.03803247
v 0.04264567 0.03415406 0.03836266
v 0.04222682 0.03446463 0.03782909
v 0.04308838 0.03393216 0.03750000
v 0.04307821 0.03391922 0.03790543
v 0.04297448 0.03395085 0.03823707
v 0.04252105 0.03415179 0.03868615
v 0.04238113 0.03412588 0.03901901
v 0.04285626 0.03396324 0.03856511
v 0.04272554 0.03395056 0.03890160
v 0.04223489 0.03408116 0.03933014
v 0.04258061 0.03391726 0.03923076
v 0.04391393 0.03311146 0.03750000
v 0.04371748 0.03333751 0.03770338
v 0.04408761 0.03287229 0.03770338
v 0.04385920 0.03307728 0.03829806
v 0.04369443 0.03331421 0.03810596
v 0.04390102 0.03310120 0.03790571
v 0.04363979 0.03328003 0.03849665
v 0.04406085 0.03285570 0.03809539
v 0.04400752 0.03282256 0.03848637
v 0.04379326 0.03303413 0.03868543
v 0.04367397 0.03302871 0.03902606
v 0.04276209 0.03334806 0.03998221
v 0.04256688 0.03323289 0.04032127
v 0.04235458 0.03309621 0.04064156
v 0.04270325 0.03290976 0.04053739
v 0.04242604 0.03352236 0.04008985
v 0.04221979 0.03339488 0.04042358
v 0.04323289 0.03282127 0.04006688
v 0.04290976 0.03303739 0.04020325
v 0.04309621 0.03314156 0.03985459
f 1 2 9
f 2 3 80
f 1 3 2
f 1 46 3
f 5 51 9
f 5 9 8
f 5 53 51
f 5 170 53
f 4 5 8
f 4 170 5
f 4 7 173
f 6 88 7
f 7 88 174
f 2 8 9
f 2 6 8
f 2 80 6
f 6 7 8
f 4 8 7
f 47 111 110
f 10 111 47
f 10 49 11
f 11 49 14
f 10 116 111
f 10 11 116
f 11 12 116
f 14 55 16
f 16 56 19
f 12 17 13
f 13 15 18
f 14 16 17
f 11 14 17
f 15 16 19
f 15 17 16
f 11 17 12
f 13 17 15
f 15 20 18
f 15 19 20
f 21 52 22
f 21 22 25
f 22 52 202
f 23 25 26
f 21 25 23
f 24 26 31
f 23 26 24
f 25 205 206
f 25 206 26
f 26 206 33
f 22 205 25
f 28 32 36
f 27 32 28
f 28 36 29
f 30 221 38
f 31 34 32
f 32 34 37
f 27 31 32
f 24 31 27
f 32 37 36
f 26 33 31
f 31 33 34
f 33 217 34
f 30 37 34
f 30 34 217
f 35 36 37
f 35 37 38
f 30 38 37
f 40 50 42
f 39 40 45
f 39 50 40
f 40 44 48
f 14 49 41
f 41 49 44
f 42 43 44
f 23 43 42
f 41 43 57
f 24 57 43
f 40 42 44
f 41 44 43
f 1 45 46
f 10 47 48
f 40 48 45
f 45 48 47
f 46 47 110
f 45 47 46
f 1 39 45
f 1 9 39
f 10 48 49
f 44 49 48
f 50 51 52
f 21 42 50
f 21 50 52
f 39 51 50
f 9 51 39
f 51 53 52
f 52 53 202
f 21 23 42
f 23 24 43
f 54 55 57
f 54 58 56
f 14 41 55
f 41 57 55
f 16 55 56
f 54 56 55
f 27 54 57
f 24 27 57
f 27 28 54
f 28 58 54
f 56 58 59
f 19 56 59
f 28 29 58
f 61 78 112
f 60 119 63
f 60 61 112
f 60 62 61
f 62 63 69
f 62 69 81
f 60 63 62
f 65 103 69
f 63 119 66
f 63 66 67
f 67 68 71
f 66 132 68
f 66 68 67
f 63 67 69
f 65 69 67
f 65 67 71
f 65 71 70
f 65 70 105
f 70 72 299
f 70 299 107
f 68 137 73
f 68 73 71
f 71 73 72
f 72 73 301
f 64 73 137
f 64 301 73
f 70 71 72
f 74 251 89
f 75 93 76
f 76 93 95
f 74 75 76
f 74 76 254
f 76 95 96
f 76 96 254
f 77 86 80
f 77 82 86
f 3 46 78
f 3 78 79
f 61 85 79
f 77 79 85
f 61 79 78
f 3 79 80
f 77 80 79
f 77 85 83
f 81 83 85
f 81 102 83
f 82 83 84
f 77 83 82
f 83 102 84
f 61 62 85
f 62 81 85
f 86 87 88
f 6 80 86
f 6 86 88
f 82 87 86
f 87 89 88
f 88 89 174
f 74 89 87
f 75 87 82
f 75 82 84
f 75 84 93
f 74 87 75
f 90 91 94
f 91 106 92
f 91 92 99
f 92 106 305
f 92 311 99
f 90 94 93
f 93 94 95
f 94 99 100
f 94 100 95
f 91 99 94
f 95 97 96
f 95 100 97
f 97 100 98
f 99 101 100
f 99 311 101
f 98 100 101
f 98 101 309
f 102 103 104
f 81 103 102
f 69 103 81
f 103 105 104
f 65 105 103
f 84 102 90
f 90 102 104
f 84 90 93
f 90 104 91
f 91 104 106
f 105 107 106
f 104 105 106
f 70 107 105
f 106 107 305
f 108 131 120
f 108 121 109
f 109 121 122
f 108 135 131
f 108 109 135
f 109 149 135
f 113 115 118
f 110 111 113
f 111 115 113
f 110 113 112
f 112 113 117
f 78 110 112
f 114 115 116
f 12 114 116
f 114 121 115
f 115 121 118
f 114 122 121
f 111 116 115
f 60 117 119
f 117 118 120
f 108 120 118
f 113 118 117
f 119 120 145
f 117 120 119
f 60 112 117
f 108 118 121
f 122 128 123
f 123 129 124
f 124 129 130
f 125 150 146
f 122 123 126
f 109 122 126
f 123 125 126
f 123 124 125
f 109 126 149
f 126 146 149
f 125 146 126
f 124 127 125
f 125 127 150
f 12 13 128
f 12 128 114
f 13 129 128
f 13 18 129
f 114 128 122
f 123 128 129
f 18 130 129
f 120 131 145
f 131 133 145
f 132 145 133
f 131 136 133
f 132 133 138
f 134 141 136
f 131 135 136
f 134 135 149
f 133 136 144
f 134 136 135
f 132 138 137
f 133 144 138
f 64 137 139
f 137 138 139
f 138 140 139
f 138 144 140
f 134 152 141
f 140 144 142
f 141 142 144
f 141 143 142
f 141 152 143
f 136 141 144
f 66 119 145
f 66 145 132
f 68 132 137
f 146 147 149
f 146 150 148
f 134 149 147
f 134 147 152
f 146 148 147
f 147 148 153
f 148 151 156
f 148 150 151
f 147 153 152
f 148 156 153
f 143 152 154
f 152 153 154
f 153 155 154
f 153 156 155
f 155 156 157
f 46 110 78
f 159 172 160
f 158 172 159
f 158 159 204
f 161 215 214
f 160 176 163
f 160 163 161
f 159 161 214
f 159 160 161
f 161 162 215
f 162 236 215
f 162 163 183
f 163 180 183
f 161 163 162
f 164 258 165
f 165 258 167
f 165 166 177
f 167 260 189
f 165 167 166
f 166 167 189
f 4 173 171
f 169 171 173
f 169 182 178
f 168 171 169
f 168 169 178
f 170 171 172
f 53 170 158
f 158 170 172
f 4 171 170
f 168 172 171
f 160 172 168
f 173 174 175
f 7 174 173
f 174 250 175
f 169 175 182
f 169 173 175
f 164 175 250
f 164 182 175
f 168 178 176
f 176 178 179
f 177 178 182
f 177 179 178
f 176 179 180
f 179 194 180
f 177 181 179
f 179 181 194
f 160 168 176
f 163 176 180
f 165 177 182
f 164 165 182
f 166 181 177
f 166 188 181
f 180 195 183
f 185 195 186
f 162 184 236
f 162 183 184
f 184 185 187
f 184 237 236
f 184 187 237
f 183 185 184
f 183 195 185
f 166 189 188
f 188 189 192
f 189 277 192
f 188 192 190
f 190 192 193
f 191 192 277
f 191 193 192
f 180 194 195
f 181 197 194
f 181 188 197
f 194 197 196
f 194 196 195
f 186 195 196
f 188 190 197
f 196 197 198
f 190 198 197
f 199 207 200
f 200 207 210
f 199 200 218
f 199 218 216
f 200 225 218
f 22 201 205
f 201 207 205
f 53 158 202
f 201 202 204
f 158 204 202
f 22 202 201
f 201 204 203
f 203 204 214
f 201 203 207
f 203 210 207
f 159 214 204
f 199 206 205
f 199 205 207
f 33 206 216
f 199 216 206
f 208 213 210
f 208 209 213
f 209 233 213
f 211 226 225
f 200 210 211
f 210 213 211
f 200 211 225
f 211 212 226
f 212 240 226
f 211 213 212
f 212 213 233
f 203 214 208
f 208 214 215
f 203 208 210
f 208 215 209
f 209 215 236
f 216 219 217
f 30 217 220
f 217 219 220
f 216 218 219
f 218 224 219
f 219 222 220
f 219 224 222
f 30 220 221
f 220 223 221
f 222 229 223
f 220 222 223
f 33 216 217
f 224 225 227
f 222 224 228
f 224 227 228
f 218 225 224
f 225 226 227
f 226 241 227
f 227 230 228
f 227 241 230
f 222 228 229
f 228 231 229
f 228 230 231
f 230 245 231
f 209 236 232
f 209 232 233
f 232 236 237
f 232 237 238
f 232 235 233
f 232 238 235
f 212 233 234
f 212 234 240
f 233 235 234
f 234 235 239
f 234 242 240
f 234 239 242
f 226 240 241
f 240 243 241
f 230 241 244
f 241 243 244
f 240 242 243
f 242 248 243
f 243 246 244
f 243 248 246
f 230 244 245
f 244 247 245
f 244 246 247
f 246 249 247
f 89 251 250
f 250 251 252
f 251 256 252
f 164 250 252
f 164 252 258
f 252 253 258
f 252 256 253
f 257 267 262
f 254 255 256
f 74 254 251
f 251 254 256
f 96 255 254
f 255 257 256
f 253 256 257
f 255 267 257
f 253 259 258
f 167 258 259
f 253 264 259
f 259 264 261
f 167 259 260
f 259 261 260
f 260 261 278
f 257 262 264
f 262 263 264
f 261 264 263
f 261 263 280
f 262 272 263
f 263 272 281
f 253 257 264
f 89 250 174
f 97 266 265
f 97 98 266
f 265 268 267
f 267 268 271
f 265 266 268
f 266 270 268
f 268 270 274
f 96 265 255
f 96 97 265
f 255 265 267
f 98 269 266
f 266 269 270
f 98 309 269
f 270 333 275
f 269 333 270
f 262 267 271
f 262 271 272
f 268 274 271
f 271 274 273
f 272 273 287
f 271 273 272
f 270 275 274
f 274 275 276
f 273 274 276
f 273 276 290
f 275 337 276
f 276 337 291
f 261 280 278
f 278 282 279
f 279 282 284
f 189 260 277
f 260 278 277
f 277 278 279
f 191 277 279
f 191 279 285
f 279 284 285
f 278 280 282
f 280 283 282
f 263 281 280
f 280 281 283
f 281 288 283
f 282 286 284
f 282 283 286
f 283 288 293
f 283 293 286
f 281 287 288
f 272 287 281
f 273 290 287
f 287 289 288
f 287 290 289
f 288 294 293
f 288 289 294
f 289 295 294
f 276 291 290
f 289 290 292
f 290 291 292
f 291 341 292
f 289 292 295
f 292 296 295
f 292 341 296
f 64 317 297
f 297 317 323
f 297 323 304
f 298 302 303
f 299 300 315
f 72 298 299
f 298 300 299
f 300 316 315
f 298 303 300
f 297 302 301
f 72 301 298
f 298 301 302
f 64 297 301
f 297 304 302
f 305 306 307
f 307 313 311
f 92 305 307
f 92 307 311
f 306 308 307
f 307 308 313
f 309 312 310
f 309 310 332
f 311 313 312
f 101 311 312
f 312 313 314
f 101 312 309
f 310 312 314
f 107 315 305
f 107 299 315
f 305 315 306
f 306 315 316
f 140 319 318
f 318 319 321
f 139 318 317
f 64 139 317
f 139 140 318
f 317 318 322
f 317 322 323
f 318 321 322
f 140 142 319
f 142 320 319
f 143 326 320
f 142 143 320
f 319 320 324
f 319 324 321
f 320 326 325
f 320 325 324
f 143 154 326
f 154 327 326
f 154 155 327
f 155 328 327
f 326 327 329
f 325 326 329
f 327 328 330
f 327 330 329
f 155 157 328
f 328 331 330
f 269 309 332
f 269 332 333
f 310 335 332
f 332 335 334
f 333 334 336
f 332 334 333
f 275 333 336
f 275 336 337
f 334 339 336
f 336 339 338
f 336 338 337
f 337 338 340
f 291 337 340
f 291 340 341
f 340 342 341
f 338 343 340
f 340 343 342
f 296 341 344
f 341 342 344
f 342 345 344
f 249 393 400
f 249 401 393
f 249 402 401
f 331 355 347
f 331 356 355
f 331 543 356
f 249 396 397
f 249 394 398
f 249 398 396
f 249 397 408
f 249 408 409
f 249 409 410
f 249 399 395
f 249 395 394
f 249 400 399
f 331 354 348
f 331 348 349
f 331 349 367
f 331 367 368
f 331 368 369
f 331 369 370
f 331 370 371
f 331 350 352
f 331 347 346
f 331 346 353
f 331 353 350
f 331 352 351
f 331 351 354
f 249 403 402
f 249 3649 403
f 18 20 1264
f 19 1264 20
f 29 36 1279
f 35 1279 36
f 35 38 1278
f 58 1292 59
f 19 59 1293
f 29 1292 58
f 124 130 1328
f 127 1345 150
f 124 1325 127
f 18 1328 130
f 151 1346 156
f 150 1346 151
f 156 1352 157
f 38 221 1420
f 221 223 1420
f 223 229 1428
f 229 231 1430
f 231 245 1430
f 245 247 1453
f 247 249 1455
f 157 1352 328
f 328 1562 331
f 331 1104 543
f 249 410 1461
f 1461 410 411
f 1461 411 412
f 357 356 542
f 358 357 541
f 359 358 533
f 360 359 536
f 361 360 535
f 362 361 537
f 363 362 534
f 364 363 538
f 364 540 365
f 366 365 554
f 357 542 541
f 356 543 542
f 358 541 533
f 359 533 536
f 360 536 535
f 361 535 537
f 362 537 534
f 363 534 538
f 364 538 540
f 365 540 539
f 365 539 554
f 366 554 555
f 366 555 556
f 366 556 557
f 366 557 558
f 413 580 412
f 414 583 413
f 415 581 414
f 416 582 415
f 417 584 416
f 418 585 417
f 419 586 418
f 420 587 419
f 421 588 420
f 422 589 421
f 423 590 422
f 424 591 423
f 415 582 581
f 412 580 594
f 413 583 580
f 412 594 595
f 412 595 596
f 414 581 583
f 416 584 582
f 417 585 584
f 418 586 585
f 419 587 586
f 420 588 587
f 421 589 588
f 422 590 589
f 423 591 590
f 424 592 591
f 331 371 726
f 304 323 2012
f 302 2011 303
f 300 2028 316
f 300 303 2011
f 302 304 2012
f 306 2019 308
f 308 2018 313
f 313 2022 314
f 310 314 2022
f 306 316 2019
f 322 2031 323
f 321 2031 322
f 321 324 2030
f 324 325 2034
f 325 329 2034
f 329 330 2040
f 330 331 2041
f 310 2045 335
f 334 2047 339
f 334 335 2047
f 338 339 2049
f 338 2051 343
f 342 343 2053
f 342 2057 345
f 331 726 727
f 371 372 726
f 372 373 730
f 373 374 729
f 374 375 723
f 375 376 722
f 376 377 724
f 377 378 725
f 378 383 721
f 383 720 731
f 385 733 384
f 720 384 732
f 386 734 385
f 331 727 2041
f 374 723 729
f 723 375 722
f 377 725 724
f 722 376 724
f 725 378 721
f 383 731 721
f 372 730 726
f 730 373 729
f 731 720 732
f 733 732 384
f 385 734 733
f 386 735 734
f 379 366 805
f 379 804 380
f 803 382 380
f 803 388 381
f 803 381 382
f 390 796 391
f 803 389 388
f 803 390 389
f 366 558 806
f 387 799 386
f 391 797 392
f 392 798 387
f 558 559 806
f 559 560 806
f 560 561 806
f 561 562 806
f 562 563 806
f 380 804 803
f 379 805 804
f 366 806 805
f 563 564 806
f 564 569 806
f 569 570 806
f 570 792 806
f 792 571 806
f 573 806 572
f 572 806 571
f 735 386 799
f 391 796 797
f 390 794 793
f 390 795 794
f 390 802 795
f 390 803 802
f 390 793 796
f 392 797 798
f 387 798 799
f 736 735 799
f 737 736 799
f 738 737 799
f 739 738 799
f 740 739 799
f 741 740 799
f 742 741 800
f 743 742 801
f 743 1889 1828
f 741 799 800
f 742 800 801
f 743 801 1889
f 187 4079 237
f 185 4035 187
f 185 186 4035
f 191 4037 193
f 190 193 4038
f 190 4043 198
f 196 198 4044
f 186 196 4044
f 237 4073 238
f 235 238 4077
f 235 4077 239
f 239 4083 242
f 242 4081 248
f 246 248 4081
f 246 4082 249
f 191 285 4039
f 284 4125 285
f 284 286 4124
f 286 293 4126
f 293 294 4135
f 294 295 4135
f 295 296 4137
f 296 344 4328
f 344 345 4329
f 403 869 404
f 404 868 405
f 405 867 406
f 406 873 407
f 407 870 426
f 426 871 427
f 427 872 428
f 428 865 429
f 429 864 430
f 430 874 431
f 405 868 867
f 404 869 868
f 403 3649 869
f 406 867 873
f 407 873 870
f 426 870 871
f 427 871 872
f 428 872 865
f 429 865 864
f 430 864 866
f 430 866 874
f 431 874 875
f 431 875 876
f 431 876 877
f 431 877 878
f 945 424 425
f 945 425 439
f 436 935 437
f 434 938 435
f 431 940 434
f 435 939 436
f 945 433 432
f 945 432 437
f 945 439 438
f 945 438 440
f 945 440 433
f 945 592 424
f 945 593 592
f 945 613 593
f 945 614 613
f 945 615 614
f 945 616 615
f 945 617 616
f 945 619 617
f 945 620 619
f 945 621 620
f 945 622 621
f 945 623 622
f 623 946 618
f 625 948 626
f 624 626 949
f 618 947 625
f 431 878 3721
f 435 938 939
f 434 940 938
f 431 3721 940
f 437 933 932
f 437 937 933
f 437 936 937
f 437 934 936
f 437 935 934
f 436 939 935
f 437 932 941
f 437 941 942
f 437 942 943
f 437 943 944
f 879 3721 878
f 880 3721 879
f 881 3721 880
f 882 3721 881
f 883 3721 882
f 884 3721 883
f 885 3721 884
f 886 3721 885
f 886 3662 3721
f 437 944 945
f 623 945 946
f 618 946 947
f 625 947 948
f 626 948 949
f 1000 1011 1005
f 1000 1005 1006
f 1000 1006 1007
f 1000 1007 3795
f 1000 3795 3796
f 1000 3796 3797
f 1000 1004 1002
f 1000 1002 1003
f 1000 1010 1009
f 1000 1009 1008
f 1000 1003 1010
f 1000 1012 1004
f 1000 1013 1012
f 1000 1008 1011
f 1000 1030 1034
f 1000 1031 1030
f 1000 1032 1031
f 1000 2687 1032
f 1000 2688 2687
f 1000 2689 2688
f 1000 3793 2712
f 1000 1029 1025
f 1000 1028 1029
f 1000 1035 1036
f 1000 1025 1035
f 1000 1036 1037
f 1000 1027 1026
f 1000 1033 1027
f 1000 1026 1028
f 1000 1034 1033
f 1000 1037 1076
f 1016 1050 1017
f 1017 1054 1018
f 1018 1053 1019
f 1019 1051 1020
f 1020 1052 1021
f 1021 1056 1022
f 1022 1055 1023
f 1023 1057 1024
f 1024 3844 3808
f 1017 1050 1054
f 1016 1049 1050
f 1016 1058 1049
f 1016 1059 1058
f 1018 1054 1053
f 1019 1053 1051
f 1020 1051 1052
f 1021 1052 1056
f 1022 1056 1055
f 1023 1055 1057
f 1024 1057 3844
f 1000 1813 1013
f 1813 1014 1013
f 1813 1015 1014
f 1813 1016 1015
f 1000 1073 1074
f 1000 1075 1072
f 1000 1076 1075
f 1000 1072 1073
f 1000 1082 1083
f 1000 1074 1081
f 1000 1081 1082
f 1000 1083 1084
f 1076 1037 1038
f 1076 1038 1039
f 1076 1039 1040
f 1076 1040 1041
f 1076 1041 1042
f 1076 1042 1043
f 1076 1043 1044
f 1044 1045 1077
f 1045 1046 1078
f 1046 1047 1079
f 2699 1080 1047
f 1044 1077 1076
f 1045 1078 1077
f 1046 1079 1078
f 1047 1080 1079
f 2736 1080 2699
f 1000 1084 3530
f 1000 1800 1801
f 1000 1801 1796
f 1000 1796 1797
f 1000 1797 1798
f 1000 1790 1789
f 1000 1791 1790
f 1000 1789 1800
f 1000 1792 1791
f 1000 1793 1792
f 1000 1795 1793
f 1000 1794 1795
f 1000 3530 1794
f 331 1562 1104
f 1461 412 596
f 1461 596 597
f 19 1293 1265
f 18 1264 1263
f 19 1265 1264
f 29 1279 1274
f 38 1420 1280
f 35 1278 1279
f 38 1280 1278
f 59 1292 1293
f 29 1274 1292
f 124 1328 1322
f 124 1322 1325
f 127 1325 1345
f 18 1263 1328
f 150 1345 1346
f 156 1346 1351
f 156 1351 1352
f 223 1428 1423
f 223 1423 1420
f 229 1430 1428
f 245 1453 1430
f 247 1455 1453
f 249 1461 1455
f 328 1352 1559
f 328 1559 1562
f 1461 597 1152
f 543 1103 544
f 545 544 1101
f 546 545 1102
f 547 546 1108
f 548 547 1095
f 549 548 1097
f 550 549 1096
f 551 550 1098
f 551 1099 552
f 553 552 1100
f 543 1104 1103
f 544 1103 1101
f 545 1101 1102
f 546 1102 1108
f 547 1108 1095
f 548 1095 1097
f 549 1097 1096
f 550 1096 1098
f 551 1098 1099
f 552 1099 1100
f 565 553 1100
f 565 1100 566
f 566 1100 567
f 567 1100 568
f 576 1100 577
f 568 1100 574
f 574 1100 575
f 575 1100 576
f 579 1100 573
f 577 1100 578
f 578 1100 579
f 598 1152 597
f 599 1150 598
f 600 1149 599
f 601 1151 600
f 602 1137 601
f 603 1138 602
f 604 1139 603
f 605 1140 604
f 606 1141 605
f 607 1145 606
f 608 1142 607
f 609 1143 608
f 610 1144 609
f 611 1146 610
f 612 1147 611
f 598 1150 1152
f 600 1151 1149
f 599 1149 1150
f 602 1138 1137
f 601 1137 1151
f 603 1139 1138
f 604 1140 1139
f 605 1141 1140
f 606 1145 1141
f 607 1142 1145
f 608 1143 1142
f 609 1144 1143
f 610 1146 1144
f 611 1147 1146
f 612 1148 1147
f 627 1148 612
f 627 1165 1148
f 1562 1105 1104
f 1562 1106 1105
f 1461 1152 1153
f 1461 1153 1154
f 1461 1154 1155
f 1461 1155 1156
f 1461 1156 1157
f 1461 1157 1158
f 1461 1158 1159
f 1461 1159 1160
f 1461 1160 1161
f 1461 1161 1162
f 1461 1162 1613
f 1461 1613 1614
f 1265 1295 1269
f 1269 1296 1270
f 1263 1264 1268
f 1264 1265 1268
f 1263 1268 1266
f 1266 1271 1267
f 1265 1269 1268
f 1268 1269 1271
f 1269 1270 1271
f 1270 1272 1271
f 1266 1268 1271
f 1267 1271 1272
f 1270 1304 1272
f 1272 1304 1273
f 1267 1272 1335
f 1272 1273 1335
f 1273 1336 1335
f 1273 1307 1336
f 1307 1337 1336
f 1274 1279 1275
f 1275 1279 1282
f 1275 1282 1276
f 1277 1280 1420
f 1278 1281 1279
f 1278 1280 1281
f 1277 1281 1280
f 1281 1284 1282
f 1282 1284 1283
f 1279 1281 1282
f 1276 1282 1283
f 1276 1283 1286
f 1277 1284 1281
f 1277 1424 1284
f 1283 1284 1285
f 1283 1285 1288
f 1284 1424 1285
f 1283 1288 1286
f 1286 1288 1287
f 1287 1288 1289
f 1287 1289 1290
f 1285 1438 1288
f 1288 1438 1289
f 1289 1438 1439
f 1289 1439 1291
f 1289 1291 1290
f 1290 1291 1311
f 1291 1442 1311
f 1292 1295 1293
f 1265 1293 1295
f 1274 1275 1292
f 1292 1294 1295
f 1294 1297 1296
f 1269 1295 1296
f 1294 1296 1295
f 1270 1296 1298
f 1296 1297 1298
f 1275 1294 1292
f 1275 1276 1294
f 1276 1297 1294
f 1276 1286 1297
f 1270 1298 1304
f 1298 1301 1304
f 1301 1302 1305
f 1297 1299 1298
f 1286 1299 1297
f 1299 1300 1301
f 1287 1300 1299
f 1298 1299 1301
f 1300 1302 1301
f 1300 1309 1302
f 1302 1303 1306
f 1302 1309 1303
f 1273 1304 1305
f 1301 1305 1304
f 1273 1305 1307
f 1302 1306 1305
f 1305 1306 1307
f 1306 1313 1308
f 1307 1308 1337
f 1306 1308 1307
f 1303 1313 1306
f 1303 1318 1313
f 1286 1287 1299
f 1287 1290 1300
f 1290 1309 1300
f 1290 1311 1309
f 1309 1311 1310
f 1303 1309 1310
f 1303 1310 1318
f 1310 1311 1312
f 1311 1442 1312
f 1313 1318 1315
f 1308 1313 1314
f 1313 1315 1314
f 1314 1315 1388
f 1310 1316 1318
f 1316 1319 1318
f 1310 1312 1316
f 1312 1477 1316
f 1316 1317 1319
f 1316 1477 1317
f 1315 1318 1319
f 1315 1319 1320
f 1315 1320 1388
f 1319 1321 1320
f 1317 1321 1319
f 1317 1482 1321
f 1320 1321 1397
f 1321 1483 1397
f 1322 1328 1329
f 1322 1329 1323
f 1323 1330 1324
f 1322 1326 1325
f 1325 1326 1345
f 1326 1347 1345
f 1323 1327 1326
f 1322 1323 1326
f 1323 1324 1327
f 1324 1331 1327
f 1326 1327 1347
f 1327 1350 1347
f 1327 1331 1350
f 1263 1329 1328
f 1263 1266 1329
f 1266 1330 1329
f 1266 1267 1330
f 1267 1333 1330
f 1323 1329 1330
f 1324 1330 1333
f 1324 1340 1331
f 1331 1340 1332
f 1331 1358 1350
f 1331 1332 1358
f 1332 1360 1358
f 1332 1343 1360
f 1267 1335 1333
f 1333 1335 1334
f 1324 1333 1340
f 1333 1334 1340
f 1334 1341 1340
f 1334 1335 1336
f 1334 1338 1341
f 1334 1336 1338
f 1336 1337 1338
f 1337 1339 1338
f 1338 1339 1342
f 1337 1386 1339
f 1332 1340 1341
f 1332 1341 1343
f 1341 1342 1343
f 1338 1342 1341
f 1342 1372 1344
f 1343 1344 1371
f 1342 1344 1343
f 1339 1372 1342
f 1346 1348 1351
f 1345 1348 1346
f 1345 1347 1348
f 1347 1350 1349
f 1347 1349 1348
f 1348 1349 1353
f 1349 1350 1357
f 1349 1357 1354
f 1351 1355 1352
f 1348 1353 1351
f 1349 1354 1353
f 1351 1353 1355
f 1353 1356 1355
f 1353 1354 1356
f 1354 1364 1356
f 1357 1359 1363
f 1350 1358 1357
f 1358 1360 1359
f 1357 1358 1359
f 1359 1361 1366
f 1343 1371 1360
f 1360 1371 1361
f 1359 1360 1361
f 1361 1362 1367
f 1361 1371 1362
f 1354 1357 1363
f 1354 1363 1364
f 1363 1365 1364
f 1363 1366 1365
f 1365 1366 1369
f 1359 1366 1363
f 1361 1367 1366
f 1362 1368 1367
f 1366 1367 1369
f 1367 1370 1369
f 1367 1368 1370
f 1368 1376 1370
f 1344 1377 1371
f 1362 1371 1377
f 1362 1378 1368
f 1308 1386 1337
f 1339 1386 1373
f 1344 1372 1374
f 1339 1373 1372
f 1372 1373 1375
f 1372 1375 1374
f 1374 1375 1380
f 1375 1391 1380
f 1344 1374 1377
f 1374 1379 1377
f 1362 1377 1378
f 1377 1379 1378
f 1378 1379 1382
f 1374 1380 1379
f 1379 1380 1381
f 1379 1381 1382
f 1380 1402 1381
f 1368 1378 1383
f 1378 1382 1383
f 1368 1383 1376
f 1376 1383 1575
f 1382 1384 1383
f 1383 1384 1575
f 1382 1385 1384
f 1381 1385 1382
f 1381 1405 1385
f 1384 1385 1578
f 1385 1407 1578
f 1308 1314 1386
f 1314 1387 1386
f 1373 1386 1387
f 1373 1387 1390
f 1387 1389 1390
f 1314 1388 1387
f 1387 1388 1389
f 1388 1395 1389
f 1389 1395 1393
f 1373 1390 1375
f 1375 1390 1391
f 1389 1392 1390
f 1390 1392 1391
f 1391 1392 1403
f 1389 1393 1392
f 1392 1393 1394
f 1392 1394 1403
f 1320 1395 1388
f 1320 1397 1395
f 1395 1397 1396
f 1393 1395 1396
f 1396 1397 1398
f 1397 1483 1398
f 1396 1398 1399
f 1393 1396 1400
f 1393 1400 1394
f 1394 1400 1411
f 1396 1399 1400
f 1398 1513 1399
f 1400 1401 1411
f 1401 1413 1411
f 1399 1401 1400
f 1399 1516 1401
f 1401 1414 1413
f 1401 1516 1414
f 1380 1391 1402
f 1391 1403 1402
f 1402 1403 1404
f 1381 1402 1405
f 1402 1404 1405
f 1394 1408 1403
f 1403 1408 1404
f 1394 1411 1408
f 1404 1408 1409
f 1404 1409 1406
f 1385 1405 1407
f 1405 1406 1407
f 1404 1406 1405
f 1406 1584 1407
f 1408 1412 1409
f 1406 1409 1410
f 1409 1416 1410
f 1406 1410 1584
f 1410 1416 1588
f 1408 1411 1412
f 1411 1413 1412
f 1409 1412 1416
f 1412 1417 1416
f 1412 1413 1417
f 1413 1414 1415
f 1413 1415 1417
f 1415 1419 1417
f 1416 1417 1418
f 1416 1418 1588
f 1417 1419 1418
f 1418 1419 1591
f 1277 1420 1421
f 1420 1423 1421
f 1422 1423 1428
f 1421 1423 1422
f 1277 1421 1424
f 1421 1426 1424
f 1424 1426 1425
f 1421 1422 1426
f 1422 1432 1426
f 1425 1426 1427
f 1426 1432 1427
f 1285 1424 1425
f 1422 1428 1429
f 1428 1430 1429
f 1429 1430 1431
f 1430 1453 1431
f 1422 1429 1432
f 1429 1434 1432
f 1432 1434 1433
f 1427 1432 1433
f 1429 1431 1434
f 1431 1457 1434
f 1433 1434 1435
f 1434 1457 1435
f 1425 1427 1436
f 1427 1437 1436
f 1427 1433 1437
f 1436 1437 1440
f 1437 1446 1440
f 1285 1425 1438
f 1425 1436 1438
f 1436 1439 1438
f 1436 1440 1439
f 1291 1439 1441
f 1439 1440 1441
f 1291 1441 1442
f 1312 1442 1471
f 1441 1444 1442
f 1442 1444 1471
f 1440 1443 1441
f 1440 1446 1443
f 1441 1443 1444
f 1443 1451 1444
f 1444 1451 1472
f 1433 1435 1445
f 1433 1445 1437
f 1437 1445 1446
f 1445 1448 1446
f 1435 1447 1445
f 1435 1458 1447
f 1445 1447 1448
f 1447 1463 1448
f 1446 1448 1449
f 1448 1450 1449
f 1448 1463 1450
f 1443 1446 1449
f 1443 1449 1451
f 1449 1452 1451
f 1449 1450 1452
f 1450 1467 1452
f 1431 1453 1454
f 1453 1455 1454
f 1454 1455 1456
f 1455 1461 1456
f 1431 1454 1457
f 1454 1459 1457
f 1435 1457 1458
f 1457 1459 1458
f 1454 1456 1459
f 1456 1462 1459
f 1458 1459 1460
f 1459 1462 1460
f 1447 1458 1464
f 1447 1464 1463
f 1458 1460 1464
f 1460 1469 1464
f 1463 1464 1465
f 1464 1469 1465
f 1450 1463 1466
f 1450 1466 1467
f 1463 1465 1466
f 1465 1470 1466
f 1466 1468 1467
f 1466 1470 1468
f 1444 1472 1471
f 1471 1472 1479
f 1472 1474 1479
f 1451 1452 1473
f 1451 1473 1472
f 1472 1473 1474
f 1473 1476 1474
f 1474 1476 1485
f 1452 1475 1473
f 1452 1467 1475
f 1473 1475 1476
f 1475 1496 1476
f 1476 1496 1489
f 1312 1471 1477
f 1471 1479 1477
f 1477 1479 1478
f 1317 1477 1478
f 1478 1479 1480
f 1474 1480 1479
f 1317 1478 1482
f 1478 1481 1482
f 1478 1480 1481
f 1480 1486 1481
f 1481 1486 1491
f 1321 1482 1483
f 1482 1484 1483
f 1483 1484 1512
f 1481 1484 1482
f 1481 1491 1484
f 1484 1492 1512
f 1484 1491 1492
f 1474 1485 1480
f 1476 1489 1485
f 1480 1485 1486
f 1485 1488 1486
f 1486 1487 1491
f 1486 1488 1487
f 1485 1489 1488
f 1488 1489 1501
f 1487 1488 1490
f 1488 1501 1490
f 1487 1493 1491
f 1491 1493 1492
f 1487 1490 1494
f 1490 1506 1494
f 1492 1493 1520
f 1493 1495 1520
f 1487 1494 1493
f 1493 1494 1495
f 1494 1507 1495
f 1495 1507 1522
f 1467 1497 1475
f 1475 1497 1496
f 1467 1468 1497
f 1468 1499 1497
f 1497 1499 1498
f 1496 1497 1498
f 1496 1498 1502
f 1489 1496 1502
f 1498 1500 1502
f 1489 1502 1501
f 1490 1501 1504
f 1490 1504 1506
f 1501 1502 1503
f 1500 1503 1502
f 1501 1503 1504
f 1504 1508 1506
f 1503 1505 1504
f 1504 1505 1508
f 1494 1506 1507
f 1506 1509 1507
f 1507 1509 1539
f 1506 1508 1509
f 1508 1511 1509
f 1509 1511 1510
f 1509 1510 1539
f 1398 1483 1512
f 1398 1512 1513
f 1512 1514 1513
f 1513 1514 1518
f 1492 1514 1512
f 1492 1520 1514
f 1514 1520 1515
f 1514 1515 1518
f 1399 1513 1516
f 1513 1518 1516
f 1516 1518 1517
f 1414 1516 1517
f 1517 1518 1519
f 1515 1519 1518
f 1517 1519 1529
f 1519 1525 1529
f 1515 1520 1521
f 1495 1521 1520
f 1515 1521 1524
f 1521 1523 1524
f 1495 1522 1521
f 1521 1522 1523
f 1522 1540 1523
f 1515 1524 1519
f 1519 1524 1525
f 1524 1526 1525
f 1523 1526 1524
f 1523 1542 1526
f 1525 1526 1534
f 1526 1543 1534
f 1414 1517 1527
f 1414 1527 1415
f 1517 1529 1527
f 1415 1527 1528
f 1415 1528 1419
f 1527 1529 1530
f 1529 1533 1530
f 1527 1530 1528
f 1528 1530 1532
f 1530 1536 1532
f 1419 1528 1531
f 1528 1532 1531
f 1419 1531 1591
f 1531 1532 1595
f 1532 1537 1595
f 1525 1533 1529
f 1525 1534 1533
f 1530 1533 1536
f 1533 1535 1536
f 1533 1534 1535
f 1534 1549 1535
f 1532 1536 1537
f 1536 1538 1537
f 1535 1538 1536
f 1535 1552 1538
f 1537 1538 1599
f 1538 1553 1599
f 1507 1539 1522
f 1522 1539 1540
f 1539 1541 1540
f 1510 1541 1539
f 1510 1546 1541
f 1541 1546 1547
f 1523 1540 1542
f 1540 1541 1544
f 1541 1547 1544
f 1540 1544 1542
f 1542 1544 1545
f 1526 1542 1543
f 1542 1545 1543
f 1543 1545 1550
f 1544 1547 1548
f 1544 1548 1545
f 1545 1548 1555
f 1545 1555 1550
f 1534 1543 1549
f 1543 1550 1549
f 1535 1549 1552
f 1549 1550 1551
f 1549 1551 1552
f 1550 1555 1556
f 1550 1556 1551
f 1551 1556 1557
f 1538 1552 1553
f 1551 1554 1552
f 1552 1554 1553
f 1553 1554 1603
f 1551 1557 1554
f 1554 1557 1558
f 1554 1558 1603
f 1352 1355 1559
f 1559 1563 1562
f 1355 1356 1560
f 1355 1560 1559
f 1356 1364 1561
f 1356 1561 1560
f 1559 1560 1563
f 1560 1564 1563
f 1560 1561 1564
f 1561 1569 1564
f 1364 1565 1561
f 1364 1365 1565
f 1365 1369 1566
f 1365 1566 1565
f 1561 1565 1569
f 1565 1570 1569
f 1565 1566 1570
f 1566 1571 1570
f 1369 1567 1566
f 1566 1567 1571
f 1369 1370 1567
f 1370 1568 1567
f 1370 1376 1568
f 1567 1572 1571
f 1567 1568 1572
f 1568 1573 1572
f 1376 1574 1568
f 1568 1574 1573
f 1573 1574 1580
f 1376 1575 1574
f 1574 1575 1576
f 1384 1577 1575
f 1575 1577 1576
f 1574 1576 1580
f 1576 1577 1581
f 1384 1578 1577
f 1577 1578 1579
f 1578 1582 1579
f 1577 1579 1581
f 1579 1582 1583
f 1407 1582 1578
f 1407 1584 1582
f 1582 1584 1585
f 1582 1585 1583
f 1584 1586 1585
f 1410 1586 1584
f 1410 1588 1586
f 1586 1588 1590
f 1585 1586 1587
f 1586 1590 1587
f 1588 1589 1590
f 1418 1589 1588
f 1589 1593 1590
f 1418 1591 1589
f 1589 1592 1593
f 1589 1591 1592
f 1591 1594 1592
f 1531 1594 1591
f 1531 1595 1594
f 1592 1594 1597
f 1594 1596 1597
f 1594 1595 1596
f 1595 1598 1596
f 1537 1598 1595
f 1537 1599 1598
f 1596 1598 1601
f 1598 1600 1601
f 1598 1599 1600
f 1599 1602 1600
f 1553 1602 1599
f 1553 1603 1602
f 1602 1603 1604
f 1600 1602 1605
f 1602 1604 1605
f 1558 1606 1603
f 1603 1606 1604
f 1604 1606 1607
f 1562 1107 1106
f 1562 1109 1107
f 1562 1110 1109
f 1562 1111 1110
f 1562 1112 1111
f 1562 1113 1112
f 1562 1114 1113
f 1562 1608 1114
f 1562 1609 1608
f 1562 1610 1609
f 1562 1611 1610
f 1562 1612 1611
f 1562 1129 1612
f 1562 1130 1129
f 1461 1164 1177
f 1461 1177 1176
f 1461 1614 1615
f 1461 1615 1616
f 1461 1616 1617
f 1461 1617 1163
f 1461 1163 1164
f 1461 1176 1716
f 806 573 1100
f 806 1100 1115
f 806 1115 1116
f 806 1116 1117
f 806 1117 1118
f 807 1118 1119
f 808 1119 1120
f 807 806 1118
f 1120 1121 1631
f 1121 1122 1630
f 1135 1644 1136
f 1131 1645 1135
f 1130 1646 1131
f 1122 1123 1629
f 1123 1124 1628
f 1124 1125 1639
f 1125 1126 1640
f 1126 1127 1635
f 1127 1627 1636
f 1627 1128 1637
f 1132 1638 1128
f 1134 1641 1132
f 1133 1642 1134
f 1136 1643 1133
f 808 807 1119
f 809 808 1120
f 810 809 1120
f 811 810 1120
f 812 811 1120
f 812 1120 1631
f 813 812 1632
f 812 1631 1632
f 813 1632 1634
f 813 1634 1633
f 813 1633 2922
f 813 2922 2923
f 1122 1629 1630
f 1629 1123 1628
f 1631 1121 1630
f 1125 1640 1639
f 1628 1124 1639
f 1640 1126 1635
f 1127 1636 1635
f 1636 1627 1637
f 1638 1637 1128
f 1132 1641 1638
f 1134 1642 1641
f 1133 1643 1642
f 1644 1643 1136
f 1645 1644 1135
f 1131 1646 1645
f 1130 1647 1646
f 1562 1647 1130
f 1562 1563 3172
f 1563 1564 3172
f 1564 1569 3177
f 1569 1570 3177
f 1570 1571 3178
f 1571 1572 3180
f 1572 1573 3181
f 1573 1580 3187
f 1576 3187 1580
f 1576 1581 3188
f 1579 3188 1581
f 1579 1583 3194
f 1583 1585 3194
f 1585 1587 3196
f 1587 1590 3201
f 1590 1593 3201
f 1592 3200 1593
f 1592 1597 3206
f 1596 3206 1597
f 1596 1601 3210
f 1600 3212 1601
f 1600 1605 3212
f 1604 3216 1605
f 1604 1607 3218
f 1562 3171 1647
f 624 1707 627
f 627 1707 1165
f 624 1706 1707
f 1165 1707 1166
f 1166 1707 1167
f 1167 1707 1168
f 1168 1707 1169
f 1169 1708 1170
f 1170 1709 1171
f 1171 1710 1172
f 1172 1711 1173
f 1173 1712 1179
f 1179 1713 1174
f 1174 1714 1175
f 1175 1715 1178
f 1176 1178 1716
f 624 949 1700
f 624 1700 1701
f 624 1701 1706
f 950 1700 949
f 951 1699 950
f 952 1702 951
f 953 1704 952
f 954 1705 953
f 950 1699 1700
f 951 1702 1699
f 952 1704 1702
f 953 1705 1704
f 954 1703 1705
f 954 4755 1703
f 1169 1707 1708
f 1170 1708 1709
f 1171 1709 1710
f 1172 1710 1711
f 1173 1711 1712
f 1179 1712 1713
f 1174 1713 1714
f 1175 1714 1715
f 1178 1715 1716
f 1461 1716 1717
f 1461 1717 1718
f 1461 1718 1719
f 1461 1719 1761
f 1461 1761 1762
f 1461 1762 4819
f 1461 4819 4820
f 1461 4820 4821
f 1461 4821 4763
f 1456 1461 5060
f 1456 5063 1462
f 1460 1462 5067
f 1465 1469 5070
f 1465 5071 1470
f 1468 1470 5071
f 1460 5067 1469
f 1468 5111 1499
f 1498 1499 5114
f 1498 5114 1500
f 1500 5117 1503
f 1503 5117 1505
f 1505 5122 1508
f 1508 5122 1511
f 1510 1511 5124
f 1510 5152 1546
f 1546 5152 1547
f 1547 5153 1548
f 1548 5162 1555
f 1555 5163 1556
f 1556 5163 1557
f 1557 5165 1558
f 1558 5165 1606
f 1606 5357 1607
f 1607 5357 1810
f 1813 1059 1016
f 1813 1060 1059
f 3854 1775 1770
f 3854 1769 1768
f 3854 1770 1769
f 3854 1768 1771
f 3854 1773 1774
f 3854 1771 1773
f 3854 1774 1772
f 3854 1772 4828
f 1813 1061 1060
f 1813 1062 1061
f 1813 1063 1062
f 1813 1064 1063
f 1813 1065 1064
f 1813 1066 1065
f 1813 1067 1066
f 1813 1068 1067
f 1813 1069 1068
f 1813 1070 1069
f 1813 1071 1070
f 1813 3854 1071
f 3854 1777 1776
f 3854 1776 1775
f 1813 1777 3854
f 1000 1798 1813
f 1084 1085 3530
f 1085 1086 3530
f 1086 1087 3530
f 1087 1088 3530
f 1088 1089 3530
f 1089 1090 3530
f 1090 1091 3530
f 1091 1092 3530
f 1092 1093 3530
f 1093 1094 3530
f 2746 3530 1094
f 1607 1810 3573
f 1813 1778 1777
f 1813 1779 1778
f 1813 1780 1779
f 1813 1781 1780
f 1813 1782 1781
f 1813 1783 1782
f 1813 1784 1783
f 1813 1785 1784
f 1813 1786 1785
f 1813 1787 1786
f 1813 1788 1787
f 1813 1811 1788
f 1813 1812 1811
f 1813 4871 1812
f 1810 4874 1813
f 1813 1798 1799
f 1813 1799 1802
f 1813 1802 1803
f 1813 1803 1804
f 1813 1804 1805
f 1813 1805 1806
f 1813 1806 1807
f 1813 1807 1808
f 1813 1808 1809
f 1813 1809 1814
f 1813 1814 1815
f 1813 1815 3574
f 1813 3574 3575
f 1813 3575 3576
f 1810 1813 3573
f 1819 1820 1962
f 1820 1821 1969
f 1821 1822 1968
f 1822 1823 1964
f 1823 1824 1963
f 1824 1825 1966
f 1825 1826 1965
f 1826 1835 1967
f 1835 1836 1974
f 1836 1837 1975
f 1838 1976 1837
f 1833 1977 1838
f 1840 1979 1834
f 1834 1978 1833
f 1839 1980 1840
f 323 2032 2012
f 300 2013 2028
f 300 2011 2013
f 302 2012 2016
f 302 2016 2011
f 313 2018 2025
f 308 2019 2018
f 310 2022 2023
f 310 2023 2045
f 313 2025 2022
f 316 2028 2019
f 321 2030 2031
f 323 2031 2032
f 324 2033 2030
f 324 2034 2033
f 329 2039 2034
f 329 2040 2039
f 330 2041 2040
f 335 2045 2047
f 339 2047 2049
f 338 2049 2051
f 343 2051 2053
f 342 2053 2055
f 342 2055 2057
f 2041 727 728
f 2041 728 1816
f 2041 1816 1817
f 2041 1817 1818
f 2041 1818 1819
f 2041 1819 1962
f 1824 1966 1963
f 1966 1825 1965
f 1826 1967 1965
f 1967 1835 1974
f 1836 1975 1974
f 1837 1976 1975
f 1977 1976 1838
f 1978 1977 1833
f 1979 1978 1834
f 1840 1980 1979
f 1839 1981 1980
f 1968 1822 1964
f 1962 1820 1969
f 1821 1968 1969
f 1823 1963 1964
f 1828 1890 1829
f 1829 1891 1827
f 1827 1892 1830
f 1830 1893 1831
f 1831 1894 1832
f 1832 1895 1839
f 1889 1890 1828
f 1829 1890 1891
f 1827 1891 1892
f 1830 1892 1893
f 1831 1893 1894
f 1832 1894 1895
f 1981 1839 1895
f 1982 1895 1896
f 1896 1897 2499
f 1897 1898 2498
f 1898 1906 2497
f 1906 1907 2508
f 1907 1908 2509
f 1908 1909 2510
f 1910 2511 1909
f 1905 2512 1910
f 1982 1981 1895
f 1983 1982 1896
f 1983 1896 2499
f 1897 2498 2499
f 2498 1898 2497
f 1906 2508 2497
f 1908 2510 2509
f 2508 1907 2509
f 2510 1909 2511
f 2512 2511 1910
f 2513 2512 1905
f 2041 1962 1970
f 2041 1970 1971
f 2041 1971 1972
f 2041 1972 1973
f 2041 1973 1989
f 2041 1989 1990
f 2041 1990 1991
f 2041 1991 1992
f 2041 1992 1993
f 2041 1993 1994
f 2041 1994 1995
f 2041 1995 1996
f 2041 1996 1997
f 2010 2012 2032
f 2010 2032 2035
f 2010 2035 2059
f 2011 2016 2014
f 2013 2029 2028
f 2011 2014 2013
f 2013 2015 2029
f 2013 2014 2015
f 2014 2061 2015
f 2010 2016 2012
f 2010 2017 2016
f 2014 2016 2017
f 2014 2017 2061
f 2010 2059 2017
f 2019 2020 2021
f 2018 2019 2021
f 2018 2021 2025
f 2021 2026 2025
f 2020 2073 2021
f 2021 2073 2026
f 2023 2027 2024
f 2023 2024 2046
f 2022 2025 2027
f 2025 2026 2027
f 2026 2077 2027
f 2022 2027 2023
f 2024 2027 2077
f 2019 2028 2029
f 2020 2029 2085
f 2015 2085 2029
f 2019 2029 2020
f 2030 2037 2036
f 2036 2037 2108
f 2031 2035 2032
f 2031 2036 2035
f 2030 2036 2031
f 2035 2036 2107
f 2035 2107 2059
f 2036 2108 2107
f 2030 2033 2037
f 2033 2038 2037
f 2033 2034 2038
f 2034 2042 2038
f 2037 2038 2111
f 2037 2111 2108
f 2038 2042 2112
f 2038 2112 2111
f 2034 2039 2042
f 2039 2043 2042
f 2039 2040 2043
f 2040 2044 2043
f 2042 2043 2122
f 2042 2122 2112
f 2043 2044 2123
f 2043 2123 2122
f 2040 2041 2044
f 2044 2126 2123
f 2023 2046 2045
f 2045 2046 2047
f 2024 2216 2046
f 2046 2216 2048
f 2047 2048 2050
f 2046 2048 2047
f 2047 2050 2049
f 2049 2050 2051
f 2048 2222 2050
f 2050 2222 2052
f 2050 2052 2051
f 2051 2052 2054
f 2051 2054 2053
f 2053 2054 2055
f 2052 2243 2054
f 2054 2056 2055
f 2054 2243 2056
f 2055 2058 2057
f 2055 2056 2058
f 2056 2249 2058
f 2015 2061 2060
f 2015 2060 2085
f 2060 2063 2064
f 2060 2064 2086
f 2017 2062 2061
f 2061 2062 2063
f 2017 2059 2062
f 2059 2109 2062
f 2062 2109 2066
f 2062 2066 2063
f 2060 2061 2063
f 2064 2068 2090
f 2063 2066 2065
f 2066 2115 2067
f 2065 2066 2067
f 2065 2067 2070
f 2067 2136 2070
f 2063 2065 2064
f 2064 2065 2068
f 2065 2070 2068
f 2070 2136 2071
f 2068 2070 2069
f 2068 2069 2094
f 2069 2070 2071
f 2069 2071 2072
f 2071 2141 2072
f 2072 2141 2101
f 2020 2087 2073
f 2026 2073 2078
f 2073 2087 2074
f 2073 2074 2078
f 2074 2075 2080
f 2026 2078 2077
f 2077 2078 2079
f 2024 2077 2076
f 2076 2077 2079
f 2078 2080 2079
f 2079 2080 2083
f 2074 2080 2078
f 2075 2081 2080
f 2080 2081 2083
f 2079 2083 2082
f 2076 2079 2082
f 2082 2083 2084
f 2020 2085 2087
f 2085 2086 2087
f 2086 2088 2087
f 2060 2086 2085
f 2086 2090 2088
f 2064 2090 2086
f 2088 2090 2089
f 2089 2090 2094
f 2068 2094 2090
f 2074 2087 2088
f 2074 2088 2075
f 2075 2088 2089
f 2075 2089 2095
f 2075 2095 2081
f 2081 2092 2083
f 2081 2091 2092
f 2083 2092 2084
f 2084 2092 2229
f 2091 2093 2092
f 2092 2093 2229
f 2093 2106 2232
f 2089 2094 2097
f 2094 2098 2097
f 2097 2098 2099
f 2089 2097 2095
f 2095 2097 2096
f 2096 2097 2099
f 2069 2098 2094
f 2069 2072 2098
f 2096 2099 2104
f 2099 2102 2104
f 2072 2100 2098
f 2098 2100 2099
f 2072 2101 2100
f 2100 2101 2158
f 2101 2177 2158
f 2099 2100 2102
f 2100 2158 2102
f 2081 2095 2091
f 2091 2095 2096
f 2091 2096 2103
f 2091 2103 2093
f 2096 2104 2103
f 2103 2104 2105
f 2102 2160 2104
f 2104 2160 2105
f 2093 2103 2106
f 2103 2105 2106
f 2105 2267 2106
f 2059 2107 2109
f 2107 2110 2109
f 2107 2108 2110
f 2108 2114 2110
f 2109 2110 2115
f 2110 2114 2116
f 2108 2111 2114
f 2111 2113 2114
f 2111 2112 2113
f 2112 2124 2113
f 2113 2124 2118
f 2113 2119 2114
f 2115 2116 2121
f 2116 2119 2117
f 2110 2116 2115
f 2116 2117 2121
f 2117 2137 2121
f 2113 2118 2119
f 2114 2119 2116
f 2118 2120 2119
f 2117 2119 2120
f 2118 2131 2120
f 2066 2109 2115
f 2067 2115 2121
f 2067 2121 2136
f 2112 2122 2124
f 2122 2125 2124
f 2122 2123 2125
f 2123 2127 2125
f 2124 2125 2128
f 2125 2127 2129
f 2123 2126 2127
f 2118 2124 2128
f 2118 2128 2131
f 2125 2129 2128
f 2128 2129 2130
f 2128 2130 2131
f 2129 2133 2130
f 2127 2132 2129
f 2129 2132 2133
f 2117 2134 2137
f 2117 2120 2134
f 2120 2135 2134
f 2120 2131 2135
f 2134 2135 2140
f 2135 2151 2140
f 2121 2137 2136
f 2136 2137 2138
f 2071 2136 2138
f 2137 2139 2138
f 2134 2139 2137
f 2138 2139 2142
f 2071 2138 2141
f 2134 2140 2139
f 2139 2145 2142
f 2138 2142 2141
f 2141 2142 2143
f 2101 2141 2143
f 2142 2144 2143
f 2142 2145 2144
f 2139 2140 2145
f 2140 2146 2145
f 2140 2151 2146
f 2145 2146 2147
f 2146 2168 2147
f 2144 2145 2147
f 2130 2133 2149
f 2131 2148 2135
f 2130 2148 2131
f 2130 2149 2148
f 2135 2148 2151
f 2148 2152 2151
f 2148 2149 2152
f 2149 2153 2152
f 2133 2150 2149
f 2149 2150 2153
f 2151 2152 2154
f 2152 2153 2155
f 2153 2156 2155
f 2146 2151 2154
f 2152 2155 2154
f 2146 2154 2168
f 2154 2169 2168
f 2154 2155 2169
f 2155 2174 2169
f 2155 2156 2174
f 2101 2143 2177
f 2102 2158 2157
f 2157 2158 2159
f 2158 2177 2159
f 2157 2159 2163
f 2105 2160 2161
f 2105 2161 2267
f 2161 2164 2268
f 2102 2157 2160
f 2157 2162 2160
f 2160 2162 2161
f 2157 2163 2162
f 2161 2162 2164
f 2162 2163 2165
f 2163 2188 2165
f 2162 2165 2164
f 2164 2165 2273
f 2165 2188 2191
f 2165 2191 2273
f 2143 2144 2178
f 2144 2166 2178
f 2144 2147 2166
f 2147 2167 2166
f 2147 2168 2167
f 2166 2167 2181
f 2167 2171 2181
f 2168 2169 2170
f 2169 2174 2172
f 2167 2168 2170
f 2169 2172 2170
f 2167 2170 2171
f 2170 2173 2171
f 2170 2172 2173
f 2172 2175 2173
f 2172 2174 2176
f 2172 2176 2175
f 2171 2173 2192
f 2173 2175 2193
f 2143 2178 2177
f 2177 2178 2179
f 2159 2177 2179
f 2166 2180 2178
f 2178 2180 2179
f 2179 2180 2183
f 2159 2179 2182
f 2159 2182 2163
f 2166 2181 2180
f 2180 2181 2185
f 2179 2183 2182
f 2182 2183 2189
f 2183 2186 2189
f 2180 2185 2183
f 2171 2184 2181
f 2181 2184 2185
f 2183 2185 2186
f 2184 2187 2185
f 2185 2187 2186
f 2186 2187 2200
f 2184 2195 2187
f 2187 2195 2201
f 2163 2182 2188
f 2182 2189 2188
f 2188 2189 2190
f 2186 2198 2189
f 2189 2198 2190
f 2188 2190 2191
f 2190 2304 2191
f 2186 2200 2198
f 2187 2201 2200
f 2171 2192 2184
f 2184 2192 2195
f 2173 2193 2192
f 2192 2193 2194
f 2192 2194 2195
f 2193 2197 2194
f 2194 2204 2195
f 2195 2204 2201
f 2194 2205 2204
f 2194 2197 2205
f 2175 2196 2193
f 2193 2196 2197
f 2197 2206 2205
f 2190 2198 2199
f 2198 2202 2199
f 2190 2199 2304
f 2198 2200 2202
f 2200 2203 2202
f 2200 2201 2203
f 2201 2207 2203
f 2199 2202 2308
f 2202 2309 2308
f 2202 2203 2309
f 2203 2209 2309
f 2204 2205 2208
f 2205 2211 2208
f 2205 2206 2211
f 2201 2204 2207
f 2204 2208 2207
f 2208 2211 2213
f 2207 2208 2210
f 2208 2213 2210
f 2203 2207 2209
f 2207 2210 2209
f 2209 2210 2322
f 2210 2213 2215
f 2210 2215 2322
f 2211 2212 2213
f 2212 2214 2213
f 2213 2214 2215
f 2214 2326 2215
f 2024 2076 2216
f 2076 2218 2216
f 2216 2218 2217
f 2048 2217 2222
f 2048 2216 2217
f 2076 2082 2218
f 2082 2219 2218
f 2217 2218 2220
f 2218 2219 2220
f 2217 2220 2223
f 2219 2221 2220
f 2220 2221 2225
f 2082 2084 2219
f 2084 2228 2219
f 2219 2228 2221
f 2217 2223 2222
f 2222 2223 2224
f 2052 2222 2224
f 2052 2224 2243
f 2223 2226 2224
f 2224 2226 2244
f 2220 2225 2223
f 2223 2225 2226
f 2221 2236 2225
f 2225 2236 2227
f 2226 2227 2246
f 2225 2227 2226
f 2221 2231 2236
f 2084 2229 2228
f 2228 2229 2230
f 2093 2232 2229
f 2229 2232 2230
f 2221 2228 2231
f 2228 2230 2231
f 2230 2234 2231
f 2230 2232 2235
f 2106 2233 2232
f 2232 2233 2235
f 2230 2235 2234
f 2233 2263 2235
f 2234 2235 2240
f 2235 2263 2240
f 2231 2238 2236
f 2236 2238 2237
f 2227 2236 2237
f 2227 2237 2253
f 2237 2238 2241
f 2237 2241 2254
f 2231 2234 2238
f 2234 2239 2238
f 2238 2239 2241
f 2234 2240 2239
f 2239 2240 2265
f 2239 2242 2241
f 2241 2242 2257
f 2239 2265 2242
f 2106 2267 2233
f 2056 2243 2245
f 2224 2244 2243
f 2243 2244 2245
f 2244 2247 2245
f 2056 2245 2249
f 2245 2250 2249
f 2245 2247 2250
f 2226 2246 2244
f 2244 2246 2247
f 2246 2248 2247
f 2246 2253 2248
f 2227 2253 2246
f 2247 2251 2250
f 2247 2248 2251
f 2248 2252 2251
f 2237 2254 2253
f 2248 2253 2255
f 2253 2254 2255
f 2254 2256 2255
f 2254 2257 2256
f 2248 2255 2252
f 2252 2255 2260
f 2255 2256 2260
f 2256 2261 2260
f 2241 2257 2254
f 2256 2257 2259
f 2256 2259 2261
f 2242 2258 2257
f 2242 2288 2258
f 2257 2258 2259
f 2259 2262 2261
f 2258 2290 2259
f 2259 2290 2262
f 2240 2263 2264
f 2240 2264 2265
f 2242 2265 2288
f 2264 2266 2265
f 2265 2266 2288
f 2264 2276 2266
f 2233 2267 2269
f 2267 2268 2269
f 2161 2268 2267
f 2233 2269 2263
f 2263 2269 2275
f 2269 2270 2275
f 2268 2270 2269
f 2164 2272 2268
f 2268 2272 2270
f 2270 2277 2275
f 2270 2272 2271
f 2270 2271 2277
f 2164 2273 2272
f 2272 2273 2274
f 2191 2282 2273
f 2273 2282 2274
f 2271 2272 2274
f 2271 2274 2284
f 2263 2275 2264
f 2264 2275 2276
f 2266 2276 2279
f 2266 2279 2289
f 2275 2277 2276
f 2276 2277 2280
f 2271 2278 2277
f 2277 2278 2280
f 2276 2280 2279
f 2279 2280 2294
f 2278 2281 2280
f 2280 2281 2294
f 2271 2284 2278
f 2278 2286 2281
f 2274 2283 2284
f 2274 2282 2283
f 2282 2306 2283
f 2278 2284 2286
f 2284 2285 2286
f 2283 2285 2284
f 2283 2313 2285
f 2285 2313 2314
f 2281 2286 2299
f 2286 2287 2299
f 2285 2287 2286
f 2285 2314 2287
f 2287 2314 2337
f 2258 2288 2291
f 2266 2289 2288
f 2288 2289 2291
f 2258 2291 2290
f 2290 2291 2293
f 2289 2292 2291
f 2291 2292 2293
f 2279 2295 2289
f 2279 2294 2295
f 2281 2296 2294
f 2289 2295 2292
f 2292 2295 2298
f 2295 2297 2298
f 2294 2297 2295
f 2294 2296 2297
f 2296 2302 2297
f 2281 2299 2296
f 2296 2300 2302
f 2287 2301 2299
f 2287 2337 2301
f 2296 2299 2300
f 2299 2301 2300
f 2300 2301 2303
f 2301 2337 2338
f 2301 2338 2303
f 2191 2304 2282
f 2282 2304 2306
f 2304 2305 2306
f 2199 2305 2304
f 2199 2308 2305
f 2305 2308 2310
f 2283 2306 2313
f 2305 2307 2306
f 2306 2307 2313
f 2305 2310 2307
f 2307 2310 2317
f 2308 2309 2311
f 2308 2311 2310
f 2209 2321 2309
f 2309 2321 2311
f 2310 2311 2312
f 2310 2312 2317
f 2311 2323 2312
f 2311 2321 2323
f 2312 2323 2329
f 2307 2315 2313
f 2313 2315 2314
f 2307 2317 2315
f 2314 2315 2316
f 2314 2316 2337
f 2315 2317 2319
f 2315 2319 2316
f 2316 2319 2340
f 2312 2318 2317
f 2317 2318 2319
f 2312 2329 2318
f 2318 2329 2331
f 2318 2320 2319
f 2319 2320 2340
f 2318 2331 2320
f 2320 2331 2345
f 2209 2322 2321
f 2321 2322 2324
f 2215 2325 2322
f 2322 2325 2324
f 2321 2324 2323
f 2323 2324 2330
f 2324 2325 2328
f 2324 2328 2330
f 2215 2326 2325
f 2325 2326 2327
f 2325 2327 2328
f 2327 2334 2328
f 2323 2330 2329
f 2329 2330 2332
f 2328 2333 2330
f 2330 2333 2332
f 2329 2332 2331
f 2331 2332 2346
f 2332 2333 2335
f 2332 2335 2346
f 2328 2334 2333
f 2333 2334 2336
f 2333 2336 2335
f 2335 2336 2350
f 2316 2339 2337
f 2316 2340 2339
f 2337 2339 2338
f 2338 2339 2343
f 2339 2340 2341
f 2339 2341 2343
f 2320 2342 2340
f 2320 2345 2342
f 2340 2342 2341
f 2341 2342 2344
f 2342 2345 2347
f 2342 2347 2344
f 2331 2346 2345
f 2345 2346 2348
f 2335 2349 2346
f 2346 2349 2348
f 2345 2348 2347
f 2347 2348 2353
f 2348 2349 2351
f 2348 2351 2353
f 2335 2350 2349
f 2349 2350 2352
f 2349 2352 2351
f 2351 2352 2354
f 2354 2456 2449
f 2354 2449 2457
f 2354 2457 2458
f 2041 1997 2005
f 2041 2005 2006
f 2354 2453 2452
f 2354 2454 2450
f 2354 2452 2454
f 2354 2464 2453
f 2354 2465 2464
f 2354 2466 2465
f 2354 2451 2455
f 2354 2450 2451
f 2354 2455 2456
f 2354 2458 2459
f 2354 2459 2460
f 2354 2460 2461
f 2354 2461 2834
f 1984 1983 2503
f 1985 1984 2504
f 1986 1985 2505
f 1986 2506 1987
f 1987 2507 1988
f 1988 2524 1999
f 1983 2500 2501
f 1983 2501 2502
f 1983 2502 2503
f 1983 2499 2500
f 1984 2503 2504
f 1985 2504 2505
f 1986 2505 2506
f 1987 2506 2507
f 1988 2507 2524
f 1999 2525 2000
f 2526 2001 2000
f 2001 2527 2003
f 2003 2528 2002
f 2004 2530 1998
f 2002 2529 2004
f 1998 2531 2008
f 1999 2524 2525
f 2525 2526 2000
f 2001 2526 2527
f 2003 2527 2528
f 2002 2528 2529
f 2004 2529 2530
f 1998 2530 2531
f 2008 2531 2539
f 2008 2539 2540
f 3171 2009 2008
f 2041 3171 2044
f 2044 3174 2126
f 2126 3220 2127
f 2127 3221 2132
f 2132 3227 2133
f 2133 3227 2150
f 2150 3247 2153
f 2153 3253 2156
f 2156 3253 2174
f 2174 3319 2176
f 2175 2176 3319
f 2175 3329 2196
f 2196 3330 2197
f 2197 3330 2206
f 2206 3353 2211
f 2211 3354 2212
f 2212 3354 2214
f 2214 3424 2326
f 2326 3424 2327
f 2327 3426 2334
f 2334 3434 2336
f 2336 3457 2350
f 2350 3457 2352
f 2352 3465 2354
f 2041 2006 3171
f 3171 2006 2007
f 3171 2007 2009
f 2354 3465 2466
f 3465 2467 2466
f 3465 2468 2467
f 2468 2642 2469
f 2469 2640 2470
f 2470 2641 2471
f 2471 2643 2472
f 2472 2644 2473
f 2473 2645 2474
f 2474 2646 2475
f 2475 2647 2476
f 2476 2648 2477
f 2477 2649 2478
f 2478 2650 2479
f 2479 2651 2480
f 2480 2652 2481
f 2469 2642 2640
f 2470 2640 2641
f 2471 2641 2643
f 2468 2653 2639
f 2468 2639 2642
f 2468 2654 2653
f 2468 2655 2654
f 2472 2643 2644
f 2473 2644 2645
f 2474 2645 2646
f 2475 2646 2647
f 2476 2647 2648
f 2477 2648 2649
f 2478 2649 2650
f 2479 2650 2651
f 2480 2651 2652
f 2481 2672 2495
f 2495 2673 2494
f 2496 2675 2489
f 2489 2676 2488
f 2494 2674 2496
f 2481 2652 2672
f 2495 2672 2673
f 2494 2673 2674
f 2496 2674 2675
f 2489 2675 2676
f 345 2057 6065
f 1000 2712 2689
f 2712 2690 2689
f 2712 2691 2690
f 2712 2692 2691
f 2712 2693 2692
f 2712 2694 2693
f 2712 2695 2694
f 2712 2696 2695
f 2712 2697 2696
f 2712 2706 2697
f 2712 2707 2706
f 2712 2716 2722
f 2712 2717 2716
f 2712 2718 2717
f 2712 5508 2718
f 2712 2713 2715
f 2712 2714 2713
f 2712 2720 2721
f 2712 2719 2720
f 2712 2721 2714
f 2712 2715 2723
f 2712 2723 2724
f 2712 2724 2725
f 2712 2722 2719
f 2712 2725 2763
f 2736 2699 2700
f 2700 2698 2737
f 2698 2701 2738
f 2701 2702 2739
f 2702 2703 2740
f 2710 2711 2742
f 2703 2710 2741
f 2711 2705 2743
f 2700 2737 2736
f 2698 2738 2737
f 2701 2739 2738
f 2702 2740 2739
f 2703 2741 2740
f 2710 2742 2741
f 2711 2743 2742
f 2705 2744 2743
f 2705 2745 2744
f 2705 2753 2745
f 2705 2754 2753
f 2705 2755 2754
f 2712 3579 2707
f 3579 2709 2708
f 3579 2704 2709
f 3579 2708 2707
f 3579 2705 2704
f 2763 2725 2726
f 2763 2726 2727
f 2712 2762 2761
f 2712 2765 2766
f 2712 2763 2765
f 2712 2766 2762
f 2763 2727 2728
f 2763 2728 2729
f 2763 2729 2730
f 2763 2730 2731
f 2763 2731 2732
f 2733 2764 2732
f 2734 2768 2733
f 2735 2767 2734
f 2735 5521 2769
f 2712 2761 2770
f 2712 2770 2771
f 2712 2771 2772
f 2763 2732 2764
f 2733 2768 2764
f 2734 2767 2768
f 2735 2769 2767
f 5521 5558 2769
f 2712 2772 3579
f 2057 2058 6066
f 2058 2249 6066
f 2249 2250 6115
f 2250 2251 6115
f 2251 2252 6116
f 2262 2290 6126
f 2252 2260 6117
f 2260 2261 6125
f 2261 2262 6126
f 2290 2293 6161
f 2292 6164 2293
f 2292 2298 6167
f 2297 6167 2298
f 2297 2302 6172
f 2300 6172 2302
f 2300 2303 6173
f 2303 2338 6204
f 2338 2343 6204
f 2341 6207 2343
f 2341 2344 6207
f 2344 2347 6212
f 2351 2354 6211
f 2347 2353 6212
f 2351 6216 2353
f 2354 2834 2835
f 2354 2835 5631
f 2354 5631 5632
f 2462 2834 2461
f 2463 2833 2462
f 2482 2839 2463
f 2483 2836 2482
f 2484 2837 2483
f 2485 2838 2484
f 2486 2831 2485
f 2487 2830 2486
f 2490 2832 2487
f 2491 2840 2490
f 2492 2841 2491
f 2493 2842 2492
f 2488 2843 2493
f 2462 2833 2834
f 2482 2836 2839
f 2483 2837 2836
f 2484 2838 2837
f 2463 2839 2833
f 2485 2831 2838
f 2486 2830 2831
f 2487 2832 2830
f 2490 2840 2832
f 2491 2841 2840
f 2492 2842 2841
f 2493 2843 2842
f 2488 2844 2843
f 2488 2676 2899
f 2678 2899 2676
f 2679 2908 2678
f 2680 2909 2679
f 2681 2910 2680
f 2682 2911 2681
f 2677 2912 2682
f 2488 2899 2844
f 2844 2900 2845
f 2845 2904 2846
f 2846 2903 2847
f 2847 2901 2848
f 2848 2902 2849
f 2849 2906 2850
f 2850 2905 2851
f 2851 2907 2852
f 2852 5704 5644
f 2845 2900 2904
f 2844 2899 2900
f 2846 2904 2903
f 2847 2903 2901
f 2848 2901 2902
f 2849 2902 2906
f 2850 2906 2905
f 2851 2905 2907
f 2852 2907 5704
f 2678 2908 2899
f 2679 2909 2908
f 2909 2680 2910
f 2681 2911 2910
f 2682 2912 2911
f 2677 2913 2912
f 2677 2914 2913
f 813 2923 2924
f 813 2924 2925
f 813 2925 2926
f 813 2926 2927
f 813 2927 2928
f 813 2928 2929
f 813 2929 2933
f 1901 3005 1902
f 1902 3004 1903
f 1903 2995 1904
f 1911 2997 1913
f 1912 2999 1905
f 1913 2998 1912
f 1904 2996 1911
f 815 3008 1899
f 1899 3007 1900
f 1900 3006 1901
f 813 2933 2934
f 813 2934 2935
f 1903 3004 2995
f 1904 2995 2996
f 2513 1905 2999
f 1912 2998 2999
f 1911 2996 2997
f 1913 2997 2998
f 3171 814 813
f 3171 815 814
f 1899 3008 3007
f 1900 3007 3006
f 815 3009 3008
f 815 3010 3009
f 815 3011 3010
f 815 3012 3011
f 815 3013 3012
f 1901 3006 3005
f 1902 3005 3004
f 815 3014 3013
f 3171 813 2935
f 3171 3014 815
f 3171 2932 2931
f 3171 2940 2942
f 3171 2942 2941
f 3171 2941 2932
f 3171 2935 2936
f 3171 2936 2937
f 3171 2938 2943
f 3171 2937 2938
f 3171 2939 2940
f 3171 2943 2939
f 3171 1648 1647
f 3171 1693 1648
f 3171 1694 1693
f 3171 2987 1694
f 3171 2988 2987
f 3171 2989 2988
f 3171 2930 2989
f 3171 2931 2930
f 1562 3172 3171
f 1564 3173 3172
f 1564 3177 3173
f 1570 3178 3177
f 1571 3179 3178
f 1571 3180 3179
f 1572 3181 3180
f 1573 3187 3181
f 1576 3189 3187
f 1576 3188 3189
f 1579 3191 3188
f 1579 3194 3191
f 1585 3197 3194
f 1585 3196 3197
f 1587 3201 3196
f 1593 3200 3201
f 1592 3204 3200
f 1592 3206 3204
f 1596 3208 3206
f 1596 3210 3208
f 1601 3212 3210
f 1605 3214 3212
f 1605 3216 3214
f 1604 3218 3216
f 1607 3573 3218
f 2514 2513 2999
f 2515 2514 2999
f 2516 2515 2999
f 2517 2516 2999
f 2518 2517 2999
f 2519 2518 2999
f 2520 2519 3001
f 2521 2520 3000
f 2521 3002 2522
f 2522 3003 2523
f 2523 3018 2533
f 2519 2999 3001
f 2520 3001 3000
f 2521 3000 3002
f 2522 3002 3003
f 2523 3003 3018
f 2533 3019 2532
f 2532 3020 2534
f 2534 3021 2538
f 2538 3022 2535
f 2535 3023 2537
f 2537 3024 2536
f 2536 3031 2543
f 2543 3032 2544
f 2544 3033 2542
f 3171 2008 2540
f 2533 3018 3019
f 2532 3019 3020
f 2534 3020 3021
f 2538 3021 3022
f 2535 3022 3023
f 2537 3023 3024
f 2536 3024 3031
f 2543 3031 3032
f 2544 3032 3033
f 3171 2540 2541
f 3171 2541 2542
f 3465 2655 2468
f 3465 2656 2655
f 2044 3171 3174
f 2126 3174 3220
f 3171 2542 3033
f 2127 3220 3221
f 2132 3221 3226
f 2132 3226 3227
f 2150 3227 3247
f 2153 3247 3250
f 2153 3250 3253
f 2174 3253 3318
f 2174 3318 3319
f 2175 3319 3320
f 2175 3320 3329
f 2196 3329 3330
f 2206 3330 3350
f 2206 3350 3353
f 2211 3353 3354
f 2214 3354 3355
f 2214 3355 3424
f 2327 3424 3426
f 2334 3426 3432
f 2334 3432 3434
f 2336 3434 3457
f 2352 3457 3459
f 2352 3459 3465
f 3465 3138 2656
f 2656 3136 2657
f 2657 3135 2658
f 2658 3137 2659
f 2659 3123 2660
f 2660 3124 2661
f 2661 3125 2662
f 2662 3126 2663
f 2663 3127 2664
f 2664 3131 2665
f 2665 3128 2666
f 2666 3129 2667
f 2667 3130 2668
f 2668 3132 2669
f 2669 3133 2670
f 2670 3134 2671
f 2656 3138 3136
f 2657 3136 3135
f 2658 3135 3137
f 2659 3137 3123
f 2660 3123 3124
f 2661 3124 3125
f 2662 3125 3126
f 2663 3126 3127
f 2664 3127 3131
f 2665 3131 3128
f 2666 3128 3129
f 2667 3129 3130
f 2668 3130 3132
f 2669 3132 3133
f 2670 3133 3134
f 2684 3155 2677
f 2671 3151 2686
f 2686 3152 2683
f 2683 3153 2685
f 2685 3154 2684
f 2671 3134 3151
f 2686 3151 3152
f 2683 3152 3153
f 2685 3153 3154
f 2684 3154 3155
f 3171 3015 3014
f 3171 3016 3015
f 3171 3029 3026
f 3171 3028 3029
f 3171 3027 3030
f 3171 3037 3027
f 3171 3036 3037
f 3171 3030 3028
f 3171 3017 3016
f 3171 3166 3017
f 3171 3167 3166
f 3171 3168 3167
f 3171 3169 3168
f 3171 3170 3169
f 3171 3025 3170
f 3171 3026 3025
f 3171 3033 3034
f 3171 3034 3035
f 3171 3035 3036
f 3465 3139 3138
f 3465 3140 3139
f 3465 3141 3140
f 3465 3142 3141
f 3465 3143 3142
f 3465 3144 3143
f 3465 3145 3144
f 3465 3146 3145
f 3465 3147 3146
f 3465 3148 3147
f 3465 3525 3148
f 3465 3526 3525
f 3171 3172 3174
f 3174 3222 3220
f 3172 3173 3175
f 3172 3175 3174
f 3173 3177 3176
f 3173 3176 3175
f 3174 3175 3222
f 3175 3223 3222
f 3175 3176 3223
f 3176 3232 3223
f 3177 3178 3182
f 3176 3177 3182
f 3178 3179 3183
f 3178 3183 3182
f 3176 3182 3232
f 3182 3233 3232
f 3182 3183 3233
f 3183 3236 3233
f 3179 3184 3183
f 3183 3184 3236
f 3179 3180 3184
f 3180 3181 3185
f 3180 3185 3184
f 3184 3237 3236
f 3184 3185 3237
f 3185 3270 3237
f 3181 3187 3186
f 3181 3186 3185
f 3185 3186 3270
f 3186 3187 3189
f 3186 3190 3270
f 3186 3189 3190
f 3189 3192 3190
f 3190 3192 3272
f 3188 3192 3189
f 3188 3191 3192
f 3191 3194 3195
f 3191 3193 3192
f 3192 3193 3272
f 3191 3195 3193
f 3194 3197 3195
f 3193 3195 3284
f 3195 3198 3284
f 3195 3197 3198
f 3197 3199 3198
f 3196 3199 3197
f 3196 3201 3199
f 3198 3199 3290
f 3199 3202 3290
f 3199 3201 3202
f 3200 3203 3201
f 3201 3203 3202
f 3202 3203 3293
f 3200 3204 3203
f 3203 3205 3293
f 3203 3204 3205
f 3204 3207 3205
f 3204 3206 3207
f 3206 3208 3207
f 3205 3207 3377
f 3207 3209 3377
f 3207 3208 3209
f 3208 3211 3209
f 3208 3210 3211
f 3210 3212 3211
f 3209 3211 3383
f 3211 3213 3383
f 3211 3212 3213
f 3212 3215 3213
f 3212 3214 3215
f 3214 3216 3215
f 3213 3215 3404
f 3215 3216 3217
f 3215 3217 3404
f 3216 3218 3219
f 3216 3219 3217
f 3217 3219 3410
f 3220 3222 3221
f 3221 3222 3224
f 3222 3223 3224
f 3223 3225 3224
f 3223 3232 3225
f 3221 3224 3228
f 3224 3225 3229
f 3221 3228 3226
f 3226 3228 3227
f 3224 3229 3228
f 3228 3229 3230
f 3225 3240 3229
f 3229 3240 3231
f 3227 3228 3230
f 3229 3231 3230
f 3225 3232 3234
f 3232 3233 3234
f 3233 3235 3234
f 3233 3236 3235
f 3225 3234 3240
f 3234 3235 3241
f 3235 3236 3238
f 3236 3237 3238
f 3237 3239 3238
f 3237 3270 3239
f 3235 3238 3243
f 3238 3239 3244
f 3234 3241 3240
f 3240 3241 3242
f 3235 3243 3241
f 3231 3240 3242
f 3241 3245 3242
f 3241 3243 3245
f 3238 3244 3243
f 3243 3244 3246
f 3243 3246 3245
f 3245 3246 3259
f 3239 3275 3244
f 3244 3277 3246
f 3246 3277 3260
f 3227 3249 3247
f 3247 3249 3250
f 3227 3230 3249
f 3230 3248 3249
f 3230 3231 3248
f 3231 3256 3248
f 3248 3251 3249
f 3249 3251 3250
f 3248 3256 3252
f 3248 3252 3251
f 3250 3254 3253
f 3250 3251 3254
f 3251 3252 3255
f 3253 3254 3318
f 3251 3255 3254
f 3252 3264 3255
f 3254 3321 3318
f 3254 3255 3321
f 3255 3264 3322
f 3255 3322 3321
f 3231 3242 3256
f 3242 3257 3256
f 3242 3245 3257
f 3252 3256 3258
f 3256 3257 3258
f 3245 3259 3257
f 3257 3261 3258
f 3246 3260 3259
f 3259 3260 3262
f 3257 3259 3261
f 3259 3262 3261
f 3261 3262 3266
f 3260 3282 3262
f 3262 3282 3267
f 3252 3258 3264
f 3258 3261 3263
f 3258 3263 3264
f 3264 3265 3322
f 3263 3265 3264
f 3263 3268 3265
f 3261 3266 3263
f 3262 3267 3266
f 3266 3267 3269
f 3267 3308 3269
f 3263 3266 3268
f 3266 3269 3268
f 3269 3308 3338
f 3190 3271 3270
f 3239 3270 3271
f 3190 3272 3271
f 3271 3272 3273
f 3239 3271 3275
f 3271 3273 3275
f 3272 3274 3273
f 3193 3274 3272
f 3193 3284 3274
f 3273 3274 3279
f 3274 3285 3279
f 3244 3275 3277
f 3275 3276 3277
f 3273 3276 3275
f 3276 3280 3277
f 3260 3277 3280
f 3273 3279 3276
f 3276 3279 3278
f 3276 3278 3280
f 3278 3279 3288
f 3260 3280 3282
f 3280 3281 3282
f 3278 3281 3280
f 3278 3303 3281
f 3281 3283 3282
f 3267 3282 3283
f 3267 3283 3308
f 3198 3286 3284
f 3274 3284 3285
f 3284 3286 3285
f 3285 3286 3287
f 3279 3285 3288
f 3285 3287 3288
f 3278 3288 3303
f 3288 3289 3303
f 3287 3289 3288
f 3286 3291 3287
f 3287 3291 3292
f 3287 3292 3289
f 3289 3292 3304
f 3292 3298 3304
f 3198 3290 3286
f 3202 3294 3290
f 3286 3290 3291
f 3290 3294 3291
f 3291 3297 3292
f 3202 3293 3294
f 3293 3295 3294
f 3205 3296 3293
f 3293 3296 3295
f 3291 3294 3297
f 3294 3295 3297
f 3295 3300 3297
f 3292 3297 3298
f 3297 3300 3298
f 3295 3299 3300
f 3295 3296 3299
f 3299 3301 3300
f 3281 3303 3302
f 3281 3302 3283
f 3289 3305 3303
f 3302 3303 3305
f 3302 3305 3310
f 3289 3304 3305
f 3305 3306 3310
f 3304 3306 3305
f 3283 3307 3308
f 3283 3302 3307
f 3302 3310 3307
f 3307 3368 3308
f 3308 3368 3338
f 3307 3310 3309
f 3307 3309 3368
f 3306 3312 3310
f 3309 3310 3312
f 3298 3315 3304
f 3304 3315 3306
f 3306 3315 3311
f 3311 3315 3317
f 3306 3311 3312
f 3309 3312 3373
f 3312 3313 3373
f 3311 3313 3312
f 3311 3317 3314
f 3311 3314 3313
f 3313 3314 3475
f 3298 3300 3316
f 3298 3316 3315
f 3300 3301 3316
f 3301 3390 3316
f 3315 3316 3317
f 3316 3390 3317
f 3314 3317 3393
f 3318 3324 3319
f 3319 3324 3320
f 3318 3321 3324
f 3321 3322 3323
f 3321 3323 3324
f 3322 3327 3323
f 3323 3325 3324
f 3320 3324 3325
f 3323 3327 3326
f 3323 3326 3325
f 3320 3325 3331
f 3325 3326 3332
f 3265 3327 3322
f 3265 3328 3327
f 3265 3268 3328
f 3326 3327 3335
f 3327 3328 3335
f 3268 3337 3328
f 3268 3269 3337
f 3320 3331 3329
f 3329 3331 3330
f 3330 3351 3350
f 3325 3332 3331
f 3331 3332 3333
f 3326 3340 3332
f 3332 3340 3334
f 3330 3331 3333
f 3332 3334 3333
f 3330 3333 3351
f 3333 3352 3351
f 3333 3334 3352
f 3334 3362 3352
f 3328 3336 3335
f 3335 3336 3341
f 3269 3338 3337
f 3337 3338 3339
f 3328 3337 3336
f 3336 3337 3339
f 3336 3339 3344
f 3338 3370 3339
f 3339 3370 3345
f 3345 3370 3371
f 3326 3335 3340
f 3335 3341 3340
f 3336 3344 3341
f 3340 3341 3342
f 3341 3344 3343
f 3334 3340 3342
f 3334 3342 3362
f 3341 3343 3342
f 3342 3343 3363
f 3339 3345 3344
f 3344 3345 3347
f 3343 3344 3347
f 3342 3363 3362
f 3343 3366 3363
f 3345 3371 3346
f 3345 3346 3347
f 3343 3347 3366
f 3347 3348 3366
f 3346 3348 3347
f 3346 3349 3348
f 3348 3349 3443
f 3350 3351 3353
f 3351 3352 3357
f 3351 3357 3353
f 3353 3356 3354
f 3354 3356 3355
f 3355 3356 3361
f 3353 3357 3356
f 3352 3362 3358
f 3352 3358 3357
f 3356 3357 3359
f 3357 3358 3359
f 3356 3359 3361
f 3359 3428 3361
f 3358 3360 3359
f 3358 3364 3360
f 3359 3360 3428
f 3355 3361 3424
f 3362 3363 3364
f 3358 3362 3364
f 3363 3366 3365
f 3363 3365 3364
f 3365 3367 3441
f 3360 3364 3440
f 3364 3365 3440
f 3365 3441 3440
f 3365 3366 3367
f 3348 3367 3366
f 3348 3443 3367
f 3338 3368 3370
f 3368 3369 3370
f 3309 3369 3368
f 3369 3371 3370
f 3309 3373 3369
f 3369 3373 3372
f 3372 3373 3374
f 3369 3372 3371
f 3372 3374 3376
f 3313 3374 3373
f 3313 3475 3374
f 3374 3476 3376
f 3371 3372 3375
f 3346 3371 3375
f 3372 3376 3375
f 3375 3376 3479
f 3346 3375 3349
f 3349 3375 3479
f 3205 3377 3296
f 3296 3377 3379
f 3377 3378 3379
f 3209 3378 3377
f 3209 3383 3378
f 3299 3380 3301
f 3301 3380 3389
f 3380 3382 3389
f 3296 3379 3299
f 3299 3379 3380
f 3378 3381 3379
f 3379 3381 3380
f 3378 3384 3381
f 3380 3381 3382
f 3381 3386 3382
f 3378 3383 3384
f 3383 3385 3384
f 3213 3385 3383
f 3213 3404 3385
f 3384 3385 3387
f 3385 3405 3387
f 3381 3384 3386
f 3384 3387 3386
f 3382 3386 3398
f 3386 3388 3398
f 3386 3387 3388
f 3387 3407 3388
f 3314 3394 3475
f 3301 3389 3390
f 3317 3390 3393
f 3390 3391 3393
f 3389 3391 3390
f 3382 3392 3389
f 3389 3392 3391
f 3391 3392 3395
f 3382 3398 3392
f 3391 3396 3393
f 3314 3393 3394
f 3393 3396 3394
f 3391 3395 3396
f 3394 3396 3490
f 3395 3401 3396
f 3396 3401 3490
f 3392 3397 3395
f 3392 3398 3397
f 3397 3398 3399
f 3388 3399 3398
f 3388 3414 3399
f 3397 3399 3402
f 3399 3415 3402
f 3395 3397 3400
f 3397 3402 3400
f 3395 3400 3401
f 3400 3492 3401
f 3400 3402 3403
f 3402 3418 3403
f 3400 3403 3492
f 3217 3406 3404
f 3385 3404 3405
f 3404 3406 3405
f 3405 3406 3408
f 3217 3410 3406
f 3406 3410 3411
f 3406 3411 3408
f 3387 3405 3407
f 3405 3408 3407
f 3407 3408 3409
f 3388 3407 3414
f 3407 3409 3414
f 3408 3411 3412
f 3408 3412 3409
f 3409 3412 3413
f 3399 3414 3415
f 3409 3416 3414
f 3414 3416 3415
f 3415 3416 3417
f 3415 3417 3418
f 3413 3421 3416
f 3409 3413 3416
f 3416 3421 3417
f 3417 3421 3423
f 3403 3418 3419
f 3403 3419 3505
f 3418 3420 3419
f 3420 3423 3422
f 3419 3420 3508
f 3420 3422 3508
f 3402 3415 3418
f 3417 3420 3418
f 3417 3423 3420
f 3360 3429 3428
f 3361 3425 3424
f 3424 3425 3426
f 3425 3427 3426
f 3426 3427 3432
f 3361 3428 3425
f 3425 3428 3430
f 3428 3429 3430
f 3425 3430 3427
f 3427 3430 3437
f 3429 3431 3430
f 3430 3431 3437
f 3427 3433 3432
f 3432 3433 3434
f 3433 3435 3434
f 3434 3435 3457
f 3431 3436 3437
f 3427 3437 3433
f 3433 3437 3438
f 3436 3438 3437
f 3433 3438 3435
f 3435 3438 3461
f 3436 3439 3438
f 3438 3439 3461
f 3360 3440 3429
f 3429 3440 3447
f 3440 3441 3447
f 3441 3442 3447
f 3367 3443 3444
f 3349 3494 3443
f 3443 3494 3445
f 3443 3445 3444
f 3367 3444 3441
f 3441 3444 3442
f 3445 3495 3449
f 3442 3444 3446
f 3442 3446 3452
f 3444 3445 3446
f 3445 3449 3446
f 3429 3447 3431
f 3431 3447 3448
f 3431 3448 3436
f 3442 3448 3447
f 3442 3452 3448
f 3446 3455 3452
f 3446 3449 3455
f 3449 3450 3455
f 3450 3456 3455
f 3450 3467 3456
f 3436 3448 3451
f 3448 3452 3451
f 3451 3452 3453
f 3436 3451 3439
f 3451 3453 3454
f 3453 3469 3454
f 3439 3451 3454
f 3439 3454 3462
f 3452 3455 3453
f 3453 3455 3456
f 3453 3456 3469
f 3435 3458 3457
f 3457 3458 3459
f 3458 3460 3459
f 3459 3460 3465
f 3435 3461 3458
f 3458 3461 3463
f 3439 3462 3461
f 3461 3462 3463
f 3458 3463 3460
f 3460 3463 3466
f 3462 3464 3463
f 3463 3464 3466
f 3454 3471 3462
f 3454 3469 3471
f 3462 3471 3464
f 3464 3471 3473
f 3469 3470 3471
f 3470 3473 3471
f 3456 3472 3469
f 3456 3467 3472
f 3469 3472 3470
f 3470 3472 3474
f 3467 3468 3472
f 3468 3474 3472
f 3394 3477 3475
f 3374 3475 3476
f 3475 3477 3476
f 3394 3490 3477
f 3477 3490 3483
f 3476 3477 3481
f 3477 3483 3481
f 3376 3478 3479
f 3349 3479 3494
f 3479 3480 3494
f 3478 3480 3479
f 3478 3482 3480
f 3480 3482 3497
f 3376 3476 3478
f 3476 3481 3478
f 3478 3481 3482
f 3481 3484 3482
f 3481 3483 3484
f 3483 3490 3491
f 3483 3491 3485
f 3485 3493 3487
f 3487 3493 3506
f 3482 3486 3497
f 3486 3489 3498
f 3483 3485 3484
f 3484 3485 3488
f 3482 3484 3486
f 3484 3488 3486
f 3485 3487 3488
f 3487 3500 3488
f 3486 3488 3489
f 3488 3500 3489
f 3401 3491 3490
f 3401 3492 3491
f 3491 3492 3493
f 3492 3505 3493
f 3403 3505 3492
f 3485 3491 3493
f 3445 3494 3495
f 3480 3495 3494
f 3480 3497 3495
f 3495 3497 3496
f 3449 3495 3496
f 3496 3497 3498
f 3486 3498 3497
f 3449 3496 3450
f 3496 3498 3499
f 3489 3511 3498
f 3498 3511 3499
f 3450 3496 3499
f 3450 3499 3467
f 3487 3506 3501
f 3487 3501 3500
f 3489 3500 3502
f 3501 3506 3509
f 3501 3509 3504
f 3501 3504 3503
f 3500 3503 3502
f 3502 3503 3515
f 3500 3501 3503
f 3419 3507 3505
f 3493 3505 3506
f 3505 3507 3506
f 3507 3508 3510
f 3419 3508 3507
f 3506 3507 3509
f 3507 3510 3509
f 3499 3511 3513
f 3467 3499 3513
f 3502 3512 3511
f 3511 3512 3513
f 3467 3513 3468
f 3468 3513 3514
f 3512 3514 3513
f 3489 3502 3511
f 3502 3515 3512
f 3465 3163 3150
f 3465 3527 3526
f 3465 3528 3527
f 3465 3529 3528
f 3465 3149 3529
f 3465 3150 3149
f 2746 3531 3530
f 2746 3532 3531
f 2746 3533 3532
f 2746 3534 3533
f 2746 3535 3534
f 2746 3536 3535
f 2746 3537 3536
f 2746 3541 3537
f 3579 2755 2705
f 2746 3542 3541
f 2746 3543 3542
f 3579 2746 2747
f 3579 2747 2748
f 3579 2748 2749
f 3579 2760 2759
f 3579 2750 2751
f 3579 2749 2750
f 3579 2751 2758
f 3579 2758 2760
f 3579 2757 2756
f 3579 2752 2757
f 3579 2756 2755
f 3579 2759 2752
f 3579 3543 2746
f 2774 3562 2773
f 2775 3561 2774
f 2776 3560 2775
f 2777 3559 2776
f 2778 3554 2777
f 2779 3553 2778
f 2780 3552 2779
f 2781 3555 2780
f 2782 3557 2781
f 2783 3558 2782
f 5568 3556 2783
f 2774 3561 3562
f 2775 3560 3561
f 2776 3559 3560
f 2777 3554 3559
f 2778 3553 3554
f 2779 3552 3553
f 2780 3555 3552
f 2781 3557 3555
f 2782 3558 3557
f 2783 3556 3558
f 5568 6622 3556
f 3579 2772 2773
f 3579 2773 3562
f 3579 3576 3538
f 3579 3550 3548
f 3579 3544 3543
f 3579 3545 3544
f 3579 3551 3546
f 3579 3546 3545
f 3579 3548 3547
f 3579 3547 3551
f 3579 3539 3540
f 3579 3538 3539
f 3579 3540 3549
f 3579 3549 3550
f 1813 3576 3579
f 1813 3579 3573
f 3579 3562 3563
f 3579 3563 3564
f 3579 3564 3565
f 3579 3565 3566
f 3579 3566 3567
f 3579 3567 3568
f 3579 3568 3569
f 3579 3569 3570
f 3579 3570 3571
f 3579 3571 3572
f 3579 3572 3577
f 3579 3577 6650
f 3573 3579 6651
f 2677 3155 2914
f 2916 3155 3156
f 2917 3156 3157
f 2919 3157 3158
f 2920 3158 3159
f 2921 3159 3165
f 5714 3165 3160
f 3161 5715 3160
f 5715 3161 3164
f 5715 3162 3163
f 5715 3164 3162
f 3465 5715 3163
f 3465 3631 5715
f 2914 3155 2915
f 2915 3155 2916
f 2916 3156 2917
f 2917 3157 2918
f 2918 3157 2919
f 2919 3158 2920
f 2920 3159 2921
f 2921 3165 5714
f 3160 5715 5714
f 5715 3629 3624
f 5715 3624 3623
f 5715 3622 3625
f 5715 3625 3627
f 5715 3623 3622
f 5715 3627 3628
f 5715 3628 3626
f 5715 3630 3629
f 5715 3631 3630
f 3218 3573 6651
f 3465 3632 3631
f 3465 3633 3632
f 3465 3634 3633
f 3465 3635 3634
f 3465 3636 3635
f 3465 3637 3636
f 3465 3638 3637
f 3465 3639 3638
f 3465 3640 3639
f 3465 3641 3640
f 3465 3642 3641
f 3465 3647 3642
f 3465 3648 3647
f 3465 6722 3648
f 3218 6988 3219
f 3219 7037 3410
f 3410 7037 3411
f 3411 7039 3412
f 3412 7039 3413
f 3413 7047 3421
f 3421 7047 3423
f 3422 7142 3508
f 3422 3423 7049
f 3464 7085 3466
f 3460 7087 3465
f 3460 3466 7087
f 3470 7094 3473
f 3468 7095 3474
f 3464 3473 7091
f 3470 3474 7098
f 3503 3504 7135
f 3503 7147 3515
f 3508 7140 3510
f 3509 3510 7140
f 3504 3509 7143
f 3468 3514 7146
f 3512 7146 3514
f 3512 3515 7147
f 249 4082 3649
f 3649 3909 3650
f 3650 3908 3651
f 3651 3907 3652
f 3652 3913 3653
f 3653 3894 3654
f 3654 3895 3655
f 3655 3893 3656
f 3656 3896 3657
f 3657 3897 3658
f 3658 3892 3659
f 3659 3898 3668
f 3668 3899 3669
f 3669 3900 3670
f 3670 3901 3671
f 3671 3902 3672
f 3672 3903 3673
f 3673 3904 3665
f 3665 3905 3666
f 186 4032 4035
f 187 4035 4033
f 187 4033 4079
f 190 4038 4043
f 191 4039 4037
f 193 4037 4038
f 186 4044 4032
f 198 4043 4044
f 237 4079 4073
f 238 4073 4077
f 239 4077 4074
f 239 4074 4083
f 242 4083 4081
f 246 4081 4087
f 246 4087 4082
f 284 4124 4125
f 286 4126 4124
f 293 4134 4126
f 285 4125 4039
f 293 4135 4134
f 295 4136 4135
f 295 4137 4136
f 296 4328 4137
f 344 4329 4328
f 3651 3908 3907
f 3653 3913 3894
f 3654 3894 3895
f 3652 3907 3913
f 3655 3895 3893
f 3656 3893 3896
f 3657 3896 3897
f 3658 3897 3892
f 3659 3892 3898
f 3650 3909 3908
f 3649 3910 3909
f 3668 3898 3899
f 3669 3899 3900
f 3670 3900 3901
f 3671 3901 3902
f 3672 3902 3903
f 3673 3903 3904
f 3665 3904 3905
f 3662 3722 3721
f 3662 3723 3722
f 3662 3663 4433
f 3660 4432 3663
f 3661 4431 3660
f 3666 4427 3667
f 3667 4429 3664
f 3664 4430 3661
f 3662 4433 3723
f 3723 4433 3724
f 3724 4433 3725
f 3725 4433 3726
f 3726 4433 3727
f 3727 4433 3728
f 3728 4433 3729
f 3729 4433 3730
f 3730 4433 3739
f 3739 4433 3740
f 3740 4433 3741
f 3741 4433 3742
f 3742 4433 3743
f 3743 4434 3744
f 3744 4435 3745
f 3745 4436 3735
f 3666 3905 4428
f 3666 4428 4425
f 3666 4425 4426
f 3666 4426 4427
f 3667 4427 4429
f 3664 4429 4430
f 3661 4430 4431
f 3660 4431 4432
f 3663 4432 4433
f 3743 4433 4434
f 3744 4434 4435
f 3745 4435 4436
f 1000 3797 3793
f 3793 3797 3798
f 3793 3798 3799
f 3793 3799 3800
f 3793 3800 3801
f 3793 3801 3802
f 3793 3802 3803
f 3793 3803 3804
f 3793 3804 3805
f 3793 3805 3814
f 3793 3814 3815
f 3793 3815 3816
f 3793 3816 3817
f 3793 3817 3818
f 3793 3818 3849
f 3793 3829 3825
f 3793 3825 3826
f 3793 3826 5507
f 3793 3820 3824
f 3793 3824 3823
f 3793 3831 3830
f 3793 3830 3820
f 3793 3821 3822
f 3793 3822 3828
f 3793 3823 3821
f 3793 3828 3829
f 345 6065 4329
f 3808 3845 3809
f 3809 3846 3806
f 3806 3847 3807
f 3807 3848 3810
f 3849 3813 3810
f 3849 3811 3812
f 3849 3818 3819
f 3849 3819 3811
f 3849 3812 3813
f 3793 3849 3850
f 3793 3850 3851
f 3793 3851 3852
f 3793 3852 3853
f 3808 3844 3845
f 3809 3845 3846
f 3806 3846 3847
f 3807 3847 3848
f 3849 3810 3848
f 3793 3853 3862
f 3793 3862 3863
f 3793 3863 3864
f 3793 3864 3865
f 3793 3865 4830
f 3793 4830 4831
f 3793 4831 4832
f 3793 4832 4833
f 3793 4833 4834
f 3793 4834 4835
f 3793 4835 4841
f 3793 4841 4842
f 3793 4842 4843
f 3793 4843 4844
f 3793 4844 4845
f 3836 3835 3869
f 3837 3836 3872
f 3838 3837 3873
f 3839 3838 3874
f 3840 3839 3875
f 3841 3840 3876
f 3842 3841 3877
f 3842 5533 5494
f 3835 3879 3878
f 3835 3880 3879
f 3835 3870 3869
f 3836 3869 3872
f 3837 3872 3873
f 3835 3871 3870
f 3835 3878 3871
f 3838 3873 3874
f 3839 3874 3875
f 3840 3875 3876
f 3841 3876 3877
f 3842 3877 5533
f 3793 4874 3831
f 4874 3832 3831
f 4874 3833 3832
f 4874 3834 3833
f 4874 3835 3834
f 4082 3910 3649
f 4082 3911 3910
f 4082 3912 3911
f 4082 3914 3912
f 4082 3915 3914
f 4032 4045 4035
f 4036 4045 4058
f 4033 4035 4034
f 4033 4034 4079
f 4034 4080 4079
f 4034 4035 4036
f 4035 4045 4036
f 4034 4048 4080
f 4034 4036 4048
f 4037 4040 4038
f 4038 4040 4041
f 4039 4128 4040
f 4037 4039 4040
f 4040 4042 4041
f 4041 4042 4054
f 4040 4128 4042
f 4044 4046 4047
f 4032 4044 4045
f 4044 4047 4045
f 4043 4046 4044
f 4038 4046 4043
f 4038 4041 4046
f 4045 4047 4058
f 4046 4060 4047
f 4041 4060 4046
f 4048 4097 4080
f 4048 4051 4097
f 4036 4049 4048
f 4036 4058 4049
f 4048 4049 4051
f 4051 4098 4097
f 4049 4061 4050
f 4049 4050 4051
f 4051 4052 4098
f 4050 4052 4051
f 4050 4067 4052
f 4052 4067 4053
f 4052 4053 4102
f 4054 4056 4062
f 4042 4144 4055
f 4042 4055 4054
f 4054 4055 4056
f 4055 4146 4056
f 4056 4146 4057
f 4047 4059 4058
f 4058 4059 4061
f 4047 4060 4059
f 4059 4060 4062
f 4059 4063 4061
f 4061 4063 4065
f 4059 4062 4063
f 4062 4064 4063
f 4049 4058 4061
f 4050 4061 4065
f 4041 4054 4060
f 4054 4062 4060
f 4056 4064 4062
f 4056 4057 4064
f 4063 4064 4066
f 4063 4066 4065
f 4065 4066 4069
f 4066 4071 4069
f 4069 4071 4171
f 4050 4065 4067
f 4065 4069 4067
f 4067 4069 4068
f 4053 4067 4068
f 4053 4068 4198
f 4068 4069 4171
f 4064 4070 4066
f 4066 4070 4071
f 4057 4070 4064
f 4057 4153 4070
f 4070 4072 4071
f 4071 4072 4173
f 4070 4153 4072
f 4073 4079 4075
f 4075 4079 4080
f 4073 4075 4077
f 4075 4078 4077
f 4075 4080 4091
f 4075 4091 4078
f 4074 4077 4076
f 4076 4077 4078
f 4074 4076 4083
f 4076 4085 4083
f 4076 4078 4093
f 4076 4093 4085
f 4081 4083 4084
f 4083 4085 4084
f 4081 4084 4087
f 4084 4089 4087
f 4084 4085 4086
f 4085 4108 4086
f 4084 4086 4089
f 4086 4112 4089
f 4082 4087 4088
f 4087 4089 4088
f 4088 4089 4090
f 4089 4112 4090
f 4078 4091 4094
f 4091 4092 4094
f 4092 4095 4094
f 4085 4093 4108
f 4093 4096 4108
f 4078 4094 4093
f 4093 4094 4096
f 4096 4111 4108
f 4094 4095 4096
f 4095 4099 4096
f 4096 4099 4111
f 4080 4097 4091
f 4091 4097 4092
f 4092 4097 4098
f 4092 4098 4101
f 4092 4101 4095
f 4095 4105 4099
f 4099 4105 4100
f 4099 4116 4111
f 4099 4100 4116
f 4100 4118 4116
f 4098 4102 4101
f 4101 4102 4103
f 4095 4101 4105
f 4101 4103 4105
f 4052 4102 4098
f 4103 4106 4105
f 4103 4180 4106
f 4102 4104 4103
f 4053 4104 4102
f 4053 4198 4104
f 4103 4104 4180
f 4100 4105 4106
f 4100 4106 4107
f 4100 4107 4118
f 4107 4187 4118
f 4086 4108 4109
f 4108 4111 4109
f 4086 4109 4112
f 4109 4114 4112
f 4109 4111 4110
f 4109 4110 4114
f 4110 4120 4114
f 4110 4111 4116
f 4090 4112 4113
f 4112 4114 4113
f 4113 4114 4115
f 4114 4120 4115
f 4110 4116 4117
f 4116 4118 4117
f 4110 4117 4120
f 4117 4122 4120
f 4117 4118 4119
f 4117 4119 4122
f 4119 4186 4122
f 4115 4120 4121
f 4120 4122 4121
f 4121 4122 4123
f 4122 4186 4123
f 4118 4187 4119
f 4124 4130 4127
f 4127 4130 4129
f 4129 4132 4145
f 4039 4125 4127
f 4039 4127 4128
f 4124 4127 4125
f 4127 4129 4128
f 4042 4128 4144
f 4128 4129 4144
f 4124 4126 4130
f 4126 4131 4130
f 4131 4134 4138
f 4126 4134 4131
f 4129 4130 4132
f 4130 4131 4132
f 4131 4133 4132
f 4131 4138 4133
f 4132 4133 4148
f 4134 4135 4138
f 4135 4139 4138
f 4135 4136 4139
f 4133 4138 4140
f 4133 4140 4159
f 4138 4139 4140
f 4139 4142 4140
f 4140 4142 4160
f 4136 4141 4139
f 4136 4137 4141
f 4137 4330 4141
f 4139 4141 4142
f 4141 4143 4142
f 4142 4143 4162
f 4141 4330 4143
f 4055 4144 4147
f 4129 4145 4144
f 4144 4145 4147
f 4055 4147 4146
f 4146 4147 4152
f 4145 4150 4147
f 4147 4150 4152
f 4132 4148 4145
f 4145 4148 4150
f 4133 4159 4148
f 4148 4159 4149
f 4148 4149 4150
f 4149 4155 4150
f 4150 4155 4152
f 4057 4146 4151
f 4146 4152 4151
f 4057 4151 4153
f 4151 4152 4156
f 4151 4154 4153
f 4153 4154 4233
f 4151 4156 4154
f 4149 4165 4155
f 4152 4155 4156
f 4155 4158 4156
f 4155 4165 4158
f 4156 4158 4157
f 4154 4156 4157
f 4154 4157 4230
f 4157 4158 4246
f 4072 4153 4233
f 4140 4160 4159
f 4159 4160 4161
f 4149 4159 4161
f 4149 4161 4165
f 4160 4163 4161
f 4161 4163 4166
f 4142 4162 4160
f 4160 4162 4163
f 4143 4334 4162
f 4162 4334 4164
f 4162 4164 4163
f 4163 4164 4169
f 4161 4166 4165
f 4165 4166 4167
f 4163 4169 4166
f 4166 4168 4167
f 4166 4169 4168
f 4167 4168 4248
f 4168 4251 4248
f 4158 4165 4167
f 4158 4167 4246
f 4167 4248 4246
f 4164 4338 4169
f 4169 4338 4170
f 4168 4169 4170
f 4168 4170 4251
f 4170 4342 4251
f 4068 4172 4198
f 4172 4201 4198
f 4068 4171 4172
f 4171 4175 4172
f 4172 4176 4201
f 4172 4175 4176
f 4071 4173 4171
f 4072 4234 4173
f 4173 4234 4174
f 4171 4173 4175
f 4175 4178 4176
f 4173 4174 4175
f 4174 4178 4175
f 4174 4238 4178
f 4176 4178 4177
f 4178 4238 4179
f 4177 4178 4179
f 4177 4179 4209
f 4104 4199 4180
f 4180 4199 4181
f 4180 4181 4182
f 4106 4182 4107
f 4107 4182 4183
f 4107 4183 4187
f 4106 4180 4182
f 4182 4184 4183
f 4181 4184 4182
f 4183 4185 4189
f 4183 4184 4185
f 4123 4186 4192
f 4119 4187 4188
f 4183 4189 4187
f 4187 4189 4188
f 4119 4188 4186
f 4186 4188 4191
f 4188 4189 4190
f 4188 4190 4191
f 4189 4195 4190
f 4185 4195 4189
f 4190 4194 4191
f 4186 4191 4192
f 4191 4193 4192
f 4191 4194 4193
f 4190 4196 4194
f 4190 4195 4196
f 4194 4196 4197
f 4104 4198 4199
f 4198 4201 4199
f 4199 4201 4200
f 4181 4199 4200
f 4181 4200 4204
f 4200 4201 4202
f 4176 4202 4201
f 4181 4204 4184
f 4184 4205 4185
f 4200 4203 4204
f 4200 4202 4203
f 4202 4208 4203
f 4184 4204 4205
f 4204 4206 4205
f 4185 4205 4213
f 4205 4207 4213
f 4203 4206 4204
f 4205 4206 4207
f 4203 4211 4206
f 4206 4212 4207
f 4207 4212 4221
f 4176 4177 4202
f 4177 4208 4202
f 4177 4209 4208
f 4203 4208 4211
f 4208 4210 4211
f 4210 4219 4211
f 4208 4209 4210
f 4209 4278 4210
f 4206 4211 4212
f 4211 4219 4212
f 4185 4213 4195
f 4195 4213 4214
f 4195 4214 4196
f 4196 4214 4217
f 4213 4215 4214
f 4214 4216 4217
f 4207 4215 4213
f 4207 4221 4215
f 4214 4215 4216
f 4215 4222 4216
f 4196 4217 4197
f 4216 4218 4217
f 4216 4227 4218
f 4210 4278 4279
f 4210 4279 4219
f 4212 4219 4220
f 4212 4220 4221
f 4219 4279 4282
f 4219 4282 4220
f 4220 4282 4225
f 4215 4221 4222
f 4216 4222 4227
f 4221 4224 4222
f 4220 4224 4221
f 4222 4223 4227
f 4222 4224 4223
f 4220 4225 4224
f 4223 4224 4226
f 4224 4225 4226
f 4223 4226 4229
f 4223 4228 4227
f 4223 4229 4228
f 4154 4230 4233
f 4157 4231 4230
f 4230 4231 4232
f 4157 4246 4231
f 4231 4246 4247
f 4231 4249 4232
f 4231 4247 4249
f 4072 4233 4234
f 4233 4236 4234
f 4230 4236 4233
f 4234 4236 4235
f 4174 4234 4235
f 4174 4235 4238
f 4235 4236 4241
f 4230 4232 4236
f 4232 4241 4236
f 4232 4243 4241
f 4232 4249 4243
f 4235 4237 4238
f 4235 4241 4237
f 4179 4238 4240
f 4237 4240 4238
f 4179 4239 4209
f 4179 4240 4239
f 4237 4245 4240
f 4240 4245 4264
f 4239 4240 4264
f 4241 4243 4242
f 4237 4241 4242
f 4242 4243 4258
f 4237 4242 4245
f 4242 4244 4245
f 4242 4258 4244
f 4245 4266 4264
f 4244 4266 4245
f 4246 4248 4247
f 4248 4251 4252
f 4247 4248 4252
f 4247 4250 4249
f 4249 4250 4255
f 4247 4252 4250
f 4250 4252 4253
f 4250 4253 4256
f 4251 4254 4252
f 4251 4342 4254
f 4252 4254 4253
f 4253 4254 4345
f 4250 4256 4255
f 4253 4257 4256
f 4256 4257 4261
f 4253 4345 4257
f 4257 4349 4261
f 4243 4249 4255
f 4243 4255 4258
f 4255 4260 4258
f 4255 4256 4260
f 4256 4261 4260
f 4258 4260 4259
f 4244 4258 4259
f 4244 4259 4269
f 4259 4260 4262
f 4259 4262 4268
f 4260 4261 4262
f 4261 4263 4262
f 4262 4263 4273
f 4261 4349 4263
f 4239 4264 4280
f 4264 4265 4280
f 4264 4266 4265
f 4244 4269 4266
f 4266 4269 4267
f 4265 4266 4267
f 4265 4267 4287
f 4259 4268 4269
f 4267 4269 4271
f 4268 4271 4269
f 4268 4274 4271
f 4267 4270 4287
f 4267 4271 4270
f 4271 4274 4272
f 4270 4271 4272
f 4270 4272 4303
f 4262 4273 4268
f 4268 4273 4274
f 4263 4354 4273
f 4273 4354 4275
f 4273 4275 4274
f 4272 4274 4276
f 4272 4276 4308
f 4274 4275 4276
f 4275 4357 4276
f 4276 4277 4308
f 4276 4357 4277
f 4209 4239 4278
f 4278 4281 4279
f 4279 4281 4284
f 4239 4280 4278
f 4278 4280 4281
f 4280 4285 4281
f 4281 4286 4284
f 4279 4284 4282
f 4282 4284 4283
f 4225 4282 4283
f 4283 4284 4289
f 4284 4286 4289
f 4283 4289 4295
f 4265 4285 4280
f 4265 4287 4285
f 4281 4285 4286
f 4285 4288 4286
f 4286 4288 4290
f 4285 4287 4288
f 4287 4301 4288
f 4286 4290 4289
f 4288 4302 4290
f 4289 4290 4291
f 4289 4291 4295
f 4290 4302 4305
f 4290 4305 4291
f 4291 4305 4316
f 4225 4292 4226
f 4225 4283 4292
f 4226 4292 4293
f 4226 4293 4229
f 4283 4295 4292
f 4292 4296 4293
f 4229 4293 4294
f 4292 4295 4296
f 4293 4296 4297
f 4293 4297 4294
f 4295 4299 4296
f 4291 4299 4295
f 4296 4298 4297
f 4296 4299 4298
f 4291 4316 4299
f 4299 4316 4317
f 4298 4299 4317
f 4298 4317 4320
f 4297 4298 4300
f 4298 4320 4300
f 4270 4301 4287
f 4270 4303 4301
f 4272 4308 4303
f 4288 4301 4302
f 4301 4304 4302
f 4301 4303 4304
f 4303 4309 4304
f 4302 4304 4306
f 4302 4306 4305
f 4305 4307 4316
f 4304 4312 4306
f 4305 4306 4307
f 4306 4313 4307
f 4303 4308 4309
f 4304 4309 4312
f 4277 4310 4308
f 4308 4310 4309
f 4309 4310 4311
f 4309 4311 4312
f 4306 4312 4313
f 4307 4313 4322
f 4311 4314 4312
f 4312 4314 4313
f 4313 4314 4315
f 4313 4315 4322
f 4316 4318 4317
f 4317 4319 4320
f 4307 4318 4316
f 4307 4322 4318
f 4317 4318 4319
f 4318 4323 4319
f 4319 4321 4320
f 4319 4326 4321
f 4318 4322 4323
f 4319 4323 4326
f 4315 4324 4322
f 4322 4324 4323
f 4323 4324 4325
f 4323 4325 4326
f 4325 4327 4326
f 4137 4328 4330
f 4328 4331 4330
f 4328 4329 4331
f 4143 4330 4332
f 4330 4331 4332
f 4143 4332 4334
f 4331 4333 4332
f 4332 4333 4335
f 4332 4335 4334
f 4334 4335 4336
f 4164 4334 4336
f 4164 4336 4338
f 4335 4337 4336
f 4336 4337 4339
f 4336 4339 4338
f 4338 4339 4340
f 4170 4338 4340
f 4170 4340 4342
f 4339 4341 4340
f 4340 4341 4343
f 4340 4343 4342
f 4342 4343 4344
f 4254 4342 4344
f 4343 4347 4344
f 4254 4344 4345
f 4344 4346 4345
f 4344 4347 4346
f 4345 4346 4348
f 4257 4345 4348
f 4257 4348 4349
f 4346 4351 4348
f 4348 4351 4350
f 4348 4350 4349
f 4349 4350 4352
f 4263 4349 4352
f 4263 4352 4354
f 4350 4353 4352
f 4352 4356 4354
f 4275 4354 4355
f 4354 4356 4355
f 4352 4353 4356
f 4355 4356 4359
f 4355 4359 4358
f 4275 4355 4357
f 4355 4358 4357
f 4357 4358 4361
f 4277 4357 4361
f 4358 4360 4361
f 4277 4361 4362
f 4361 4366 4362
f 4360 4366 4361
f 4277 4362 4310
f 4310 4362 4363
f 4310 4363 4311
f 4362 4367 4363
f 4362 4366 4367
f 4363 4367 4368
f 4311 4363 4364
f 4363 4368 4364
f 4311 4364 4314
f 4314 4364 4365
f 4314 4365 4315
f 4315 4365 4371
f 4364 4369 4365
f 4364 4368 4369
f 4365 4370 4371
f 4365 4369 4370
f 4315 4371 4324
f 4324 4371 4372
f 4324 4372 4325
f 4325 4372 4373
f 4371 4374 4372
f 4370 4374 4371
f 4372 4375 4373
f 4372 4374 4375
f 4325 4373 4327
f 4373 4375 4376
f 4082 3916 3915
f 4082 3917 3916
f 4082 3918 3917
f 4082 3919 3918
f 4082 3920 3919
f 4082 3921 3920
f 4082 3929 3921
f 4082 3930 3929
f 4082 3931 3930
f 4376 4378 4386
f 4376 4386 4387
f 4376 4379 4385
f 4376 4380 4379
f 4376 4398 4380
f 4376 4399 4398
f 4376 4400 4399
f 4376 4401 4400
f 4376 4402 4401
f 4376 4383 4381
f 4376 4377 4378
f 4376 4384 4377
f 4376 4381 4384
f 4376 4382 4383
f 4376 4385 4382
f 3905 3906 4428
f 3922 4424 3906
f 3906 4424 4428
f 3922 4439 4424
f 3923 4439 3922
f 3924 4440 3923
f 3926 4441 3924
f 3927 4442 3926
f 3928 4443 3927
f 3925 4444 3928
f 3935 4445 3925
f 3936 4446 3935
f 3937 4447 3936
f 3938 4448 3937
f 3939 4449 3938
f 3932 4450 3939
f 3934 4451 3932
f 3923 4440 4439
f 3924 4441 4440
f 3926 4442 4441
f 3927 4443 4442
f 3928 4444 4443
f 3925 4445 4444
f 3935 4446 4445
f 3936 4447 4446
f 3937 4448 4447
f 3938 4449 4448
f 3939 4450 4449
f 3932 4451 4450
f 3934 4452 4451
f 3934 4460 4452
f 3934 4461 4460
f 3934 4462 4461
f 4082 4088 5060
f 4088 4090 5064
f 4090 4113 5064
f 4113 4115 5080
f 4115 4121 5080
f 4121 4123 5088
f 4123 4192 5088
f 4192 4193 5202
f 4193 4194 5203
f 4194 4197 5208
f 4197 4217 5217
f 4217 4218 5217
f 4218 4227 5239
f 4227 4228 5239
f 4228 4229 5240
f 4229 4294 5240
f 4294 4297 5258
f 4297 4300 5264
f 4300 4320 5264
f 4320 4321 5281
f 4321 4326 5287
f 4326 4327 5288
f 4327 4373 5288
f 4373 4376 5370
f 4082 5060 3931
f 5060 3933 3931
f 5060 3934 3933
f 4376 4387 5373
f 5373 4387 4388
f 5373 4388 4389
f 4391 4564 4390
f 4392 4567 4391
f 4393 4566 4392
f 4394 4568 4393
f 4395 4565 4394
f 4395 4396 4569
f 4397 4571 4396
f 4390 4572 4573
f 4390 4564 4572
f 4391 4567 4564
f 4393 4568 4566
f 4394 4565 4568
f 4392 4566 4567
f 4395 4569 4565
f 4569 4396 4571
f 4397 4570 4571
f 4410 4570 4397
f 4411 4585 4410
f 4411 4413 4586
f 4413 4412 4587
f 4412 4419 4588
f 4419 4420 4589
f 4410 4585 4570
f 4411 4586 4585
f 4413 4587 4586
f 4412 4588 4587
f 4419 4589 4588
f 4420 4590 4589
f 4420 4591 4590
f 4420 4592 4591
f 4420 4593 4592
f 5373 4389 4390
f 4376 4665 4402
f 4329 6065 4331
f 4331 6067 4333
f 4333 6072 4335
f 4335 6072 4337
f 4337 6076 4339
f 4339 6075 4341
f 4341 6080 4343
f 4343 6080 4347
f 4346 4347 6082
f 4346 6085 4351
f 4350 4351 6085
f 4350 6089 4353
f 4353 6089 4356
f 4356 6093 4359
f 4358 4359 6096
f 4358 6096 4360
f 4360 6099 4366
f 4366 6099 4367
f 4367 6101 4368
f 4368 6101 4369
f 4369 6102 4370
f 4370 6108 4374
f 4374 6108 4375
f 4375 6110 4376
f 4376 4666 4665
f 4376 4667 4666
f 4376 5777 4667
f 4376 5778 5777
f 4376 5779 5778
f 4402 4669 4403
f 4403 4668 4404
f 4404 4662 4405
f 4405 4661 4406
f 4406 4663 4407
f 4407 4664 4408
f 4408 4660 4409
f 4409 4670 4414
f 4414 4671 4659
f 4415 4659 4672
f 4416 4415 4673
f 4417 4416 4674
f 4418 4417 4675
f 4423 4418 4676
f 4422 4423 4677
f 4403 4669 4668
f 4404 4668 4662
f 4661 4663 4406
f 4662 4661 4405
f 4407 4663 4664
f 4408 4664 4660
f 4409 4660 4670
f 4402 4665 4669
f 4670 4671 4414
f 4672 4659 4671
f 4415 4672 4673
f 4674 4416 4673
f 4417 4674 4675
f 4676 4418 4675
f 4677 4423 4676
f 4420 4421 4732
f 4421 4422 4735
f 4420 4732 4593
f 4593 4733 4594
f 4594 4734 4595
f 4595 4741 4600
f 4600 4742 4601
f 4601 4743 4731
f 4602 4731 4744
f 4604 4603 4746
f 4603 4602 4745
f 4422 4677 4735
f 4421 4735 4732
f 4678 4735 4677
f 4679 4736 4678
f 4680 4737 4679
f 4681 4738 4680
f 4682 4739 4681
f 5789 4740 4682
f 4678 4736 4735
f 4679 4737 4736
f 4680 4738 4737
f 4681 4739 4738
f 4682 4740 4739
f 5789 5850 4740
f 4732 4733 4593
f 4594 4733 4734
f 4595 4734 4741
f 4600 4741 4742
f 4742 4743 4601
f 4744 4731 4743
f 4602 4744 4745
f 4746 4603 4745
f 954 4756 4755
f 954 4757 4756
f 954 4758 4757
f 954 4759 4758
f 3736 4886 3738
f 3738 4881 3737
f 3737 4882 3733
f 3735 4885 3736
f 3731 3732 4887
f 954 3731 4888
f 3734 4884 3732
f 3733 4883 3734
f 3735 4436 4878
f 3736 4885 4886
f 3735 4878 4885
f 5060 4759 954
f 3733 4882 4883
f 3734 4883 4884
f 3732 4884 4887
f 3731 4887 4888
f 954 4888 4889
f 954 4889 4890
f 3738 4886 4881
f 3737 4881 4882
f 5060 954 4890
f 1461 4763 5060
f 5060 4760 4759
f 5060 4761 4760
f 5060 4762 4761
f 5060 4768 4762
f 5060 4769 4768
f 5060 4770 4769
f 5060 4764 4767
f 5060 4775 4776
f 5060 4765 4775
f 5060 4766 4765
f 5060 4767 4766
f 5060 4771 4770
f 5060 4772 4771
f 5060 4773 4772
f 5060 4774 4773
f 5060 4776 4774
f 5060 4763 4764
f 1456 5060 5063
f 1462 5063 5061
f 1462 5061 5067
f 1465 5070 5073
f 1465 5073 5071
f 1468 5071 5076
f 1469 5067 5070
f 1468 5076 5111
f 1499 5111 5114
f 1500 5114 5112
f 1500 5112 5117
f 1505 5117 5116
f 1505 5116 5122
f 1511 5122 5121
f 1511 5121 5124
f 1510 5124 5152
f 1547 5152 5153
f 1548 5153 5154
f 1548 5154 5162
f 1555 5162 5163
f 1557 5163 5164
f 1557 5164 5165
f 1606 5165 5356
f 1606 5356 5357
f 1810 5357 4877
f 3854 4828 3855
f 3855 4830 3857
f 3857 4830 3856
f 3856 4830 3860
f 3861 4830 3859
f 3859 4830 3858
f 3868 4830 3867
f 3866 4830 3865
f 3867 4830 3866
f 3858 4830 3868
f 3860 4830 3861
f 3855 4828 4829
f 3855 4829 4830
f 3793 4845 4874
f 4874 3880 3835
f 5543 4861 4850
f 5543 4850 4851
f 5543 4852 4853
f 5543 4851 4852
f 5543 4853 4854
f 5543 4854 4856
f 5543 4856 4855
f 5543 4855 6600
f 4874 3881 3880
f 4874 3882 3881
f 4874 3883 3882
f 4874 3884 3883
f 4874 3885 3884
f 4874 3886 3885
f 4874 3887 3886
f 4874 3888 3887
f 4874 3889 3888
f 4874 4857 5543
f 4874 3890 3889
f 4874 3891 3890
f 4874 5543 3891
f 5543 4857 4862
f 5543 4862 4861
f 4874 4848 4838
f 4874 4845 4846
f 4874 4846 4847
f 4874 4849 4848
f 4874 4847 4849
f 4874 4872 4871
f 4874 4873 4872
f 4874 4840 4837
f 4874 4836 4873
f 4874 4837 4836
f 4874 4839 4840
f 4874 4838 4839
f 1813 4874 4871
f 1810 4877 4874
f 4874 4859 4858
f 4874 4858 4857
f 4874 4860 4859
f 4874 4863 4860
f 4874 4864 4863
f 4874 4865 4864
f 4874 4866 4865
f 4874 4867 4866
f 4874 4868 4867
f 4874 4869 4868
f 4874 4870 4869
f 4874 4875 4870
f 4874 4877 6650
f 4874 6650 4875
f 4436 4437 4878
f 4437 4438 4880
f 4453 4879 4438
f 4437 4880 4878
f 4438 4879 4880
f 4453 4893 4879
f 4454 4893 4453
f 4455 4894 4454
f 4456 4895 4455
f 4457 4896 4456
f 4458 4897 4457
f 4459 4898 4458
f 4466 4899 4459
f 4467 4900 4466
f 4468 4901 4467
f 4470 4902 4468
f 4469 4904 4471
f 4464 4908 4465
f 4465 4907 4469
f 4463 4909 4464
f 4471 4903 4470
f 4454 4894 4893
f 4455 4895 4894
f 4456 4896 4895
f 4457 4897 4896
f 4458 4898 4897
f 4459 4899 4898
f 4466 4900 4899
f 4467 4901 4900
f 4468 4902 4901
f 4470 4903 4902
f 4471 4904 4903
f 4469 4907 4904
f 4465 4908 4907
f 4464 4909 4908
f 4463 4910 4909
f 5060 4462 3934
f 5060 4463 4462
f 5373 4573 4574
f 5373 4574 4575
f 5060 4910 4463
f 4088 5062 5060
f 4088 5064 5062
f 4113 5078 5064
f 4113 5080 5078
f 4121 5087 5080
f 4121 5088 5087
f 4192 5200 5088
f 4192 5202 5200
f 4193 5203 5202
f 4194 5208 5203
f 4197 5217 5208
f 4218 5218 5217
f 4218 5239 5218
f 4228 5238 5239
f 4228 5240 5238
f 4294 5258 5240
f 4297 5261 5258
f 4297 5264 5261
f 4320 5281 5264
f 4321 5282 5281
f 4321 5287 5282
f 4326 5288 5287
f 4373 5370 5288
f 4376 5373 5370
f 5373 4575 5012
f 5373 4390 4573
f 4576 5012 4575
f 4577 5010 4576
f 4578 5011 4577
f 4579 5017 4578
f 4580 5004 4579
f 4581 5006 4580
f 4582 5005 4581
f 4582 4583 5007
f 4584 5008 4583
f 4576 5010 5012
f 4578 5017 5011
f 4577 5011 5010
f 4580 5006 5004
f 4579 5004 5017
f 4581 5005 5006
f 4582 5007 5005
f 5007 4583 5008
f 4584 5009 5008
f 4596 5009 4584
f 4597 5024 4596
f 4597 4598 5025
f 4598 4599 5026
f 4599 4605 5027
f 4609 4610 5028
f 4608 4609 5028
f 4605 4606 5028
f 4606 4607 5028
f 4607 4608 5028
f 4610 4604 5028
f 4596 5024 5009
f 4597 5025 5024
f 4598 5026 5025
f 4599 5027 5026
f 4605 5028 5027
f 5060 4890 4891
f 5060 4891 4892
f 5060 4892 4905
f 5060 4905 4906
f 5060 4906 5046
f 5060 5046 5047
f 5060 5047 5048
f 5060 5048 5049
f 5060 4914 4915
f 5060 4919 4920
f 5060 4915 4919
f 5060 4911 4910
f 5060 4912 4911
f 5060 4917 4912
f 5060 4916 4918
f 5060 4920 4916
f 5060 4918 4917
f 5060 5049 5050
f 5060 5050 4913
f 5060 4913 4914
f 5373 5012 5013
f 5373 5013 5014
f 5373 5014 5015
f 5060 5062 5063
f 5062 5065 5063
f 5062 5064 5065
f 5064 5079 5065
f 5061 5063 5066
f 5063 5065 5066
f 5061 5066 5067
f 5066 5069 5067
f 5065 5068 5066
f 5065 5079 5068
f 5066 5068 5069
f 5068 5083 5069
f 5067 5072 5070
f 5067 5069 5072
f 5070 5072 5073
f 5072 5074 5073
f 5069 5094 5072
f 5072 5094 5074
f 5071 5073 5075
f 5073 5074 5075
f 5071 5075 5076
f 5075 5077 5076
f 5074 5098 5075
f 5075 5098 5077
f 5064 5078 5079
f 5078 5081 5079
f 5078 5080 5081
f 5080 5086 5081
f 5068 5079 5082
f 5079 5081 5082
f 5068 5082 5083
f 5082 5085 5083
f 5081 5084 5082
f 5081 5086 5084
f 5082 5084 5085
f 5084 5091 5085
f 5080 5087 5086
f 5086 5087 5089
f 5087 5088 5089
f 5088 5199 5089
f 5084 5086 5090
f 5086 5089 5090
f 5084 5090 5091
f 5090 5093 5091
f 5089 5092 5090
f 5089 5199 5092
f 5090 5092 5093
f 5092 5205 5093
f 5069 5083 5094
f 5083 5096 5094
f 5074 5094 5095
f 5094 5096 5095
f 5083 5085 5096
f 5085 5102 5096
f 5095 5096 5097
f 5096 5102 5097
f 5074 5095 5098
f 5095 5099 5098
f 5095 5097 5099
f 5077 5098 5100
f 5098 5099 5100
f 5097 5107 5099
f 5099 5101 5100
f 5099 5107 5101
f 5085 5091 5102
f 5091 5093 5103
f 5091 5103 5102
f 5097 5102 5104
f 5102 5103 5104
f 5093 5105 5103
f 5093 5205 5105
f 5103 5106 5104
f 5103 5105 5106
f 5097 5104 5107
f 5104 5109 5107
f 5101 5107 5108
f 5107 5109 5108
f 5101 5108 5131
f 5104 5106 5109
f 5106 5215 5109
f 5109 5215 5110
f 5108 5109 5110
f 5108 5110 5132
f 5110 5223 5132
f 5076 5113 5111
f 5076 5077 5113
f 5111 5113 5114
f 5113 5115 5114
f 5114 5115 5118
f 5077 5127 5113
f 5113 5127 5115
f 5112 5114 5118
f 5115 5133 5118
f 5112 5118 5117
f 5117 5118 5120
f 5117 5120 5119
f 5116 5117 5119
f 5116 5119 5122
f 5119 5125 5122
f 5118 5133 5120
f 5119 5120 5135
f 5119 5135 5125
f 5121 5122 5123
f 5122 5125 5123
f 5121 5123 5124
f 5123 5156 5124
f 5123 5125 5126
f 5125 5148 5126
f 5123 5126 5156
f 5077 5100 5127
f 5100 5129 5127
f 5127 5129 5128
f 5115 5127 5128
f 5115 5128 5133
f 5100 5101 5129
f 5101 5131 5129
f 5129 5131 5130
f 5128 5129 5130
f 5128 5130 5136
f 5108 5132 5131
f 5131 5132 5140
f 5130 5131 5140
f 5128 5136 5133
f 5130 5143 5136
f 5120 5133 5134
f 5133 5136 5134
f 5120 5134 5135
f 5134 5138 5135
f 5134 5136 5137
f 5136 5143 5137
f 5134 5137 5138
f 5137 5139 5138
f 5125 5135 5148
f 5135 5138 5148
f 5138 5139 5150
f 5139 5151 5150
f 5130 5140 5143
f 5140 5142 5143
f 5132 5141 5140
f 5132 5223 5141
f 5140 5141 5142
f 5141 5250 5142
f 5137 5143 5144
f 5142 5144 5143
f 5137 5144 5139
f 5142 5146 5144
f 5142 5250 5146
f 5144 5146 5145
f 5139 5144 5145
f 5139 5145 5151
f 5145 5181 5151
f 5146 5253 5147
f 5145 5146 5147
f 5145 5147 5181
f 5138 5150 5148
f 5126 5148 5149
f 5148 5150 5149
f 5126 5149 5172
f 5149 5150 5174
f 5150 5151 5174
f 5124 5155 5152
f 5124 5156 5155
f 5152 5155 5153
f 5155 5156 5157
f 5126 5172 5156
f 5156 5172 5157
f 5153 5155 5158
f 5155 5157 5158
f 5157 5173 5160
f 5153 5158 5154
f 5154 5158 5159
f 5154 5159 5162
f 5159 5166 5162
f 5157 5160 5158
f 5158 5160 5159
f 5159 5160 5161
f 5159 5161 5166
f 5160 5177 5161
f 5162 5166 5163
f 5163 5166 5167
f 5163 5167 5164
f 5161 5187 5168
f 5161 5168 5166
f 5166 5168 5167
f 5167 5168 5170
f 5168 5188 5170
f 5164 5167 5169
f 5164 5169 5165
f 5165 5169 5358
f 5167 5170 5169
f 5169 5170 5171
f 5170 5190 5171
f 5169 5171 5358
f 5147 5308 5181
f 5149 5175 5172
f 5157 5172 5173
f 5172 5175 5173
f 5149 5174 5175
f 5174 5180 5175
f 5173 5175 5176
f 5175 5180 5176
f 5176 5180 5183
f 5160 5173 5177
f 5173 5176 5177
f 5161 5177 5187
f 5177 5178 5187
f 5176 5178 5177
f 5176 5183 5178
f 5151 5179 5174
f 5174 5179 5180
f 5151 5181 5179
f 5179 5184 5180
f 5179 5181 5182
f 5181 5308 5182
f 5179 5182 5184
f 5180 5184 5183
f 5183 5184 5186
f 5183 5186 5193
f 5182 5185 5184
f 5182 5321 5185
f 5184 5185 5186
f 5185 5330 5186
f 5178 5183 5193
f 5187 5189 5188
f 5168 5187 5188
f 5178 5189 5187
f 5178 5193 5189
f 5188 5189 5191
f 5189 5194 5191
f 5170 5188 5190
f 5188 5191 5190
f 5171 5190 5362
f 5190 5192 5362
f 5190 5191 5192
f 5191 5197 5192
f 5186 5195 5193
f 5186 5330 5195
f 5195 5330 5332
f 5189 5193 5194
f 5193 5195 5194
f 5191 5194 5197
f 5194 5195 5196
f 5194 5196 5197
f 5195 5332 5196
f 5196 5332 5338
f 5197 5198 5366
f 5192 5197 5366
f 5196 5198 5197
f 5196 5338 5198
f 5198 5338 5390
f 5088 5200 5199
f 5199 5200 5201
f 5200 5202 5201
f 5201 5202 5203
f 5092 5199 5204
f 5199 5201 5204
f 5092 5204 5205
f 5204 5207 5205
f 5205 5207 5211
f 5201 5206 5204
f 5204 5206 5207
f 5201 5203 5206
f 5206 5210 5207
f 5207 5210 5213
f 5203 5208 5209
f 5203 5209 5206
f 5206 5209 5210
f 5105 5205 5211
f 5105 5211 5212
f 5105 5212 5106
f 5106 5212 5215
f 5207 5213 5211
f 5211 5213 5214
f 5211 5214 5212
f 5212 5214 5216
f 5110 5215 5224
f 5212 5216 5215
f 5215 5216 5224
f 5208 5217 5209
f 5217 5218 5221
f 5218 5239 5221
f 5209 5217 5220
f 5209 5220 5210
f 5210 5219 5213
f 5210 5220 5219
f 5217 5221 5220
f 5219 5220 5222
f 5220 5221 5222
f 5221 5241 5222
f 5219 5222 5230
f 5222 5243 5230
f 5213 5227 5214
f 5214 5228 5216
f 5110 5224 5223
f 5223 5224 5226
f 5216 5225 5224
f 5216 5228 5225
f 5224 5225 5226
f 5225 5232 5226
f 5226 5232 5251
f 5213 5219 5227
f 5219 5230 5227
f 5214 5227 5228
f 5227 5229 5228
f 5227 5230 5229
f 5228 5229 5231
f 5229 5230 5233
f 5230 5243 5233
f 5229 5234 5231
f 5225 5228 5231
f 5225 5231 5232
f 5231 5235 5232
f 5229 5233 5234
f 5233 5248 5234
f 5232 5255 5251
f 5232 5235 5255
f 5231 5234 5235
f 5234 5236 5235
f 5234 5248 5236
f 5235 5237 5255
f 5235 5236 5237
f 5236 5271 5237
f 5221 5239 5241
f 5222 5241 5243
f 5238 5242 5239
f 5238 5240 5242
f 5239 5242 5241
f 5241 5242 5244
f 5241 5244 5243
f 5243 5244 5247
f 5242 5245 5244
f 5244 5246 5247
f 5240 5245 5242
f 5244 5245 5246
f 5233 5243 5247
f 5233 5247 5248
f 5246 5267 5247
f 5247 5267 5248
f 5248 5267 5270
f 5236 5248 5270
f 5236 5270 5271
f 5141 5223 5249
f 5223 5226 5249
f 5141 5249 5250
f 5249 5252 5250
f 5226 5251 5249
f 5249 5251 5252
f 5250 5252 5253
f 5251 5257 5252
f 5252 5254 5253
f 5252 5257 5254
f 5254 5257 5312
f 5146 5250 5253
f 5147 5253 5309
f 5253 5254 5309
f 5251 5255 5257
f 5237 5256 5255
f 5255 5256 5257
f 5256 5312 5257
f 5237 5271 5313
f 5240 5258 5259
f 5240 5259 5245
f 5245 5259 5260
f 5245 5260 5246
f 5246 5260 5268
f 5259 5262 5260
f 5260 5263 5268
f 5258 5261 5259
f 5259 5261 5262
f 5260 5262 5263
f 5261 5264 5265
f 5264 5281 5265
f 5261 5265 5262
f 5262 5265 5266
f 5262 5266 5263
f 5263 5266 5279
f 5265 5284 5266
f 5266 5284 5283
f 5266 5283 5279
f 5265 5281 5284
f 5267 5269 5270
f 5246 5268 5267
f 5267 5268 5269
f 5263 5274 5268
f 5268 5274 5269
f 5269 5274 5275
f 5269 5272 5270
f 5270 5272 5271
f 5271 5273 5313
f 5271 5272 5273
f 5272 5276 5273
f 5269 5275 5272
f 5274 5280 5275
f 5273 5276 5343
f 5272 5275 5276
f 5275 5280 5277
f 5275 5277 5276
f 5276 5278 5343
f 5276 5277 5278
f 5277 5293 5278
f 5263 5279 5274
f 5274 5279 5280
f 5279 5283 5294
f 5279 5294 5280
f 5280 5294 5297
f 5277 5280 5297
f 5281 5282 5285
f 5282 5287 5285
f 5281 5285 5284
f 5283 5284 5286
f 5284 5285 5286
f 5285 5289 5286
f 5283 5286 5296
f 5286 5290 5296
f 5287 5288 5291
f 5285 5287 5289
f 5286 5289 5290
f 5287 5291 5289
f 5289 5291 5292
f 5289 5292 5290
f 5290 5292 5302
f 5278 5293 5347
f 5293 5299 5347
f 5299 5305 5348
f 5283 5296 5294
f 5294 5295 5297
f 5294 5296 5295
f 5295 5300 5298
f 5295 5296 5301
f 5277 5297 5293
f 5293 5297 5298
f 5298 5304 5299
f 5295 5298 5297
f 5293 5298 5299
f 5295 5301 5300
f 5290 5301 5296
f 5290 5302 5301
f 5301 5302 5303
f 5300 5301 5303
f 5300 5303 5306
f 5298 5300 5304
f 5299 5304 5305
f 5300 5306 5304
f 5304 5306 5307
f 5304 5307 5305
f 5305 5307 5355
f 5147 5309 5308
f 5308 5309 5311
f 5308 5311 5321
f 5254 5310 5309
f 5254 5312 5310
f 5309 5310 5311
f 5310 5318 5311
f 5311 5323 5321
f 5311 5318 5323
f 5318 5319 5323
f 5319 5333 5323
f 5256 5314 5312
f 5312 5314 5315
f 5237 5313 5256
f 5256 5313 5314
f 5313 5342 5314
f 5314 5316 5315
f 5314 5342 5316
f 5310 5312 5315
f 5310 5315 5318
f 5316 5342 5345
f 5316 5345 5320
f 5315 5317 5318
f 5317 5319 5318
f 5317 5325 5319
f 5315 5316 5317
f 5316 5320 5317
f 5317 5320 5325
f 5182 5308 5321
f 5185 5321 5322
f 5321 5323 5322
f 5185 5322 5330
f 5322 5331 5330
f 5322 5323 5333
f 5322 5333 5331
f 5319 5339 5333
f 5319 5325 5339
f 5325 5326 5339
f 5326 5340 5339
f 5326 5327 5340
f 5320 5346 5324
f 5320 5324 5325
f 5324 5326 5325
f 5324 5350 5328
f 5324 5328 5326
f 5328 5354 5329
f 5326 5328 5327
f 5327 5328 5329
f 5327 5329 5394
f 5330 5331 5332
f 5332 5335 5338
f 5331 5335 5332
f 5331 5333 5334
f 5333 5339 5334
f 5334 5340 5336
f 5331 5334 5335
f 5334 5336 5335
f 5335 5337 5338
f 5337 5390 5338
f 5335 5336 5337
f 5336 5388 5337
f 5334 5339 5340
f 5336 5340 5341
f 5327 5341 5340
f 5336 5341 5388
f 5327 5394 5341
f 5273 5342 5313
f 5273 5343 5342
f 5342 5343 5345
f 5343 5344 5345
f 5320 5345 5346
f 5344 5346 5345
f 5278 5344 5343
f 5344 5349 5346
f 5346 5349 5350
f 5349 5351 5350
f 5278 5347 5344
f 5344 5347 5349
f 5347 5348 5349
f 5299 5348 5347
f 5348 5351 5349
f 5324 5346 5350
f 5351 5353 5354
f 5348 5352 5351
f 5305 5352 5348
f 5305 5355 5352
f 5352 5355 5397
f 5351 5352 5353
f 5352 5397 5353
f 5328 5350 5354
f 5350 5351 5354
f 5329 5354 5399
f 5353 5399 5354
f 5165 5358 5356
f 5356 5358 5359
f 5356 5359 5357
f 5171 5360 5358
f 5358 5360 5359
f 5171 5362 5360
f 5359 5360 5361
f 5360 5363 5361
f 5360 5362 5363
f 5362 5364 5363
f 5192 5364 5362
f 5192 5366 5364
f 5363 5364 5365
f 5364 5367 5365
f 5366 5368 5367
f 5364 5366 5367
f 5198 5368 5366
f 5198 5390 5368
f 5367 5368 5369
f 5368 5391 5369
f 5288 5370 5291
f 5370 5373 5374
f 5291 5371 5292
f 5291 5370 5371
f 5292 5372 5302
f 5292 5371 5372
f 5370 5374 5371
f 5371 5374 5375
f 5371 5375 5372
f 5372 5375 5380
f 5302 5376 5303
f 5302 5372 5376
f 5303 5377 5306
f 5303 5376 5377
f 5372 5380 5376
f 5376 5380 5381
f 5376 5381 5377
f 5377 5381 5384
f 5306 5378 5307
f 5307 5379 5355
f 5307 5378 5379
f 5378 5384 5383
f 5378 5383 5379
f 5379 5383 5382
f 5306 5377 5378
f 5377 5384 5378
f 5385 5395 5394
f 5329 5399 5385
f 5329 5385 5394
f 5385 5386 5395
f 5337 5387 5390
f 5387 5392 5391
f 5337 5388 5387
f 5387 5388 5389
f 5387 5389 5392
f 5368 5390 5391
f 5387 5391 5390
f 5341 5393 5388
f 5341 5394 5393
f 5388 5393 5389
f 5389 5393 5396
f 5393 5395 5396
f 5393 5394 5395
f 5355 5404 5397
f 5353 5397 5400
f 5397 5398 5400
f 5397 5404 5398
f 5398 5404 5402
f 5353 5400 5399
f 5399 5400 5401
f 5385 5399 5401
f 5400 5403 5401
f 5385 5401 5386
f 5398 5403 5400
f 5355 5379 5404
f 5379 5382 5404
f 5382 5402 5404
f 5373 5015 5016
f 5373 5016 5018
f 5373 5018 5019
f 5373 5019 5020
f 5373 5020 5021
f 5373 5021 5022
f 5373 5039 5040
f 5373 5040 5044
f 5373 5022 5023
f 5373 5023 5405
f 5373 5405 5406
f 5373 5406 5407
f 5373 5407 5408
f 5373 5408 5409
f 5373 5409 5038
f 5373 5038 5039
f 4604 4746 5028
f 4747 5029 5028
f 4748 5030 5029
f 4749 5031 5030
f 4750 5032 5031
f 4751 5033 5032
f 5373 5044 5861
f 4752 5034 5033
f 4753 5035 5034
f 4754 5036 5035
f 5036 5860 5454
f 5861 5037 5454
f 5861 5041 5037
f 5861 5043 5041
f 5861 5042 5043
f 5861 5045 5042
f 5861 5044 5045
f 5373 5861 5862
f 5373 5862 5863
f 5373 5863 5462
f 4747 5028 4746
f 4748 5029 4747
f 4749 5030 4748
f 4750 5031 4749
f 4751 5032 4750
f 4752 5033 4751
f 4753 5034 4752
f 4754 5035 4753
f 5860 5036 4754
f 5454 5860 5861
f 5455 5466 5863
f 5456 5455 5863
f 5458 5457 5863
f 5459 5458 5863
f 5457 5456 5863
f 5461 5459 5863
f 5460 5461 5863
f 5466 5467 5863
f 5467 5462 5863
f 4877 5357 6988
f 5373 5463 5464
f 5373 5462 5463
f 5373 5464 5465
f 5373 5465 5468
f 5373 5468 5469
f 5373 5469 5470
f 5373 5470 5471
f 5373 5471 5472
f 5373 5472 5473
f 5373 5473 5474
f 5373 5474 5475
f 5373 5475 5480
f 5373 5480 5481
f 5373 5481 6795
f 5373 6795 6796
f 5373 6796 6797
f 5373 6797 6776
f 5373 6776 6777
f 5357 5359 6991
f 5359 5361 6991
f 5361 5363 6990
f 5363 5365 6994
f 5365 5367 6999
f 5367 5369 6998
f 5369 5391 6998
f 5373 7002 5374
f 5374 7004 5375
f 5375 7004 5380
f 5380 7008 5381
f 5381 7012 5384
f 5383 5384 7011
f 5382 5383 7011
f 5386 7017 5395
f 5391 5392 7019
f 5389 7020 5392
f 5395 7025 5396
f 5389 5396 7020
f 5398 5402 7029
f 5401 5403 7030
f 5386 5401 7017
f 5398 7030 5403
f 5382 7029 5402
f 2712 3793 5507
f 5507 3826 3827
f 5507 3827 5482
f 5507 5482 5483
f 5507 5483 5484
f 5507 5484 5485
f 5507 5485 5486
f 5507 5486 5487
f 5507 5487 5488
f 5507 5488 5489
f 5507 5489 5490
f 5507 5490 5491
f 5507 5491 5492
f 5507 5492 5501
f 5507 5501 5502
f 5507 5502 5503
f 5507 5503 5538
f 2712 5507 5508
f 5507 5509 5508
f 5507 5510 5509
f 5507 5511 5510
f 5507 5512 5511
f 5507 5513 5512
f 5507 5514 5513
f 5507 5515 5514
f 5507 5516 5515
f 5507 5517 5516
f 5507 5518 5517
f 5507 5527 5518
f 5507 5528 5527
f 5495 5494 5534
f 5493 5495 5535
f 5496 5493 5536
f 5497 5496 5537
f 5538 5498 5497
f 5538 5503 5504
f 5538 5504 5499
f 5538 5506 5505
f 5538 5500 5506
f 5538 5505 5498
f 5538 5499 5500
f 5494 5533 5534
f 5495 5534 5535
f 5493 5535 5536
f 5496 5536 5537
f 5497 5537 5538
f 5507 5538 5539
f 5507 5539 5540
f 5507 5540 5541
f 5507 5541 5542
f 5507 5542 5550
f 5507 5550 5551
f 5507 5551 5552
f 5507 5552 5553
f 5507 6600 6601
f 5507 6601 6602
f 5507 6602 6603
f 5507 5553 6600
f 5507 6603 6604
f 5507 6604 6605
f 5507 6605 6606
f 5507 6606 6607
f 5507 6607 6611
f 5507 6611 6612
f 5507 6612 6613
f 5507 6613 6614
f 5507 6614 6615
f 5521 5522 5558
f 5519 5559 5522
f 5520 5560 5519
f 5522 5559 5558
f 5519 5560 5559
f 5520 5561 5560
f 5520 5562 5561
f 5520 5563 5562
f 5520 5564 5563
f 5520 5565 5564
f 5520 5566 5565
f 5520 5567 5566
f 5520 5576 5567
f 5520 5577 5576
f 6650 5524 5532
f 6650 5529 5528
f 6650 5530 5529
f 6650 5531 5530
f 6650 5532 5531
f 6650 5520 5523
f 6650 5523 5526
f 6650 5526 5525
f 6650 5525 5524
f 5507 6650 5528
f 2354 5632 6211
f 5634 5985 5633
f 5635 5984 5634
f 5636 5990 5635
f 5637 5971 5636
f 5638 5972 5637
f 5639 5970 5638
f 5640 5973 5639
f 5641 5974 5640
f 5650 5969 5641
f 5651 5975 5650
f 5652 5976 5651
f 5653 5977 5652
f 5646 5977 5649
f 5649 5977 5648
f 5654 5977 5653
f 5655 5977 5654
f 5648 5977 5647
f 5647 5977 5655
f 2057 6066 6065
f 2249 6114 6066
f 2249 6115 6114
f 2251 6116 6115
f 2252 6117 6116
f 2260 6124 6117
f 2260 6125 6124
f 2261 6126 6125
f 2290 6162 6126
f 2290 6161 6162
f 2292 6167 6164
f 2293 6164 6161
f 2297 6169 6167
f 2297 6172 6169
f 2300 6174 6172
f 2300 6173 6174
f 2303 6204 6173
f 2343 6202 6204
f 2343 6207 6202
f 2344 6203 6207
f 2344 6212 6203
f 2351 6211 6216
f 2353 6210 6212
f 2353 6216 6210
f 6211 5632 5633
f 5637 5972 5971
f 5635 5990 5984
f 5636 5971 5990
f 5638 5970 5972
f 5641 5969 5974
f 5650 5975 5969
f 5639 5973 5970
f 5640 5974 5973
f 5634 5984 5985
f 5651 5976 5975
f 5652 5977 5976
f 5644 5705 5645
f 5645 5706 5642
f 5642 5707 5643
f 5643 5708 5646
f 5644 5704 5705
f 5645 5705 5706
f 5642 5706 5707
f 5643 5707 5708
f 5646 5708 5977
f 5978 5708 5709
f 5978 5709 5710
f 5978 5710 5711
f 5978 5711 5712
f 5978 5712 5713
f 5978 5713 5722
f 5978 5722 5723
f 5978 5723 5724
f 5978 5724 5725
f 5978 5725 5726
f 5727 6513 5726
f 5977 5708 5978
f 5726 5979 5978
f 5726 5980 5979
f 5726 5981 5980
f 5726 5982 5981
f 5726 5983 5982
f 5726 5999 5983
f 5726 6000 5999
f 5726 6001 6000
f 5726 6507 6001
f 5726 6509 6507
f 5726 6510 6509
f 5726 6511 6510
f 5726 6512 6511
f 5726 6513 6512
f 5727 6514 6513
f 5727 6515 6514
f 5727 6516 6515
f 5727 6517 6516
f 5727 6518 6517
f 4376 6110 5779
f 5780 6024 5781
f 5781 6023 5782
f 5782 6019 5783
f 5783 6018 5784
f 5784 6021 5785
f 5785 6020 5786
f 5786 6022 5787
f 5787 6029 5796
f 5796 6030 5797
f 5798 5797 6031
f 5799 5798 6032
f 5794 5799 6033
f 4331 6065 6068
f 4331 6068 6067
f 4333 6067 6072
f 4337 6072 6071
f 4337 6071 6076
f 4339 6076 6075
f 4341 6075 6080
f 4347 6080 6079
f 4347 6079 6082
f 4346 6082 6085
f 4350 6085 6087
f 4350 6087 6089
f 4356 6089 6093
f 4359 6093 6091
f 4359 6091 6096
f 4360 6096 6092
f 4360 6092 6099
f 4367 6099 6100
f 4367 6100 6101
f 4369 6101 6102
f 4370 6102 6103
f 4370 6103 6108
f 4375 6108 6109
f 4375 6109 6110
f 6110 5780 5779
f 6110 6017 5780
f 5783 6019 6018
f 5784 6018 6021
f 6021 6020 5785
f 6022 6029 5787
f 6020 6022 5786
f 5796 6029 6030
f 6031 5797 6030
f 6032 5798 6031
f 5799 6032 6033
f 6024 6023 5781
f 6023 6019 5782
f 6017 6024 5780
f 5850 5789 5790
f 5790 5788 5851
f 5788 5791 5852
f 5791 5792 5853
f 5793 5800 5853
f 5792 5793 5853
f 5795 5794 5853
f 5801 5795 5853
f 5800 5801 5853
f 5790 5851 5850
f 5788 5852 5851
f 5791 5853 5852
f 5794 6033 5853
f 6034 5854 5853
f 6035 5855 5854
f 6036 5856 5855
f 6037 5857 5856
f 6037 5858 5857
f 6037 5859 5858
f 6037 5867 5859
f 6037 5868 5867
f 6034 5853 6033
f 6035 5854 6034
f 6036 5855 6035
f 6037 5856 6036
f 5868 6037 6038
f 5868 6038 6039
f 5868 6039 6040
f 5868 6040 6041
f 5868 6041 6042
f 6042 6043 5869
f 6043 6054 5870
f 6054 6558 5871
f 6042 5869 5868
f 6043 5870 5869
f 6054 5871 5870
f 6553 6552 5871
f 6563 6564 5871
f 6552 6563 5871
f 6564 6565 5871
f 5871 6565 6566
f 5871 6566 6567
f 5871 6567 6568
f 6556 6555 5871
f 6557 6556 5871
f 6558 6557 5871
f 6554 6553 5871
f 6555 6554 5871
f 6211 5633 5985
f 6211 5985 5986
f 6211 5986 5987
f 6211 5987 5988
f 6110 6025 6017
f 6110 6026 6025
f 6110 6027 6026
f 6110 6028 6027
f 6110 6044 6028
f 6110 6045 6044
f 6110 6046 6045
f 6110 6047 6046
f 6110 6048 6047
f 6110 6049 6048
f 6110 6050 6049
f 6110 6051 6050
f 6110 6052 6051
f 6211 5988 5989
f 6211 5989 5991
f 6211 5991 5992
f 6065 6066 6068
f 6066 6069 6068
f 6066 6114 6069
f 6067 6068 6070
f 6067 6070 6072
f 6068 6069 6070
f 6069 6119 6070
f 6070 6119 6073
f 6070 6073 6072
f 6072 6073 6074
f 6071 6072 6074
f 6071 6074 6076
f 6073 6135 6074
f 6074 6135 6077
f 6074 6077 6076
f 6076 6077 6078
f 6075 6076 6078
f 6075 6078 6080
f 6077 6141 6078
f 6078 6141 6081
f 6078 6081 6080
f 6080 6081 6083
f 6079 6080 6083
f 6081 6254 6083
f 6079 6083 6082
f 6083 6254 6084
f 6082 6083 6084
f 6082 6086 6085
f 6085 6086 6087
f 6082 6084 6086
f 6084 6262 6086
f 6086 6262 6088
f 6086 6088 6087
f 6087 6090 6089
f 6087 6088 6090
f 6088 6265 6090
f 6090 6265 6094
f 6089 6090 6093
f 6091 6093 6095
f 6090 6094 6093
f 6093 6094 6095
f 6094 6288 6095
f 6091 6095 6096
f 6092 6096 6098
f 6095 6097 6096
f 6095 6288 6097
f 6096 6097 6098
f 6097 6296 6098
f 6092 6098 6099
f 6098 6104 6099
f 6098 6296 6104
f 6099 6104 6100
f 6100 6104 6105
f 6100 6105 6101
f 6104 6296 6302
f 6104 6302 6105
f 6105 6302 6303
f 6101 6105 6106
f 6105 6303 6106
f 6101 6106 6102
f 6102 6106 6107
f 6102 6107 6103
f 6103 6107 6111
f 6106 6307 6107
f 6106 6303 6307
f 6107 6307 6308
f 6107 6308 6111
f 6103 6111 6108
f 6108 6111 6112
f 6108 6112 6109
f 6109 6112 6113
f 6111 6316 6112
f 6111 6308 6316
f 6112 6317 6113
f 6112 6316 6317
f 6109 6113 6110
f 6113 6317 6320
f 6069 6114 6118
f 6114 6115 6118
f 6115 6121 6118
f 6069 6118 6119
f 6118 6120 6119
f 6118 6121 6120
f 6119 6120 6134
f 6115 6116 6121
f 6116 6122 6121
f 6116 6117 6122
f 6120 6121 6123
f 6121 6122 6123
f 6120 6123 6137
f 6122 6129 6123
f 6123 6129 6138
f 6117 6127 6122
f 6117 6124 6127
f 6124 6128 6127
f 6124 6125 6128
f 6122 6127 6129
f 6127 6130 6129
f 6129 6130 6146
f 6127 6128 6130
f 6128 6132 6130
f 6125 6131 6128
f 6128 6131 6132
f 6130 6132 6149
f 6125 6126 6131
f 6126 6162 6131
f 6131 6162 6133
f 6131 6133 6132
f 6132 6133 6150
f 6133 6165 6150
f 6073 6119 6134
f 6073 6134 6135
f 6120 6137 6134
f 6134 6137 6136
f 6134 6136 6135
f 6135 6136 6140
f 6123 6138 6137
f 6137 6138 6139
f 6136 6137 6139
f 6136 6139 6142
f 6138 6147 6139
f 6139 6147 6143
f 6077 6135 6140
f 6077 6140 6141
f 6081 6141 6253
f 6140 6144 6141
f 6141 6144 6253
f 6136 6142 6140
f 6140 6142 6144
f 6142 6145 6144
f 6139 6143 6142
f 6142 6143 6145
f 6144 6257 6253
f 6144 6145 6257
f 6143 6155 6145
f 6145 6258 6257
f 6145 6155 6258
f 6129 6146 6138
f 6138 6146 6147
f 6130 6149 6146
f 6146 6149 6148
f 6146 6148 6147
f 6147 6148 6153
f 6148 6157 6153
f 6132 6150 6149
f 6149 6150 6151
f 6150 6177 6151
f 6148 6149 6151
f 6148 6151 6157
f 6151 6177 6152
f 6151 6152 6157
f 6143 6147 6153
f 6143 6153 6155
f 6153 6157 6154
f 6153 6154 6155
f 6155 6156 6258
f 6154 6156 6155
f 6154 6159 6156
f 6156 6159 6273
f 6154 6157 6158
f 6152 6158 6157
f 6152 6180 6158
f 6158 6180 6160
f 6154 6158 6159
f 6158 6160 6159
f 6159 6160 6274
f 6160 6189 6274
f 6133 6162 6163
f 6161 6163 6162
f 6161 6164 6163
f 6163 6164 6166
f 6133 6163 6165
f 6163 6166 6165
f 6165 6166 6178
f 6164 6167 6168
f 6167 6169 6168
f 6164 6168 6166
f 6168 6169 6171
f 6169 6172 6170
f 6169 6170 6171
f 6166 6168 6182
f 6168 6171 6182
f 6170 6183 6171
f 6170 6172 6174
f 6170 6176 6183
f 6170 6174 6176
f 6174 6175 6176
f 6173 6175 6174
f 6173 6204 6175
f 6175 6204 6205
f 6175 6197 6176
f 6175 6205 6197
f 6150 6165 6177
f 6165 6178 6177
f 6177 6178 6179
f 6178 6185 6179
f 6152 6177 6179
f 6152 6179 6180
f 6166 6182 6178
f 6178 6182 6185
f 6179 6181 6180
f 6179 6185 6181
f 6171 6184 6182
f 6182 6184 6185
f 6171 6183 6184
f 6183 6187 6184
f 6184 6186 6185
f 6181 6185 6186
f 6184 6187 6186
f 6186 6187 6192
f 6183 6196 6187
f 6187 6198 6192
f 6180 6181 6188
f 6160 6180 6188
f 6181 6191 6188
f 6188 6191 6190
f 6160 6188 6189
f 6188 6190 6189
f 6189 6190 6351
f 6181 6186 6191
f 6186 6192 6191
f 6191 6192 6194
f 6190 6191 6194
f 6190 6194 6355
f 6192 6198 6193
f 6192 6193 6194
f 6194 6195 6355
f 6193 6195 6194
f 6193 6201 6195
f 6195 6201 6360
f 6176 6196 6183
f 6176 6197 6196
f 6196 6197 6199
f 6197 6205 6220
f 6197 6220 6199
f 6187 6196 6198
f 6196 6199 6198
f 6198 6199 6200
f 6199 6221 6200
f 6199 6220 6221
f 6193 6198 6200
f 6193 6200 6201
f 6200 6228 6201
f 6202 6206 6204
f 6204 6206 6205
f 6202 6207 6206
f 6206 6207 6209
f 6205 6206 6222
f 6206 6209 6222
f 6203 6208 6207
f 6207 6208 6209
f 6203 6212 6208
f 6208 6212 6214
f 6208 6225 6209
f 6208 6214 6225
f 6210 6213 6212
f 6212 6213 6214
f 6210 6216 6213
f 6213 6216 6218
f 6213 6215 6214
f 6214 6215 6237
f 6213 6218 6215
f 6215 6218 6241
f 6211 6217 6216
f 6216 6217 6218
f 6217 6219 6218
f 6218 6219 6241
f 6205 6222 6220
f 6220 6222 6223
f 6220 6223 6221
f 6221 6223 6229
f 6223 6226 6229
f 6209 6224 6222
f 6222 6224 6223
f 6223 6224 6226
f 6209 6225 6224
f 6224 6225 6227
f 6214 6237 6225
f 6225 6237 6227
f 6224 6227 6226
f 6226 6227 6235
f 6227 6239 6235
f 6227 6237 6239
f 6200 6221 6228
f 6221 6229 6228
f 6228 6229 6231
f 6226 6232 6229
f 6229 6232 6231
f 6201 6228 6230
f 6228 6231 6230
f 6201 6230 6360
f 6230 6231 6381
f 6231 6232 6233
f 6231 6233 6381
f 6232 6236 6233
f 6233 6236 6234
f 6234 6236 6247
f 6234 6247 6387
f 6226 6235 6232
f 6232 6235 6236
f 6235 6239 6245
f 6235 6245 6236
f 6236 6245 6247
f 6215 6238 6237
f 6237 6238 6239
f 6215 6241 6238
f 6238 6241 6243
f 6239 6240 6245
f 6238 6240 6239
f 6238 6243 6240
f 6240 6243 6250
f 6219 6242 6241
f 6241 6242 6243
f 6242 6244 6243
f 6243 6244 6250
f 6247 6248 6387
f 6240 6246 6245
f 6245 6246 6247
f 6240 6250 6246
f 6246 6250 6251
f 6246 6248 6247
f 6246 6251 6248
f 6248 6251 6395
f 6249 6251 6250
f 6244 6249 6250
f 6249 6252 6251
f 6251 6252 6395
f 6081 6253 6254
f 6253 6255 6254
f 6084 6254 6256
f 6254 6255 6256
f 6253 6257 6255
f 6255 6257 6259
f 6257 6258 6259
f 6255 6259 6260
f 6255 6260 6256
f 6256 6260 6263
f 6259 6261 6260
f 6260 6261 6264
f 6084 6256 6262
f 6088 6262 6266
f 6256 6263 6262
f 6262 6263 6266
f 6260 6264 6263
f 6088 6266 6265
f 6266 6268 6267
f 6265 6266 6267
f 6265 6267 6287
f 6263 6268 6266
f 6263 6264 6268
f 6261 6278 6264
f 6264 6269 6268
f 6264 6278 6269
f 6267 6268 6270
f 6267 6270 6291
f 6268 6269 6270
f 6269 6281 6270
f 6270 6281 6292
f 6156 6271 6258
f 6258 6271 6259
f 6156 6273 6271
f 6271 6273 6272
f 6259 6271 6261
f 6261 6271 6272
f 6159 6274 6273
f 6272 6273 6276
f 6261 6272 6278
f 6272 6279 6278
f 6272 6276 6279
f 6273 6274 6276
f 6189 6275 6274
f 6274 6275 6276
f 6276 6277 6279
f 6275 6277 6276
f 6275 6352 6277
f 6277 6352 6284
f 6269 6278 6280
f 6278 6279 6280
f 6279 6283 6280
f 6269 6280 6281
f 6280 6282 6281
f 6280 6283 6282
f 6281 6282 6297
f 6282 6299 6297
f 6277 6283 6279
f 6277 6284 6283
f 6283 6284 6285
f 6284 6358 6285
f 6282 6283 6285
f 6282 6285 6299
f 6285 6286 6299
f 6285 6358 6286
f 6286 6358 6364
f 6094 6265 6287
f 6094 6287 6288
f 6267 6291 6287
f 6287 6291 6290
f 6287 6290 6288
f 6097 6288 6289
f 6288 6290 6289
f 6097 6289 6296
f 6289 6304 6296
f 6289 6290 6294
f 6289 6294 6304
f 6270 6292 6291
f 6290 6291 6293
f 6291 6292 6293
f 6292 6298 6293
f 6290 6293 6294
f 6293 6295 6294
f 6294 6295 6310
f 6293 6298 6295
f 6295 6298 6328
f 6281 6297 6292
f 6292 6297 6298
f 6297 6300 6298
f 6297 6299 6300
f 6299 6333 6300
f 6298 6300 6328
f 6286 6333 6299
f 6286 6364 6335
f 6294 6310 6304
f 6295 6301 6310
f 6295 6328 6301
f 6296 6304 6302
f 6302 6304 6305
f 6302 6305 6303
f 6303 6305 6306
f 6304 6310 6305
f 6305 6311 6306
f 6306 6313 6309
f 6303 6306 6307
f 6306 6309 6307
f 6307 6309 6308
f 6308 6309 6318
f 6309 6315 6318
f 6301 6311 6310
f 6305 6310 6311
f 6311 6312 6313
f 6301 6312 6311
f 6301 6329 6312
f 6306 6311 6313
f 6313 6314 6315
f 6312 6314 6313
f 6314 6322 6315
f 6309 6313 6315
f 6308 6318 6316
f 6316 6318 6319
f 6316 6319 6317
f 6317 6319 6321
f 6318 6323 6319
f 6319 6324 6321
f 6317 6321 6320
f 6315 6323 6318
f 6315 6322 6323
f 6319 6323 6324
f 6323 6325 6324
f 6322 6325 6323
f 6324 6325 6327
f 6324 6327 6326
f 6321 6324 6326
f 6300 6333 6330
f 6328 6330 6329
f 6301 6328 6329
f 6300 6330 6328
f 6330 6334 6331
f 6329 6330 6331
f 6329 6331 6340
f 6331 6332 6340
f 6286 6335 6333
f 6330 6333 6334
f 6333 6335 6334
f 6334 6335 6336
f 6334 6336 6338
f 6331 6334 6338
f 6336 6337 6338
f 6331 6338 6332
f 6332 6338 6339
f 6332 6339 6348
f 6337 6339 6338
f 6337 6405 6339
f 6312 6329 6340
f 6312 6340 6314
f 6314 6340 6341
f 6314 6341 6322
f 6332 6341 6340
f 6332 6348 6341
f 6339 6342 6348
f 6342 6343 6349
f 6339 6405 6342
f 6342 6405 6406
f 6342 6406 6343
f 6343 6406 6409
f 6343 6409 6344
f 6322 6341 6345
f 6322 6345 6325
f 6325 6345 6346
f 6341 6348 6345
f 6345 6348 6349
f 6346 6349 6350
f 6345 6349 6346
f 6325 6346 6327
f 6327 6346 6347
f 6346 6350 6347
f 6342 6349 6348
f 6343 6350 6349
f 6343 6344 6350
f 6189 6351 6275
f 6275 6351 6352
f 6190 6355 6351
f 6351 6355 6353
f 6351 6353 6352
f 6284 6352 6357
f 6352 6353 6357
f 6353 6354 6357
f 6195 6356 6355
f 6353 6355 6356
f 6195 6360 6356
f 6356 6360 6362
f 6353 6356 6354
f 6354 6356 6362
f 6284 6357 6358
f 6357 6359 6358
f 6358 6359 6364
f 6354 6359 6357
f 6230 6361 6360
f 6360 6361 6362
f 6354 6362 6369
f 6362 6363 6369
f 6361 6363 6362
f 6361 6382 6363
f 6363 6382 6372
f 6372 6382 6385
f 6373 6385 6386
f 6354 6369 6359
f 6359 6369 6366
f 6364 6366 6365
f 6335 6364 6365
f 6359 6366 6364
f 6365 6366 6367
f 6366 6370 6367
f 6365 6367 6399
f 6367 6371 6368
f 6367 6368 6399
f 6363 6370 6369
f 6366 6369 6370
f 6363 6372 6370
f 6370 6372 6371
f 6371 6373 6374
f 6372 6385 6373
f 6371 6372 6373
f 6373 6386 6375
f 6373 6375 6374
f 6367 6370 6371
f 6368 6371 6374
f 6368 6374 6402
f 6375 6386 6396
f 6375 6396 6378
f 6378 6396 6397
f 6378 6397 6380
f 6374 6375 6376
f 6374 6376 6402
f 6376 6378 6377
f 6376 6377 6403
f 6375 6378 6376
f 6377 6378 6380
f 6380 6397 6398
f 6377 6379 6407
f 6377 6380 6379
f 6230 6381 6361
f 6361 6381 6382
f 6381 6383 6382
f 6233 6383 6381
f 6233 6234 6383
f 6234 6384 6383
f 6234 6387 6384
f 6382 6383 6385
f 6383 6384 6385
f 6384 6386 6385
f 6384 6389 6386
f 6248 6388 6387
f 6384 6387 6389
f 6387 6388 6389
f 6248 6395 6388
f 6388 6395 6391
f 6386 6389 6396
f 6389 6390 6396
f 6390 6391 6393
f 6388 6390 6389
f 6388 6391 6390
f 6391 6395 6392
f 6391 6392 6394
f 6391 6394 6393
f 6252 6392 6395
f 6390 6397 6396
f 6390 6393 6397
f 6393 6398 6397
f 6335 6365 6336
f 6336 6365 6399
f 6336 6399 6337
f 6337 6399 6400
f 6337 6400 6405
f 6368 6400 6399
f 6368 6402 6400
f 6400 6401 6405
f 6401 6404 6406
f 6400 6402 6401
f 6401 6402 6403
f 6401 6403 6404
f 6403 6407 6404
f 6401 6406 6405
f 6404 6409 6406
f 6404 6407 6408
f 6404 6408 6409
f 6376 6403 6402
f 6377 6407 6403
f 6211 5992 5993
f 6211 5993 5994
f 6211 5994 5995
f 6211 5995 5996
f 6211 5996 5997
f 6211 5997 5998
f 6211 5998 6006
f 6211 6006 6007
f 6211 6007 6008
f 6110 6060 6052
f 6110 6061 6060
f 6110 6596 6061
f 6505 6001 6506
f 6508 6001 6505
f 6506 6001 6507
f 6001 6522 6003
f 6003 6523 6004
f 6004 6524 6005
f 6005 6525 6002
f 6002 6526 6012
f 6012 6527 6013
f 6013 6528 6014
f 6016 6531 6009
f 6014 6529 6015
f 6015 6530 6016
f 6009 6532 6011
f 6001 6508 6504
f 6001 6504 6519
f 6001 6519 6520
f 6001 6520 6521
f 6001 6521 6522
f 6003 6522 6523
f 6004 6523 6524
f 6005 6524 6525
f 6002 6525 6526
f 6012 6526 6527
f 6013 6527 6528
f 6014 6528 6529
f 6015 6529 6530
f 6016 6530 6531
f 6009 6531 6532
f 6011 6532 6540
f 6011 6540 6541
f 6011 6541 6542
f 6054 6559 6558
f 6054 6560 6559
f 6054 6561 6560
f 6054 6562 6561
f 6054 6055 6562
f 6056 6580 6055
f 6056 6058 6581
f 6058 6057 6582
f 6057 6059 6583
f 6059 6053 6584
f 6062 6061 6595
f 6063 6064 6586
f 6053 6063 6585
f 6064 6062 6594
f 6055 6579 6562
f 6055 6580 6579
f 6056 6581 6580
f 6058 6582 6581
f 6057 6583 6582
f 6059 6584 6583
f 6053 6585 6584
f 6063 6586 6585
f 6064 6594 6586
f 6062 6595 6594
f 6061 6596 6595
f 6110 6113 7005
f 6113 6320 7005
f 6211 7084 6217
f 6217 7088 6219
f 6219 7088 6242
f 6242 7104 6244
f 6244 7104 6249
f 6249 7112 6252
f 6252 7112 6392
f 6320 6321 7177
f 6321 6326 7177
f 6326 6327 7182
f 6344 6409 7203
f 6327 6347 7206
f 6347 6350 7209
f 6344 7203 6350
f 6380 6398 7275
f 6379 7274 6407
f 6379 6380 7274
f 6392 7298 6394
f 6393 6394 7298
f 6393 7304 6398
f 6407 7314 6408
f 6408 7315 6409
f 6211 6008 7084
f 7084 6008 6010
f 7084 6010 6011
f 6110 6965 6596
f 5543 6600 5544
f 5545 5544 6600
f 5546 5545 6600
f 5547 5546 6600
f 5555 5548 6600
f 5549 5556 6600
f 5557 5555 6600
f 5556 5557 6600
f 5548 5547 6600
f 5553 5554 6600
f 5554 5549 6600
f 5507 6615 6650
f 6650 5577 5520
f 5568 6623 6622
f 5568 6624 6623
f 5568 6625 6624
f 5568 6626 6625
f 5568 6627 6626
f 5568 6628 6627
f 5568 6629 6628
f 5568 6635 6629
f 6650 5578 5577
f 5568 6636 6635
f 5568 6637 6636
f 6650 5568 5569
f 6650 5569 5571
f 6650 5574 5575
f 6650 5571 5570
f 6650 5570 5574
f 6650 5572 5582
f 6650 5579 5578
f 6650 5580 5579
f 6650 5581 5580
f 6650 5582 5581
f 6650 5575 5573
f 6650 5573 5572
f 6650 6637 5568
f 6650 4876 4875
f 6650 6644 4876
f 6650 6645 6644
f 6650 6646 6645
f 6650 6608 6646
f 6650 6618 6620
f 6650 6616 6621
f 6650 6615 6616
f 6650 6617 6618
f 6650 6621 6617
f 6650 6610 6609
f 6650 6609 6608
f 6650 6619 6610
f 6650 6620 6619
f 4877 6651 6650
f 6650 6638 6637
f 6650 6639 6638
f 6650 6632 6642
f 6650 6640 6639
f 6650 6641 6640
f 6650 6642 6643
f 6650 6643 6641
f 6650 3577 3578
f 6650 3578 6647
f 6650 6647 6648
f 6650 6648 6649
f 6650 6631 6634
f 6650 6649 6630
f 6650 6630 6631
f 6650 6634 6633
f 6650 6633 6632
f 3579 6650 6651
f 4877 6988 6651
f 5715 6697 5717
f 5717 6698 5716
f 5716 6699 5720
f 5720 6700 5721
f 5721 6701 5719
f 5715 3626 6695
f 5715 6695 6696
f 5715 6696 6697
f 5717 6697 6698
f 5716 6698 6699
f 5720 6699 6700
f 5721 6700 6701
f 5718 6885 5728
f 5719 6885 5718
f 5719 6701 6885
f 6702 6885 6701
f 6708 6883 6702
f 6709 6890 6708
f 6710 6891 6709
f 6711 6886 6710
f 6712 6887 6711
f 6713 6888 6712
f 6714 6889 6713
f 6716 6892 6714
f 6715 6893 6716
f 6705 6894 6715
f 6703 6910 6704
f 6706 6895 6705
f 6707 6896 6706
f 6704 6897 6707
f 5728 6885 5727
f 5727 6884 6518
f 5727 6885 6884
f 6702 6883 6885
f 6710 6886 6891
f 6708 6890 6883
f 6709 6891 6890
f 6711 6887 6886
f 6712 6888 6887
f 6713 6889 6888
f 6714 6892 6889
f 6716 6893 6892
f 6715 6894 6893
f 6705 6895 6894
f 6706 6896 6895
f 6707 6897 6896
f 6704 6910 6897
f 6703 6911 6910
f 3218 6651 6988
f 6722 6979 6723
f 6723 6978 6724
f 6724 6911 6703
f 3465 7084 6722
f 6724 6978 6911
f 6723 6979 6978
f 6722 6980 6979
f 3219 6988 6989
f 3219 6989 7037
f 3411 7037 7038
f 3411 7038 7039
f 3413 7039 7040
f 3413 7040 7047
f 3423 7047 7049
f 3422 7049 7048
f 3422 7048 7142
f 3464 7091 7085
f 3465 7087 7084
f 3466 7085 7087
f 3470 7098 7094
f 3468 7096 7095
f 3473 7094 7091
f 3474 7095 7098
f 3503 7137 7147
f 3503 7135 7137
f 3504 7143 7135
f 3508 7142 7140
f 3509 7140 7143
f 3512 7147 7148
f 3512 7148 7146
f 3468 7146 7096
f 5863 5864 6771
f 6768 5460 5863
f 5863 6769 6768
f 5863 6770 6769
f 5863 6771 6770
f 5864 6772 6771
f 5872 5874 6929
f 5873 5866 6930
f 5874 5873 6929
f 5864 5865 6929
f 5865 5872 6929
f 5864 6929 6772
f 6772 6928 6773
f 6773 6927 6774
f 6774 6926 6775
f 6775 6935 6779
f 6779 6936 6780
f 6780 6937 6781
f 6781 6938 6782
f 6782 6939 6783
f 6784 6783 6940
f 6789 6784 6941
f 6785 6789 6942
f 6786 6785 6943
f 6787 6788 6945
f 6788 6786 6944
f 6778 6787 6946
f 6777 6778 6947
f 5866 5871 6932
f 5871 6568 6949
f 5873 6930 6929
f 5866 6932 6930
f 5871 6931 6932
f 5871 6933 6931
f 5871 6934 6933
f 5871 6949 6934
f 6774 6927 6926
f 6775 6926 6935
f 6935 6936 6779
f 6937 6938 6781
f 6936 6937 6780
f 6782 6938 6939
f 6940 6783 6939
f 6941 6784 6940
f 6789 6941 6942
f 6943 6785 6942
f 6786 6943 6944
f 6929 6928 6772
f 6928 6927 6773
f 6788 6944 6945
f 6946 6787 6945
f 6778 6946 6947
f 5373 6777 7002
f 7002 6777 6947
f 5357 6991 6988
f 5361 6990 6991
f 5363 6995 6990
f 5363 6994 6995
f 5365 6999 6994
f 5367 6998 6999
f 5374 7002 7003
f 5374 7003 7004
f 5380 7004 7008
f 5381 7008 7009
f 5381 7009 7012
f 5382 7011 7010
f 5384 7012 7011
f 5395 7017 7027
f 5392 7020 7019
f 5391 7023 6998
f 5391 7019 7023
f 5396 7025 7020
f 5395 7027 7025
f 5398 7031 7030
f 5398 7029 7031
f 5401 7030 7033
f 5401 7033 7017
f 5382 7010 7029
f 6518 6898 6533
f 6518 6884 6898
f 6533 6899 6534
f 6534 6900 6535
f 6535 6901 6536
f 6536 6902 6537
f 6537 6903 6538
f 6538 6904 6539
f 6539 6905 6546
f 6546 6906 6547
f 6547 6907 6548
f 6549 6913 6545
f 6545 6914 6544
f 6544 6915 6543
f 6548 6908 6550
f 6550 6909 6551
f 6551 6912 6549
f 6533 6898 6899
f 6534 6899 6900
f 6535 6900 6901
f 6536 6901 6902
f 6537 6902 6903
f 6538 6903 6904
f 6539 6904 6905
f 6546 6905 6906
f 6547 6906 6907
f 6548 6907 6908
f 6550 6908 6909
f 6551 6909 6912
f 6549 6912 6913
f 6545 6913 6914
f 6544 6914 6915
f 6569 6949 6568
f 6570 6949 6569
f 6571 6949 6570
f 6572 6949 6571
f 6573 6949 6572
f 6574 6949 6573
f 6575 6949 6574
f 6576 6949 6575
f 6577 6949 6576
f 6577 6578 6949
f 6578 6588 6949
f 6588 6587 6949
f 6589 6950 6587
f 6589 6593 6951
f 6592 6591 6954
f 6593 6590 6952
f 6590 6592 6953
f 6598 6599 6962
f 6591 6598 6955
f 6599 6597 6963
f 6597 6596 6964
f 6587 6950 6949
f 6589 6951 6950
f 6593 6952 6951
f 6590 6953 6952
f 6592 6954 6953
f 6591 6955 6954
f 6598 6962 6955
f 6599 6963 6962
f 6597 6964 6963
f 6596 6965 6964
f 7084 6011 6542
f 7084 6542 6543
f 6110 7002 6965
f 7084 6543 6915
f 6110 7005 7002
f 6320 7176 7005
f 6217 7084 7086
f 6217 7086 7088
f 6242 7088 7102
f 6242 7102 7104
f 6249 7110 7112
f 6249 7104 7110
f 6320 7177 7176
f 6326 7182 7177
f 6327 7183 7182
f 6409 7315 7203
f 6347 7209 7206
f 6327 7206 7183
f 6350 7203 7209
f 6398 7304 7275
f 6380 7275 7274
f 6392 7295 7298
f 6393 7298 7297
f 6392 7112 7295
f 6393 7297 7304
f 6408 7314 7313
f 6408 7313 7315
f 6407 7274 7314
f 7084 6980 6722
f 7084 6981 6980
f 7002 6957 6960
f 7002 6960 6959
f 7002 6961 6958
f 7002 6958 6968
f 7002 6968 6967
f 7002 6959 6961
f 7002 6947 6948
f 7002 6948 6983
f 7002 6983 6984
f 7002 6984 6985
f 7002 6985 6986
f 7002 6986 6987
f 7002 6987 6956
f 7002 6956 6957
f 7084 6920 6919
f 7084 6925 6924
f 7084 6924 6920
f 7084 6915 6916
f 7084 6916 6917
f 7084 6917 6922
f 7084 6923 6921
f 7084 6921 6925
f 7084 6922 6923
f 7084 6982 6981
f 7084 6918 6982
f 7084 6919 6918
f 7002 6966 6965
f 7002 6967 6966
f 6988 6991 6989
f 6989 6991 6992
f 6989 6992 7037
f 6990 6993 6991
f 6990 6995 6993
f 6991 6993 6992
f 6992 6993 7042
f 6993 6996 7042
f 6993 6995 6996
f 6995 6997 6996
f 6994 6997 6995
f 6994 6999 6997
f 6996 6997 7058
f 6997 7000 7058
f 6999 7001 7000
f 6997 6999 7000
f 6998 7001 6999
f 6998 7023 7001
f 7000 7001 7064
f 7001 7024 7064
f 7002 7005 7003
f 7005 7176 7178
f 7003 7006 7004
f 7003 7005 7006
f 7004 7007 7008
f 7004 7006 7007
f 7005 7178 7006
f 7006 7178 7179
f 7006 7179 7007
f 7007 7179 7190
f 7008 7013 7009
f 7007 7013 7008
f 7009 7014 7012
f 7009 7013 7014
f 7013 7190 7191
f 7007 7190 7013
f 7013 7191 7014
f 7014 7191 7193
f 7011 7012 7015
f 7010 7011 7016
f 7011 7015 7016
f 7015 7193 7194
f 7016 7194 7269
f 7015 7194 7016
f 7012 7014 7015
f 7014 7193 7015
f 7017 7018 7027
f 7018 7028 7027
f 7018 7034 7226
f 7018 7226 7028
f 7019 7021 7023
f 7021 7232 7024
f 7019 7020 7021
f 7021 7022 7232
f 7020 7022 7021
f 7001 7023 7024
f 7021 7024 7023
f 7020 7025 7026
f 7025 7027 7026
f 7022 7026 7241
f 7026 7028 7241
f 7020 7026 7022
f 7026 7027 7028
f 7029 7036 7031
f 7032 7036 7269
f 7031 7032 7035
f 7032 7261 7035
f 7031 7036 7032
f 7030 7035 7033
f 7017 7033 7018
f 7033 7035 7034
f 7034 7035 7261
f 7018 7033 7034
f 7030 7031 7035
f 7010 7036 7029
f 7010 7016 7036
f 7016 7269 7036
f 6992 7041 7037
f 7037 7041 7038
f 7038 7041 7044
f 6992 7042 7041
f 7041 7042 7043
f 7041 7043 7044
f 7042 7057 7043
f 7038 7044 7039
f 7039 7044 7045
f 7039 7045 7040
f 7043 7046 7044
f 7044 7046 7045
f 7043 7060 7046
f 7046 7061 7052
f 7045 7046 7052
f 7040 7050 7047
f 7040 7045 7050
f 7047 7050 7051
f 7047 7051 7049
f 7045 7052 7050
f 7050 7052 7053
f 7052 7070 7053
f 7050 7053 7051
f 7051 7053 7055
f 7048 7049 7054
f 7048 7054 7142
f 7054 7056 7142
f 7054 7055 7056
f 7055 7073 7056
f 7056 7073 7144
f 7049 7051 7054
f 7051 7055 7054
f 7053 7072 7055
f 6996 7057 7042
f 6996 7058 7057
f 7043 7057 7060
f 7057 7059 7060
f 7057 7058 7059
f 7058 7063 7059
f 7060 7062 7061
f 7046 7060 7061
f 7059 7062 7060
f 7059 7065 7062
f 7061 7062 7071
f 7062 7066 7071
f 7000 7064 7063
f 7000 7063 7058
f 7024 7235 7064
f 7063 7064 7067
f 7064 7235 7067
f 7066 7068 7078
f 7068 7236 7237
f 7068 7237 7078
f 7059 7063 7065
f 7063 7067 7065
f 7065 7067 7068
f 7062 7065 7066
f 7065 7068 7066
f 7067 7235 7236
f 7067 7236 7068
f 7083 7244 7159
f 7069 7076 7080
f 7052 7061 7070
f 7061 7071 7070
f 7053 7070 7072
f 7069 7072 7070
f 7069 7070 7071
f 7069 7071 7076
f 7055 7072 7073
f 7072 7074 7073
f 7073 7074 7166
f 7069 7074 7072
f 7069 7080 7074
f 7074 7075 7166
f 7074 7080 7075
f 7066 7078 7076
f 7076 7077 7080
f 7076 7078 7077
f 7078 7237 7079
f 7077 7079 7082
f 7079 7259 7082
f 7077 7078 7079
f 7066 7076 7071
f 7077 7081 7080
f 7075 7080 7081
f 7075 7081 7169
f 7081 7083 7169
f 7077 7082 7081
f 7081 7082 7083
f 7082 7244 7083
f 7084 7087 7086
f 7086 7087 7089
f 7086 7089 7088
f 7088 7089 7103
f 7085 7090 7087
f 7087 7090 7089
f 7085 7091 7090
f 7090 7091 7093
f 7089 7090 7092
f 7089 7092 7103
f 7090 7093 7092
f 7092 7093 7107
f 7091 7094 7099
f 7091 7099 7093
f 7094 7098 7099
f 7098 7100 7099
f 7093 7099 7121
f 7099 7100 7121
f 7095 7101 7098
f 7098 7101 7100
f 7095 7096 7101
f 7096 7097 7101
f 7100 7101 7124
f 7097 7124 7101
f 7088 7103 7102
f 7102 7103 7105
f 7102 7105 7104
f 7104 7105 7111
f 7092 7106 7103
f 7103 7106 7105
f 7092 7107 7106
f 7106 7107 7108
f 7108 7115 7109
f 7105 7106 7109
f 7105 7109 7111
f 7106 7108 7109
f 7116 7117 7300
f 7110 7111 7113
f 7104 7111 7110
f 7110 7113 7112
f 7112 7113 7303
f 7109 7114 7111
f 7111 7114 7113
f 7109 7115 7114
f 7114 7115 7117
f 7113 7114 7116
f 7113 7116 7303
f 7114 7117 7116
f 7097 7118 7124
f 7118 7125 7124
f 7123 7125 7130
f 7118 7119 7125
f 7119 7130 7125
f 7100 7120 7121
f 7120 7122 7121
f 7093 7121 7107
f 7107 7121 7122
f 7108 7122 7133
f 7120 7123 7122
f 7122 7123 7133
f 7107 7122 7108
f 7100 7124 7120
f 7120 7124 7125
f 7120 7125 7123
f 7117 7134 7127
f 7117 7127 7300
f 7126 7128 7134
f 7127 7134 7128
f 7119 7174 7129
f 7123 7130 7126
f 7126 7130 7132
f 7119 7129 7130
f 7129 7132 7130
f 7131 7311 7132
f 7129 7175 7131
f 7129 7131 7132
f 7131 7175 7280
f 7126 7132 7128
f 7128 7132 7311
f 7108 7133 7115
f 7115 7134 7117
f 7115 7133 7134
f 7123 7126 7133
f 7126 7134 7133
f 7135 7143 7136
f 7135 7136 7137
f 7136 7143 7145
f 7137 7138 7147
f 7137 7139 7138
f 7136 7139 7137
f 7136 7145 7152
f 7136 7152 7139
f 7138 7139 7153
f 7140 7142 7141
f 7056 7141 7142
f 7140 7141 7143
f 7141 7145 7143
f 7056 7144 7141
f 7141 7144 7145
f 7144 7167 7145
f 7138 7150 7148
f 7148 7150 7149
f 7096 7146 7149
f 7096 7149 7097
f 7146 7148 7149
f 7149 7150 7171
f 7097 7149 7171
f 7138 7148 7147
f 7138 7153 7150
f 7145 7167 7152
f 7152 7167 7156
f 7151 7168 7169
f 7151 7156 7168
f 7153 7157 7170
f 7157 7165 7173
f 7139 7152 7154
f 7152 7156 7154
f 7139 7154 7153
f 7153 7154 7157
f 7154 7156 7155
f 7151 7155 7156
f 7154 7155 7157
f 7155 7165 7157
f 7151 7169 7158
f 7083 7158 7169
f 7158 7160 7164
f 7151 7158 7164
f 7083 7159 7158
f 7159 7326 7160
f 7158 7159 7160
f 7161 7173 7165
f 7161 7165 7162
f 7162 7329 7163
f 7161 7163 7175
f 7163 7280 7175
f 7161 7162 7163
f 7155 7164 7165
f 7162 7165 7164
f 7151 7164 7155
f 7160 7162 7164
f 7160 7329 7162
f 7144 7166 7167
f 7166 7168 7167
f 7073 7166 7144
f 7156 7167 7168
f 7075 7168 7166
f 7075 7169 7168
f 7170 7172 7171
f 7150 7153 7170
f 7150 7170 7171
f 7097 7171 7118
f 7118 7171 7172
f 7172 7173 7174
f 7119 7172 7174
f 7170 7173 7172
f 7157 7173 7170
f 7118 7172 7119
f 7129 7174 7175
f 7161 7175 7174
f 7161 7174 7173
f 7223 7287 7255
f 7176 7177 7178
f 7177 7180 7178
f 7178 7180 7179
f 7179 7180 7181
f 7179 7181 7190
f 7177 7185 7180
f 7180 7186 7181
f 7182 7183 7185
f 7177 7182 7185
f 7180 7185 7186
f 7185 7187 7186
f 7181 7186 7199
f 7184 7199 7186
f 7183 7187 7185
f 7184 7186 7187
f 7196 7201 7265
f 7188 7267 7201
f 7188 7214 7267
f 7189 7192 7197
f 7181 7192 7190
f 7190 7192 7191
f 7189 7191 7192
f 7189 7193 7191
f 7181 7199 7192
f 7189 7195 7193
f 7193 7195 7194
f 7194 7195 7196
f 7194 7196 7269
f 7189 7200 7195
f 7195 7201 7196
f 7197 7199 7198
f 7189 7197 7200
f 7184 7198 7199
f 7197 7198 7202
f 7192 7199 7197
f 7195 7200 7201
f 7197 7202 7200
f 7188 7201 7200
f 7188 7200 7202
f 7188 7202 7213
f 7203 7315 7204
f 7204 7205 7210
f 7205 7219 7211
f 7204 7315 7320
f 7204 7320 7205
f 7205 7321 7219
f 7205 7320 7321
f 7183 7206 7208
f 7206 7209 7208
f 7187 7208 7207
f 7184 7187 7207
f 7184 7207 7224
f 7208 7209 7210
f 7207 7208 7210
f 7207 7211 7224
f 7207 7210 7211
f 7183 7208 7187
f 7203 7204 7209
f 7204 7210 7209
f 7205 7211 7210
f 7212 7215 7225
f 7216 7221 7273
f 7213 7216 7214
f 7188 7213 7214
f 7215 7220 7216
f 7213 7225 7215
f 7213 7215 7216
f 7214 7216 7273
f 7217 7222 7218
f 7211 7219 7212
f 7212 7218 7215
f 7212 7219 7218
f 7217 7219 7321
f 7217 7218 7219
f 7221 7223 7255
f 7216 7220 7221
f 7220 7223 7221
f 7218 7222 7220
f 7220 7222 7223
f 7215 7218 7220
f 7184 7224 7198
f 7198 7224 7225
f 7198 7225 7202
f 7211 7212 7224
f 7212 7225 7224
f 7202 7225 7213
f 7028 7226 7227
f 7226 7263 7228
f 7227 7228 7229
f 7226 7228 7227
f 7227 7229 7242
f 7229 7243 7242
f 7240 7243 7249
f 7229 7231 7243
f 7231 7249 7243
f 7228 7268 7230
f 7228 7230 7229
f 7230 7264 7252
f 7230 7252 7231
f 7229 7230 7231
f 7024 7232 7235
f 7232 7233 7235
f 7022 7234 7232
f 7232 7234 7233
f 7233 7236 7235
f 7233 7238 7236
f 7236 7238 7237
f 7234 7242 7239
f 7233 7239 7238
f 7233 7234 7239
f 7238 7239 7240
f 7239 7243 7240
f 7022 7241 7234
f 7028 7227 7241
f 7234 7241 7242
f 7227 7242 7241
f 7239 7242 7243
f 7246 7259 7258
f 7240 7249 7258
f 7249 7251 7258
f 7246 7258 7251
f 7244 7259 7246
f 7159 7244 7245
f 7244 7246 7245
f 7246 7251 7247
f 7245 7247 7327
f 7247 7253 7327
f 7245 7246 7247
f 7248 7252 7271
f 7248 7271 7272
f 7231 7250 7249
f 7250 7256 7251
f 7249 7250 7251
f 7231 7252 7250
f 7248 7250 7252
f 7248 7256 7250
f 7253 7256 7254
f 7253 7254 7330
f 7254 7272 7255
f 7248 7254 7256
f 7248 7272 7254
f 7254 7255 7330
f 7255 7287 7330
f 7247 7251 7256
f 7247 7256 7253
f 7079 7237 7257
f 7237 7238 7257
f 7079 7257 7259
f 7257 7258 7259
f 7238 7240 7257
f 7240 7258 7257
f 7082 7259 7244
f 7261 7262 7263
f 7032 7269 7260
f 7196 7260 7269
f 7032 7260 7261
f 7260 7262 7261
f 7260 7265 7262
f 7196 7265 7260
f 7034 7263 7226
f 7034 7261 7263
f 7228 7263 7268
f 7262 7268 7263
f 7262 7266 7268
f 7264 7268 7266
f 7264 7266 7270
f 7265 7267 7266
f 7201 7267 7265
f 7262 7265 7266
f 7266 7267 7270
f 7214 7270 7267
f 7230 7268 7264
f 7270 7273 7271
f 7252 7264 7271
f 7264 7270 7271
f 7271 7273 7272
f 7221 7272 7273
f 7214 7273 7270
f 7221 7255 7272
f 7275 7304 7305
f 7274 7277 7314
f 7274 7275 7277
f 7275 7305 7279
f 7279 7305 7306
f 7276 7306 7309
f 7276 7279 7306
f 7277 7279 7278
f 7277 7278 7317
f 7276 7292 7278
f 7278 7292 7319
f 7275 7279 7277
f 7276 7278 7279
f 7290 7309 7310
f 7291 7310 7312
f 7131 7280 7281
f 7280 7282 7281
f 7282 7324 7294
f 7282 7294 7283
f 7281 7283 7312
f 7283 7291 7312
f 7281 7282 7283
f 7284 7289 7285
f 7284 7285 7323
f 7294 7324 7332
f 7288 7294 7332
f 7286 7288 7287
f 7223 7286 7287
f 7285 7288 7286
f 7285 7293 7288
f 7285 7286 7323
f 7287 7288 7332
f 7289 7292 7290
f 7289 7291 7293
f 7276 7309 7290
f 7276 7290 7292
f 7290 7310 7291
f 7289 7290 7291
f 7284 7292 7289
f 7284 7319 7292
f 7285 7289 7293
f 7283 7294 7293
f 7288 7293 7294
f 7283 7293 7291
f 7295 7303 7296
f 7295 7296 7298
f 7296 7297 7298
f 7116 7299 7303
f 7296 7303 7299
f 7116 7300 7299
f 7299 7300 7302
f 7300 7307 7302
f 7296 7301 7297
f 7302 7309 7306
f 7301 7302 7306
f 7296 7299 7301
f 7299 7302 7301
f 7112 7303 7295
f 7297 7305 7304
f 7301 7306 7305
f 7297 7301 7305
f 7128 7311 7308
f 7127 7307 7300
f 7127 7308 7307
f 7127 7128 7308
f 7307 7310 7309
f 7302 7307 7309
f 7308 7312 7310
f 7307 7308 7310
f 7131 7281 7311
f 7308 7311 7312
f 7281 7312 7311
f 7313 7314 7318
f 7313 7318 7315
f 7316 7320 7318
f 7316 7322 7321
f 7316 7318 7317
f 7314 7317 7318
f 7316 7319 7322
f 7316 7317 7319
f 7315 7318 7320
f 7316 7321 7320
f 7277 7317 7314
f 7278 7319 7317
f 7217 7321 7322
f 7217 7322 7323
f 7217 7323 7222
f 7284 7322 7319
f 7284 7323 7322
f 7222 7323 7286
f 7222 7286 7223
f 7325 7329 7326
f 7325 7326 7327
f 7253 7331 7327
f 7325 7327 7331
f 7324 7325 7331
f 7159 7245 7326
f 7245 7327 7326
f 7160 7326 7329
f 7163 7329 7328
f 7325 7328 7329
f 7163 7328 7280
f 7280 7328 7282
f 7324 7328 7325
f 7282 7328 7324
f 7287 7332 7330
f 7330 7332 7331
f 7253 7330 7331
f 7324 7331 7332
f 441 353 346
f 453 347 355
f 442 346 347
f 443 349 348
f 444 352 350
f 445 351 352
f 446 350 353
f 447 354 351
f 448 348 354
f 454 355 356
f 454 356 357
f 455 357 358
f 456 358 359
f 457 359 360
f 458 360 361
f 459 361 362
f 460 362 363
f 461 363 364
f 462 364 365
f 463 365 366
f 449 367 349
f 476 368 367
f 479 369 368
f 480 370 369
f 468 371 370
f 470 374 373
f 469 375 374
f 473 376 375
f 471 377 376
f 485 383 378
f 472 378 377
f 474 372 371
f 475 373 372
f 464 366 379
f 495 379 380
f 498 382 381
f 494 381 388
f 499 380 382
f 744 720 383
f 744 384 720
f 486 385 384
f 489 392 387
f 487 386 385
f 488 387 386
f 491 390 391
f 490 391 392
f 492 388 389
f 493 389 390
f 442 347 453
f 446 353 441
f 441 346 442
f 444 350 446
f 444 445 352
f 443 449 349
f 447 351 445
f 447 448 354
f 448 443 348
f 453 355 454
f 454 357 455
f 455 358 456
f 456 359 457
f 457 360 458
f 458 361 459
f 459 362 460
f 460 363 461
f 461 364 462
f 462 365 463
f 463 366 464
f 469 473 375
f 469 374 470
f 472 485 378
f 473 471 376
f 471 472 377
f 449 476 367
f 479 480 369
f 468 370 480
f 476 478 368
f 479 368 478
f 468 474 371
f 475 372 474
f 475 470 373
f 485 744 383
f 744 486 384
f 486 487 385
f 489 490 392
f 487 488 386
f 488 489 387
f 490 491 391
f 464 379 495
f 494 498 381
f 499 382 498
f 495 380 497
f 499 497 380
f 492 494 388
f 491 493 390
f 493 492 389
f 509 504 889
f 505 511 888
f 504 505 887
f 450 451 891
f 508 509 892
f 507 508 894
f 506 507 893
f 452 890 451
f 452 506 895
f 467 465 906
f 511 512 896
f 512 513 897
f 513 514 898
f 510 515 900
f 514 510 899
f 515 518 901
f 516 902 518
f 516 517 903
f 517 466 904
f 466 467 905
f 477 450 911
f 477 3696 478
f 478 913 481
f 481 912 482
f 482 914 483
f 483 916 484
f 484 915 519
f 519 917 520
f 520 918 521
f 521 909 522
f 522 908 523
f 523 910 524
f 524 919 527
f 496 907 465
f 496 497 924
f 497 500 3708
f 500 501 926
f 501 502 925
f 527 1001 745
f 745 920 528
f 528 921 529
f 526 930 532
f 529 922 525
f 525 923 526
f 502 503 931
f 531 927 530
f 530 928 503
f 531 532 929
f 504 887 889
f 511 896 888
f 505 888 887
f 451 890 891
f 508 892 894
f 507 894 893
f 506 893 895
f 509 889 892
f 452 895 890
f 512 897 896
f 513 898 897
f 514 899 898
f 510 900 899
f 515 901 900
f 518 902 901
f 516 903 902
f 517 904 903
f 466 905 904
f 467 906 905
f 465 907 906
f 450 891 911
f 477 911 3696
f 478 3696 913
f 481 913 912
f 482 912 914
f 483 914 916
f 484 916 915
f 519 915 917
f 520 917 918
f 521 918 909
f 522 909 908
f 523 908 910
f 524 910 919
f 496 924 907
f 497 3708 924
f 501 925 926
f 502 931 925
f 500 926 3708
f 527 919 1001
f 745 1001 920
f 528 920 921
f 526 923 930
f 529 921 922
f 525 922 923
f 531 929 927
f 530 927 928
f 503 928 931
f 532 930 929
f 478 3998 3696
f 478 3696 3998
f 3682 3680 3945
f 3681 3689 3940
f 3680 3681 3941
f 3674 3675 3970
f 3676 3682 3942
f 3678 3676 3944
f 3677 3678 3943
f 3677 3972 3679
f 3679 3969 3675
f 3689 3690 3946
f 3690 3691 3947
f 3692 3948 3691
f 3692 3693 3949
f 3693 3694 3950
f 3694 3685 3951
f 3686 3952 3685
f 3686 3687 3953
f 3687 3688 3954
f 3688 3684 3981
f 3684 3683 3982
f 3695 3674 3997
f 3695 3998 3696
f 3696 4000 3697
f 3697 3996 3698
f 3698 4003 3699
f 3699 4004 3700
f 3700 3956 3701
f 3701 3958 3702
f 3702 3957 3703
f 3703 3959 3704
f 3704 3960 3705
f 3705 3955 3706
f 3706 3961 3716
f 3707 3983 3683
f 3707 3708 4014
f 3708 3710 4015
f 3709 3711 4013
f 3710 3709 4018
f 3716 4611 3794
f 3794 3962 3717
f 3718 3717 3963
f 3720 3967 3715
f 3718 3964 3719
f 3719 3965 3720
f 3711 3712 4021
f 3714 3966 3713
f 3713 4020 3712
f 3714 3715 3968
f 3689 3946 3940
f 3681 3940 3941
f 3680 3941 3945
f 3676 3942 3944
f 3678 3944 3943
f 3677 3943 3972
f 3682 3945 3942
f 3679 3972 3969
f 3675 3969 3970
f 3690 3947 3946
f 3691 3948 3947
f 3692 3949 3948
f 3693 3950 3949
f 3694 3951 3950
f 3685 3952 3951
f 3686 3953 3952
f 3687 3954 3953
f 3688 3981 3954
f 3684 3982 3981
f 3683 3983 3982
f 3698 3996 4003
f 3699 4003 4004
f 3700 4004 3956
f 3701 3956 3958
f 3702 3958 3957
f 3703 3957 3959
f 3704 3959 3960
f 3705 3960 3955
f 3706 3955 3961
f 3674 3970 3997
f 3695 3997 3998
f 3696 3998 4000
f 3697 4000 3996
f 3716 3961 4611
f 3794 4611 3962
f 3717 3962 3963
f 3718 3963 3964
f 3720 3965 3967
f 3719 3964 3965
f 3712 4020 4021
f 3714 3968 3966
f 3713 3966 4020
f 3715 3967 3968
f 3707 4014 3983
f 3708 4015 4014
f 3709 4013 4018
f 3711 4021 4013
f 3710 4018 4015
f 3971 3975 4380
f 3976 3979 4382
f 3977 4379 3975
f 3977 3976 4385
f 3980 3973 4384
f 3973 3974 4377
f 3974 3985 4378
f 3979 3978 4383
f 3978 3980 4381
f 3995 3991 4394
f 3984 4397 3992
f 3993 3992 4396
f 3991 3993 4395
f 3985 3986 4386
f 3986 3987 4388
f 3987 3988 4389
f 3988 3989 4390
f 3989 3990 4391
f 3990 3994 4392
f 3995 4393 3994
f 3999 4399 3998
f 3998 4399 4001
f 3971 4398 3999
f 4001 4400 4002
f 4002 4401 4005
f 4005 4402 4006
f 4006 4403 4007
f 4007 4404 4008
f 4008 4405 4009
f 4009 4406 4010
f 4010 4407 4011
f 4011 4408 4012
f 4012 4409 4022
f 4016 4015 4411
f 4015 4019 4411
f 3984 4016 4410
f 4017 4027 4412
f 4019 4017 4413
f 4027 4028 4419
f 4030 4421 4029
f 4029 4420 4028
f 4022 4414 4612
f 4612 4415 4023
f 4023 4416 4025
f 4024 4423 4031
f 4025 4417 4026
f 4026 4418 4024
f 4030 4031 4422
f 3973 4377 4384
f 3974 4378 4377
f 3985 4386 4378
f 3975 4379 4380
f 3976 4382 4385
f 3977 4385 4379
f 3978 4381 4383
f 3979 4383 4382
f 3980 4384 4381
f 3986 4387 4386
f 3986 4388 4387
f 3987 4389 4388
f 3988 4390 4389
f 3989 4391 4390
f 3990 4392 4391
f 3991 4395 4394
f 3993 4396 4395
f 3992 4397 4396
f 3994 4393 4392
f 3995 4394 4393
f 3971 4380 4398
f 3999 4398 4399
f 4001 4399 4400
f 4002 4400 4401
f 4005 4401 4402
f 4006 4402 4403
f 4007 4403 4404
f 4008 4404 4405
f 4009 4405 4406
f 4010 4406 4407
f 4011 4407 4408
f 4012 4408 4409
f 4022 4409 4414
f 3984 4410 4397
f 4016 4411 4410
f 4017 4412 4413
f 4027 4419 4412
f 4019 4413 4411
f 4612 4414 4659
f 4612 4659 4415
f 4023 4415 4416
f 4024 4418 4423
f 4025 4416 4417
f 4026 4417 4418
f 4028 4420 4419
f 4029 4421 4420
f 4030 4422 4421
f 4031 4423 4422
f 760 721 731
f 746 725 721
f 748 729 723
f 747 723 722
f 749 724 725
f 750 722 724
f 751 727 726
f 754 728 727
f 755 1816 728
f 752 730 729
f 753 726 730
f 761 731 732
f 761 732 733
f 762 733 734
f 763 734 735
f 764 735 736
f 765 736 737
f 766 737 738
f 767 738 739
f 768 739 740
f 769 740 741
f 770 741 742
f 771 742 743
f 772 743 1828
f 746 721 760
f 749 725 746
f 750 747 722
f 747 748 723
f 750 724 749
f 752 729 748
f 751 754 727
f 754 755 728
f 755 1851 1816
f 752 753 730
f 753 751 726
f 760 731 761
f 761 733 762
f 762 734 763
f 763 735 764
f 764 736 765
f 765 737 766
f 766 738 767
f 767 739 768
f 768 740 769
f 769 741 770
f 770 742 771
f 771 743 772
f 772 1828 1869
f 756 2687 1851
f 773 1869 2699
f 782 777 1033
f 777 778 1027
f 780 781 1029
f 781 785 1025
f 779 1026 778
f 779 780 1028
f 758 757 1031
f 756 758 1032
f 759 1030 757
f 782 1034 759
f 785 786 1035
f 786 787 1037
f 787 788 1038
f 788 783 1039
f 783 784 1040
f 784 790 1041
f 789 1042 790
f 789 791 1043
f 774 775 1045
f 791 774 1044
f 775 776 1046
f 773 1047 776
f 781 1025 1029
f 785 1035 1025
f 777 1027 1033
f 778 1026 1027
f 779 1028 1026
f 780 1029 1028
f 758 1031 1032
f 756 1032 2687
f 757 1030 1031
f 782 1033 1034
f 759 1034 1030
f 786 1036 1035
f 786 1037 1036
f 787 1038 1037
f 788 1039 1038
f 784 1041 1040
f 783 1040 1039
f 790 1042 1041
f 789 1043 1042
f 776 1047 1046
f 773 2699 1047
f 791 1044 1043
f 774 1045 1044
f 775 1046 1045
f 1849 1817 1816
f 1850 1818 1817
f 1841 1819 1818
f 1843 1820 1819
f 1842 1821 1820
f 1844 1822 1821
f 1845 1823 1822
f 1847 1824 1823
f 1846 1825 1824
f 1861 1835 1826
f 1848 1826 1825
f 1867 1829 1827
f 1868 1828 1829
f 1858 1827 1830
f 1857 1830 1831
f 1856 1831 1832
f 1860 1840 1834
f 1859 1834 1833
f 1862 1836 1835
f 1862 1837 1836
f 1863 1838 1837
f 1864 1833 1838
f 1865 1832 1839
f 1866 1839 1840
f 1845 1822 1844
f 1845 1847 1823
f 1847 1846 1824
f 1848 1861 1826
f 1846 1848 1825
f 1841 1818 1850
f 1849 1850 1817
f 1849 1816 1851
f 1841 1843 1819
f 1842 1820 1843
f 1842 1844 1821
f 1866 1840 1860
f 1859 1860 1834
f 1861 1862 1835
f 1862 1863 1837
f 1863 1864 1838
f 1864 1859 1833
f 1866 1865 1839
f 1858 1867 1827
f 1868 1829 1867
f 1858 1830 1857
f 1856 1857 1831
f 1868 1869 1828
f 1865 1856 1832
f 1851 2687 1852
f 1869 1870 2699
f 1852 2688 1853
f 1853 2689 1854
f 1854 2690 1855
f 1855 2691 1874
f 1874 2692 1875
f 1875 2693 1876
f 1876 2694 1877
f 1877 2695 1878
f 1878 2696 1879
f 1879 2697 1883
f 1872 2698 1871
f 1870 1871 2700
f 1872 1873 2701
f 1880 2702 1873
f 1888 1882 2711
f 1881 2705 1882
f 1883 2706 1884
f 1884 2708 1885
f 1885 2709 1886
f 1886 2704 1881
f 1887 2703 1880
f 1887 1888 2710
f 1852 2687 2688
f 1853 2688 2689
f 1854 2689 2690
f 1855 2690 2691
f 1874 2691 2692
f 1875 2692 2693
f 1876 2693 2694
f 1877 2694 2695
f 1878 2695 2696
f 1879 2696 2697
f 1883 2697 2706
f 1871 2698 2700
f 1870 2700 2699
f 1872 2701 2698
f 1873 2702 2701
f 1880 2703 2702
f 1882 2705 2711
f 1881 2704 2705
f 1884 2706 2707
f 1884 2707 2708
f 1885 2708 2709
f 1886 2709 2704
f 1887 2710 2703
f 1888 2711 2710
f 4613 3824 3820
f 4619 3820 3830
f 4615 3828 3822
f 4614 3822 3821
f 4617 3823 3824
f 4616 3821 3823
f 4628 3826 3825
f 4629 3827 3826
f 4630 5482 3827
f 4618 3829 3828
f 4633 3825 3829
f 4620 3830 3831
f 4620 3831 3832
f 4621 3832 3833
f 4622 3833 3834
f 4623 3834 3835
f 4624 3835 3836
f 4625 3836 3837
f 4626 3837 3838
f 4627 3838 3839
f 4642 3839 3840
f 4643 3840 3841
f 4644 3841 3842
f 4646 3842 5494
f 4617 3824 4613
f 4613 3820 4619
f 4616 4614 3821
f 4616 3823 4617
f 4618 3828 4615
f 4614 4615 3822
f 4628 4629 3826
f 4629 4630 3827
f 4618 4633 3829
f 4633 4628 3825
f 4619 3830 4620
f 4620 3832 4621
f 4621 3833 4622
f 4622 3834 4623
f 4623 3835 4624
f 4624 3836 4625
f 4625 3837 4626
f 4626 3838 4627
f 4627 3839 4642
f 4642 3840 4643
f 4643 3841 4644
f 4644 3842 4646
f 4630 5747 5482
f 4646 5494 5764
f 4641 4636 4668
f 4632 5777 5747
f 4631 4667 4632
f 4631 4639 4666
f 4640 4641 4669
f 4640 4665 4639
f 4638 4634 4664
f 4634 4648 4660
f 4637 4661 4635
f 4636 4635 4662
f 4637 4638 4663
f 4655 4658 4678
f 4647 5764 5789
f 4658 4657 4679
f 4657 4656 4680
f 4645 4681 4656
f 4645 4647 4682
f 4648 4649 4670
f 4649 4650 4672
f 4650 4651 4673
f 4651 4653 4674
f 4653 4652 4675
f 4652 4654 4676
f 4655 4677 4654
f 4634 4660 4664
f 4648 4670 4660
f 4636 4662 4668
f 4635 4661 4662
f 4638 4664 4663
f 4637 4663 4661
f 4639 4665 4666
f 4631 4666 4667
f 4632 4667 5777
f 4641 4668 4669
f 4640 4669 4665
f 4649 4671 4670
f 4649 4672 4671
f 4650 4673 4672
f 4651 4674 4673
f 4653 4675 4674
f 4652 4676 4675
f 4654 4677 4676
f 4655 4678 4677
f 4658 4679 4678
f 4657 4680 4679
f 4656 4681 4680
f 4645 4682 4681
f 4647 5789 4682
f 5745 5485 5484
f 5746 5483 5482
f 5744 5484 5483
f 5750 5486 5485
f 5729 5487 5486
f 5732 5488 5487
f 5731 5489 5488
f 5734 5491 5490
f 5733 5490 5489
f 5730 5492 5491
f 5736 5501 5492
f 5760 5493 5496
f 5761 5496 5497
f 5735 5497 5498
f 5759 5495 5493
f 5763 5494 5495
f 5740 5500 5499
f 5741 5506 5500
f 5737 5502 5501
f 5737 5503 5502
f 5738 5504 5503
f 5739 5499 5504
f 5743 5498 5505
f 5742 5505 5506
f 5744 5483 5746
f 5745 5484 5744
f 5750 5729 5486
f 5745 5750 5485
f 5731 5733 5489
f 5733 5734 5490
f 5734 5730 5491
f 5730 5736 5492
f 5729 5732 5487
f 5731 5488 5732
f 5760 5759 5493
f 5759 5763 5495
f 5735 5761 5497
f 5760 5496 5761
f 5742 5506 5741
f 5740 5741 5500
f 5736 5737 5501
f 5737 5738 5503
f 5738 5739 5504
f 5739 5740 5499
f 5743 5735 5498
f 5742 5743 5505
f 5746 5482 5747
f 5763 5764 5494
f 5747 5777 5748
f 5748 5778 5749
f 5749 5779 5751
f 5751 5780 5752
f 5752 5781 5753
f 5753 5782 5754
f 5754 5783 5755
f 5755 5784 5756
f 5756 5785 5757
f 5757 5786 5758
f 5758 5787 5771
f 5764 5765 5789
f 5762 5766 5788
f 5765 5762 5790
f 5766 5767 5791
f 5768 5792 5767
f 5775 5793 5768
f 5776 5769 5801
f 5770 5795 5769
f 5771 5796 5772
f 5772 5798 5773
f 5773 5799 5774
f 5774 5794 5770
f 5775 5776 5800
f 5748 5777 5778
f 5749 5778 5779
f 5751 5779 5780
f 5752 5780 5781
f 5753 5781 5782
f 5754 5782 5783
f 5755 5783 5784
f 5756 5784 5785
f 5757 5785 5786
f 5758 5786 5787
f 5771 5787 5796
f 5762 5788 5790
f 5765 5790 5789
f 5766 5791 5788
f 5767 5792 5791
f 5768 5793 5792
f 5769 5795 5801
f 5770 5794 5795
f 5772 5796 5797
f 5772 5797 5798
f 5773 5798 5799
f 5774 5799 5794
f 5775 5800 5793
f 5776 5801 5800
f 2356 1964 1963
f 2358 1966 1965
f 2372 1967 1974
f 2359 1965 1967
f 2360 1963 1966
f 2357 1968 1964
f 2361 1969 1968
f 2362 1962 1969
f 2355 1970 1962
f 2365 1971 1970
f 2366 1972 1971
f 2368 1973 1972
f 2400 1989 1973
f 2373 1974 1975
f 2373 1975 1976
f 2374 1976 1977
f 2375 1977 1978
f 2376 1978 1979
f 2377 1979 1980
f 2378 1980 1981
f 2379 1981 1982
f 2380 1982 1983
f 2381 1983 1984
f 2382 1984 1985
f 2385 1985 1986
f 2386 1986 1987
f 2415 1988 1999
f 2388 1987 1988
f 2392 1990 1989
f 2393 1993 1992
f 2394 1994 1993
f 2395 1995 1994
f 2396 1991 1990
f 2397 1992 1991
f 2398 1996 1995
f 2410 2005 1997
f 2399 1997 1996
f 2404 2004 1998
f 2405 2003 2002
f 2406 2002 2004
f 2408 1999 2000
f 2407 2000 2001
f 2409 2001 2003
f 2411 2006 2005
f 2411 2007 2006
f 2412 2009 2007
f 2414 2008 2009
f 2413 1998 2008
f 2356 1963 2360
f 2356 2357 1964
f 2372 2359 1967
f 2360 1966 2358
f 2358 1965 2359
f 2361 1968 2357
f 2361 2362 1969
f 2355 1962 2362
f 2355 2365 1970
f 2365 2366 1971
f 2368 2400 1973
f 2366 2369 1972
f 2369 2368 1972
f 2372 1974 2373
f 2373 1976 2374
f 2374 1977 2375
f 2375 1978 2376
f 2376 1979 2377
f 2377 1980 2378
f 2378 1981 2379
f 2379 1982 2380
f 2380 1983 2381
f 2381 1984 2382
f 2382 1985 2385
f 2385 1986 2386
f 2388 1988 2415
f 2386 1987 2389
f 2389 1987 2388
f 2394 2395 1994
f 2394 1993 2393
f 2399 2410 1997
f 2395 2398 1995
f 2398 2399 1996
f 2392 1989 2400
f 2397 1991 2396
f 2392 2396 1990
f 2397 2393 1992
f 2406 2004 2404
f 2406 2405 2002
f 2410 2411 2005
f 2411 2412 2007
f 2412 2414 2009
f 2414 2413 2008
f 2413 2404 1998
f 2409 2407 2001
f 2408 2000 2407
f 2408 2415 1999
f 2409 2003 2405
f 2367 2371 2793
f 2369 2367 5590
f 2369 2794 2370
f 2370 2813 2401
f 2420 2422 2788
f 2419 2420 2789
f 2422 2421 2785
f 2421 2424 2784
f 2427 2786 2424
f 2423 2419 2790
f 2423 2791 2364
f 2363 2364 2787
f 2363 2792 2371
f 2383 2391 2805
f 2387 2806 2391
f 2389 2807 2387
f 2389 2390 5602
f 2390 2416 2808
f 2427 2428 2795
f 2428 2429 2796
f 2429 2430 2797
f 2425 2426 2799
f 2426 2432 2800
f 2430 2425 2798
f 2431 2801 2432
f 2431 2433 2802
f 2433 2384 2803
f 2383 2804 2384
f 2401 2812 2402
f 2402 2814 2403
f 2403 2815 2434
f 2434 2816 2435
f 2435 2817 2436
f 2436 2809 2437
f 2437 2810 2438
f 2438 2811 2439
f 2439 2819 2445
f 2443 2440 2827
f 2417 2829 2416
f 2417 2418 2828
f 2442 2824 2418
f 2442 2441 2826
f 2441 2443 2825
f 2445 2820 2446
f 2446 2821 2447
f 2447 2823 2448
f 2448 2822 2444
f 2444 2818 2440
f 2420 2788 2789
f 2421 2784 2785
f 2424 2786 2784
f 2427 2795 2786
f 2422 2785 2788
f 2419 2789 2790
f 2423 2790 2791
f 2364 2791 2787
f 2363 2787 2792
f 2371 2792 2793
f 2367 2793 5590
f 2369 5590 2794
f 2370 2794 2813
f 2428 2796 2795
f 2429 2797 2796
f 2430 2798 2797
f 2425 2799 2798
f 2426 2800 2799
f 2432 2801 2800
f 2431 2802 2801
f 2433 2803 2802
f 2384 2804 2803
f 2383 2805 2804
f 2391 2806 2805
f 2387 2807 2806
f 2416 2829 2808
f 2389 5602 2807
f 2390 2808 5602
f 2401 2813 2812
f 2402 2812 2814
f 2403 2814 2815
f 2434 2815 2816
f 2435 2816 2817
f 2436 2817 2809
f 2437 2809 2810
f 2438 2810 2811
f 2439 2811 2819
f 2440 2818 2827
f 2417 2828 2829
f 2418 2824 2828
f 2441 2825 2826
f 2442 2826 2824
f 2443 2827 2825
f 2445 2819 2820
f 2446 2820 2821
f 2447 2821 2823
f 2448 2823 2822
f 2444 2822 2818
f 2369 5911 5590
f 2369 5590 5911
f 5584 5592 5876
f 5584 5877 5585
f 5592 5593 5879
f 5593 5594 5878
f 5594 5604 5875
f 5587 5585 5880
f 5587 5906 5586
f 5583 5586 5905
f 5583 5907 5589
f 5588 5589 5908
f 5590 5588 5911
f 5590 5912 5591
f 5591 5943 5610
f 5604 5605 5881
f 5605 5606 5882
f 5607 5883 5606
f 5607 5608 5884
f 5608 5609 5885
f 5609 5596 5886
f 5596 5597 5887
f 5595 5922 5598
f 5597 5599 5888
f 5599 5598 5889
f 5595 5600 5923
f 5601 5924 5600
f 5602 5926 5601
f 5602 5603 5928
f 5603 5619 5929
f 5610 5942 5611
f 5611 5945 5612
f 5612 5891 5613
f 5613 5892 5614
f 5614 5890 5615
f 5615 5893 5616
f 5616 5895 5617
f 5617 5894 5618
f 5618 5900 5626
f 5624 5625 5897
f 5620 5956 5619
f 5620 5621 5954
f 5623 5955 5621
f 5623 5622 5899
f 5622 5624 5898
f 5626 5901 5627
f 5627 5902 5628
f 5630 5628 5903
f 5630 5904 5629
f 5629 5896 5625
f 5584 5876 5877
f 5594 5875 5878
f 5604 5881 5875
f 5593 5878 5879
f 5592 5879 5876
f 5585 5877 5880
f 5587 5880 5906
f 5586 5906 5905
f 5583 5905 5907
f 5589 5907 5908
f 5588 5908 5911
f 5590 5911 5912
f 5591 5912 5943
f 5605 5882 5881
f 5606 5883 5882
f 5607 5884 5883
f 5608 5885 5884
f 5609 5886 5885
f 5596 5887 5886
f 5597 5888 5887
f 5599 5889 5888
f 5598 5922 5889
f 5595 5923 5922
f 5600 5924 5923
f 5601 5926 5924
f 5619 5956 5929
f 5602 5928 5926
f 5603 5929 5928
f 5610 5943 5942
f 5612 5945 5891
f 5611 5942 5945
f 5613 5891 5892
f 5614 5892 5890
f 5615 5890 5893
f 5616 5893 5895
f 5617 5895 5894
f 5618 5894 5900
f 5625 5896 5897
f 5621 5955 5954
f 5622 5898 5899
f 5623 5899 5955
f 5624 5897 5898
f 5626 5900 5901
f 5627 5901 5902
f 5628 5902 5903
f 5630 5903 5904
f 5629 5904 5896
f 5620 5954 5956
f 5915 5917 6023
f 5916 5915 6024
f 5914 5916 6017
f 5911 5910 6027
f 5911 6027 5913
f 5909 5914 6025
f 5909 6026 5910
f 5913 6028 5944
f 5917 5918 6019
f 5918 5919 6018
f 5919 5920 6021
f 5920 5921 6020
f 5931 6022 5921
f 5940 5938 6037
f 5938 5939 6038
f 5937 6039 5939
f 5928 6042 5927
f 5928 5930 6042
f 5925 6040 5937
f 5925 5927 6041
f 5930 5957 6043
f 5931 5932 6029
f 5932 5933 6031
f 5933 5935 6032
f 5935 5936 6033
f 5936 5934 6034
f 5934 5941 6035
f 5940 6036 5941
f 5944 6044 5946
f 5946 6045 5947
f 5947 6046 5948
f 5948 6047 5949
f 5949 6048 5950
f 5950 6049 5951
f 5951 6050 5952
f 5952 6051 5953
f 5953 6052 5964
f 5957 5959 6054
f 5959 5960 6055
f 5961 6056 5960
f 5961 5962 6058
f 5963 5958 6059
f 5962 5963 6057
f 5964 6060 5965
f 5965 6062 5966
f 5966 6064 5968
f 5968 6063 5967
f 5967 6053 5958
f 5915 6023 6024
f 5916 6024 6017
f 5918 6018 6019
f 5920 6020 6021
f 5921 6022 6020
f 5931 6029 6022
f 5919 6021 6018
f 5917 6019 6023
f 5914 6017 6025
f 5909 6025 6026
f 5910 6026 6027
f 5913 6027 6028
f 5944 6028 6044
f 5932 6030 6029
f 5932 6031 6030
f 5933 6032 6031
f 5935 6033 6032
f 5936 6034 6033
f 5934 6035 6034
f 5938 6038 6037
f 5939 6039 6038
f 5941 6036 6035
f 5940 6037 6036
f 5937 6040 6039
f 5925 6041 6040
f 5927 6042 6041
f 5957 6054 6043
f 5930 6043 6042
f 5946 6044 6045
f 5947 6045 6046
f 5948 6046 6047
f 5949 6047 6048
f 5950 6048 6049
f 5951 6049 6050
f 5952 6050 6051
f 5953 6051 6052
f 5964 6052 6060
f 5958 6053 6059
f 5959 6055 6054
f 5960 6056 6055
f 5961 6058 6056
f 5962 6057 6058
f 5963 6059 6057
f 5965 6060 6061
f 5965 6061 6062
f 5966 6062 6064
f 5968 6064 6063
f 5967 6063 6053
f 449 393 401
f 444 398 394
f 445 394 395
f 446 396 398
f 442 408 397
f 441 397 396
f 447 395 399
f 448 399 400
f 443 400 393
f 450 404 405
f 451 405 406
f 452 406 407
f 453 409 408
f 454 410 409
f 455 411 410
f 456 412 411
f 457 413 412
f 458 414 413
f 459 415 414
f 460 416 415
f 461 417 416
f 462 418 417
f 463 419 418
f 464 420 419
f 465 424 423
f 467 425 424
f 443 393 449
f 444 394 445
f 442 453 408
f 446 441 396
f 441 442 397
f 444 446 398
f 447 445 395
f 447 399 448
f 448 400 443
f 476 401 402
f 478 402 403
f 477 403 404
f 450 405 451
f 452 451 406
f 453 454 409
f 454 455 410
f 455 456 411
f 456 457 412
f 457 458 413
f 458 459 414
f 459 460 415
f 460 461 416
f 461 462 417
f 462 463 418
f 463 464 419
f 495 421 420
f 497 422 421
f 496 423 422
f 467 424 465
f 466 425 467
f 506 407 426
f 507 426 427
f 508 427 428
f 509 428 429
f 504 429 430
f 505 430 431
f 511 431 434
f 518 433 440
f 515 432 433
f 512 434 435
f 513 435 436
f 514 436 437
f 510 437 432
f 516 440 438
f 517 438 439
f 466 439 425
f 507 427 508
f 508 428 509
f 509 429 504
f 452 407 506
f 506 426 507
f 505 431 511
f 504 430 505
f 510 432 515
f 515 433 518
f 511 434 512
f 512 435 513
f 513 436 514
f 514 437 510
f 516 518 440
f 516 438 517
f 517 439 466
f 449 401 476
f 476 402 478
f 477 478 403
f 477 404 450
f 464 495 420
f 495 497 421
f 496 422 497
f 496 465 423
f 468 480 754
f 475 752 470
f 475 474 753
f 468 751 474
f 479 755 480
f 479 478 1851
f 478 481 756
f 481 482 758
f 482 483 757
f 483 484 759
f 490 766 491
f 491 767 493
f 493 768 492
f 494 770 498
f 492 769 494
f 499 498 771
f 499 772 497
f 497 1869 500
f 501 776 502
f 502 775 503
f 500 773 501
f 469 747 473
f 469 470 748
f 473 750 471
f 472 746 485
f 471 749 472
f 485 760 744
f 486 762 487
f 744 761 486
f 487 763 488
f 488 764 489
f 489 765 490
f 484 519 782
f 519 520 777
f 520 521 778
f 531 530 791
f 530 503 774
f 521 522 779
f 522 523 780
f 523 524 781
f 524 527 785
f 526 532 790
f 525 526 784
f 527 745 786
f 745 528 787
f 528 529 788
f 529 525 783
f 531 789 532
f 468 754 751
f 470 752 748
f 469 748 747
f 471 750 749
f 485 746 760
f 472 749 746
f 473 747 750
f 475 753 752
f 474 751 753
f 480 755 754
f 479 1851 755
f 478 756 1851
f 481 758 756
f 482 757 758
f 483 759 757
f 744 760 761
f 486 761 762
f 487 762 763
f 488 763 764
f 489 764 765
f 490 765 766
f 491 766 767
f 493 767 768
f 492 768 769
f 494 769 770
f 498 770 771
f 499 771 772
f 497 772 1869
f 500 1869 773
f 501 773 776
f 502 776 775
f 503 775 774
f 484 782 759
f 519 777 782
f 520 778 777
f 521 779 778
f 522 780 779
f 523 781 780
f 524 785 781
f 525 784 783
f 526 790 784
f 527 786 785
f 745 787 786
f 528 788 787
f 529 783 788
f 531 791 789
f 789 790 532
f 530 774 791
f 1841 1850 2365
f 1845 2356 1847
f 1845 1844 2357
f 1847 2360 1846
f 1848 2359 1861
f 1846 2358 1848
f 1841 2355 1843
f 1842 2361 1844
f 1842 1843 2362
f 1849 2366 1850
f 1851 1852 2367
f 1849 1851 2369
f 1852 1853 2371
f 1853 1854 2363
f 1854 1855 2364
f 1861 2372 1862
f 1862 2373 1863
f 1863 2374 1864
f 1864 2375 1859
f 1859 2376 1860
f 1866 1860 2377
f 1866 2378 1865
f 1865 2379 1856
f 1856 2380 1857
f 1858 1857 2381
f 1858 2382 1867
f 1868 1867 2385
f 1868 2386 1869
f 1869 2389 1870
f 1872 1871 2391
f 1872 2383 1873
f 1870 2387 1871
f 1855 1874 2423
f 1874 1875 2419
f 1875 1876 2420
f 1876 1877 2422
f 1877 1878 2421
f 1878 1879 2424
f 1879 1883 2427
f 1888 2432 1882
f 1881 1882 2426
f 1883 1884 2428
f 1884 1885 2429
f 1885 1886 2430
f 1886 1881 2425
f 1887 2431 1888
f 1887 1880 2433
f 1880 1873 2384
f 1846 2360 2358
f 1861 2359 2372
f 1848 2358 2359
f 1847 2356 2360
f 1862 2372 2373
f 1863 2373 2374
f 1864 2374 2375
f 1859 2375 2376
f 1860 2376 2377
f 1866 2377 2378
f 1865 2378 2379
f 1841 2365 2355
f 1844 2361 2357
f 1845 2357 2356
f 1842 2362 2361
f 1843 2355 2362
f 1850 2366 2365
f 1849 2369 2366
f 1851 2367 2369
f 1853 2363 2371
f 1852 2371 2367
f 1854 2364 2363
f 1856 2379 2380
f 1857 2380 2381
f 1858 2381 2382
f 1867 2382 2385
f 1868 2385 2386
f 1869 2386 2389
f 1870 2389 2387
f 1871 2387 2391
f 1873 2383 2384
f 1872 2391 2383
f 1875 2420 2419
f 1876 2422 2420
f 1877 2421 2422
f 1879 2427 2424
f 1878 2424 2421
f 1881 2426 2425
f 1882 2432 2426
f 1883 2428 2427
f 1884 2429 2428
f 1885 2430 2429
f 1886 2425 2430
f 1855 2423 2364
f 1874 2419 2423
f 1887 2433 2431
f 1880 2384 2433
f 2431 2432 1888
f 1869 2477 2389
f 1869 2389 2477
f 2368 2458 2400
f 2369 2459 2368
f 2369 2370 2460
f 2370 2401 2461
f 2388 2415 2475
f 2389 2388 2476
f 2389 2477 2390
f 2390 2478 2416
f 2392 2400 2457
f 2394 2450 2395
f 2394 2393 2451
f 2395 2454 2398
f 2398 2452 2399
f 2399 2453 2410
f 2397 2455 2393
f 2397 2396 2456
f 2392 2449 2396
f 2401 2402 2462
f 2402 2403 2463
f 2368 2459 2458
f 2369 2460 2459
f 2370 2461 2460
f 2410 2464 2411
f 2411 2465 2412
f 2412 2466 2414
f 2414 2467 2413
f 2413 2468 2404
f 2406 2404 2469
f 2409 2405 2471
f 2406 2470 2405
f 2409 2472 2407
f 2408 2407 2473
f 2408 2474 2415
f 2417 2416 2479
f 2417 2480 2418
f 2388 2475 2476
f 2389 2476 2477
f 2390 2477 2478
f 2392 2457 2449
f 2393 2455 2451
f 2394 2451 2450
f 2398 2454 2452
f 2410 2453 2464
f 2399 2452 2453
f 2395 2450 2454
f 2397 2456 2455
f 2396 2449 2456
f 2400 2458 2457
f 2401 2462 2461
f 2402 2463 2462
f 2411 2464 2465
f 2412 2465 2466
f 2414 2466 2467
f 2413 2467 2468
f 2404 2468 2469
f 2406 2469 2470
f 2405 2470 2471
f 2409 2471 2472
f 2407 2472 2473
f 2408 2473 2474
f 2415 2474 2475
f 2416 2478 2479
f 2417 2479 2480
f 2418 2480 2481
f 2403 2434 2482
f 2434 2435 2483
f 2435 2436 2484
f 2436 2437 2485
f 2437 2438 2486
f 2438 2439 2487
f 2439 2445 2490
f 2443 2496 2440
f 2444 2440 2489
f 2445 2446 2491
f 2446 2447 2492
f 2447 2448 2493
f 2448 2444 2488
f 2442 2495 2441
f 2442 2418 2481
f 2441 2494 2443
f 2403 2482 2463
f 2434 2483 2482
f 2435 2484 2483
f 2436 2485 2484
f 2437 2486 2485
f 2438 2487 2486
f 2439 2490 2487
f 2444 2489 2488
f 2440 2496 2489
f 2445 2491 2490
f 2446 2492 2491
f 2447 2493 2492
f 2448 2488 2493
f 2441 2495 2494
f 2442 2481 2495
f 2443 2494 2496
f 892 865 872
f 889 864 865
f 888 874 866
f 887 866 864
f 891 867 868
f 893 871 870
f 894 872 871
f 895 870 873
f 890 873 867
f 896 875 874
f 897 876 875
f 898 877 876
f 899 878 877
f 900 879 878
f 901 880 879
f 902 881 880
f 903 882 881
f 904 883 882
f 905 884 883
f 906 885 884
f 907 886 885
f 896 874 888
f 889 887 864
f 892 889 865
f 887 888 866
f 911 868 869
f 3696 869 3649
f 890 867 891
f 892 872 894
f 893 894 871
f 893 870 895
f 895 873 890
f 896 897 875
f 897 898 876
f 898 899 877
f 899 900 878
f 900 901 879
f 901 902 880
f 924 3662 886
f 902 903 881
f 903 904 882
f 904 905 883
f 905 906 884
f 906 907 885
f 891 868 911
f 911 869 3696
f 907 924 886
f 924 3708 3662
f 918 1010 909
f 909 1003 908
f 908 1002 910
f 919 910 1004
f 912 1006 914
f 912 913 1007
f 913 3696 3795
f 916 914 1005
f 915 1008 917
f 917 1009 918
f 916 1011 915
f 914 1006 1005
f 912 1007 1006
f 913 3795 1007
f 915 1011 1008
f 916 1005 1011
f 922 1016 923
f 923 1017 930
f 919 1012 1001
f 1001 1013 920
f 920 1014 921
f 921 1015 922
f 928 1021 931
f 929 1019 927
f 929 930 1018
f 927 1020 928
f 925 1023 926
f 925 931 1022
f 926 1024 3708
f 927 1019 1020
f 928 1020 1021
f 931 1021 1022
f 925 1022 1023
f 926 1023 1024
f 3708 1024 3808
f 908 1003 1002
f 909 1010 1003
f 910 1002 1004
f 919 1004 1012
f 917 1008 1009
f 918 1009 1010
f 1001 1012 1013
f 920 1013 1014
f 921 1014 1015
f 922 1015 1016
f 923 1016 1017
f 930 1017 1018
f 929 1018 1019
f 2788 2714 2721
f 2785 2713 2714
f 2784 2715 2713
f 2786 2723 2715
f 2789 2721 2720
f 2795 2724 2723
f 2796 2725 2724
f 2797 2726 2725
f 2798 2727 2726
f 2799 2728 2727
f 2800 2729 2728
f 2801 2730 2729
f 2802 2731 2730
f 2784 2786 2715
f 2795 2723 2786
f 2785 2784 2713
f 2788 2785 2714
f 2792 2716 2717
f 2793 2717 2718
f 5590 2718 5508
f 2790 2720 2719
f 2791 2719 2722
f 2787 2722 2716
f 2787 2716 2792
f 2792 2717 2793
f 2793 2718 5590
f 2788 2721 2789
f 2790 2789 2720
f 2790 2719 2791
f 2791 2722 2787
f 2795 2796 2724
f 2796 2797 2725
f 2797 2798 2726
f 2798 2799 2727
f 2799 2800 2728
f 2800 2801 2729
f 2803 2732 2731
f 2804 2733 2732
f 2805 2734 2733
f 2806 2735 2734
f 2807 5521 2735
f 2801 2802 2730
f 2802 2803 2731
f 2803 2804 2732
f 2804 2805 2733
f 2805 2806 2734
f 2806 2807 2735
f 2807 5602 5521
f 2813 2794 2835
f 2794 5590 5631
f 2829 2851 2808
f 2808 2852 5602
f 2817 2838 2809
f 2809 2831 2810
f 2810 2830 2811
f 2819 2811 2832
f 2812 2813 2834
f 2815 2836 2816
f 2812 2833 2814
f 2814 2839 2815
f 2817 2816 2837
f 2794 5631 2835
f 2819 2840 2820
f 2820 2841 2821
f 2821 2842 2823
f 2823 2843 2822
f 2822 2844 2818
f 2827 2818 2845
f 2826 2825 2847
f 2828 2824 2849
f 2826 2848 2824
f 2827 2846 2825
f 2828 2850 2829
f 2808 2851 2852
f 5602 2852 5644
f 2810 2831 2830
f 2809 2838 2831
f 2811 2830 2832
f 2819 2832 2840
f 2812 2834 2833
f 2813 2835 2834
f 2816 2836 2837
f 2817 2837 2838
f 2815 2839 2836
f 2814 2833 2839
f 2820 2840 2841
f 2821 2841 2842
f 2823 2842 2843
f 2822 2843 2844
f 2818 2844 2845
f 2827 2845 2846
f 2825 2846 2847
f 2826 2847 2848
f 2824 2848 2849
f 2828 2849 2850
f 2829 2850 2851
f 3674 3650 3651
f 3675 3651 3652
f 3679 3652 3653
f 3677 3653 3654
f 3676 3655 3656
f 3678 3654 3655
f 3682 3656 3657
f 3680 3657 3658
f 3681 3658 3659
f 3689 3659 3668
f 3683 3661 3660
f 3684 3664 3661
f 3688 3667 3664
f 3687 3666 3667
f 3686 3665 3666
f 3690 3668 3669
f 3691 3669 3670
f 3692 3670 3671
f 3693 3671 3672
f 3694 3672 3673
f 3685 3673 3665
f 3695 3649 3650
f 3674 3651 3675
f 3678 3655 3676
f 3677 3679 3653
f 3679 3675 3652
f 3677 3654 3678
f 3676 3656 3682
f 3681 3659 3689
f 3682 3657 3680
f 3680 3658 3681
f 3708 3663 3662
f 3707 3660 3663
f 3684 3661 3683
f 3686 3685 3665
f 3687 3667 3688
f 3688 3664 3684
f 3686 3666 3687
f 3689 3668 3690
f 3690 3669 3691
f 3692 3691 3670
f 3692 3671 3693
f 3694 3673 3685
f 3693 3672 3694
f 3695 3696 3649
f 3695 3650 3674
f 3707 3683 3660
f 3707 3663 3708
f 3696 3697 3796
f 3697 3698 3797
f 3698 3699 3798
f 3699 3700 3799
f 3700 3701 3800
f 3701 3702 3801
f 3702 3703 3802
f 3696 3796 3795
f 3697 3797 3796
f 3698 3798 3797
f 3699 3799 3798
f 3700 3800 3799
f 3701 3801 3800
f 3703 3704 3803
f 3704 3705 3804
f 3705 3706 3805
f 3706 3716 3814
f 3709 3806 3711
f 3708 3808 3710
f 3710 3809 3709
f 3711 3807 3712
f 3713 3712 3810
f 3714 3713 3813
f 3714 3812 3715
f 3709 3809 3806
f 3711 3806 3807
f 3710 3808 3809
f 3712 3807 3810
f 3713 3810 3813
f 3719 3720 3819
f 3720 3715 3811
f 3716 3794 3815
f 3794 3717 3816
f 3718 3817 3717
f 3718 3719 3818
f 3702 3802 3801
f 3703 3803 3802
f 3704 3804 3803
f 3705 3805 3804
f 3706 3814 3805
f 3714 3813 3812
f 3715 3812 3811
f 3716 3815 3814
f 3794 3816 3815
f 3717 3817 3816
f 3718 3818 3817
f 3720 3811 3819
f 3719 3819 3818
f 5585 5513 5514
f 5584 5514 5515
f 5592 5515 5516
f 5593 5516 5517
f 5594 5517 5518
f 5604 5518 5527
f 5597 5524 5525
f 5605 5527 5528
f 5606 5528 5529
f 5607 5529 5530
f 5608 5530 5531
f 5609 5531 5532
f 5596 5532 5524
f 5588 5508 5509
f 5589 5509 5510
f 5583 5510 5511
f 5586 5511 5512
f 5587 5512 5513
f 5590 5508 5588
f 5588 5509 5589
f 5583 5589 5510
f 5587 5586 5512
f 5584 5585 5514
f 5587 5513 5585
f 5583 5511 5586
f 5593 5517 5594
f 5594 5518 5604
f 5584 5515 5592
f 5592 5516 5593
f 5600 5520 5519
f 5602 5522 5521
f 5601 5519 5522
f 5595 5523 5520
f 5598 5526 5523
f 5599 5525 5526
f 5595 5520 5600
f 5601 5600 5519
f 5602 5601 5522
f 5599 5526 5598
f 5596 5524 5597
f 5597 5525 5599
f 5595 5598 5523
f 5604 5527 5605
f 5605 5528 5606
f 5607 5606 5529
f 5607 5530 5608
f 5609 5532 5596
f 5608 5531 5609
f 5590 5591 5632
f 5591 5610 5633
f 5602 5644 5603
f 5603 5645 5619
f 5610 5611 5634
f 5611 5612 5635
f 5612 5613 5636
f 5613 5614 5637
f 5614 5615 5638
f 5590 5632 5631
f 5591 5633 5632
f 5615 5616 5639
f 5616 5617 5640
f 5617 5618 5641
f 5618 5626 5650
f 5620 5619 5642
f 5620 5643 5621
f 5623 5621 5646
f 5623 5649 5622
f 5622 5648 5624
f 5603 5644 5645
f 5626 5627 5651
f 5627 5628 5652
f 5630 5653 5628
f 5630 5629 5654
f 5624 5647 5625
f 5629 5625 5655
f 5610 5634 5633
f 5611 5635 5634
f 5612 5636 5635
f 5613 5637 5636
f 5614 5638 5637
f 5615 5639 5638
f 5616 5640 5639
f 5617 5641 5640
f 5618 5650 5641
f 5619 5645 5642
f 5620 5642 5643
f 5621 5643 5646
f 5623 5646 5649
f 5622 5649 5648
f 5624 5648 5647
f 5626 5651 5650
f 5627 5652 5651
f 5628 5653 5652
f 5630 5654 5653
f 5625 5647 5655
f 5629 5655 5654
f 3940 3898 3892
f 3941 3892 3897
f 3942 3896 3893
f 3943 3895 3894
f 3972 3894 3913
f 3944 3893 3895
f 3945 3897 3896
f 3946 3899 3898
f 3947 3900 3899
f 3948 3901 3900
f 3949 3902 3901
f 3950 3903 3902
f 3951 3904 3903
f 3952 3905 3904
f 3953 3906 3905
f 3954 3922 3906
f 3940 3946 3898
f 3941 3940 3892
f 3942 3893 3944
f 3945 3941 3897
f 3942 3945 3896
f 3943 3944 3895
f 3943 3894 3972
f 3946 3947 3899
f 3947 3948 3900
f 3948 3949 3901
f 3949 3950 3902
f 3950 3951 3903
f 3951 3952 3904
f 3952 3953 3905
f 3953 3954 3906
f 3954 3981 3922
f 3970 3907 3908
f 3971 3911 3912
f 3969 3913 3907
f 3975 3912 3914
f 3977 3914 3915
f 3976 3915 3916
f 3978 3917 3918
f 3979 3916 3917
f 3980 3918 3919
f 3973 3919 3920
f 3974 3920 3921
f 3985 3921 3929
f 3981 3923 3922
f 3982 3924 3923
f 3983 3926 3924
f 3986 3929 3930
f 3987 3930 3931
f 3988 3931 3933
f 3994 3932 3939
f 3989 3933 3934
f 3990 3934 3932
f 3984 3935 3925
f 3992 3936 3935
f 3991 3938 3937
f 3993 3937 3936
f 3995 3939 3938
f 3997 3908 3909
f 3998 3909 3910
f 3999 3910 3911
f 3969 3907 3970
f 3972 3913 3969
f 3971 3912 3975
f 3977 3975 3914
f 3977 3915 3976
f 3976 3916 3979
f 3979 3917 3978
f 3978 3918 3980
f 3974 3921 3985
f 3980 3919 3973
f 3973 3920 3974
f 4014 3927 3926
f 4015 3928 3927
f 4016 3925 3928
f 3981 3982 3923
f 3982 3983 3924
f 3985 3929 3986
f 3986 3930 3987
f 3987 3931 3988
f 3990 3932 3994
f 3988 3933 3989
f 3989 3934 3990
f 3984 3992 3935
f 3993 3936 3992
f 3991 3937 3993
f 3995 3994 3939
f 3995 3938 3991
f 3970 3908 3997
f 3997 3909 3998
f 3999 3998 3910
f 3971 3999 3911
f 3983 4014 3926
f 3984 3925 4016
f 4014 4015 3927
f 4016 3928 4015
f 4015 3927 5764
f 4015 5764 3927
f 3956 4618 3958
f 4004 4633 3956
f 3967 4625 3968
f 3968 4626 3966
f 3966 4627 4020
f 3960 4617 3955
f 3955 4613 3961
f 3957 4614 3959
f 3957 3958 4615
f 3959 4616 3960
f 3961 4619 4611
f 3962 4621 3963
f 4611 4620 3962
f 3963 4622 3964
f 3964 4623 3965
f 3965 4624 3967
f 3996 4000 4630
f 3996 4629 4003
f 4000 3998 5747
f 3998 4001 4632
f 4001 4002 4631
f 4004 4003 4628
f 4002 4005 4639
f 4005 4006 4640
f 4006 4007 4641
f 4007 4008 4636
f 4008 4009 4635
f 4013 4021 4643
f 4020 4642 4021
f 4013 4644 4018
f 4018 4646 4015
f 4015 5764 4019
f 4019 4647 4017
f 4017 4645 4027
f 4027 4656 4028
f 4030 4029 4658
f 4029 4028 4657
f 4009 4010 4637
f 4010 4011 4638
f 4011 4012 4634
f 4012 4022 4648
f 4022 4612 4649
f 4612 4023 4650
f 4023 4025 4651
f 4024 4031 4654
f 4025 4026 4653
f 4026 4024 4652
f 4030 4655 4031
f 3955 4617 4613
f 3961 4613 4619
f 3957 4615 4614
f 3958 4618 4615
f 3960 4616 4617
f 3959 4614 4616
f 3956 4633 4618
f 4611 4619 4620
f 3962 4620 4621
f 3963 4621 4622
f 3964 4622 4623
f 3965 4623 4624
f 3967 4624 4625
f 4625 4626 3968
f 3966 4626 4627
f 4020 4627 4642
f 4003 4629 4628
f 3996 4630 4629
f 3998 4632 5747
f 4000 5747 4630
f 4001 4631 4632
f 4004 4628 4633
f 4002 4639 4631
f 4006 4641 4640
f 4007 4636 4641
f 4005 4640 4639
f 4008 4635 4636
f 4009 4637 4635
f 4010 4638 4637
f 4011 4634 4638
f 4012 4648 4634
f 4021 4642 4643
f 4013 4643 4644
f 4018 4644 4646
f 4017 4647 4645
f 4015 4646 5764
f 4019 5764 4647
f 4022 4649 4648
f 4612 4650 4649
f 4023 4651 4650
f 4024 4654 4652
f 4025 4653 4651
f 4026 4652 4653
f 4027 4645 4656
f 4028 4656 4657
f 4029 4657 4658
f 4031 4655 4654
f 4030 4658 4655
f 5734 5878 5730
f 5730 5875 5736
f 5731 5876 5733
f 5729 5880 5732
f 5750 5906 5729
f 5731 5732 5877
f 5733 5879 5734
f 5736 5881 5737
f 5737 5882 5738
f 5738 5883 5739
f 5739 5884 5740
f 5742 5741 5886
f 5740 5885 5741
f 5735 5889 5761
f 5742 5887 5743
f 5743 5888 5735
f 5745 5744 5907
f 5744 5746 5908
f 5746 5747 5911
f 5747 5748 5910
f 5748 5749 5909
f 5745 5905 5750
f 5749 5751 5914
f 5751 5752 5916
f 5752 5753 5915
f 5753 5754 5917
f 5754 5755 5918
f 5755 5756 5919
f 5756 5757 5920
f 5757 5758 5921
f 5758 5771 5931
f 5760 5761 5922
f 5760 5923 5759
f 5759 5924 5763
f 5763 5926 5764
f 5764 5928 5765
f 5765 5927 5762
f 5771 5772 5932
f 5772 5773 5933
f 5773 5774 5935
f 5776 5941 5769
f 5774 5770 5936
f 5770 5769 5934
f 5762 5925 5766
f 5766 5937 5767
f 5775 5768 5938
f 5768 5767 5939
f 5775 5940 5776
f 5730 5878 5875
f 5736 5875 5881
f 5733 5876 5879
f 5734 5879 5878
f 5737 5881 5882
f 5738 5882 5883
f 5739 5883 5884
f 5740 5884 5885
f 5741 5885 5886
f 5742 5886 5887
f 5887 5888 5743
f 5731 5877 5876
f 5732 5880 5877
f 5729 5906 5880
f 5735 5888 5889
f 5761 5889 5922
f 5754 5918 5917
f 5755 5919 5918
f 5756 5920 5919
f 5757 5921 5920
f 5758 5931 5921
f 5771 5932 5931
f 5772 5933 5932
f 5773 5935 5933
f 5769 5941 5934
f 5774 5936 5935
f 5770 5934 5936
f 5745 5907 5905
f 5744 5908 5907
f 5746 5911 5908
f 5747 5910 5911
f 5748 5909 5910
f 5750 5905 5906
f 5749 5914 5909
f 5751 5916 5914
f 5752 5915 5916
f 5753 5917 5915
f 5760 5922 5923
f 5759 5923 5924
f 5763 5924 5926
f 5762 5927 5925
f 5764 5926 5928
f 5765 5928 5927
f 5767 5937 5939
f 5766 5925 5937
f 5768 5939 5938
f 5776 5940 5941
f 5775 5938 5940
f 5943 5912 5986
f 5911 5987 5912
f 5911 5913 5988
f 5913 5944 5989
f 5956 6001 5929
f 5928 5929 6003
f 5928 6004 5930
f 5930 6005 5957
f 5895 5974 5894
f 5894 5969 5900
f 5891 5971 5892
f 5891 5945 5990
f 5890 5970 5893
f 5890 5892 5972
f 5893 5973 5895
f 5900 5975 5901
f 5901 5976 5902
f 5902 5977 5903
f 5903 5978 5904
f 5897 5896 5980
f 5904 5979 5896
f 5899 5898 5982
f 5899 5983 5955
f 5897 5981 5898
f 5894 5974 5969
f 5900 5969 5975
f 5890 5972 5970
f 5892 5971 5972
f 5891 5990 5971
f 5893 5970 5973
f 5895 5973 5974
f 5901 5975 5976
f 5902 5976 5977
f 5903 5977 5978
f 5904 5978 5979
f 5896 5979 5980
f 5897 5980 5981
f 5898 5981 5982
f 5899 5982 5983
f 5955 5983 5999
f 5942 5943 5985
f 5942 5984 5945
f 5912 5987 5986
f 5911 5988 5987
f 5913 5989 5988
f 5944 5946 5991
f 5946 5947 5992
f 5947 5948 5993
f 5948 5949 5994
f 5949 5950 5995
f 5950 5951 5996
f 5951 5952 5997
f 5952 5953 5998
f 5953 5964 6006
f 5954 5955 5999
f 5954 6000 5956
f 5929 6001 6003
f 5928 6003 6004
f 5930 6004 6005
f 5964 5965 6007
f 5965 5966 6008
f 5966 5968 6010
f 5963 6016 5958
f 5968 5967 6011
f 5967 5958 6009
f 5957 6002 5959
f 5959 6012 5960
f 5961 6014 5962
f 5961 5960 6013
f 5962 6015 5963
f 5942 5985 5984
f 5943 5986 5985
f 5945 5984 5990
f 5944 5991 5989
f 5946 5992 5991
f 5947 5993 5992
f 5948 5994 5993
f 5949 5995 5994
f 5950 5996 5995
f 5951 5997 5996
f 5952 5998 5997
f 5953 6006 5998
f 5954 5999 6000
f 5956 6000 6001
f 5957 6005 6002
f 5964 6007 6006
f 5965 6008 6007
f 5966 6010 6008
f 5958 6016 6009
f 5968 6011 6010
f 5967 6009 6011
f 5959 6002 6012
f 5960 6012 6013
f 5961 6013 6014
f 5962 6014 6015
f 5963 6015 6016
f 628 536 533
f 629 537 535
f 630 535 536
f 631 534 537
f 632 538 534
f 633 540 538
f 634 539 540
f 639 533 541
f 640 541 542
f 641 542 543
f 641 543 544
f 642 544 545
f 643 545 546
f 644 546 547
f 645 547 548
f 646 548 549
f 647 549 550
f 648 550 551
f 649 551 552
f 650 552 553
f 635 554 539
f 662 555 554
f 665 556 555
f 666 557 556
f 661 558 557
f 657 561 560
f 656 562 561
f 658 563 562
f 655 564 563
f 659 559 558
f 660 560 559
f 651 553 565
f 682 565 566
f 685 566 567
f 686 567 568
f 681 568 574
f 671 569 564
f 672 570 569
f 816 792 570
f 816 571 792
f 673 572 571
f 674 573 572
f 677 576 577
f 678 578 579
f 676 577 578
f 675 579 573
f 679 574 575
f 680 575 576
f 630 536 628
f 630 629 535
f 629 631 537
f 631 632 534
f 632 633 538
f 633 634 540
f 634 635 539
f 639 541 640
f 640 542 641
f 628 533 639
f 641 544 642
f 642 545 643
f 643 546 644
f 644 547 645
f 645 548 646
f 646 549 647
f 647 550 648
f 648 551 649
f 649 552 650
f 650 553 651
f 656 658 562
f 656 561 657
f 658 655 563
f 635 662 554
f 665 666 556
f 661 557 666
f 662 664 555
f 665 555 664
f 661 659 558
f 660 559 659
f 657 560 660
f 671 672 569
f 672 816 570
f 655 671 564
f 816 673 571
f 673 674 572
f 674 675 573
f 678 676 578
f 676 677 577
f 675 678 579
f 651 565 682
f 685 567 686
f 681 686 568
f 682 566 684
f 685 684 566
f 679 681 574
f 680 679 575
f 677 680 576
f 695 691 956
f 693 957 692
f 695 958 694
f 693 694 959
f 637 962 638
f 637 692 960
f 636 638 961
f 652 974 654
f 697 698 963
f 691 697 955
f 698 699 964
f 699 700 965
f 700 701 966
f 696 967 701
f 696 703 968
f 703 704 969
f 702 970 704
f 702 705 971
f 705 653 972
f 653 654 973
f 663 636 978
f 663 3768 664
f 664 980 667
f 667 979 668
f 668 985 669
f 669 982 670
f 670 981 706
f 706 983 707
f 707 984 708
f 708 977 709
f 709 976 710
f 683 975 652
f 683 684 992
f 684 687 3779
f 687 688 994
f 688 689 993
f 710 986 712
f 712 987 713
f 713 1048 817
f 817 988 714
f 714 989 715
f 711 715 990
f 690 999 689
f 690 716 996
f 716 717 995
f 719 998 718
f 717 718 997
f 711 991 719
f 691 955 956
f 692 957 960
f 694 958 959
f 695 956 958
f 693 959 957
f 637 960 962
f 638 962 961
f 697 963 955
f 698 964 963
f 699 965 964
f 965 700 966
f 701 967 966
f 696 968 967
f 703 969 968
f 704 970 969
f 702 971 970
f 705 972 971
f 653 973 972
f 654 974 973
f 652 975 974
f 636 961 978
f 663 978 3768
f 664 3768 980
f 667 980 979
f 668 979 985
f 669 985 982
f 670 982 981
f 706 981 983
f 707 983 984
f 708 984 977
f 709 977 976
f 683 992 975
f 684 3779 992
f 687 994 3779
f 688 993 994
f 689 999 993
f 710 976 986
f 712 986 987
f 713 987 1048
f 817 1048 988
f 714 988 989
f 715 989 990
f 717 997 995
f 716 995 996
f 690 996 999
f 719 991 998
f 718 998 997
f 711 990 991
f 664 4530 3768
f 664 3768 4530
f 3753 3752 4475
f 3750 4473 3748
f 3753 4474 3749
f 3750 3749 4476
f 3746 3747 4503
f 3751 3748 4501
f 3751 4502 3747
f 3760 3761 4477
f 3752 3760 4472
f 3761 3762 4478
f 3762 3763 4479
f 3764 4480 3763
f 3764 3765 4481
f 3765 3766 4482
f 3766 3756 4483
f 3756 3757 4484
f 3757 3758 4485
f 3758 3759 4486
f 3759 3754 4512
f 3755 4513 3754
f 3767 3746 4529
f 3767 4530 3768
f 3768 4532 3769
f 3769 4528 3770
f 3770 4536 3771
f 3771 4535 3772
f 3772 4487 3773
f 3773 4491 3774
f 3774 4488 3775
f 3775 4489 3776
f 3776 4490 3777
f 3778 4514 3755
f 3778 3779 4545
f 3779 3780 4546
f 3780 3781 4548
f 3781 3782 4544
f 3777 4492 3787
f 3787 4493 3788
f 3788 4683 3843
f 3843 4494 3789
f 3790 3789 4495
f 3790 4496 3791
f 3783 4552 3782
f 3783 3784 4551
f 3784 3785 4497
f 3792 4498 3786
f 3785 3786 4500
f 3791 4499 3792
f 3752 4472 4475
f 3748 4473 4501
f 3749 4474 4476
f 3753 4475 4474
f 3750 4476 4473
f 3751 4501 4502
f 3747 4502 4503
f 3760 4477 4472
f 3761 4478 4477
f 3762 4479 4478
f 4479 3763 4480
f 3764 4481 4480
f 3765 4482 4481
f 3766 4483 4482
f 3756 4484 4483
f 3757 4485 4484
f 3758 4486 4485
f 3759 4512 4486
f 3754 4513 4512
f 3755 4514 4513
f 3770 4528 4536
f 3771 4536 4535
f 3772 4535 4487
f 3773 4487 4491
f 3776 4489 4490
f 3774 4491 4488
f 3775 4488 4489
f 3746 4503 4529
f 3767 4529 4530
f 3768 4530 4532
f 3769 4532 4528
f 3777 4490 4492
f 3787 4492 4493
f 3788 4493 4683
f 3843 4683 4494
f 3789 4494 4495
f 3790 4495 4496
f 3785 4500 4497
f 3783 4551 4552
f 3784 4497 4551
f 3792 4499 4498
f 3786 4498 4500
f 3791 4496 4499
f 3778 4545 4514
f 3779 4546 4545
f 3780 4548 4546
f 3781 4544 4548
f 3782 4552 4544
f 4511 4565 4506
f 4504 4507 4570
f 4508 4571 4507
f 4508 4506 4569
f 4510 4505 4567
f 4511 4509 4568
f 4510 4566 4509
f 4527 4522 4581
f 4515 4584 4523
f 4524 4523 4583
f 4524 4582 4522
f 4505 4516 4564
f 4516 4517 4572
f 4517 4518 4573
f 4520 4521 4577
f 4518 4519 4575
f 4519 4520 4576
f 4521 4525 4578
f 4525 4526 4579
f 4527 4580 4526
f 4531 4586 4530
f 4530 4586 4533
f 4504 4585 4531
f 4533 4587 4534
f 4534 4588 4537
f 4537 4589 4538
f 4538 4590 4539
f 4539 4591 4540
f 4540 4592 4541
f 4541 4593 4542
f 4542 4594 4543
f 4547 4546 4597
f 4546 4549 4597
f 4515 4547 4596
f 4549 4550 4598
f 4550 4558 4599
f 4559 4605 4558
f 4559 4560 4606
f 4560 4561 4607
f 4543 4595 4553
f 4553 4600 4554
f 4554 4601 4684
f 4556 4604 4557
f 4684 4602 4555
f 4555 4603 4556
f 4563 4609 4562
f 4561 4562 4608
f 4557 4610 4563
f 4505 4564 4567
f 4506 4565 4569
f 4508 4569 4571
f 4507 4571 4570
f 4509 4566 4568
f 4510 4567 4566
f 4511 4568 4565
f 4516 4572 4564
f 4517 4573 4572
f 4518 4574 4573
f 4518 4575 4574
f 4519 4576 4575
f 4520 4577 4576
f 4521 4578 4577
f 4522 4582 4581
f 4524 4583 4582
f 4523 4584 4583
f 4525 4579 4578
f 4526 4580 4579
f 4527 4581 4580
f 4504 4570 4585
f 4531 4585 4586
f 4533 4586 4587
f 4534 4587 4588
f 4537 4588 4589
f 4538 4589 4590
f 4539 4590 4591
f 4540 4591 4592
f 4541 4592 4593
f 4542 4593 4594
f 4543 4594 4595
f 4515 4596 4584
f 4547 4597 4596
f 4549 4598 4597
f 4550 4599 4598
f 4558 4605 4599
f 4553 4595 4600
f 4554 4600 4601
f 4684 4601 4731
f 4684 4731 4602
f 4555 4602 4603
f 4556 4603 4604
f 4559 4606 4605
f 4560 4607 4606
f 4561 4608 4607
f 4563 4610 4609
f 4562 4609 4608
f 4557 4604 4610
f 818 794 795
f 820 793 794
f 819 796 793
f 821 797 796
f 822 798 797
f 823 799 798
f 824 800 799
f 825 801 800
f 826 1889 801
f 831 795 802
f 832 802 803
f 833 803 804
f 833 804 805
f 834 805 806
f 835 806 807
f 836 807 808
f 837 808 809
f 838 809 810
f 839 810 811
f 840 811 812
f 841 812 813
f 842 813 814
f 843 814 815
f 844 815 1899
f 820 819 793
f 820 794 818
f 819 821 796
f 821 822 797
f 822 823 798
f 824 799 823
f 824 825 800
f 825 826 801
f 826 1923 1889
f 831 802 832
f 832 803 833
f 818 795 831
f 833 805 834
f 834 806 835
f 835 807 836
f 836 808 837
f 837 809 838
f 838 810 839
f 839 811 840
f 840 812 841
f 841 813 842
f 842 814 843
f 843 815 844
f 844 1899 1942
f 827 2736 1923
f 845 1942 2746
f 849 1076 853
f 849 850 1075
f 851 1072 850
f 851 852 1073
f 829 828 1078
f 853 1077 828
f 830 829 1079
f 827 830 1080
f 852 855 1074
f 855 856 1081
f 856 857 1082
f 857 858 1084
f 858 859 1085
f 854 1086 859
f 860 1089 862
f 860 863 1090
f 854 861 1087
f 861 862 1088
f 846 847 1092
f 863 846 1091
f 848 1093 847
f 845 1094 848
f 851 1073 1072
f 850 1072 1075
f 849 1075 1076
f 852 1074 1073
f 830 1079 1080
f 827 1080 2736
f 853 1076 1077
f 828 1077 1078
f 829 1078 1079
f 855 1081 1074
f 856 1082 1081
f 857 1083 1082
f 857 1084 1083
f 858 1085 1084
f 859 1086 1085
f 861 1088 1087
f 862 1089 1088
f 860 1090 1089
f 854 1087 1086
f 848 1094 1093
f 845 2746 1094
f 863 1091 1090
f 846 1092 1091
f 847 1093 1092
f 1921 1890 1889
f 1922 1891 1890
f 1916 1892 1891
f 1915 1893 1892
f 1914 1894 1893
f 1918 1895 1894
f 1919 1896 1895
f 1920 1897 1896
f 1917 1898 1897
f 1940 1899 1900
f 1941 1900 1901
f 1930 1901 1902
f 1929 1902 1903
f 1928 1903 1904
f 1932 1906 1898
f 1933 1907 1906
f 1934 1908 1907
f 1934 1909 1908
f 1935 1910 1909
f 1936 1905 1910
f 1937 1904 1911
f 1939 1911 1913
f 1938 1913 1912
f 1931 1912 1905
f 1919 1895 1918
f 1919 1920 1896
f 1920 1917 1897
f 1916 1891 1922
f 1921 1922 1890
f 1916 1915 1892
f 1914 1893 1915
f 1921 1889 1923
f 1918 1894 1914
f 1932 1933 1906
f 1933 1934 1907
f 1917 1932 1898
f 1934 1935 1909
f 1935 1936 1910
f 1936 1931 1905
f 1939 1937 1911
f 1939 1913 1938
f 1931 1938 1912
f 1930 1941 1901
f 1940 1900 1941
f 1929 1930 1902
f 1928 1929 1903
f 1940 1942 1899
f 1937 1928 1904
f 1923 2736 1924
f 1942 1943 2746
f 1924 2737 1925
f 1925 2738 1926
f 1926 2739 1927
f 1927 2740 1947
f 1947 2741 1948
f 1948 2742 1949
f 1949 2743 1950
f 1950 2744 1951
f 1944 1945 2748
f 1943 1944 2747
f 1946 2749 1945
f 1946 1952 2750
f 1951 2745 1954
f 1954 2753 1955
f 1955 2754 1956
f 1956 2756 1957
f 1957 2757 1958
f 1953 1958 2752
f 1959 1961 2758
f 1952 1959 2751
f 1961 1960 2760
f 1953 2759 1960
f 1924 2736 2737
f 1925 2737 2738
f 1926 2738 2739
f 1927 2739 2740
f 1947 2740 2741
f 1948 2741 2742
f 1949 2742 2743
f 1950 2743 2744
f 1951 2744 2745
f 1943 2747 2746
f 1944 2748 2747
f 1945 2749 2748
f 1946 2750 2749
f 1952 2751 2750
f 1954 2745 2753
f 1955 2753 2754
f 1956 2754 2755
f 1956 2755 2756
f 1957 2756 2757
f 1958 2757 2752
f 1959 2758 2751
f 1961 2760 2758
f 1960 2759 2760
f 1953 2752 2759
f 4687 3870 3871
f 4686 3869 3870
f 4685 3872 3869
f 4688 3873 3872
f 4689 3874 3873
f 4700 3875 3874
f 4701 3876 3875
f 4702 3877 3876
f 4703 5533 3877
f 4690 3871 3878
f 4691 3878 3879
f 4692 3879 3880
f 4692 3880 3881
f 4693 3881 3882
f 4694 3882 3883
f 4695 3883 3884
f 4696 3884 3885
f 4697 3885 3886
f 4698 3886 3887
f 4699 3887 3888
f 4713 3888 3889
f 4714 3889 3890
f 4715 3890 3891
f 4716 3891 5543
f 4686 4685 3869
f 4686 3870 4687
f 4688 4689 3873
f 4685 4688 3872
f 4689 4700 3874
f 4701 3875 4700
f 4701 4702 3876
f 4702 4703 3877
f 4690 4687 3871
f 4690 3878 4691
f 4691 3879 4692
f 4692 3881 4693
f 4693 3882 4694
f 4694 3883 4695
f 4695 3884 4696
f 4696 3885 4697
f 4697 3886 4698
f 4698 3887 4699
f 4699 3888 4713
f 4713 3889 4714
f 4714 3890 4715
f 4715 3891 4716
f 4703 5821 5533
f 4716 5543 5835
f 4712 4708 4736
f 4705 5850 5821
f 4711 4712 4737
f 4710 4711 4738
f 4704 4740 4705
f 4704 4710 4739
f 4707 4732 4706
f 4707 4709 4733
f 4708 4706 4735
f 4730 4750 4727
f 4718 5835 5860
f 4729 4751 4730
f 4729 4728 4752
f 4717 4753 4728
f 4717 4718 4754
f 4709 4719 4734
f 4719 4720 4741
f 4720 4721 4742
f 4723 4724 4746
f 4721 4722 4744
f 4722 4723 4745
f 4724 4725 4747
f 4725 4726 4748
f 4727 4749 4726
f 4709 4734 4733
f 4707 4733 4732
f 4706 4732 4735
f 4708 4735 4736
f 4712 4736 4737
f 4711 4737 4738
f 4710 4738 4739
f 4704 4739 4740
f 4705 4740 5850
f 4719 4741 4734
f 4720 4742 4741
f 4721 4743 4742
f 4721 4744 4743
f 4722 4745 4744
f 4723 4746 4745
f 4724 4747 4746
f 4725 4748 4747
f 4726 4749 4748
f 4727 4750 4749
f 4730 4751 4750
f 4729 4752 4751
f 4728 4753 4752
f 4717 4754 4753
f 4718 5860 4754
f 5818 5536 5535
f 5819 5537 5536
f 5802 5538 5537
f 5820 5534 5533
f 5817 5535 5534
f 5805 5542 5541
f 5806 5539 5538
f 5803 5540 5539
f 5804 5541 5540
f 5832 5545 5546
f 5833 5546 5547
f 5807 5547 5548
f 5834 5543 5544
f 5831 5544 5545
f 5808 5550 5542
f 5809 5551 5550
f 5810 5552 5551
f 5810 5553 5552
f 5811 5554 5553
f 5812 5549 5554
f 5813 5556 5549
f 5816 5548 5555
f 5815 5555 5557
f 5814 5557 5556
f 5817 5534 5820
f 5818 5535 5817
f 5819 5802 5537
f 5818 5819 5536
f 5803 5804 5540
f 5804 5805 5541
f 5802 5806 5538
f 5803 5539 5806
f 5832 5831 5545
f 5831 5834 5544
f 5833 5547 5807
f 5833 5832 5546
f 5808 5542 5805
f 5808 5809 5550
f 5809 5810 5551
f 5810 5811 5553
f 5811 5812 5554
f 5812 5813 5549
f 5815 5557 5814
f 5813 5814 5556
f 5815 5816 5555
f 5807 5548 5816
f 5820 5533 5821
f 5834 5835 5543
f 5821 5850 5822
f 5822 5851 5823
f 5823 5852 5824
f 5824 5853 5825
f 5825 5854 5826
f 5826 5855 5827
f 5827 5856 5828
f 5828 5857 5829
f 5829 5858 5830
f 5835 5836 5860
f 5837 5838 5862
f 5836 5837 5861
f 5839 5863 5838
f 5839 5840 5864
f 5840 5847 5865
f 5830 5859 5842
f 5842 5867 5843
f 5843 5868 5844
f 5846 5866 5841
f 5844 5870 5845
f 5845 5871 5846
f 5847 5849 5872
f 5849 5848 5874
f 5841 5873 5848
f 5822 5850 5851
f 5823 5851 5852
f 5824 5852 5853
f 5825 5853 5854
f 5826 5854 5855
f 5827 5855 5856
f 5828 5856 5857
f 5829 5857 5858
f 5830 5858 5859
f 5836 5861 5860
f 5837 5862 5861
f 5838 5863 5862
f 5839 5864 5863
f 5840 5865 5864
f 5842 5859 5867
f 5843 5867 5868
f 5844 5868 5869
f 5844 5869 5870
f 5845 5870 5871
f 5846 5871 5866
f 5847 5872 5865
f 5849 5874 5872
f 5848 5873 5874
f 5841 5866 5873
f 2545 2498 2497
f 2547 2500 2499
f 2546 2499 2498
f 2548 2501 2500
f 2549 2502 2501
f 2550 2503 2502
f 2551 2504 2503
f 2554 2505 2504
f 2555 2506 2505
f 2557 2507 2506
f 2589 2524 2507
f 2561 2497 2508
f 2562 2508 2509
f 2563 2509 2510
f 2563 2510 2511
f 2564 2511 2512
f 2565 2512 2513
f 2566 2513 2514
f 2567 2514 2515
f 2568 2515 2516
f 2569 2516 2517
f 2570 2517 2518
f 2571 2518 2519
f 2572 2519 2520
f 2575 2520 2521
f 2576 2521 2522
f 2578 2522 2523
f 2605 2523 2533
f 2582 2528 2527
f 2583 2529 2528
f 2584 2530 2529
f 2586 2525 2524
f 2585 2526 2525
f 2587 2527 2526
f 2588 2531 2530
f 2593 2538 2535
f 2594 2537 2536
f 2595 2535 2537
f 2597 2533 2532
f 2596 2532 2534
f 2598 2534 2538
f 2599 2539 2531
f 2600 2540 2539
f 2601 2541 2540
f 2601 2542 2541
f 2602 2544 2542
f 2604 2543 2544
f 2603 2536 2543
f 2546 2498 2545
f 2547 2499 2546
f 2547 2548 2500
f 2548 2549 2501
f 2549 2550 2502
f 2551 2503 2550
f 2551 2554 2504
f 2554 2555 2505
f 2557 2589 2507
f 2555 2558 2506
f 2558 2557 2506
f 2561 2508 2562
f 2562 2509 2563
f 2545 2497 2561
f 2563 2511 2564
f 2564 2512 2565
f 2565 2513 2566
f 2566 2514 2567
f 2567 2515 2568
f 2568 2516 2569
f 2569 2517 2570
f 2570 2518 2571
f 2571 2519 2572
f 2572 2520 2575
f 2575 2521 2576
f 2578 2523 2605
f 2576 2522 2579
f 2579 2522 2578
f 2583 2584 2529
f 2583 2528 2582
f 2584 2588 2530
f 2587 2526 2585
f 2586 2585 2525
f 2586 2524 2589
f 2587 2582 2527
f 2595 2537 2594
f 2595 2593 2535
f 2599 2600 2539
f 2600 2601 2540
f 2588 2599 2531
f 2601 2602 2542
f 2602 2604 2544
f 2604 2603 2543
f 2603 2594 2536
f 2598 2596 2534
f 2597 2532 2596
f 2597 2605 2533
f 2598 2538 2593
f 2556 2560 2861
f 2558 2556 5663
f 2558 2862 2559
f 2559 2884 2590
f 2612 2611 2855
f 2609 2612 2856
f 2611 2610 2854
f 2609 2857 2613
f 2613 2858 2553
f 2552 2553 2859
f 2552 2860 2560
f 2573 2581 2874
f 2577 2875 2581
f 2579 2876 2577
f 2579 2580 5674
f 2580 2606 2877
f 2610 2615 2853
f 2615 2616 2863
f 2616 2617 2864
f 2617 2618 2865
f 2618 2619 2866
f 2614 2867 2619
f 2614 2621 2868
f 2621 2622 2869
f 2620 2870 2622
f 2620 2623 2871
f 2623 2574 2872
f 2574 2573 2873
f 2590 2885 2591
f 2591 2880 2592
f 2592 2881 2624
f 2624 2882 2625
f 2625 2883 2626
f 2626 2878 2627
f 2627 2879 2628
f 2606 2607 2898
f 2607 2608 2897
f 2632 2893 2608
f 2631 2630 2895
f 2629 2631 2894
f 2632 2629 2896
f 2628 2887 2634
f 2634 2888 2635
f 2635 2889 2636
f 2636 2890 2637
f 2633 2638 2891
f 2637 2892 2638
f 2633 2886 2630
f 2610 2853 2854
f 2612 2855 2856
f 2611 2854 2855
f 2613 2857 2858
f 2553 2858 2859
f 2609 2856 2857
f 2552 2859 2860
f 2560 2860 2861
f 2556 2861 5663
f 2558 5663 2862
f 2559 2862 2884
f 2615 2863 2853
f 2616 2864 2863
f 2617 2865 2864
f 2865 2618 2866
f 2619 2867 2866
f 2614 2868 2867
f 2621 2869 2868
f 2622 2870 2869
f 2620 2871 2870
f 2623 2872 2871
f 2574 2873 2872
f 2573 2874 2873
f 2581 2875 2874
f 2577 2876 2875
f 2579 5674 2876
f 2580 2877 5674
f 2606 2898 2877
f 2591 2885 2880
f 2592 2880 2881
f 2590 2884 2885
f 2624 2881 2882
f 2625 2882 2883
f 2626 2883 2878
f 2627 2878 2879
f 2607 2897 2898
f 2608 2893 2897
f 2629 2894 2896
f 2630 2886 2895
f 2631 2895 2894
f 2632 2896 2893
f 2628 2879 2887
f 2634 2887 2888
f 2635 2888 2889
f 2636 2889 2890
f 2637 2890 2892
f 2638 2892 2891
f 2633 2891 2886
f 2558 6446 5663
f 2558 5663 6446
f 5665 5666 6411
f 5657 5665 6412
f 5657 6413 5658
f 5660 5658 6414
f 5660 6440 5659
f 5656 5659 6441
f 5656 6442 5662
f 5661 5662 6443
f 5663 5661 6446
f 5663 6447 5664
f 5664 6479 5683
f 5666 5676 6410
f 5676 5677 6415
f 5677 5678 6416
f 5678 5679 6417
f 5680 6418 5679
f 5680 5681 6419
f 5681 5682 6420
f 5682 5668 6421
f 5668 5669 6422
f 5671 6423 5669
f 5670 5667 6456
f 5671 5670 6424
f 5667 5673 6457
f 5672 6458 5673
f 5674 6459 5672
f 5674 5675 6462
f 5675 5692 6463
f 5683 6477 5684
f 5684 6478 5685
f 5685 6425 5686
f 5686 6428 5687
f 5687 6426 5688
f 5688 6427 5689
f 5689 6429 5690
f 5692 5691 6490
f 5691 5693 6488
f 5696 6489 5693
f 5695 5697 6431
f 5695 6432 5694
f 5696 5694 6433
f 5690 6434 5698
f 5698 6435 5699
f 5699 6436 5700
f 5700 6437 5701
f 5703 6439 5702
f 5703 5701 6438
f 5702 6430 5697
f 5666 6410 6411
f 5657 6412 6413
f 5665 6411 6412
f 5660 6414 6440
f 5659 6440 6441
f 5658 6413 6414
f 5656 6441 6442
f 5662 6442 6443
f 5661 6443 6446
f 5663 6446 6447
f 5664 6447 6479
f 5676 6415 6410
f 5677 6416 6415
f 5678 6417 6416
f 6417 5679 6418
f 5680 6419 6418
f 5681 6420 6419
f 5682 6421 6420
f 5668 6422 6421
f 5669 6423 6422
f 5671 6424 6423
f 5670 6456 6424
f 5667 6457 6456
f 5673 6458 6457
f 5672 6459 6458
f 5674 6462 6459
f 5675 6463 6462
f 5692 6490 6463
f 5683 6479 6477
f 5685 6478 6425
f 5684 6477 6478
f 5686 6425 6428
f 5687 6428 6426
f 5688 6426 6427
f 5689 6427 6429
f 5693 6489 6488
f 5694 6432 6433
f 5697 6430 6431
f 5695 6431 6432
f 5696 6433 6489
f 5690 6429 6434
f 5698 6434 6435
f 5699 6435 6436
f 5700 6436 6437
f 5701 6437 6438
f 5703 6438 6439
f 5702 6439 6430
f 5691 6488 6490
f 6450 6453 6556
f 6451 6450 6557
f 6449 6451 6558
f 6446 6445 6561
f 6446 6561 6448
f 6444 6449 6559
f 6444 6560 6445
f 6448 6562 6480
f 6452 6455 6553
f 6453 6454 6555
f 6454 6452 6554
f 6472 6572 6475
f 6473 6573 6472
f 6473 6471 6574
f 6462 6577 6461
f 6462 6464 6577
f 6460 6575 6471
f 6460 6461 6576
f 6464 6491 6578
f 6455 6465 6552
f 6465 6466 6563
f 6466 6467 6564
f 6469 6470 6568
f 6467 6468 6566
f 6468 6469 6567
f 6470 6474 6569
f 6474 6476 6570
f 6475 6571 6476
f 6480 6579 6481
f 6481 6580 6482
f 6482 6581 6483
f 6483 6582 6484
f 6484 6583 6485
f 6485 6584 6486
f 6486 6585 6487
f 6491 6492 6588
f 6492 6493 6587
f 6493 6494 6589
f 6494 6495 6593
f 6497 6496 6592
f 6495 6497 6590
f 6487 6586 6498
f 6498 6594 6499
f 6499 6595 6500
f 6503 6598 6502
f 6500 6597 6501
f 6501 6599 6503
f 6502 6591 6496
f 6450 6556 6557
f 6451 6557 6558
f 6455 6552 6553
f 6454 6554 6555
f 6452 6553 6554
f 6453 6555 6556
f 6449 6558 6559
f 6444 6559 6560
f 6445 6560 6561
f 6448 6561 6562
f 6480 6562 6579
f 6465 6563 6552
f 6466 6564 6563
f 6467 6565 6564
f 6467 6566 6565
f 6468 6567 6566
f 6469 6568 6567
f 6472 6573 6572
f 6473 6574 6573
f 6470 6569 6568
f 6474 6570 6569
f 6476 6571 6570
f 6475 6572 6571
f 6471 6575 6574
f 6460 6576 6575
f 6461 6577 6576
f 6464 6578 6577
f 6491 6588 6578
f 6481 6579 6580
f 6482 6580 6581
f 6483 6581 6582
f 6484 6582 6583
f 6485 6583 6584
f 6486 6584 6585
f 6487 6585 6586
f 6492 6587 6588
f 6493 6589 6587
f 6494 6593 6589
f 6495 6590 6593
f 6496 6591 6592
f 6497 6592 6590
f 6498 6586 6594
f 6499 6594 6595
f 6500 6595 6596
f 6500 6596 6597
f 6501 6597 6599
f 6503 6599 6598
f 6502 6598 6591
f 630 580 583
f 629 583 581
f 631 581 582
f 632 582 584
f 633 584 585
f 635 586 587
f 634 585 586
f 636 590 591
f 638 591 592
f 637 592 593
f 639 595 594
f 628 594 580
f 640 596 595
f 641 597 596
f 642 598 597
f 643 599 598
f 644 600 599
f 645 601 600
f 646 602 601
f 647 603 602
f 648 604 603
f 649 605 604
f 650 606 605
f 651 607 606
f 652 611 610
f 654 612 611
f 630 628 580
f 629 581 631
f 630 583 629
f 631 582 632
f 632 584 633
f 633 585 634
f 634 586 635
f 662 587 588
f 664 588 589
f 663 589 590
f 636 591 638
f 637 638 592
f 639 640 595
f 640 641 596
f 628 639 594
f 641 642 597
f 642 643 598
f 643 644 599
f 644 645 600
f 645 646 601
f 646 647 602
f 647 648 603
f 648 649 604
f 649 650 605
f 650 651 606
f 682 608 607
f 684 609 608
f 683 610 609
f 652 654 611
f 653 612 654
f 692 593 613
f 693 613 614
f 694 614 615
f 695 615 616
f 691 616 617
f 697 617 619
f 698 619 620
f 699 620 621
f 700 621 622
f 701 622 623
f 696 623 618
f 702 626 624
f 704 625 626
f 703 618 625
f 653 627 612
f 705 624 627
f 693 614 694
f 695 694 615
f 695 616 691
f 637 593 692
f 693 692 613
f 697 619 698
f 698 620 699
f 691 617 697
f 699 621 700
f 700 622 701
f 696 701 623
f 696 618 703
f 703 625 704
f 702 704 626
f 702 624 705
f 705 627 653
f 635 587 662
f 662 588 664
f 663 664 589
f 663 590 636
f 651 682 607
f 682 684 608
f 683 609 684
f 683 652 610
f 657 660 822
f 660 659 823
f 661 666 825
f 661 824 659
f 665 826 666
f 665 664 1923
f 664 667 827
f 667 668 830
f 668 669 829
f 669 670 828
f 676 838 677
f 677 839 680
f 680 840 679
f 681 842 686
f 679 841 681
f 685 686 843
f 685 844 684
f 684 1942 687
f 687 845 688
f 688 848 689
f 690 689 847
f 658 820 655
f 656 819 658
f 656 657 821
f 671 831 672
f 655 818 671
f 672 832 816
f 673 834 674
f 816 833 673
f 674 835 675
f 675 836 678
f 678 837 676
f 670 706 853
f 706 707 849
f 707 708 850
f 690 846 716
f 716 863 717
f 708 709 851
f 709 710 852
f 710 712 855
f 712 713 856
f 713 817 857
f 817 714 858
f 711 854 715
f 714 715 859
f 717 860 718
f 719 718 862
f 711 719 861
f 655 820 818
f 657 822 821
f 656 821 819
f 658 819 820
f 660 823 822
f 659 824 823
f 661 825 824
f 666 826 825
f 665 1923 826
f 664 827 1923
f 667 830 827
f 668 829 830
f 669 828 829
f 671 818 831
f 672 831 832
f 816 832 833
f 833 834 673
f 674 834 835
f 675 835 836
f 678 836 837
f 676 837 838
f 677 838 839
f 680 839 840
f 679 840 841
f 681 841 842
f 686 842 843
f 685 843 844
f 684 844 1942
f 687 1942 845
f 688 845 848
f 689 848 847
f 690 847 846
f 670 853 828
f 706 849 853
f 707 850 849
f 708 851 850
f 709 852 851
f 710 855 852
f 712 856 855
f 713 857 856
f 817 858 857
f 714 859 858
f 715 854 859
f 717 863 860
f 711 861 854
f 719 862 861
f 860 862 718
f 716 846 863
f 1920 2546 1917
f 1919 2547 1920
f 1919 1918 2548
f 1916 1922 2554
f 1916 2551 1915
f 1918 1914 2549
f 1914 1915 2550
f 1921 2555 1922
f 1923 1924 2556
f 1921 1923 2558
f 1924 1925 2560
f 1925 1926 2552
f 1926 1927 2553
f 1932 2561 1933
f 1917 2545 1932
f 1933 2562 1934
f 1934 2563 1935
f 1935 2564 1936
f 1936 2565 1931
f 1931 2566 1938
f 1939 1938 2567
f 1939 2568 1937
f 1937 2569 1928
f 1928 2570 1929
f 1929 2571 1930
f 1930 2572 1941
f 1940 2576 1942
f 1940 1941 2575
f 1942 2579 1943
f 1944 2581 1945
f 1943 2577 1944
f 1946 1945 2573
f 1927 1947 2613
f 1947 1948 2609
f 1948 1949 2612
f 1949 1950 2611
f 1950 1951 2610
f 1951 1954 2615
f 1954 1955 2616
f 1955 1956 2617
f 1956 1957 2618
f 1957 1958 2619
f 1953 2614 1958
f 1959 2620 1961
f 1961 2622 1960
f 1953 1960 2621
f 1946 2574 1952
f 1952 2623 1959
f 1917 2546 2545
f 1920 2547 2546
f 1932 2545 2561
f 1934 2562 2563
f 1933 2561 2562
f 2563 2564 1935
f 1936 2564 2565
f 1931 2565 2566
f 1938 2566 2567
f 1939 2567 2568
f 1937 2568 2569
f 1918 2549 2548
f 1919 2548 2547
f 1914 2550 2549
f 1915 2551 2550
f 1916 2554 2551
f 1922 2555 2554
f 1921 2558 2555
f 1923 2556 2558
f 1925 2552 2560
f 1924 2560 2556
f 1926 2553 2552
f 1928 2569 2570
f 1929 2570 2571
f 1930 2571 2572
f 1941 2572 2575
f 1940 2575 2576
f 1942 2576 2579
f 1943 2579 2577
f 1944 2577 2581
f 1946 2573 2574
f 1945 2581 2573
f 1948 2612 2609
f 1949 2611 2612
f 1950 2610 2611
f 1954 2616 2615
f 1951 2615 2610
f 1955 2617 2616
f 1956 2618 2617
f 1957 2619 2618
f 1958 2614 2619
f 1953 2621 2614
f 1960 2622 2621
f 1927 2613 2553
f 1947 2609 2613
f 1959 2623 2620
f 2620 2622 1961
f 1952 2574 2623
f 1942 2667 2579
f 1942 2579 2667
f 2557 2647 2589
f 2558 2648 2557
f 2558 2559 2649
f 2559 2590 2650
f 2578 2605 2665
f 2579 2578 2666
f 2579 2667 2580
f 2580 2668 2606
f 2584 2642 2588
f 2583 2640 2584
f 2583 2582 2641
f 2587 2643 2582
f 2587 2585 2644
f 2586 2589 2646
f 2586 2645 2585
f 2590 2591 2651
f 2591 2592 2652
f 2557 2648 2647
f 2558 2649 2648
f 2559 2650 2649
f 2588 2639 2599
f 2599 2653 2600
f 2600 2654 2601
f 2604 2657 2603
f 2601 2655 2602
f 2602 2656 2604
f 2598 2593 2661
f 2603 2658 2594
f 2595 2594 2659
f 2595 2660 2593
f 2598 2662 2596
f 2597 2596 2663
f 2597 2664 2605
f 2606 2669 2607
f 2607 2670 2608
f 2578 2665 2666
f 2579 2666 2667
f 2580 2667 2668
f 2588 2642 2639
f 2582 2643 2641
f 2583 2641 2640
f 2584 2640 2642
f 2587 2644 2643
f 2585 2645 2644
f 2586 2646 2645
f 2589 2647 2646
f 2590 2651 2650
f 2591 2652 2651
f 2599 2639 2653
f 2600 2653 2654
f 2601 2654 2655
f 2602 2655 2656
f 2604 2656 2657
f 2603 2657 2658
f 2594 2658 2659
f 2593 2660 2661
f 2595 2659 2660
f 2598 2661 2662
f 2596 2662 2663
f 2597 2663 2664
f 2605 2664 2665
f 2606 2668 2669
f 2607 2669 2670
f 2608 2670 2671
f 2592 2624 2672
f 2624 2625 2673
f 2625 2626 2674
f 2626 2627 2675
f 2627 2628 2676
f 2628 2634 2678
f 2634 2635 2679
f 2635 2636 2680
f 2633 2677 2638
f 2636 2637 2681
f 2637 2638 2682
f 2632 2608 2671
f 2632 2686 2629
f 2629 2683 2631
f 2631 2685 2630
f 2633 2630 2684
f 2592 2672 2652
f 2624 2673 2672
f 2625 2674 2673
f 2626 2675 2674
f 2627 2676 2675
f 2628 2678 2676
f 2634 2679 2678
f 2635 2680 2679
f 2636 2681 2680
f 2637 2682 2681
f 2638 2677 2682
f 2629 2686 2683
f 2633 2684 2677
f 2630 2685 2684
f 2631 2683 2685
f 2632 2671 2686
f 958 933 937
f 956 932 933
f 957 936 934
f 960 934 935
f 962 935 939
f 959 937 936
f 961 939 938
f 963 942 941
f 955 941 932
f 964 943 942
f 965 944 943
f 966 945 944
f 967 946 945
f 968 947 946
f 969 948 947
f 970 949 948
f 971 950 949
f 972 951 950
f 973 952 951
f 974 953 952
f 975 954 953
f 956 955 932
f 956 933 958
f 978 938 940
f 3768 940 3721
f 959 958 937
f 960 957 934
f 960 935 962
f 959 936 957
f 962 939 961
f 964 942 963
f 964 965 943
f 955 963 941
f 965 966 944
f 966 967 945
f 967 968 946
f 968 969 947
f 969 970 948
f 992 3731 954
f 970 971 949
f 971 972 950
f 972 973 951
f 973 974 952
f 974 975 953
f 961 938 978
f 978 940 3768
f 975 992 954
f 992 3779 3731
f 984 1054 977
f 977 1050 976
f 985 1056 982
f 983 981 1051
f 982 1052 981
f 983 1053 984
f 979 1055 985
f 979 980 1057
f 980 3768 3844
f 981 1052 1051
f 982 1056 1052
f 979 1057 1055
f 985 1055 1056
f 980 3844 1057
f 990 1063 991
f 991 1064 998
f 976 1049 986
f 987 986 1058
f 987 1059 1048
f 1048 1060 988
f 988 1061 989
f 989 1062 990
f 996 1068 999
f 997 1066 995
f 997 998 1065
f 996 995 1067
f 993 1070 994
f 993 999 1069
f 994 1071 3779
f 995 1066 1067
f 996 1067 1068
f 999 1068 1069
f 993 1069 1070
f 994 1070 1071
f 3779 1071 3854
f 976 1050 1049
f 977 1054 1050
f 984 1053 1054
f 983 1051 1053
f 986 1049 1058
f 987 1058 1059
f 1048 1059 1060
f 988 1060 1061
f 989 1061 1062
f 990 1062 1063
f 991 1063 1064
f 998 1064 1065
f 997 1065 1066
f 2855 2762 2766
f 2854 2761 2762
f 2856 2766 2765
f 2853 2770 2761
f 2863 2771 2770
f 2864 2772 2771
f 2865 2773 2772
f 2866 2774 2773
f 2867 2775 2774
f 2868 2776 2775
f 2869 2777 2776
f 2870 2778 2777
f 2871 2779 2778
f 2854 2853 2761
f 2855 2854 2762
f 2857 2765 2763
f 2858 2763 2764
f 2859 2764 2768
f 2860 2768 2767
f 2861 2767 2769
f 5663 2769 5558
f 2857 2763 2858
f 2855 2766 2856
f 2856 2765 2857
f 2859 2858 2764
f 2859 2768 2860
f 2860 2767 2861
f 2861 2769 5663
f 2853 2863 2770
f 2864 2771 2863
f 2864 2865 2772
f 2865 2866 2773
f 2866 2867 2774
f 2867 2868 2775
f 2868 2869 2776
f 2869 2870 2777
f 2872 2780 2779
f 2873 2781 2780
f 2874 2782 2781
f 2875 2783 2782
f 2876 5568 2783
f 2870 2871 2778
f 2871 2872 2779
f 2872 2873 2780
f 2873 2874 2781
f 2874 2875 2782
f 2875 2876 2783
f 2876 5674 5568
f 2884 2862 2907
f 2862 5663 5704
f 2898 2920 2877
f 2877 2921 5674
f 2883 2904 2878
f 2878 2900 2879
f 2881 2901 2882
f 2885 2906 2880
f 2880 2902 2881
f 2882 2903 2883
f 2885 2884 2905
f 2862 5704 2907
f 2879 2899 2887
f 2888 2887 2908
f 2888 2909 2889
f 2892 2912 2891
f 2889 2910 2890
f 2890 2911 2892
f 2891 2913 2886
f 2895 2886 2914
f 2896 2894 2916
f 2897 2893 2918
f 2896 2917 2893
f 2895 2915 2894
f 2897 2919 2898
f 2877 2920 2921
f 5674 2921 5714
f 2879 2900 2899
f 2878 2904 2900
f 2881 2902 2901
f 2880 2906 2902
f 2882 2901 2903
f 2883 2903 2904
f 2884 2907 2905
f 2885 2905 2906
f 2887 2899 2908
f 2888 2908 2909
f 2889 2909 2910
f 2890 2910 2911
f 2891 2912 2913
f 2892 2911 2912
f 2886 2913 2914
f 2895 2914 2915
f 2894 2915 2916
f 2896 2916 2917
f 2893 2917 2918
f 2897 2918 2919
f 2898 2919 2920
f 3746 3722 3723
f 3747 3723 3724
f 3751 3724 3725
f 3748 3725 3726
f 3749 3727 3728
f 3750 3726 3727
f 3753 3728 3729
f 3752 3729 3730
f 3755 3733 3734
f 3757 3735 3736
f 3754 3737 3733
f 3759 3738 3737
f 3758 3736 3738
f 3760 3730 3739
f 3761 3739 3740
f 3762 3740 3741
f 3763 3741 3742
f 3764 3742 3743
f 3765 3743 3744
f 3766 3744 3745
f 3756 3745 3735
f 3767 3721 3722
f 3746 3723 3747
f 3750 3727 3749
f 3751 3725 3748
f 3751 3747 3724
f 3750 3748 3726
f 3753 3749 3728
f 3753 3729 3752
f 3779 3732 3731
f 3778 3734 3732
f 3755 3754 3733
f 3756 3735 3757
f 3757 3736 3758
f 3758 3738 3759
f 3759 3737 3754
f 3760 3739 3761
f 3761 3740 3762
f 3752 3730 3760
f 3762 3741 3763
f 3764 3763 3742
f 3764 3743 3765
f 3766 3745 3756
f 3765 3744 3766
f 3767 3768 3721
f 3767 3722 3746
f 3778 3732 3779
f 3778 3755 3734
f 3768 3769 3845
f 3769 3770 3846
f 3770 3771 3847
f 3771 3772 3848
f 3772 3773 3849
f 3773 3774 3850
f 3774 3775 3851
f 3768 3845 3844
f 3769 3846 3845
f 3770 3847 3846
f 3771 3848 3847
f 3772 3849 3848
f 3773 3850 3849
f 3775 3776 3852
f 3776 3777 3853
f 3779 3854 3780
f 3780 3855 3781
f 3781 3857 3782
f 3783 3782 3856
f 3785 3859 3786
f 3783 3860 3784
f 3784 3861 3785
f 3780 3854 3855
f 3782 3857 3856
f 3781 3855 3857
f 3783 3856 3860
f 3784 3860 3861
f 3791 3792 3868
f 3792 3786 3858
f 3777 3787 3862
f 3787 3788 3863
f 3788 3843 3864
f 3843 3789 3865
f 3790 3866 3789
f 3790 3791 3867
f 3774 3851 3850
f 3775 3852 3851
f 3776 3853 3852
f 3785 3861 3859
f 3786 3859 3858
f 3777 3862 3853
f 3787 3863 3862
f 3788 3864 3863
f 3843 3865 3864
f 3789 3866 3865
f 3790 3867 3866
f 3792 3858 3868
f 3791 3868 3867
f 5658 5563 5564
f 5657 5564 5565
f 5665 5565 5566
f 5666 5566 5567
f 5669 5572 5573
f 5676 5567 5576
f 5677 5576 5577
f 5678 5577 5578
f 5679 5578 5579
f 5680 5579 5580
f 5681 5580 5581
f 5682 5581 5582
f 5668 5582 5572
f 5661 5558 5559
f 5662 5559 5560
f 5656 5560 5561
f 5659 5561 5562
f 5660 5562 5563
f 5663 5558 5661
f 5661 5559 5662
f 5656 5662 5560
f 5660 5659 5562
f 5660 5563 5658
f 5657 5658 5564
f 5656 5561 5659
f 5657 5565 5665
f 5665 5566 5666
f 5674 5569 5568
f 5672 5571 5569
f 5673 5570 5571
f 5667 5574 5570
f 5670 5575 5574
f 5671 5573 5575
f 5674 5672 5569
f 5667 5570 5673
f 5672 5673 5571
f 5668 5572 5669
f 5671 5669 5573
f 5671 5575 5670
f 5670 5574 5667
f 5666 5567 5676
f 5676 5576 5677
f 5677 5577 5678
f 5678 5578 5679
f 5680 5679 5579
f 5680 5580 5681
f 5682 5582 5668
f 5681 5581 5682
f 5663 5664 5705
f 5664 5683 5706
f 5674 5714 5675
f 5675 5715 5692
f 5683 5684 5707
f 5684 5685 5708
f 5685 5686 5709
f 5686 5687 5710
f 5687 5688 5711
f 5663 5705 5704
f 5664 5706 5705
f 5688 5689 5712
f 5689 5690 5713
f 5692 5717 5691
f 5691 5716 5693
f 5696 5693 5720
f 5696 5721 5694
f 5695 5694 5719
f 5675 5714 5715
f 5690 5698 5722
f 5698 5699 5723
f 5699 5700 5724
f 5703 5702 5727
f 5700 5701 5725
f 5703 5726 5701
f 5695 5718 5697
f 5702 5697 5728
f 5683 5707 5706
f 5684 5708 5707
f 5685 5709 5708
f 5686 5710 5709
f 5687 5711 5710
f 5688 5712 5711
f 5689 5713 5712
f 5691 5717 5716
f 5692 5715 5717
f 5694 5721 5719
f 5695 5719 5718
f 5693 5716 5720
f 5696 5720 5721
f 5690 5722 5713
f 5698 5723 5722
f 5699 5724 5723
f 5700 5725 5724
f 5701 5726 5725
f 5703 5727 5726
f 5697 5718 5728
f 5702 5728 5727
f 4473 4428 4424
f 4501 4424 4439
f 4474 4426 4425
f 4475 4427 4426
f 4476 4425 4428
f 4477 4430 4429
f 4472 4429 4427
f 4478 4431 4430
f 4479 4432 4431
f 4480 4433 4432
f 4481 4434 4433
f 4482 4435 4434
f 4483 4436 4435
f 4484 4437 4436
f 4485 4438 4437
f 4486 4453 4438
f 4474 4425 4476
f 4475 4472 4427
f 4475 4426 4474
f 4501 4473 4424
f 4476 4428 4473
f 4477 4478 4430
f 4478 4479 4431
f 4477 4429 4472
f 4479 4480 4432
f 4480 4481 4433
f 4481 4482 4434
f 4482 4483 4435
f 4483 4484 4436
f 4484 4485 4437
f 4485 4486 4438
f 4486 4512 4453
f 4502 4439 4440
f 4503 4440 4441
f 4504 4444 4445
f 4507 4445 4446
f 4508 4446 4447
f 4506 4447 4448
f 4509 4449 4450
f 4510 4450 4451
f 4511 4448 4449
f 4505 4451 4452
f 4512 4454 4453
f 4513 4455 4454
f 4514 4456 4455
f 4516 4452 4460
f 4517 4460 4461
f 4518 4461 4462
f 4519 4462 4463
f 4521 4464 4465
f 4520 4463 4464
f 4515 4466 4459
f 4523 4467 4466
f 4524 4468 4467
f 4522 4470 4468
f 4526 4469 4471
f 4527 4471 4470
f 4525 4465 4469
f 4529 4441 4442
f 4530 4442 4443
f 4531 4443 4444
f 4501 4439 4502
f 4502 4440 4503
f 4504 4445 4507
f 4508 4507 4446
f 4508 4447 4506
f 4511 4506 4448
f 4511 4449 4509
f 4510 4509 4450
f 4510 4451 4505
f 4545 4457 4456
f 4546 4458 4457
f 4547 4459 4458
f 4512 4513 4454
f 4513 4514 4455
f 4516 4460 4517
f 4517 4461 4518
f 4505 4452 4516
f 4518 4462 4519
f 4519 4463 4520
f 4520 4464 4521
f 4515 4523 4466
f 4524 4467 4523
f 4524 4522 4468
f 4525 4469 4526
f 4527 4526 4471
f 4521 4465 4525
f 4527 4470 4522
f 4503 4441 4529
f 4529 4442 4530
f 4531 4530 4443
f 4504 4531 4444
f 4514 4545 4456
f 4545 4546 4457
f 4547 4458 4546
f 4515 4459 4547
f 4546 4457 5835
f 4546 5835 4457
f 4487 4689 4491
f 4535 4700 4487
f 4498 4697 4500
f 4497 4500 4698
f 4551 4497 4699
f 4488 4685 4489
f 4489 4686 4490
f 4488 4491 4688
f 4492 4490 4687
f 4492 4690 4493
f 4493 4691 4683
f 4494 4693 4495
f 4683 4692 4494
f 4495 4694 4496
f 4496 4695 4499
f 4499 4696 4498
f 4536 4701 4535
f 4528 4532 4703
f 4528 4702 4536
f 4532 4530 5821
f 4530 4533 4705
f 4533 4534 4704
f 4534 4537 4710
f 4537 4538 4711
f 4538 4539 4712
f 4539 4540 4708
f 4540 4541 4706
f 4544 4552 4714
f 4551 4713 4552
f 4544 4715 4548
f 4548 4716 4546
f 4546 5835 4549
f 4549 4718 4550
f 4550 4717 4558
f 4559 4558 4728
f 4559 4729 4560
f 4560 4730 4561
f 4541 4542 4707
f 4542 4543 4709
f 4543 4553 4719
f 4553 4554 4720
f 4554 4684 4721
f 4684 4555 4722
f 4556 4557 4724
f 4555 4556 4723
f 4563 4562 4726
f 4561 4727 4562
f 4557 4563 4725
f 4488 4688 4685
f 4490 4686 4687
f 4489 4685 4686
f 4491 4689 4688
f 4487 4700 4689
f 4492 4687 4690
f 4493 4690 4691
f 4683 4691 4692
f 4692 4693 4494
f 4495 4693 4694
f 4496 4694 4695
f 4499 4695 4696
f 4498 4696 4697
f 4697 4698 4500
f 4497 4698 4699
f 4551 4699 4713
f 4535 4701 4700
f 4536 4702 4701
f 4528 4703 4702
f 4530 4705 5821
f 4532 5821 4703
f 4533 4704 4705
f 4538 4712 4711
f 4539 4708 4712
f 4534 4710 4704
f 4537 4711 4710
f 4540 4706 4708
f 4541 4707 4706
f 4542 4709 4707
f 4552 4713 4714
f 4544 4714 4715
f 4548 4715 4716
f 4546 4716 5835
f 4550 4718 4717
f 4549 5835 4718
f 4543 4719 4709
f 4553 4720 4719
f 4554 4721 4720
f 4684 4722 4721
f 4555 4723 4722
f 4556 4724 4723
f 4558 4717 4728
f 4559 4728 4729
f 4560 4729 4730
f 4563 4726 4725
f 4562 4727 4726
f 4561 4730 4727
f 4557 4725 4724
f 5802 6414 5806
f 5819 6440 5802
f 5803 6412 5804
f 5804 6411 5805
f 5803 5806 6413
f 5808 5805 6410
f 5808 6415 5809
f 5809 6416 5810
f 5810 6417 5811
f 5811 6418 5812
f 5812 6419 5813
f 5833 5807 6424
f 5815 5814 6421
f 5813 6420 5814
f 5815 6422 5816
f 5807 5816 6423
f 5818 6441 5819
f 5818 5817 6442
f 5817 5820 6443
f 5820 5821 6446
f 5821 5822 6445
f 5822 5823 6444
f 5823 5824 6449
f 5824 5825 6451
f 5825 5826 6450
f 5826 5827 6453
f 5827 5828 6454
f 5828 5829 6452
f 5829 5830 6455
f 5833 6456 5832
f 5832 6457 5831
f 5831 6458 5834
f 5834 6459 5835
f 5835 6462 5836
f 5836 6461 5837
f 5830 5842 6465
f 5842 5843 6466
f 5843 5844 6467
f 5844 5845 6468
f 5846 5841 6470
f 5845 5846 6469
f 5837 6460 5838
f 5839 5838 6471
f 5839 6473 5840
f 5840 6472 5847
f 5849 6476 5848
f 5847 6475 5849
f 5841 5848 6474
f 5804 6412 6411
f 5805 6411 6410
f 5808 6410 6415
f 5810 6416 6417
f 5809 6415 6416
f 6417 6418 5811
f 5812 6418 6419
f 5813 6419 6420
f 5814 6420 6421
f 5815 6421 6422
f 6422 6423 5816
f 5802 6440 6414
f 5803 6413 6412
f 5806 6414 6413
f 5807 6423 6424
f 5833 6424 6456
f 5827 6454 6453
f 5828 6452 6454
f 5829 6455 6452
f 5830 6465 6455
f 5842 6466 6465
f 5843 6467 6466
f 5844 6468 6467
f 5845 6469 6468
f 5846 6470 6469
f 5848 6476 6474
f 5841 6474 6470
f 5819 6441 6440
f 5818 6442 6441
f 5817 6443 6442
f 5820 6446 6443
f 5821 6445 6446
f 5822 6444 6445
f 5823 6449 6444
f 5824 6451 6449
f 5825 6450 6451
f 5826 6453 6450
f 5832 6456 6457
f 5831 6457 6458
f 5834 6458 6459
f 5835 6459 6462
f 5836 6462 6461
f 5837 6461 6460
f 5839 6471 6473
f 5838 6460 6471
f 5840 6473 6472
f 5849 6475 6476
f 5847 6472 6475
f 6479 6447 6522
f 6446 6523 6447
f 6446 6448 6524
f 6448 6480 6525
f 6490 6535 6463
f 6462 6463 6536
f 6462 6537 6464
f 6464 6538 6491
f 6425 6504 6428
f 6478 6519 6425
f 6426 6505 6427
f 6427 6506 6429
f 6426 6428 6508
f 6434 6429 6507
f 6434 6509 6435
f 6435 6510 6436
f 6438 6513 6439
f 6436 6511 6437
f 6437 6512 6438
f 6433 6432 6517
f 6433 6518 6489
f 6431 6430 6515
f 6439 6514 6430
f 6431 6516 6432
f 6425 6519 6504
f 6426 6508 6505
f 6427 6505 6506
f 6429 6506 6507
f 6428 6504 6508
f 6434 6507 6509
f 6435 6509 6510
f 6436 6510 6511
f 6437 6511 6512
f 6439 6513 6514
f 6438 6512 6513
f 6430 6514 6515
f 6431 6515 6516
f 6432 6516 6517
f 6433 6517 6518
f 6489 6518 6533
f 6477 6520 6478
f 6477 6479 6521
f 6447 6523 6522
f 6446 6524 6523
f 6448 6525 6524
f 6480 6481 6526
f 6481 6482 6527
f 6482 6483 6528
f 6483 6484 6529
f 6484 6485 6530
f 6485 6486 6531
f 6486 6487 6532
f 6488 6489 6533
f 6488 6534 6490
f 6463 6535 6536
f 6462 6536 6537
f 6464 6537 6538
f 6487 6498 6540
f 6498 6499 6541
f 6499 6500 6542
f 6503 6502 6545
f 6500 6501 6543
f 6501 6503 6544
f 6491 6539 6492
f 6492 6546 6493
f 6493 6547 6494
f 6494 6548 6495
f 6497 6551 6496
f 6495 6550 6497
f 6502 6496 6549
f 6478 6520 6519
f 6477 6521 6520
f 6479 6522 6521
f 6480 6526 6525
f 6481 6527 6526
f 6482 6528 6527
f 6483 6529 6528
f 6484 6530 6529
f 6485 6531 6530
f 6486 6532 6531
f 6488 6533 6534
f 6490 6534 6535
f 6491 6538 6539
f 6487 6540 6532
f 6498 6541 6540
f 6499 6542 6541
f 6500 6543 6542
f 6501 6544 6543
f 6503 6545 6544
f 6492 6539 6546
f 6493 6546 6547
f 6494 6547 6548
f 6495 6548 6550
f 6496 6551 6549
f 6497 6550 6551
f 6502 6549 6545
f 1180 1097 1095
f 1181 1096 1097
f 1182 1098 1096
f 1183 1099 1098
f 1184 1100 1099
f 1190 1108 1102
f 1189 1102 1101
f 1191 1101 1103
f 1192 1103 1104
f 1192 1104 1105
f 1193 1105 1106
f 1194 1106 1107
f 1195 1107 1109
f 1196 1095 1108
f 1197 1109 1110
f 1198 1110 1111
f 1199 1111 1112
f 1200 1112 1113
f 1201 1113 1114
f 1185 1115 1100
f 1210 1116 1115
f 1213 1117 1116
f 1215 1118 1117
f 1209 1119 1118
f 1206 1122 1121
f 1205 1123 1122
f 1207 1120 1119
f 1208 1121 1120
f 1221 1124 1123
f 1219 1125 1124
f 1220 1126 1125
f 1222 1127 1126
f 1649 1627 1127
f 1649 1128 1627
f 1228 1131 1135
f 1226 1136 1133
f 1223 1132 1128
f 1224 1134 1132
f 1225 1133 1134
f 1227 1135 1136
f 1229 1129 1130
f 1230 1130 1131
f 1180 1181 1097
f 1181 1182 1096
f 1183 1098 1182
f 1183 1184 1099
f 1184 1185 1100
f 1189 1101 1191
f 1196 1108 1190
f 1190 1102 1189
f 1191 1103 1192
f 1192 1105 1193
f 1193 1106 1194
f 1194 1107 1195
f 1195 1109 1197
f 1196 1180 1095
f 1197 1110 1198
f 1198 1111 1199
f 1199 1112 1200
f 1200 1113 1201
f 1201 1114 1202
f 1205 1122 1206
f 1185 1210 1115
f 1213 1215 1117
f 1209 1118 1215
f 1210 1212 1116
f 1213 1116 1212
f 1207 1119 1209
f 1207 1208 1120
f 1208 1206 1121
f 1220 1222 1126
f 1205 1221 1123
f 1221 1219 1124
f 1219 1220 1125
f 1222 1649 1127
f 1649 1223 1128
f 1224 1132 1223
f 1224 1225 1134
f 1225 1226 1133
f 1226 1227 1136
f 1227 1228 1135
f 1229 1231 1129
f 1230 1229 1130
f 1228 1230 1131
f 1202 1114 1608
f 1618 1608 1609
f 1620 1609 1610
f 1623 1610 1611
f 1624 1611 1612
f 1231 1612 1129
f 1202 1608 1618
f 1618 1609 1620
f 1623 1611 1624
f 1231 1624 1612
f 1620 1610 1622
f 1623 1622 1610
f 1235 1236 1722
f 1235 1721 1234
f 1187 1724 1188
f 1187 1234 1723
f 1186 1188 1725
f 1244 1237 1733
f 1238 1239 1726
f 1237 1238 1727
f 1239 1240 1728
f 1240 1241 1729
f 1242 1245 1732
f 1241 1243 1730
f 1243 1242 1731
f 1244 1720 1236
f 1245 1248 1734
f 1246 1735 1248
f 1246 1247 1736
f 1203 1737 1247
f 1203 1204 1738
f 1211 1186 1740
f 1211 4798 1212
f 1212 1741 1214
f 1214 1742 1216
f 1216 1747 1217
f 1217 1744 1218
f 1218 1743 1249
f 1249 1745 1250
f 1250 1746 1251
f 1251 1748 1252
f 1252 1749 1253
f 1253 1750 1254
f 1254 1751 1255
f 1255 1767 1650
f 1650 1752 1256
f 1232 1233 1760
f 1233 1257 1757
f 1260 1756 1257
f 1262 1256 1753
f 1262 1754 1259
f 1259 1755 1258
f 1260 1261 1758
f 1258 1759 1261
f 1236 1720 1722
f 1234 1721 1723
f 1235 1722 1721
f 1187 1723 1724
f 1188 1724 1725
f 1237 1727 1733
f 1238 1726 1727
f 1239 1728 1726
f 1240 1729 1728
f 1241 1730 1729
f 1243 1731 1730
f 1242 1732 1731
f 1245 1734 1732
f 1244 1733 1720
f 1248 1735 1734
f 1246 1736 1735
f 1247 1737 1736
f 1203 1738 1737
f 1204 1739 1738
f 1186 1725 1740
f 1211 1740 4798
f 1212 4798 1741
f 1214 1741 1742
f 1216 1742 1747
f 1217 1747 1744
f 1218 1744 1743
f 1249 1743 1745
f 1250 1745 1746
f 1251 1746 1748
f 1252 1748 1749
f 1253 1749 1750
f 1254 1750 1751
f 1255 1751 1767
f 1650 1767 1752
f 1260 1758 1756
f 1257 1756 1757
f 1233 1757 1760
f 1258 1755 1759
f 1256 1752 1753
f 1262 1753 1754
f 1259 1754 1755
f 1261 1759 1758
f 1619 1739 1204
f 1621 1763 1619
f 1621 1622 1764
f 1622 1625 4824
f 1625 1626 1766
f 1626 1232 1765
f 1619 1763 1739
f 1621 1764 1763
f 1622 4824 1764
f 1625 1766 4824
f 1626 1765 1766
f 1232 1760 1765
f 1212 4977 4798
f 1212 4798 4977
f 4781 4779 4923
f 4781 4922 4780
f 4777 4778 4952
f 4782 4780 4950
f 4782 4951 4778
f 4795 4789 4931
f 4788 4790 4924
f 4789 4788 4928
f 4790 4791 4925
f 4791 4792 4926
f 4793 4927 4792
f 4793 4794 4929
f 4794 4796 4930
f 4795 4921 4779
f 4796 4784 4932
f 4785 4933 4784
f 4785 4786 4934
f 4786 4787 4935
f 4787 4783 4959
f 4797 4777 4976
f 4797 4977 4798
f 4798 4979 4799
f 4799 4975 4800
f 4800 4983 4801
f 4801 4982 4802
f 4802 4936 4803
f 4803 4938 4804
f 4804 4937 4805
f 4805 4942 4811
f 4811 4943 4812
f 4812 4939 4813
f 4813 4940 4814
f 4814 5410 4827
f 4827 4941 4815
f 4806 4807 4990
f 4807 4808 4989
f 4809 4945 4808
f 4816 4815 4944
f 4816 4947 4818
f 4818 4946 4817
f 4809 4810 4949
f 4817 4948 4810
f 4779 4921 4923
f 4780 4922 4950
f 4781 4923 4922
f 4782 4950 4951
f 4778 4951 4952
f 4788 4924 4928
f 4789 4928 4931
f 4790 4925 4924
f 4791 4926 4925
f 4792 4927 4926
f 4793 4929 4927
f 4794 4930 4929
f 4796 4932 4930
f 4795 4931 4921
f 4784 4933 4932
f 4785 4934 4933
f 4786 4935 4934
f 4787 4959 4935
f 4783 4960 4959
f 4800 4975 4983
f 4801 4983 4982
f 4802 4982 4936
f 4803 4936 4938
f 4804 4938 4937
f 4777 4952 4976
f 4797 4976 4977
f 4798 4977 4979
f 4799 4979 4975
f 4811 4942 4943
f 4812 4943 4939
f 4813 4939 4940
f 4805 4937 4942
f 4814 4940 5410
f 4827 5410 4941
f 4807 4989 4990
f 4809 4949 4945
f 4808 4945 4989
f 4815 4941 4944
f 4816 4944 4947
f 4817 4946 4948
f 4818 4947 4946
f 4810 4948 4949
f 4822 4960 4783
f 4823 5051 4822
f 4823 4824 5054
f 4824 4825 5055
f 4825 4826 5057
f 4826 4806 5053
f 4822 5051 4960
f 4823 5054 5051
f 4824 5055 5054
f 4825 5057 5055
f 4826 5053 5057
f 4806 4990 5053
f 4958 5005 4954
f 4953 4955 5009
f 4956 5008 4955
f 4956 4954 5007
f 4958 4957 5006
f 4974 4969 5021
f 4971 4970 5023
f 4971 5022 4969
f 4968 4962 5017
f 4962 4961 5011
f 4961 4963 5010
f 4963 4964 5012
f 4964 4965 5014
f 4966 4967 5016
f 4967 4972 5018
f 4965 4966 5015
f 4968 5004 4957
f 4974 5020 4973
f 4972 4973 5019
f 4978 5025 4977
f 4977 5025 4980
f 4953 5024 4978
f 4980 5026 4981
f 4981 5027 4984
f 4984 5028 4985
f 4985 5029 4986
f 4986 5030 4987
f 4987 5031 4988
f 4997 5038 4996
f 4997 4998 5039
f 5002 5040 4998
f 4988 5032 4991
f 4991 5033 4992
f 4992 5034 4993
f 4993 5035 4994
f 4994 5036 5411
f 5411 5037 4995
f 5000 5043 5001
f 5001 5042 4999
f 5000 4995 5041
f 5002 5003 5044
f 4999 5045 5003
f 4954 5005 5007
f 4956 5007 5008
f 4955 5008 5009
f 4957 5004 5006
f 4958 5006 5005
f 4962 5011 5017
f 4961 5010 5011
f 4963 5012 5010
f 4964 5013 5012
f 4964 5014 5013
f 4966 5016 5015
f 4965 5015 5014
f 4967 5018 5016
f 4968 5017 5004
f 4969 5022 5021
f 4971 5023 5022
f 4972 5019 5018
f 4973 5020 5019
f 4974 5021 5020
f 4953 5009 5024
f 4978 5024 5025
f 4980 5025 5026
f 4981 5026 5027
f 4984 5027 5028
f 4985 5028 5029
f 4986 5029 5030
f 4987 5030 5031
f 4988 5031 5032
f 4991 5032 5033
f 4992 5033 5034
f 4993 5034 5035
f 4994 5035 5036
f 5411 5036 5454
f 5411 5454 5037
f 4997 5039 5038
f 4998 5040 5039
f 5002 5044 5040
f 4999 5042 5045
f 5000 5041 5043
f 4995 5037 5041
f 5001 5043 5042
f 5003 5045 5044
f 5052 5405 4970
f 5056 5055 5407
f 5055 5058 5407
f 5052 5056 5406
f 5058 5059 5408
f 5059 4996 5409
f 4970 5405 5023
f 5052 5406 5405
f 5056 5407 5406
f 5058 5408 5407
f 5059 5409 5408
f 4996 5038 5409
f 1651 1629 1628
f 1652 1630 1629
f 1653 1631 1630
f 1654 1632 1631
f 1655 1634 1632
f 1658 1633 1634
f 1656 2922 1633
f 1662 1640 1635
f 1663 1635 1636
f 1664 1636 1637
f 1664 1637 1638
f 1666 1639 1640
f 1667 1628 1639
f 1665 1638 1641
f 1668 1641 1642
f 1669 1642 1643
f 1670 1643 1644
f 1671 1644 1645
f 1672 1645 1646
f 1673 1646 1647
f 1674 1647 1648
f 1651 1652 1629
f 1653 1630 1652
f 1654 1631 1653
f 1654 1655 1632
f 1658 1656 1633
f 1655 1658 1634
f 1656 2950 2922
f 1662 1635 1663
f 1666 1640 1662
f 1663 1636 1664
f 1664 1638 1665
f 1667 1639 1666
f 1667 1651 1628
f 1665 1641 1668
f 1668 1642 1669
f 1669 1643 1670
f 1670 1644 1671
f 1671 1645 1672
f 1672 1646 1673
f 1673 1647 1674
f 1674 1648 1675
f 1657 3530 2950
f 1675 1648 1693
f 1695 1693 1694
f 1696 1694 2987
f 1675 1693 1695
f 1695 1694 1696
f 1696 2987 2992
f 1697 2992 3574
f 1678 1679 1790
f 1680 1678 1791
f 1659 1793 1660
f 1659 1680 1792
f 1657 1661 1794
f 1661 1660 1795
f 1682 1683 1801
f 1683 1684 1796
f 1684 1685 1797
f 1685 1686 1799
f 1681 1682 1800
f 1681 1789 1679
f 1689 1806 1690
f 1689 1692 1807
f 1686 1691 1802
f 1691 1687 1803
f 1687 1688 1804
f 1688 1690 1805
f 1676 1677 1809
f 1692 1676 1808
f 1679 1789 1790
f 1678 1790 1791
f 1661 1795 1794
f 1657 1794 3530
f 1680 1791 1792
f 1659 1792 1793
f 1660 1793 1795
f 1683 1796 1801
f 1684 1797 1796
f 1685 1798 1797
f 1685 1799 1798
f 1681 1800 1789
f 1682 1801 1800
f 1686 1802 1799
f 1691 1803 1802
f 1688 1805 1804
f 1687 1804 1803
f 1690 1806 1805
f 1689 1807 1806
f 1692 1808 1807
f 1676 1809 1808
f 1698 1814 1677
f 1697 1815 1698
f 1698 1815 1814
f 1697 3574 1815
f 1677 1814 1809
f 2949 2923 2922
f 2952 2924 2923
f 2946 2925 2924
f 2945 2926 2925
f 2944 2927 2926
f 2947 2928 2927
f 2948 2929 2928
f 2957 2930 2931
f 2956 2931 2932
f 2960 2933 2929
f 2959 2934 2933
f 2961 2935 2934
f 2962 2936 2935
f 2963 2937 2936
f 2963 2938 2937
f 2966 2942 2940
f 2965 2940 2939
f 2967 2932 2941
f 2968 2941 2942
f 2964 2943 2938
f 2969 2939 2943
f 2948 2928 2947
f 2949 2952 2923
f 2946 2924 2952
f 2946 2945 2925
f 2945 2944 2926
f 2949 2922 2950
f 2944 2947 2927
f 2948 2960 2929
f 2960 2959 2933
f 2961 2962 2935
f 2959 2961 2934
f 2962 2963 2936
f 2963 2964 2938
f 2965 2966 2940
f 2968 2967 2941
f 2968 2942 2966
f 2964 2969 2943
f 2969 2965 2939
f 2958 2930 2957
f 2956 2957 2931
f 2967 2956 2932
f 2950 3530 2951
f 2990 2987 2988
f 2991 2988 2989
f 2958 2989 2930
f 2958 2991 2989
f 2990 2988 2991
f 2990 2992 2987
f 2992 2993 3574
f 2951 3531 2953
f 2953 3532 2954
f 2954 3533 2955
f 2955 3534 2972
f 2972 3535 2973
f 2973 3536 2974
f 2970 2971 3538
f 2971 2975 3539
f 2974 3537 2976
f 2976 3541 2977
f 2977 3542 2978
f 2978 3543 2979
f 2979 3544 2980
f 2980 3546 2981
f 2984 2985 3549
f 2984 3540 2975
f 2982 3548 2983
f 2985 2983 3550
f 2981 3551 2986
f 2986 3547 2982
f 2951 3530 3531
f 2953 3531 3532
f 2954 3532 3533
f 2955 3533 3534
f 2972 3534 3535
f 2973 3535 3536
f 2974 3536 3537
f 2971 3539 3538
f 2975 3540 3539
f 2976 3537 3541
f 2977 3541 3542
f 2978 3542 3543
f 2979 3543 3544
f 2980 3544 3545
f 2980 3545 3546
f 2983 3548 3550
f 2982 3547 3548
f 2984 3549 3540
f 2985 3550 3549
f 2981 3546 3551
f 2986 3551 3547
f 2993 2994 3575
f 2994 2970 3576
f 2993 3575 3574
f 2994 3576 3575
f 2970 3538 3576
f 5412 4851 4850
f 5413 4852 4851
f 5414 4853 4852
f 5427 4854 4853
f 5428 4856 4854
f 5429 4855 4856
f 5430 6600 4855
f 5415 4862 4857
f 5416 4857 4858
f 5417 4858 4859
f 5417 4859 4860
f 5420 4861 4862
f 5419 4850 4861
f 5418 4860 4863
f 5421 4863 4864
f 5422 4864 4865
f 5423 4865 4866
f 5424 4866 4867
f 5425 4867 4868
f 5426 4868 4869
f 5438 4869 4870
f 5412 5413 4851
f 5414 4852 5413
f 5427 4853 5414
f 5427 5428 4854
f 5429 5430 4855
f 5429 4856 5428
f 5420 4862 5415
f 5415 4857 5416
f 5416 4858 5417
f 5417 4860 5418
f 5419 4861 5420
f 5419 5412 4850
f 5418 4863 5421
f 5421 4864 5422
f 5422 4865 5423
f 5423 4866 5424
f 5424 4867 5425
f 5425 4868 5426
f 5426 4869 5438
f 5438 4870 5439
f 5439 4870 4875
f 5476 4875 4876
f 5477 4876 6644
f 5439 4875 5476
f 5476 4876 5477
f 5430 6744 6600
f 5437 5434 5457
f 5431 6768 6744
f 5436 5437 5458
f 5436 5459 5435
f 5432 5460 5431
f 5432 5435 5461
f 5434 5433 5456
f 5450 5453 5473
f 5452 5474 5453
f 5452 5451 5475
f 5445 5440 5467
f 5440 5441 5462
f 5441 5442 5463
f 5442 5443 5465
f 5444 5445 5466
f 5444 5455 5433
f 5446 5448 5469
f 5443 5446 5468
f 5448 5447 5470
f 5447 5449 5471
f 5450 5472 5449
f 5433 5455 5456
f 5434 5456 5457
f 5437 5457 5458
f 5436 5458 5459
f 5435 5459 5461
f 5432 5461 5460
f 5431 5460 6768
f 5440 5462 5467
f 5441 5463 5462
f 5442 5464 5463
f 5442 5465 5464
f 5445 5467 5466
f 5444 5466 5455
f 5446 5469 5468
f 5443 5468 5465
f 5448 5470 5469
f 5447 5471 5470
f 5449 5472 5471
f 5450 5473 5472
f 5453 5474 5473
f 5452 5475 5474
f 5477 6644 6792
f 5479 6792 6795
f 5478 5479 5481
f 5478 5480 5451
f 5451 5480 5475
f 5478 5481 5480
f 5479 6795 5481
f 6741 6603 6602
f 6742 6604 6603
f 6725 6605 6604
f 6743 6601 6600
f 6740 6602 6601
f 6727 6606 6605
f 6726 6607 6606
f 6753 6608 6609
f 6728 6609 6610
f 6734 6612 6611
f 6733 6611 6607
f 6729 6613 6612
f 6730 6614 6613
f 6731 6615 6614
f 6731 6616 6615
f 6736 6618 6617
f 6737 6620 6618
f 6739 6610 6619
f 6738 6619 6620
f 6732 6621 6616
f 6735 6617 6621
f 6740 6601 6743
f 6740 6741 6602
f 6742 6725 6604
f 6741 6742 6603
f 6725 6727 6605
f 6726 6606 6727
f 6753 6609 6728
f 6752 6608 6753
f 6726 6733 6607
f 6733 6734 6611
f 6734 6729 6612
f 6729 6730 6613
f 6730 6731 6614
f 6731 6732 6616
f 6736 6737 6618
f 6738 6620 6737
f 6732 6735 6621
f 6735 6736 6617
f 6738 6739 6619
f 6739 6728 6610
f 6752 6646 6608
f 6791 6644 6645
f 6790 6645 6646
f 6790 6791 6645
f 6752 6790 6646
f 6743 6600 6744
f 6744 6768 6745
f 6745 6769 6746
f 6746 6770 6747
f 6747 6771 6748
f 6748 6772 6749
f 6749 6773 6750
f 6750 6774 6751
f 6754 6755 6776
f 6755 6756 6777
f 6765 6778 6756
f 6751 6775 6757
f 6757 6779 6758
f 6758 6780 6759
f 6759 6781 6760
f 6760 6782 6761
f 6761 6784 6762
f 6764 6786 6763
f 6765 6766 6787
f 6766 6763 6788
f 6767 6785 6764
f 6762 6789 6767
f 6745 6768 6769
f 6746 6769 6770
f 6747 6770 6771
f 6748 6771 6772
f 6749 6772 6773
f 6750 6773 6774
f 6751 6774 6775
f 6755 6777 6776
f 6756 6778 6777
f 6757 6775 6779
f 6758 6779 6780
f 6759 6780 6781
f 6760 6781 6782
f 6761 6782 6783
f 6761 6783 6784
f 6763 6786 6788
f 6764 6785 6786
f 6765 6787 6778
f 6766 6788 6787
f 6767 6789 6785
f 6762 6784 6789
f 6791 6792 6644
f 6792 6793 6795
f 6793 6794 6796
f 6794 6754 6797
f 6793 6796 6795
f 6794 6797 6796
f 6754 6776 6797
f 3038 2996 2995
f 3039 2997 2996
f 3040 2998 2997
f 3041 2999 2998
f 3047 3000 3001
f 3045 3002 3000
f 3042 3001 2999
f 3048 3003 3002
f 3073 3018 3003
f 3052 3004 3005
f 3053 3005 3006
f 3054 2995 3004
f 3055 3006 3007
f 3056 3007 3008
f 3056 3008 3009
f 3057 3009 3010
f 3058 3010 3011
f 3059 3011 3012
f 3060 3012 3013
f 3061 3013 3014
f 3062 3014 3015
f 3063 3015 3016
f 3064 3016 3017
f 3068 3022 3021
f 3069 3023 3022
f 3071 3019 3018
f 3070 3020 3019
f 3072 3021 3020
f 3077 3024 3023
f 3078 3030 3027
f 3079 3029 3028
f 3080 3028 3030
f 3081 3025 3026
f 3083 3026 3029
f 3084 3031 3024
f 3085 3032 3031
f 3086 3033 3032
f 3087 3034 3033
f 3087 3035 3034
f 3088 3036 3035
f 3089 3037 3036
f 3090 3027 3037
f 3038 3039 2996
f 3041 2998 3040
f 3040 2997 3039
f 3041 3042 2999
f 3047 3045 3000
f 3042 3047 3001
f 3048 3073 3003
f 3045 3049 3002
f 3049 3048 3002
f 3053 3006 3055
f 3054 3004 3052
f 3052 3005 3053
f 3038 2995 3054
f 3055 3007 3056
f 3056 3009 3057
f 3057 3010 3058
f 3058 3011 3059
f 3059 3012 3060
f 3060 3013 3061
f 3061 3014 3062
f 3062 3015 3063
f 3063 3016 3064
f 3064 3017 3065
f 3069 3022 3068
f 3070 3072 3020
f 3071 3070 3019
f 3071 3018 3073
f 3072 3068 3021
f 3069 3077 3023
f 3078 3080 3030
f 3080 3079 3028
f 3085 3086 3032
f 3077 3084 3024
f 3084 3085 3031
f 3086 3087 3033
f 3087 3088 3035
f 3088 3089 3036
f 3089 3090 3037
f 3090 3078 3027
f 3083 3081 3026
f 3082 3025 3081
f 3079 3083 3029
f 3065 3017 3166
f 3516 3166 3167
f 3517 3167 3168
f 3519 3168 3169
f 3523 3169 3170
f 3082 3170 3025
f 3065 3166 3516
f 3516 3167 3517
f 3519 3169 3523
f 3517 3168 3520
f 3520 3168 3519
f 3082 3523 3170
f 3046 3051 3585
f 3049 3046 6659
f 3049 3587 3050
f 3050 3607 3074
f 3093 3094 3581
f 3044 3095 3583
f 3095 3093 3582
f 3043 3044 3584
f 3043 3586 3051
f 3094 3096 3580
f 3096 3097 3588
f 3097 3098 3589
f 3098 3099 3590
f 3099 3100 3591
f 3100 3101 3592
f 3102 3103 3595
f 3103 3105 3596
f 3101 3107 3593
f 3107 3102 3594
f 3104 3597 3105
f 3104 3106 3598
f 3106 3067 3599
f 3066 3600 3067
f 3074 3606 3075
f 3075 3602 3076
f 3076 3603 3108
f 3108 3604 3109
f 3109 3605 3110
f 3110 3608 3111
f 3091 3092 3621
f 3092 3114 3617
f 3113 3619 3114
f 3113 3115 3618
f 3112 3620 3115
f 3111 3610 3116
f 3116 3611 3117
f 3117 3612 3118
f 3118 3613 3119
f 3119 3614 3120
f 3122 3616 3121
f 3120 3615 3122
f 3121 3609 3112
f 3094 3580 3581
f 3095 3582 3583
f 3093 3581 3582
f 3044 3583 3584
f 3051 3586 3585
f 3046 3585 6659
f 3043 3584 3586
f 3049 6659 3587
f 3050 3587 3607
f 3097 3589 3588
f 3098 3590 3589
f 3096 3588 3580
f 3099 3591 3590
f 3100 3592 3591
f 3101 3593 3592
f 3107 3594 3593
f 3102 3595 3594
f 3103 3596 3595
f 3105 3597 3596
f 3104 3598 3597
f 3106 3599 3598
f 3067 3600 3599
f 3066 3601 3600
f 3075 3606 3602
f 3076 3602 3603
f 3074 3607 3606
f 3108 3603 3604
f 3109 3604 3605
f 3110 3605 3608
f 3092 3617 3621
f 3112 3609 3620
f 3113 3618 3619
f 3114 3619 3617
f 3115 3620 3618
f 3111 3608 3610
f 3116 3610 3611
f 3117 3611 3612
f 3118 3612 3613
f 3119 3613 3614
f 3122 3615 3616
f 3120 3614 3615
f 3121 3616 3609
f 3066 3522 3601
f 3518 3643 3522
f 3520 3644 3518
f 3520 3521 6719
f 3521 3524 3645
f 3524 3091 3646
f 3522 3643 3601
f 3518 3644 3643
f 3520 6719 3644
f 3521 3645 6719
f 3524 3646 3645
f 3091 3621 3646
f 3049 6834 6659
f 3049 6659 6834
f 6653 6799 6654
f 6655 6656 6828
f 6656 6654 6800
f 6652 6655 6829
f 6657 6658 6831
f 6652 6830 6658
f 6659 6657 6834
f 6659 6835 6660
f 6660 6860 6675
f 6666 6667 6805
f 6667 6668 6806
f 6668 6669 6801
f 6653 6666 6798
f 6669 6670 6802
f 6670 6671 6803
f 6672 6804 6671
f 6672 6674 6807
f 6674 6673 6808
f 6673 6662 6809
f 6662 6663 6810
f 6661 6842 6664
f 6663 6665 6811
f 6665 6664 6812
f 6675 6858 6676
f 6676 6859 6677
f 6677 6814 6678
f 6678 6815 6679
f 6679 6813 6680
f 6680 6816 6686
f 6681 6682 6867
f 6682 6684 6868
f 6683 6820 6684
f 6683 6685 6819
f 6687 6818 6685
f 6686 6825 6688
f 6688 6821 6689
f 6689 6822 6690
f 6690 6823 6691
f 6691 6824 6692
f 6693 6827 6694
f 6693 6692 6826
f 6694 6817 6687
f 6653 6798 6799
f 6656 6800 6828
f 6654 6799 6800
f 6655 6828 6829
f 6658 6830 6831
f 6657 6831 6834
f 6652 6829 6830
f 6659 6834 6835
f 6660 6835 6860
f 6668 6801 6806
f 6667 6806 6805
f 6666 6805 6798
f 6669 6802 6801
f 6670 6803 6802
f 6671 6804 6803
f 6672 6807 6804
f 6674 6808 6807
f 6673 6809 6808
f 6662 6810 6809
f 6663 6811 6810
f 6665 6812 6811
f 6664 6842 6812
f 6661 6843 6842
f 6675 6860 6858
f 6677 6859 6814
f 6676 6858 6859
f 6678 6814 6815
f 6679 6815 6813
f 6680 6813 6816
f 6682 6868 6867
f 6687 6817 6818
f 6683 6819 6820
f 6684 6820 6868
f 6685 6818 6819
f 6686 6816 6825
f 6688 6825 6821
f 6689 6821 6822
f 6690 6822 6823
f 6691 6823 6824
f 6693 6826 6827
f 6692 6824 6826
f 6694 6827 6817
f 6661 6718 6843
f 6717 6969 6718
f 6719 6970 6717
f 6719 6720 6973
f 6720 6721 6974
f 6721 6681 6976
f 6718 6969 6843
f 6717 6970 6969
f 6719 6973 6970
f 6720 6974 6973
f 6721 6976 6974
f 6681 6867 6976
f 6839 6838 6929
f 6838 6840 6928
f 6837 6839 6930
f 6834 6832 6933
f 6834 6933 6836
f 6833 6931 6832
f 6833 6837 6932
f 6836 6934 6861
f 6840 6841 6927
f 6856 6851 6946
f 6852 6947 6851
f 6852 6850 6948
f 6844 6845 6935
f 6845 6846 6936
f 6841 6844 6926
f 6846 6847 6937
f 6847 6848 6938
f 6848 6849 6940
f 6854 6855 6942
f 6855 6853 6943
f 6849 6854 6941
f 6856 6945 6857
f 6853 6857 6944
f 6861 6949 6862
f 6862 6950 6863
f 6863 6951 6864
f 6864 6952 6865
f 6865 6953 6866
f 6870 6871 6956
f 6871 6872 6957
f 6874 6960 6872
f 6866 6954 6869
f 6874 6875 6959
f 6873 6961 6875
f 6869 6955 6876
f 6876 6962 6877
f 6877 6963 6878
f 6878 6964 6879
f 6879 6966 6880
f 6881 6968 6882
f 6882 6958 6873
f 6880 6967 6881
f 6838 6928 6929
f 6839 6929 6930
f 6841 6926 6927
f 6840 6927 6928
f 6833 6932 6931
f 6832 6931 6933
f 6837 6930 6932
f 6836 6933 6934
f 6861 6934 6949
f 6845 6936 6935
f 6846 6937 6936
f 6844 6935 6926
f 6847 6938 6937
f 6848 6939 6938
f 6848 6940 6939
f 6851 6947 6946
f 6852 6948 6947
f 6854 6942 6941
f 6849 6941 6940
f 6855 6943 6942
f 6853 6944 6943
f 6857 6945 6944
f 6856 6946 6945
f 6862 6949 6950
f 6863 6950 6951
f 6864 6951 6952
f 6865 6952 6953
f 6866 6953 6954
f 6869 6954 6955
f 6871 6957 6956
f 6872 6960 6957
f 6873 6958 6961
f 6874 6959 6960
f 6875 6961 6959
f 6876 6955 6962
f 6877 6962 6963
f 6878 6963 6964
f 6879 6964 6965
f 6879 6965 6966
f 6881 6967 6968
f 6880 6966 6967
f 6882 6968 6958
f 6973 6985 6972
f 6973 6975 6985
f 6971 6983 6850
f 6971 6972 6984
f 6975 6977 6986
f 6977 6870 6987
f 6850 6983 6948
f 6971 6984 6983
f 6972 6985 6984
f 6975 6986 6985
f 6977 6987 6986
f 6870 6956 6987
f 1181 1137 1138
f 1183 1139 1140
f 1182 1138 1139
f 1184 1140 1141
f 1185 1141 1145
f 1186 1144 1146
f 1188 1146 1147
f 1187 1147 1148
f 1196 1149 1151
f 1189 1152 1150
f 1190 1150 1149
f 1180 1151 1137
f 1191 1153 1152
f 1192 1154 1153
f 1193 1155 1154
f 1194 1156 1155
f 1195 1157 1156
f 1197 1158 1157
f 1198 1159 1158
f 1199 1160 1159
f 1200 1161 1160
f 1201 1162 1161
f 1204 1164 1163
f 1180 1137 1181
f 1181 1138 1182
f 1183 1182 1139
f 1183 1140 1184
f 1184 1141 1185
f 1210 1145 1142
f 1212 1142 1143
f 1211 1143 1144
f 1186 1146 1188
f 1187 1188 1147
f 1196 1190 1149
f 1190 1189 1150
f 1196 1151 1180
f 1189 1191 1152
f 1191 1192 1153
f 1192 1193 1154
f 1193 1194 1155
f 1194 1195 1156
f 1195 1197 1157
f 1197 1198 1158
f 1198 1199 1159
f 1199 1200 1160
f 1200 1201 1161
f 1201 1202 1162
f 1203 1164 1204
f 1234 1148 1165
f 1235 1165 1166
f 1236 1166 1167
f 1244 1167 1168
f 1237 1168 1169
f 1238 1169 1170
f 1239 1170 1171
f 1240 1171 1172
f 1241 1172 1173
f 1245 1174 1175
f 1246 1178 1176
f 1203 1177 1164
f 1247 1176 1177
f 1248 1175 1178
f 1243 1173 1179
f 1242 1179 1174
f 1235 1166 1236
f 1187 1148 1234
f 1235 1234 1165
f 1244 1236 1167
f 1244 1168 1237
f 1238 1170 1239
f 1237 1169 1238
f 1239 1171 1240
f 1240 1172 1241
f 1242 1174 1245
f 1245 1175 1248
f 1246 1248 1178
f 1246 1176 1247
f 1203 1247 1177
f 1241 1173 1243
f 1243 1179 1242
f 1185 1145 1210
f 1210 1142 1212
f 1211 1212 1143
f 1211 1144 1186
f 1202 1613 1162
f 1618 1614 1613
f 1619 1163 1617
f 1202 1618 1613
f 1620 1615 1614
f 1622 1616 1615
f 1621 1617 1616
f 1619 1204 1163
f 1618 1620 1614
f 1620 1622 1615
f 1621 1616 1622
f 1621 1619 1617
f 1207 1654 1208
f 1208 1653 1206
f 1207 1209 1655
f 1209 1215 1658
f 1213 1656 1215
f 1213 1212 2950
f 1212 1214 1657
f 1214 1216 1661
f 1216 1217 1660
f 1217 1218 1659
f 1227 1671 1228
f 1228 1672 1230
f 1230 1673 1229
f 1229 1674 1231
f 1232 1677 1233
f 1205 1206 1652
f 1221 1667 1219
f 1220 1662 1222
f 1219 1666 1220
f 1205 1651 1221
f 1222 1663 1649
f 1649 1664 1223
f 1224 1223 1665
f 1224 1668 1225
f 1225 1669 1226
f 1226 1670 1227
f 1218 1249 1680
f 1249 1250 1678
f 1250 1251 1679
f 1233 1676 1257
f 1260 1257 1692
f 1251 1252 1681
f 1252 1253 1682
f 1253 1254 1683
f 1254 1255 1684
f 1255 1650 1685
f 1650 1256 1686
f 1259 1258 1688
f 1260 1689 1261
f 1258 1261 1690
f 1262 1259 1687
f 1262 1691 1256
f 1206 1653 1652
f 1205 1652 1651
f 1208 1654 1653
f 1207 1655 1654
f 1209 1658 1655
f 1215 1656 1658
f 1213 2950 1656
f 1212 1657 2950
f 1214 1661 1657
f 1216 1660 1661
f 1217 1659 1660
f 1219 1667 1666
f 1220 1666 1662
f 1221 1651 1667
f 1222 1662 1663
f 1649 1663 1664
f 1223 1664 1665
f 1224 1665 1668
f 1225 1668 1669
f 1226 1669 1670
f 1227 1670 1671
f 1228 1671 1672
f 1230 1672 1673
f 1229 1673 1674
f 1231 1674 1675
f 1233 1677 1676
f 1218 1680 1659
f 1249 1678 1680
f 1250 1679 1678
f 1251 1681 1679
f 1252 1682 1681
f 1253 1683 1682
f 1254 1684 1683
f 1255 1685 1684
f 1650 1686 1685
f 1259 1688 1687
f 1258 1690 1688
f 1260 1692 1689
f 1689 1690 1261
f 1257 1676 1692
f 1256 1691 1686
f 1262 1687 1691
f 1231 1675 1624
f 1623 1624 1695
f 1623 1696 1622
f 1622 2992 1625
f 1625 1697 1626
f 1626 1698 1232
f 1624 1675 1695
f 1623 1695 1696
f 1622 1696 2992
f 1625 2992 1697
f 1626 1697 1698
f 1232 1698 1677
f 2948 2947 3039
f 2946 3042 2945
f 2946 2952 3047
f 2945 3041 2944
f 2944 3040 2947
f 2949 3045 2952
f 2950 2951 3046
f 2949 2950 3049
f 2951 2953 3051
f 2953 2954 3043
f 2954 2955 3044
f 2960 3054 2959
f 2961 3053 2962
f 2959 3052 2961
f 2948 3038 2960
f 2962 3055 2963
f 2963 3056 2964
f 2964 3057 2969
f 2969 3058 2965
f 2965 3059 2966
f 2968 2966 3060
f 2968 3061 2967
f 2967 3062 2956
f 2956 3063 2957
f 2958 2957 3064
f 2970 3066 2971
f 2955 2972 3095
f 2972 2973 3093
f 2973 2974 3094
f 2974 2976 3096
f 2976 2977 3097
f 2977 2978 3098
f 2978 2979 3099
f 2979 2980 3100
f 2980 2981 3101
f 2982 2983 3103
f 2984 3104 2985
f 2971 3067 2975
f 2984 2975 3106
f 2985 3105 2983
f 2981 2986 3107
f 2986 2982 3102
f 2959 3054 3052
f 2961 3052 3053
f 2960 3038 3054
f 2963 3055 3056
f 2962 3053 3055
f 2964 3056 3057
f 2969 3057 3058
f 2965 3058 3059
f 2966 3059 3060
f 2968 3060 3061
f 2967 3061 3062
f 2947 3040 3039
f 2948 3039 3038
f 2944 3041 3040
f 2945 3042 3041
f 2946 3047 3042
f 2952 3045 3047
f 2949 3049 3045
f 2950 3046 3049
f 2951 3051 3046
f 2953 3043 3051
f 2954 3044 3043
f 2956 3062 3063
f 2957 3063 3064
f 2958 3064 3065
f 2971 3066 3067
f 2973 3094 3093
f 2974 3096 3094
f 2976 3097 3096
f 2978 3099 3098
f 2977 3098 3097
f 2979 3100 3099
f 2980 3101 3100
f 2982 3103 3102
f 2983 3105 3103
f 2981 3107 3101
f 2986 3102 3107
f 2955 3095 3044
f 2972 3093 3095
f 2984 3106 3104
f 2975 3067 3106
f 3104 3105 2985
f 2958 3065 2991
f 2990 3517 2992
f 2990 2991 3516
f 2992 3520 2993
f 2993 3518 2994
f 2994 3522 2970
f 2991 3065 3516
f 2990 3516 3517
f 2992 3517 3520
f 2993 3520 3518
f 2994 3518 3522
f 2970 3522 3066
f 3048 3128 3073
f 3049 3129 3048
f 3049 3050 3130
f 3050 3074 3132
f 3069 3068 3124
f 3070 3126 3072
f 3072 3125 3068
f 3071 3127 3070
f 3071 3073 3131
f 3074 3075 3133
f 3075 3076 3134
f 3048 3129 3128
f 3049 3130 3129
f 3050 3132 3130
f 3077 3137 3084
f 3084 3135 3085
f 3085 3136 3086
f 3069 3123 3077
f 3086 3138 3087
f 3087 3139 3088
f 3079 3145 3083
f 3089 3141 3090
f 3090 3142 3078
f 3088 3140 3089
f 3078 3143 3080
f 3080 3144 3079
f 3083 3146 3081
f 3082 3081 3147
f 3091 3149 3092
f 3068 3125 3124
f 3069 3124 3123
f 3072 3126 3125
f 3070 3127 3126
f 3071 3131 3127
f 3073 3128 3131
f 3074 3133 3132
f 3075 3134 3133
f 3084 3137 3135
f 3085 3135 3136
f 3077 3123 3137
f 3086 3136 3138
f 3087 3138 3139
f 3088 3139 3140
f 3089 3140 3141
f 3090 3141 3142
f 3078 3142 3143
f 3079 3144 3145
f 3080 3143 3144
f 3083 3145 3146
f 3081 3146 3147
f 3082 3147 3148
f 3092 3149 3150
f 3076 3108 3151
f 3108 3109 3152
f 3109 3110 3153
f 3110 3111 3154
f 3111 3116 3155
f 3116 3117 3156
f 3117 3118 3157
f 3118 3119 3158
f 3119 3120 3159
f 3092 3150 3114
f 3113 3114 3163
f 3121 3112 3161
f 3113 3162 3115
f 3112 3115 3164
f 3122 3121 3160
f 3120 3122 3165
f 3076 3151 3134
f 3108 3152 3151
f 3109 3153 3152
f 3110 3154 3153
f 3111 3155 3154
f 3116 3156 3155
f 3117 3157 3156
f 3118 3158 3157
f 3119 3159 3158
f 3121 3161 3160
f 3112 3164 3161
f 3113 3163 3162
f 3114 3150 3163
f 3115 3162 3164
f 3120 3165 3159
f 3122 3160 3165
f 2992 3527 3520
f 2992 3520 3527
f 3519 3523 3525
f 3520 3519 3526
f 3520 3527 3521
f 3521 3528 3524
f 3082 3148 3523
f 3524 3529 3091
f 3519 3525 3526
f 3520 3526 3527
f 3521 3527 3528
f 3523 3148 3525
f 3524 3528 3529
f 3091 3529 3149
f 1722 1701 1700
f 1721 1700 1699
f 1723 1699 1702
f 1724 1702 1704
f 1725 1704 1705
f 1720 1706 1701
f 1733 1707 1706
f 1726 1709 1708
f 1727 1708 1707
f 1728 1710 1709
f 1729 1711 1710
f 1730 1712 1711
f 1731 1713 1712
f 1732 1714 1713
f 1734 1715 1714
f 1735 1716 1715
f 1736 1717 1716
f 1737 1718 1717
f 1738 1719 1718
f 1740 1705 1703
f 4798 1703 4755
f 1720 1701 1722
f 1722 1700 1721
f 1723 1721 1699
f 1723 1702 1724
f 1725 1724 1704
f 1733 1727 1707
f 1733 1706 1720
f 1727 1726 1708
f 1728 1709 1726
f 1728 1729 1710
f 1729 1730 1711
f 1730 1731 1712
f 1731 1732 1713
f 1732 1734 1714
f 1734 1735 1715
f 1735 1736 1716
f 1736 1737 1717
f 1737 1738 1718
f 1738 1739 1719
f 1725 1705 1740
f 1740 1703 4798
f 1739 1761 1719
f 1763 1762 1761
f 1764 4819 1762
f 1739 1763 1761
f 1763 1764 1762
f 1764 4824 4819
f 1744 1747 1773
f 1743 1768 1745
f 1745 1769 1746
f 1744 1771 1743
f 1742 1741 1772
f 1741 4798 4828
f 1742 1774 1747
f 1743 1771 1768
f 1744 1773 1771
f 1742 1772 1774
f 1741 4828 1772
f 1747 1774 1773
f 1746 1770 1748
f 1748 1775 1749
f 1754 1782 1755
f 1755 1783 1759
f 1749 1776 1750
f 1751 1750 1777
f 1751 1778 1767
f 1767 1779 1752
f 1752 1780 1753
f 1753 1781 1754
f 1757 1787 1760
f 1758 1785 1756
f 1758 1759 1784
f 1757 1756 1786
f 1756 1785 1786
f 1757 1786 1787
f 1760 1787 1788
f 1746 1769 1770
f 1745 1768 1769
f 1749 1775 1776
f 1748 1770 1775
f 1750 1776 1777
f 1751 1777 1778
f 1767 1778 1779
f 1752 1779 1780
f 1753 1780 1781
f 1754 1781 1782
f 1755 1782 1783
f 1759 1783 1784
f 1758 1784 1785
f 1765 1811 1766
f 1765 1760 1788
f 1766 1812 4824
f 1765 1788 1811
f 1766 1811 1812
f 4824 1812 4871
f 3581 3554 3553
f 3580 3559 3554
f 3588 3560 3559
f 3589 3561 3560
f 3590 3562 3561
f 3591 3563 3562
f 3592 3564 3563
f 3593 3565 3564
f 3594 3566 3565
f 3595 3567 3566
f 3596 3568 3567
f 3597 3569 3568
f 3598 3570 3569
f 3582 3553 3552
f 3583 3552 3555
f 3584 3555 3557
f 3585 3558 3556
f 6659 3556 6622
f 3586 3557 3558
f 3580 3554 3581
f 3582 3581 3553
f 3583 3582 3552
f 3583 3555 3584
f 3586 3558 3585
f 3585 3556 6659
f 3584 3557 3586
f 3589 3590 3561
f 3591 3562 3590
f 3591 3592 3563
f 3592 3593 3564
f 3593 3594 3565
f 3594 3595 3566
f 3588 3589 3560
f 3580 3588 3559
f 3595 3596 3567
f 3596 3597 3568
f 3599 3571 3570
f 3600 3572 3571
f 3597 3598 3569
f 3598 3599 3570
f 3599 3600 3571
f 3600 3601 3572
f 3601 3577 3572
f 3643 3578 3577
f 3644 6647 3578
f 3601 3643 3577
f 3643 3644 3578
f 3644 6719 6647
f 3607 3587 3626
f 3587 6659 6695
f 3603 3622 3604
f 3606 3627 3602
f 3602 3625 3603
f 3605 3604 3623
f 3607 3628 3606
f 3587 6695 3626
f 3605 3624 3608
f 3608 3629 3610
f 3610 3630 3611
f 3612 3611 3631
f 3612 3632 3613
f 3613 3633 3614
f 3615 3635 3616
f 3616 3636 3609
f 3609 3637 3620
f 3614 3634 3615
f 3618 3639 3619
f 3621 3617 3641
f 3617 3619 3640
f 3620 3638 3618
f 3604 3622 3623
f 3605 3623 3624
f 3603 3625 3622
f 3602 3627 3625
f 3607 3626 3628
f 3606 3628 3627
f 3610 3629 3630
f 3608 3624 3629
f 3611 3630 3631
f 3612 3631 3632
f 3613 3632 3633
f 3614 3633 3634
f 3616 3635 3636
f 3615 3634 3635
f 3609 3636 3637
f 3620 3637 3638
f 3618 3638 3639
f 3619 3639 3640
f 3617 3640 3641
f 3621 3641 3642
f 3646 3647 3645
f 3645 3648 6719
f 3621 3642 3646
f 3645 3647 3648
f 6719 3648 6722
f 3646 3642 3647
f 4777 4756 4757
f 4778 4757 4758
f 4782 4758 4759
f 4780 4759 4760
f 4779 4761 4762
f 4781 4760 4761
f 4783 4764 4763
f 4787 4767 4764
f 4785 4765 4766
f 4786 4766 4767
f 4795 4762 4768
f 4789 4768 4769
f 4788 4769 4770
f 4790 4770 4771
f 4791 4771 4772
f 4792 4772 4773
f 4793 4773 4774
f 4794 4774 4776
f 4796 4776 4775
f 4784 4775 4765
f 4797 4755 4756
f 4777 4757 4778
f 4781 4761 4779
f 4782 4759 4780
f 4782 4778 4758
f 4781 4780 4760
f 4785 4784 4765
f 4786 4767 4787
f 4787 4764 4783
f 4785 4766 4786
f 4788 4770 4790
f 4795 4768 4789
f 4795 4779 4762
f 4789 4769 4788
f 4790 4771 4791
f 4791 4772 4792
f 4793 4792 4773
f 4793 4774 4794
f 4796 4775 4784
f 4794 4776 4796
f 4797 4798 4755
f 4797 4756 4777
f 4822 4763 4821
f 4824 4820 4819
f 4823 4821 4820
f 4822 4783 4763
f 4823 4820 4824
f 4823 4822 4821
f 4798 4799 4829
f 4799 4800 4830
f 4800 4801 4831
f 4801 4802 4832
f 4802 4803 4833
f 4803 4804 4834
f 4804 4805 4835
f 4798 4829 4828
f 4799 4830 4829
f 4800 4831 4830
f 4801 4832 4831
f 4802 4833 4832
f 4803 4834 4833
f 4806 4836 4807
f 4807 4837 4808
f 4809 4808 4840
f 4809 4839 4810
f 4807 4836 4837
f 4808 4837 4840
f 4805 4811 4841
f 4811 4812 4842
f 4818 4817 4848
f 4817 4810 4838
f 4812 4813 4843
f 4813 4814 4844
f 4814 4827 4845
f 4827 4815 4846
f 4816 4847 4815
f 4816 4818 4849
f 4804 4835 4834
f 4809 4840 4839
f 4810 4839 4838
f 4805 4841 4835
f 4811 4842 4841
f 4812 4843 4842
f 4813 4844 4843
f 4814 4845 4844
f 4827 4846 4845
f 4815 4847 4846
f 4816 4849 4847
f 4817 4838 4848
f 4818 4848 4849
f 4824 4871 4825
f 4825 4872 4826
f 4826 4873 4806
f 4825 4871 4872
f 4826 4872 4873
f 4806 4873 4836
f 6654 6627 6628
f 6653 6628 6629
f 6663 6632 6633
f 6666 6629 6635
f 6667 6635 6636
f 6668 6636 6637
f 6669 6637 6638
f 6670 6638 6639
f 6671 6639 6640
f 6672 6640 6641
f 6674 6641 6643
f 6673 6643 6642
f 6662 6642 6632
f 6657 6622 6623
f 6658 6623 6624
f 6652 6624 6625
f 6655 6625 6626
f 6656 6626 6627
f 6659 6622 6657
f 6657 6623 6658
f 6652 6658 6624
f 6655 6626 6656
f 6653 6654 6628
f 6656 6627 6654
f 6652 6625 6655
f 6661 6631 6630
f 6664 6634 6631
f 6665 6633 6634
f 6665 6634 6664
f 6662 6632 6663
f 6663 6633 6665
f 6661 6664 6631
f 6667 6636 6668
f 6668 6637 6669
f 6669 6638 6670
f 6670 6639 6671
f 6672 6671 6640
f 6672 6641 6674
f 6653 6629 6666
f 6666 6635 6667
f 6673 6642 6662
f 6674 6643 6673
f 6719 6648 6647
f 6717 6649 6648
f 6718 6630 6649
f 6719 6717 6648
f 6661 6630 6718
f 6717 6718 6649
f 6659 6660 6696
f 6660 6675 6697
f 6675 6676 6698
f 6676 6677 6699
f 6677 6678 6700
f 6678 6679 6701
f 6679 6680 6702
f 6659 6696 6695
f 6660 6697 6696
f 6681 6703 6682
f 6682 6704 6684
f 6683 6684 6707
f 6683 6706 6685
f 6680 6686 6708
f 6686 6688 6709
f 6688 6689 6710
f 6689 6690 6711
f 6690 6691 6712
f 6691 6692 6713
f 6693 6694 6716
f 6694 6687 6715
f 6693 6714 6692
f 6687 6685 6705
f 6675 6698 6697
f 6676 6699 6698
f 6677 6700 6699
f 6678 6701 6700
f 6679 6702 6701
f 6682 6703 6704
f 6684 6704 6707
f 6683 6707 6706
f 6685 6706 6705
f 6680 6708 6702
f 6686 6709 6708
f 6688 6710 6709
f 6689 6711 6710
f 6690 6712 6711
f 6691 6713 6712
f 6692 6714 6713
f 6693 6716 6714
f 6687 6705 6715
f 6694 6715 6716
f 6719 6722 6720
f 6720 6723 6721
f 6721 6724 6681
f 6720 6722 6723
f 6721 6723 6724
f 6681 6724 6703
f 4950 4879 4893
f 4922 4880 4879
f 4923 4878 4880
f 4924 4882 4881
f 4928 4881 4886
f 4925 4883 4882
f 4926 4884 4883
f 4931 4886 4885
f 4921 4885 4878
f 4927 4887 4884
f 4929 4888 4887
f 4930 4889 4888
f 4932 4890 4889
f 4933 4891 4890
f 4934 4892 4891
f 4935 4905 4892
f 4921 4878 4923
f 4950 4922 4879
f 4923 4880 4922
f 4928 4924 4881
f 4924 4925 4882
f 4925 4926 4883
f 4926 4927 4884
f 4931 4928 4886
f 4931 4885 4921
f 4927 4929 4887
f 4929 4930 4888
f 4930 4932 4889
f 4932 4933 4890
f 4933 4934 4891
f 4934 4935 4892
f 4935 4959 4905
f 4951 4893 4894
f 4952 4894 4895
f 4953 4898 4899
f 4955 4899 4900
f 4956 4900 4901
f 4954 4901 4902
f 4957 4903 4904
f 4958 4902 4903
f 4959 4906 4905
f 4968 4904 4907
f 4962 4907 4908
f 4961 4908 4909
f 4963 4909 4910
f 4964 4910 4911
f 4965 4911 4912
f 4970 4914 4913
f 4971 4915 4914
f 4969 4919 4915
f 4967 4917 4918
f 4966 4912 4917
f 4972 4918 4916
f 4973 4916 4920
f 4974 4920 4919
f 4976 4895 4896
f 4977 4896 4897
f 4978 4897 4898
f 4950 4893 4951
f 4952 4951 4894
f 4953 4899 4955
f 4956 4955 4900
f 4956 4901 4954
f 4958 4954 4902
f 4958 4903 4957
f 4959 4960 4906
f 4968 4957 4904
f 4961 4909 4963
f 4968 4907 4962
f 4962 4908 4961
f 4963 4910 4964
f 4964 4911 4965
f 4971 4914 4970
f 4971 4969 4915
f 4972 4916 4973
f 4965 4912 4966
f 4966 4917 4967
f 4967 4918 4972
f 4974 4973 4920
f 4974 4919 4969
f 4952 4895 4976
f 4976 4896 4977
f 4978 4977 4897
f 4953 4978 4898
f 4960 5046 4906
f 5051 5047 5046
f 5052 4913 5050
f 5054 5048 5047
f 5055 5049 5048
f 5056 5050 5049
f 4960 5051 5046
f 5052 4970 4913
f 5051 5054 5047
f 5054 5055 5048
f 5056 5049 5055
f 5052 5050 5056
f 5055 5048 6792
f 5055 6792 5048
f 4982 5427 4936
f 4936 5414 4938
f 4948 5424 4949
f 4949 5425 4945
f 4989 4945 5426
f 4937 4938 5413
f 4943 5420 4939
f 4939 5415 4940
f 4940 5416 5410
f 5410 5417 4941
f 4942 5419 4943
f 4937 5412 4942
f 4944 4941 5418
f 4944 5421 4947
f 4947 5422 4946
f 4946 5423 4948
f 4975 4979 5430
f 4982 4983 5428
f 4975 5429 4983
f 4979 4977 6744
f 4977 4980 5431
f 4980 4981 5432
f 4981 4984 5435
f 4984 4985 5436
f 4985 4986 5437
f 4986 4987 5434
f 4987 4988 5433
f 4989 5438 4990
f 4997 4996 5451
f 4997 5452 4998
f 5002 4998 5453
f 4988 4991 5444
f 4991 4992 5445
f 4992 4993 5440
f 4993 4994 5441
f 4994 5411 5442
f 5411 4995 5443
f 5000 5001 5448
f 5000 5446 4995
f 5001 4999 5447
f 5002 5450 5003
f 4999 5003 5449
f 4937 5413 5412
f 4938 5414 5413
f 4936 5427 5414
f 4939 5420 5415
f 4940 5415 5416
f 5410 5416 5417
f 4941 5417 5418
f 4943 5419 5420
f 4942 5412 5419
f 4944 5418 5421
f 4947 5421 5422
f 4946 5422 5423
f 4948 5423 5424
f 5424 5425 4949
f 4945 5425 5426
f 4989 5426 5438
f 4975 5430 5429
f 4982 5428 5427
f 4983 5429 5428
f 4977 5431 6744
f 4979 6744 5430
f 4980 5432 5431
f 4985 5437 5436
f 4986 5434 5437
f 4981 5435 5432
f 4984 5436 5435
f 4987 5433 5434
f 4990 5438 5439
f 4988 5444 5433
f 4991 5445 5444
f 4992 5440 5445
f 4993 5441 5440
f 4994 5442 5441
f 5411 5443 5442
f 4997 5451 5452
f 4998 5452 5453
f 4999 5449 5447
f 5000 5448 5446
f 4995 5446 5443
f 5001 5447 5448
f 5003 5450 5449
f 5002 5453 5450
f 5053 4990 5439
f 5053 5476 5057
f 5057 5477 5055
f 5055 6792 5058
f 5058 5479 5059
f 5059 5478 4996
f 5053 5439 5476
f 5057 5476 5477
f 5055 5477 6792
f 5059 5479 5478
f 5058 6792 5479
f 4996 5478 5451
f 6742 6828 6725
f 6725 6800 6727
f 6726 6727 6799
f 6734 6806 6729
f 6729 6801 6730
f 6730 6802 6731
f 6731 6803 6732
f 6733 6805 6734
f 6726 6798 6733
f 6732 6804 6735
f 6735 6807 6736
f 6753 6728 6812
f 6738 6737 6809
f 6736 6808 6737
f 6738 6810 6739
f 6739 6811 6728
f 6740 6743 6831
f 6741 6829 6742
f 6740 6830 6741
f 6743 6744 6834
f 6744 6745 6832
f 6745 6746 6833
f 6746 6747 6837
f 6747 6748 6839
f 6748 6749 6838
f 6749 6750 6840
f 6750 6751 6841
f 6752 6753 6842
f 6751 6757 6844
f 6757 6758 6845
f 6758 6759 6846
f 6759 6760 6847
f 6760 6761 6848
f 6761 6762 6849
f 6754 6850 6755
f 6755 6852 6756
f 6765 6756 6851
f 6767 6764 6855
f 6762 6767 6854
f 6764 6763 6853
f 6765 6856 6766
f 6766 6857 6763
f 6729 6806 6801
f 6731 6802 6803
f 6730 6801 6802
f 6732 6803 6804
f 6733 6798 6805
f 6734 6805 6806
f 6735 6804 6807
f 6736 6807 6808
f 6737 6808 6809
f 6738 6809 6810
f 6810 6811 6739
f 6726 6799 6798
f 6725 6828 6800
f 6727 6800 6799
f 6728 6811 6812
f 6753 6812 6842
f 6750 6841 6840
f 6751 6844 6841
f 6757 6845 6844
f 6758 6846 6845
f 6759 6847 6846
f 6760 6848 6847
f 6761 6849 6848
f 6763 6857 6853
f 6767 6855 6854
f 6762 6854 6849
f 6764 6853 6855
f 6740 6831 6830
f 6742 6829 6828
f 6741 6830 6829
f 6743 6834 6831
f 6744 6832 6834
f 6745 6833 6832
f 6746 6837 6833
f 6747 6839 6837
f 6748 6838 6839
f 6749 6840 6838
f 6752 6842 6843
f 6755 6850 6852
f 6756 6852 6851
f 6766 6856 6857
f 6765 6851 6856
f 6752 6843 6790
f 6790 6969 6791
f 6791 6970 6792
f 6792 6973 6793
f 6793 6972 6794
f 6794 6971 6754
f 6790 6843 6969
f 6791 6969 6970
f 6792 6970 6973
f 6793 6973 6972
f 6794 6972 6971
f 6754 6971 6850
f 6860 6835 6901
f 6834 6902 6835
f 6834 6836 6903
f 6836 6861 6904
f 6859 6898 6814
f 6814 6884 6815
f 6813 6815 6885
f 6825 6891 6821
f 6821 6886 6822
f 6822 6887 6823
f 6823 6888 6824
f 6816 6890 6825
f 6813 6883 6816
f 6826 6892 6827
f 6824 6889 6826
f 6819 6896 6820
f 6820 6897 6868
f 6817 6894 6818
f 6827 6893 6817
f 6818 6895 6819
f 6813 6885 6883
f 6814 6898 6884
f 6815 6884 6885
f 6821 6891 6886
f 6822 6886 6887
f 6823 6887 6888
f 6824 6888 6889
f 6816 6883 6890
f 6825 6890 6891
f 6827 6892 6893
f 6826 6889 6892
f 6817 6893 6894
f 6818 6894 6895
f 6819 6895 6896
f 6820 6896 6897
f 6868 6897 6910
f 6858 6899 6859
f 6860 6900 6858
f 6835 6902 6901
f 6834 6903 6902
f 6836 6904 6903
f 6861 6862 6905
f 6862 6863 6906
f 6863 6864 6907
f 6864 6865 6908
f 6865 6866 6909
f 6867 6868 6910
f 6866 6869 6912
f 6869 6876 6913
f 6876 6877 6914
f 6877 6878 6915
f 6878 6879 6916
f 6879 6880 6917
f 6870 6918 6871
f 6871 6919 6872
f 6874 6872 6920
f 6881 6882 6923
f 6882 6873 6921
f 6880 6881 6922
f 6874 6924 6875
f 6873 6875 6925
f 6860 6901 6900
f 6859 6899 6898
f 6858 6900 6899
f 6861 6905 6904
f 6862 6906 6905
f 6863 6907 6906
f 6864 6908 6907
f 6865 6909 6908
f 6867 6910 6911
f 6866 6912 6909
f 6869 6913 6912
f 6876 6914 6913
f 6877 6915 6914
f 6878 6916 6915
f 6879 6917 6916
f 6871 6918 6919
f 6872 6919 6920
f 6873 6925 6921
f 6881 6923 6922
f 6880 6922 6917
f 6882 6921 6923
f 6874 6920 6924
f 6875 6924 6925
f 6976 6978 6974
f 6973 6974 6979
f 6973 6980 6975
f 6975 6981 6977
f 6867 6911 6976
f 6974 6978 6979
f 6973 6979 6980
f 6975 6980 6981
f 6977 6982 6870
f 6976 6911 6978
f 6977 6981 6982
f 6870 6982 6918

