# https://github.com/mikedh/trimesh
v -0.01528600 -0.00692400 0.00196700
v -0.01584600 -0.00688700 0.00224100
v -0.01585600 -0.00694900 0.00170200
v -0.01359000 -0.00639000 0.00331200
v -0.01304600 -0.00634100 0.00331700
v -0.01341300 -0.00606500 0.00378700
v -0.01286700 -0.00596400 0.00385300
v -0.01627300 -0.00683200 0.00253600
v -0.01644400 -0.00691400 0.00202700
v -0.01403300 -0.00615200 0.00373600
v -0.01485200 -0.00627500 0.00360300
v -0.01433200 -0.00651200 0.00315600
v -0.01305000 -0.00656000 0.00294800
v -0.01608400 -0.00693300 -0.00111700
v -0.01607400 -0.00704800 -0.00055900
v -0.01662500 -0.00704300 -0.00056000
v -0.01676800 -0.00683900 -0.00135100
v -0.01372700 -0.00667200 0.00268900
v -0.01443100 -0.00669200 0.00275800
v -0.01655800 -0.00697000 0.00152500
v -0.01616100 -0.00675200 -0.00183600
v -0.01584600 -0.00680600 -0.00161200
v -0.01546500 -0.00696200 0.00130500
v -0.01597300 -0.00697700 0.00118000
v -0.01575500 -0.00699500 0.00072000
v -0.01199500 -0.00650100 0.00294600
v -0.01223400 -0.00643600 0.00316300
v -0.01238100 -0.00676400 0.00275200
v -0.01250300 -0.00685500 0.00256300
v -0.01646200 -0.00700800 0.00082800
v -0.01319400 -0.00678100 0.00245500
v -0.01402000 -0.00655900 -0.00180000
v -0.01454500 -0.00684600 -0.00111400
v -0.01501600 -0.00665100 -0.00185500
v -0.01166200 -0.00654000 0.00262300
v -0.01223600 -0.00684400 0.00239400
v -0.01525200 -0.00684900 -0.00125300
v -0.01175700 -0.00667200 0.00231900
v -0.01254800 -0.00698700 0.00217400
v -0.01278700 -0.00700000 0.00205900
v -0.01697000 -0.00696100 0.00203900
v -0.01722900 -0.00700000 0.00174700
v -0.01437300 -0.00633700 -0.00245900
v -0.01511400 -0.00632900 -0.00256000
v -0.01511400 -0.00632900 -0.00256000
v -0.01742400 -0.00704000 0.00084900
v -0.01353500 -0.00690500 0.00188800
v -0.01543400 -0.00650900 -0.00230000
v -0.01543400 -0.00650900 -0.00230000
v -0.01402000 -0.00681400 0.00229700
v -0.01262000 -0.00634800 0.00334000
v -0.01595900 -0.00657200 -0.00227100
v -0.01595900 -0.00657200 -0.00227100
v -0.01583600 -0.00645500 -0.00245400
v -0.01629600 -0.00634000 -0.00259600
v -0.01803100 -0.00702100 0.00144000
v -0.01808700 -0.00705800 0.00061800
v -0.01865700 -0.00703600 0.00103200
v -0.01664700 -0.00706100 0.00034500
v -0.01770100 -0.00709000 0.00019300
v -0.01884700 -0.00708100 0.00030000
v -0.01818600 -0.00705300 0.00023900
v -0.01729900 -0.00701000 -0.00024500
v -0.01795700 -0.00693800 -0.00033200
v -0.01860900 -0.00699200 -0.00012800
v -0.01929300 -0.00702500 -0.00022400
v -0.01870500 -0.00697900 -0.00061800
v -0.01255000 -0.00703100 0.00164400
v -0.01250600 -0.00706300 0.00110000
v -0.01213700 -0.00695400 0.00134100
v -0.01283400 -0.00703600 0.00141300
v -0.01350300 -0.00696700 0.00113100
v -0.01409500 -0.00693300 0.00160300
v -0.01148900 -0.00657000 0.00144100
v -0.01181000 -0.00679300 0.00161500
v -0.01176900 -0.00681500 0.00101300
v -0.01209100 -0.00699900 0.00099000
v -0.01457400 -0.00691900 0.00186500
v -0.01489800 -0.00695400 0.00137200
v -0.01154000 -0.00663800 0.00103800
v -0.01187200 -0.00695100 0.00074000
v -0.01200000 -0.00706000 0.00044900
v -0.01227800 -0.00710200 0.00049100
v -0.01365800 -0.00703000 0.00051100
v -0.01439000 -0.00695600 0.00071500
v -0.01151900 -0.00675800 0.00054300
v -0.01171900 -0.00696600 0.00027200
v -0.01314400 -0.00705000 0.00060300
v -0.01277700 -0.00711400 0.00034700
v -0.01218200 -0.00707000 0.00008900
v -0.01742800 -0.00683400 -0.00121300
v -0.01324500 -0.00704800 0.00014800
v -0.01092600 -0.00599000 0.00231100
v -0.01117600 -0.00619500 0.00265400
v -0.01120100 -0.00630300 0.00226100
v -0.01076900 -0.00575200 0.00257300
v -0.01142300 -0.00646400 0.00241100
v -0.01161500 -0.00665700 0.00198000
v -0.01523800 -0.00699800 0.00065500
v -0.01211900 -0.00690000 0.00198200
v -0.01136200 -0.00632700 0.00270800
v -0.01831900 -0.00682800 -0.00123800
v -0.01130300 -0.00637900 0.00190100
v -0.01101900 -0.00604700 0.00188400
v -0.01121700 -0.00627400 0.00128300
v -0.01411500 -0.00700900 0.00031900
v -0.01376700 -0.00698300 0.00005700
v -0.01961800 -0.00694600 -0.00094500
v -0.01354800 -0.00696200 -0.00058000
v -0.01914400 -0.00678500 -0.00157200
v -0.01473900 -0.00700100 0.00029800
v -0.01560000 -0.00708900 0.00013800
v -0.01484400 -0.00694300 -0.00042400
v -0.01527700 -0.00696500 -0.00040300
v -0.01432000 -0.00697500 -0.00002100
v -0.01404100 -0.00696400 -0.00065400
v -0.01182700 -0.00699000 -0.00005700
v -0.01157300 -0.00687300 -0.00001900
v -0.01209900 -0.00696500 -0.00033100
v -0.02010400 -0.00686400 -0.00151200
v -0.01167800 -0.00527700 0.00401400
v -0.01183400 -0.00514900 0.00425300
v -0.01199100 -0.00545700 0.00423100
v -0.01156600 -0.00566900 0.00369600
v -0.01195800 -0.00581700 0.00392700
v -0.01270700 -0.00697900 -0.00049900
v -0.01172700 -0.00590000 0.00367100
v -0.01190000 -0.00607400 0.00357900
v -0.01235800 -0.00587500 0.00392800
v -0.01221900 -0.00620900 0.00344200
v -0.01228500 -0.00554900 0.00436900
v -0.01223800 -0.00688500 -0.00084500
v -0.01269100 -0.00682100 -0.00140200
v -0.01672100 -0.00664800 -0.00196900
v -0.01183600 -0.00676600 -0.00067800
v -0.01619200 -0.00709000 0.00023300
v -0.01186400 -0.00666600 -0.00108300
v -0.01157100 -0.00630200 0.00294400
v -0.01181000 -0.00616300 0.00340800
v -0.01725200 -0.00670400 -0.00175100
v -0.01230700 -0.00678600 -0.00141400
v -0.01183200 -0.00653400 -0.00156800
v -0.01250200 -0.00668100 -0.00184600
v -0.01765700 -0.00669600 -0.00174500
v -0.01117200 -0.00516500 0.00381000
v -0.01109600 -0.00541400 0.00348300
v -0.01088500 -0.00512300 0.00372800
v -0.01137200 -0.00529600 0.00378300
v -0.01143700 -0.00589000 0.00334600
v -0.01840500 -0.00666300 -0.00185700
v -0.01098000 -0.00565700 0.00302600
v -0.01501300 -0.00668000 0.00288700
v -0.01846800 -0.00650900 -0.00239200
v -0.01846800 -0.00650900 -0.00239200
v -0.01555100 -0.00679600 0.00269000
v -0.01565100 -0.00653300 0.00325300
v -0.01483800 -0.00684800 0.00233000
v -0.01656600 -0.00649400 -0.00235900
v -0.01656600 -0.00649400 -0.00235900
v -0.01592200 -0.00711900 -0.00008700
v -0.01730100 -0.00644400 -0.00233600
v -0.01730100 -0.00644400 -0.00233600
v -0.01687000 -0.00620500 -0.00281100
v -0.01638900 -0.00709100 -0.00009000
v -0.01669900 -0.00684300 0.00243200
v -0.01764500 -0.00614100 -0.00290100
v -0.01758900 -0.00683600 0.00259300
v -0.01905300 -0.00654800 -0.00242700
v -0.01905300 -0.00654800 -0.00242700
v -0.01963600 -0.00657700 -0.00225800
v -0.01963600 -0.00657700 -0.00225800
v -0.01369400 -0.00679400 -0.00132000
v -0.01890200 -0.00633000 -0.00276200
v -0.01928100 -0.00639000 -0.00270300
v -0.01321600 -0.00665200 -0.00178100
v -0.01829400 -0.00600500 -0.00306300
v -0.01343200 -0.00644400 -0.00222000
v -0.01986600 -0.00646500 -0.00249300
v -0.01092000 -0.00620700 0.00030300
v -0.01108900 -0.00625400 0.00080800
v -0.01127000 -0.00658900 0.00015500
v -0.01081900 -0.00612900 -0.00006300
v -0.01041700 -0.00598100 0.00009200
v -0.01117700 -0.00640600 -0.00025100
v -0.01064500 -0.00600600 -0.00045600
v -0.01110000 -0.00617400 -0.00064500
v -0.01013100 -0.00590000 -0.00079500
v -0.01057200 -0.00593600 -0.00092100
v -0.01091100 -0.00585500 -0.00148400
v -0.00997400 -0.00480100 0.00363900
v -0.01069700 -0.00526200 0.00317700
v -0.01035700 -0.00490600 0.00346500
v -0.01156900 -0.00677700 -0.00031100
v -0.01147000 -0.00641500 -0.00082400
v -0.01138500 -0.00620900 -0.00122400
v -0.00988600 -0.00580000 0.00127800
v -0.01016100 -0.00586200 0.00069200
v -0.01037500 -0.00577900 0.00124600
v -0.01080700 -0.00591000 0.00117300
v -0.01057700 -0.00597000 0.00054700
v -0.01000600 -0.00591500 0.00026100
v -0.00991600 -0.00546700 0.00261500
v -0.01026100 -0.00564300 0.00221900
v -0.01034500 -0.00557100 0.00243600
v -0.00976300 -0.00508400 0.00324600
v -0.01015500 -0.00516100 0.00300700
v -0.01048200 -0.00543800 0.00273100
v -0.00987200 -0.00573400 0.00180800
v -0.01049200 -0.00574300 0.00162600
v -0.01066000 -0.00578000 0.00207300
v -0.01092800 -0.00593200 0.00145500
v -0.00992700 -0.00592600 -0.00017600
v -0.06855900 -0.00676500 0.00370600
v -0.06793400 -0.00652100 0.00388000
v -0.06863700 -0.00634800 0.00416600
v -0.06776700 -0.00593300 0.00444200
v -0.03998000 0.00144900 -0.00573100
v -0.03995500 0.00045600 -0.00585500
v -0.04073600 0.00083800 -0.00584100
v -0.04040400 0.00003700 -0.00588900
v -0.06899200 -0.00668000 0.00380400
v -0.06933200 -0.00687800 0.00354100
v -0.06879100 -0.00715600 0.00315100
v -0.09204500 -0.00749200 0.00137900
v -0.09204500 -0.00749200 0.00137900
v -0.09264200 -0.00717700 0.00179500
v -0.09266400 -0.00728500 0.00119800
v -0.09266400 -0.00728500 0.00119800
v -0.09266400 -0.00728500 0.00119800
v -0.09325000 -0.00697600 0.00156900
v -0.09325000 -0.00697600 0.00156900
v -0.09333900 -0.00699100 0.00110100
v -0.06944500 -0.00665500 0.00380600
v -0.07008000 -0.00689000 0.00348500
v -0.06974700 -0.00710100 0.00318900
v -0.03967900 0.00229700 -0.00560400
v -0.03934800 0.00140400 -0.00567900
v -0.09371400 -0.00646400 0.00244900
v -0.09302600 -0.00690200 0.00209700
v -0.09324500 -0.00646800 0.00284200
v -0.06929500 -0.00631500 0.00410200
v -0.06908200 -0.00592700 0.00452900
v -0.06821200 -0.00537200 0.00491200
v -0.09338900 -0.00616800 0.00325200
v -0.09382300 -0.00623600 0.00292300
v -0.04091100 0.00191800 -0.00568200
v -0.09395000 -0.00593700 0.00321300
v -0.09416400 -0.00599900 0.00298000
v -0.09400300 -0.00620700 0.00274600
v -0.04030000 0.00293000 -0.00551400
v -0.06987500 -0.00599700 0.00446800
v -0.06981900 -0.00657700 0.00391100
v -0.04124300 0.00260200 -0.00561200
v -0.09420400 -0.00613400 0.00245800
v -0.09394700 -0.00649700 0.00176700
v -0.09394700 -0.00649700 0.00176700
v -0.01167700 -0.00412700 0.00559400
v -0.01183400 -0.00421800 0.00573600
v -0.01171700 -0.00436800 0.00551300
v -0.01171700 -0.00377600 0.00567200
v -0.01190300 -0.00400500 0.00577600
v -0.01163300 -0.00405700 0.00538200
v -0.01165200 -0.00431500 0.00528200
v -0.09353100 -0.00676000 0.00182400
v -0.09353100 -0.00676000 0.00182400
v -0.06437600 -0.00411900 0.00556500
v -0.06489800 -0.00417100 0.00554500
v -0.06444200 -0.00471600 0.00529500
v -0.01180800 -0.00332500 0.00582600
v -0.01201300 -0.00368600 0.00584700
v -0.06414100 -0.00363400 0.00575200
v -0.06478200 -0.00375600 0.00570600
v -0.01163300 -0.00338000 0.00561100
v -0.06447000 -0.00298000 0.00596200
v -0.06505000 -0.00325500 0.00588500
v -0.04220200 -0.00093400 -0.00593700
v -0.04138100 -0.00110500 -0.00586500
v -0.04187700 -0.00165600 -0.00592300
v -0.06523900 -0.00371900 0.00572500
v -0.04102100 -0.00066200 -0.00586800
v -0.04176100 -0.00045500 -0.00589300
v -0.09379800 -0.00670900 0.00127100
v -0.01129500 -0.00278600 0.00576500
v -0.01167800 -0.00282100 0.00606200
v -0.01159600 -0.00315900 0.00570400
v -0.01201100 -0.00327600 0.00595500
v -0.01134100 -0.00167100 0.00627200
v -0.01175200 -0.00202700 0.00630600
v -0.01142100 -0.00222500 0.00608900
v -0.06574700 -0.00344300 0.00585100
v -0.04236100 -0.00023100 -0.00590800
v -0.01215400 -0.00295500 0.00612900
v -0.06507100 -0.00259700 0.00607600
v -0.01231300 -0.00348200 0.00594100
v -0.04216300 0.00040600 -0.00587700
v -0.01244100 -0.00255500 0.00628200
v -0.01180400 -0.00253000 0.00620800
v -0.01208300 -0.00210900 0.00635500
v -0.04270700 0.00043100 -0.00590000
v -0.06564100 -0.00286900 0.00601600
v -0.04029700 -0.00097100 -0.00589300
v -0.04108500 0.00047400 -0.00588000
v -0.06526100 -0.00468900 0.00531300
v -0.06576700 -0.00412000 0.00558500
v -0.06588300 -0.00474000 0.00531000
v -0.09457000 -0.00597200 0.00185700
v -0.09457000 -0.00597200 0.00185700
v -0.09450100 -0.00617500 0.00112300
v -0.09469600 -0.00575700 0.00244900
v -0.06657600 -0.00442500 0.00551500
v -0.06718800 -0.00498300 0.00519600
v -0.06658800 -0.00499700 0.00521600
v -0.04249800 -0.00176200 -0.00596300
v -0.04300600 -0.00093300 -0.00599100
v -0.04330700 -0.00195800 -0.00596200
v -0.01068800 -0.00469500 0.00441800
v -0.01042900 -0.00445400 0.00458200
v -0.01089500 -0.00450700 0.00455900
v -0.01076200 -0.00432500 0.00467700
v -0.01046500 -0.00418300 0.00469100
v -0.01114900 -0.00481500 0.00420100
v -0.01140900 -0.00450300 0.00452400
v -0.01064700 -0.00334400 0.00489400
v -0.01094400 -0.00345900 0.00506300
v -0.01070300 -0.00360700 0.00485600
v -0.01140200 -0.00398700 0.00493900
v -0.01160600 -0.00420800 0.00507300
v -0.01151600 -0.00426100 0.00484800
v -0.06634900 -0.00368800 0.00579500
v -0.01154900 -0.00385900 0.00522600
v -0.04370800 -0.00139400 -0.00599900
v -0.01131400 -0.00359700 0.00512800
v -0.01095900 -0.00406100 0.00483100
v -0.01104800 -0.00370500 0.00497700
v -0.01058500 -0.00378700 0.00477900
v -0.01123400 -0.00424700 0.00473500
v -0.09357600 -0.00581300 0.00349500
v -0.09427000 -0.00563000 0.00336800
v -0.09385200 -0.00549100 0.00373600
v -0.09396300 -0.00526200 0.00399100
v -0.09437200 -0.00532000 0.00363600
v -0.04312900 -0.00024500 -0.00594400
v -0.01013700 -0.00430200 0.00453100
v -0.00985900 -0.00444500 0.00435700
v -0.00996800 -0.00401900 0.00456000
v -0.09476600 -0.00523400 0.00334900
v -0.06635300 -0.00306600 0.00596900
v -0.09397600 -0.00490800 0.00430900
v -0.09444500 -0.00497000 0.00397400
v -0.09440500 -0.00474200 0.00427800
v -0.04366600 -0.00052300 -0.00597400
v -0.00998900 -0.00181300 0.00553900
v -0.01037400 -0.00203500 0.00563300
v -0.01012200 -0.00214000 0.00536600
v -0.01025600 -0.00168900 0.00569900
v -0.01068400 -0.00188700 0.00588100
v -0.06685700 -0.00353500 0.00585800
v -0.04468000 -0.00094700 -0.00599600
v -0.01080700 -0.00165200 0.00597500
v -0.00990600 -0.00155500 0.00559800
v -0.09465600 -0.00464800 0.00419300
v -0.09460700 -0.00444400 0.00447500
v -0.09407500 -0.00450000 0.00459400
v -0.01011600 -0.00139100 0.00566500
v -0.06799600 -0.00387400 0.00573100
v -0.04474100 -0.00005600 -0.00596100
v -0.04339300 0.00030500 -0.00593000
v -0.09467600 -0.00490000 0.00382000
v -0.01080300 -0.00288500 0.00546200
v -0.01108200 -0.00290100 0.00563400
v -0.01097400 -0.00310400 0.00543700
v -0.01071100 -0.00235800 0.00573000
v -0.06773600 -0.00297400 0.00599300
v -0.01081700 -0.00323300 0.00516000
v -0.01047100 -0.00284000 0.00501700
v -0.01039200 -0.00239400 0.00536500
v -0.09490400 -0.00444800 0.00405900
v -0.09525700 -0.00460700 0.00333700
v -0.01147500 -0.00337100 0.00539800
v -0.01137100 -0.00305100 0.00563500
v -0.04164100 0.00106700 -0.00585500
v -0.04144000 0.00179100 -0.00575200
v -0.09519300 -0.00514300 0.00286400
v -0.04205300 0.00162600 -0.00581500
v -0.06501300 -0.00194700 0.00614000
v -0.06476300 -0.00239000 0.00608100
v -0.04257900 0.00128000 -0.00586700
v -0.01110900 -0.00237300 0.00585100
v -0.06553000 -0.00207200 0.00616000
v -0.01111300 -0.00196000 0.00603500
v -0.09442300 -0.00419000 0.00469200
v -0.04332800 0.00109800 -0.00591000
v -0.06557000 -0.00117200 0.00623400
v -0.06610200 -0.00150500 0.00620700
v -0.09507400 -0.00405500 0.00417500
v -0.09483100 -0.00380500 0.00466300
v -0.09463000 -0.00373100 0.00490700
v -0.04162900 0.00234000 -0.00566400
v -0.01017600 -0.00233000 0.00525500
v -0.09538300 -0.00343200 0.00421500
v -0.04275600 0.00225300 -0.00570100
v -0.09530400 -0.00414700 0.00375400
v -0.01203400 -0.00474400 0.00525800
v -0.01210500 -0.00497900 0.00494200
v -0.01188800 -0.00482200 0.00506000
v -0.01253100 -0.00499600 0.00497300
v -0.01240400 -0.00524200 0.00473900
v -0.09556000 -0.00374300 0.00383200
v -0.06628000 -0.00248400 0.00608600
v -0.04310000 0.00165500 -0.00583400
v -0.06700200 -0.00267800 0.00605000
v -0.01227100 -0.00400500 0.00574100
v -0.01256900 -0.00394400 0.00577800
v -0.01278500 -0.00431300 0.00556600
v -0.01188700 -0.00456600 0.00540500
v -0.01222000 -0.00440700 0.00550400
v -0.01176300 -0.00465500 0.00514200
v -0.06706400 -0.00212100 0.00610600
v -0.09470600 -0.00348100 0.00503600
v -0.01204200 -0.00427100 0.00566200
v -0.09499000 -0.00326800 0.00481600
v -0.09479500 -0.00285900 0.00518000
v -0.01370300 -0.00429300 0.00553000
v -0.01337700 -0.00506200 0.00498000
v -0.04422900 0.00079200 -0.00591200
v -0.09540600 -0.00283200 0.00455700
v -0.01299700 -0.00539000 0.00458400
v -0.06764600 -0.00232200 0.00609600
v -0.04386600 0.00172700 -0.00583600
v -0.01379200 -0.00529900 0.00473300
v -0.01327200 -0.00577200 0.00412900
v -0.01389900 -0.00575100 0.00423600
v -0.01439000 -0.00550300 0.00454800
v -0.04477100 0.00178600 -0.00582400
v -0.09589700 -0.00291600 0.00399200
v -0.04516700 0.00068900 -0.00595200
v -0.06723700 -0.00112800 0.00615800
v -0.01489000 -0.00594900 0.00408300
v -0.01517300 -0.00569600 0.00434500
v -0.01379500 -0.00493000 0.00509000
v -0.04374100 0.00228600 -0.00574500
v -0.01444500 -0.00463800 0.00529900
v -0.01420600 -0.00517400 0.00486200
v -0.09458900 -0.00555700 0.00307700
v -0.06773300 -0.00152500 0.00613800
v -0.06825900 -0.00218000 0.00612800
v -0.01488400 -0.00511100 0.00490100
v -0.01510200 -0.00445900 0.00541800
v -0.04704800 -0.00645200 0.00368600
v -0.04616400 -0.00699400 0.00296400
v -0.04627200 -0.00622300 0.00397000
v -0.04704700 -0.00688200 0.00308600
v -0.04746400 -0.00661300 0.00347500
v -0.04781700 -0.00686100 0.00314100
v -0.04624300 -0.00577600 0.00445700
v -0.04678900 -0.00609800 0.00410200
v -0.04758800 -0.00615000 0.00400400
v -0.04739900 -0.00572300 0.00444900
v -0.09529000 -0.00541500 0.00193900
v -0.09529000 -0.00541500 0.00193900
v -0.01296300 -0.00346400 0.00597400
v -0.01271600 -0.00297100 0.00614700
v -0.04829800 -0.00614700 0.00403900
v -0.04812500 -0.00656200 0.00356900
v -0.01325500 -0.00384400 0.00581900
v -0.01420100 -0.00363900 0.00585200
v -0.06825800 -0.00450900 0.00543500
v -0.06889500 -0.00431600 0.00554100
v -0.06868100 -0.00484100 0.00526800
v -0.04836800 -0.00686500 0.00317400
v -0.04854500 -0.00712100 0.00275100
v -0.09562100 -0.00466100 0.00276000
v -0.01305800 -0.00220400 0.00633300
v -0.01343600 -0.00318500 0.00607900
v -0.06761300 -0.00462400 0.00539200
v -0.04857600 -0.00649400 0.00365900
v -0.09565000 -0.00486200 0.00237800
v -0.09565000 -0.00486200 0.00237800
v -0.06799500 -0.00496600 0.00519700
v -0.04944400 -0.00672400 0.00335000
v -0.04889600 -0.00698300 0.00297200
v -0.01379200 -0.00254600 0.00626400
v -0.01432900 -0.00307400 0.00608300
v -0.05006100 -0.00644500 0.00375600
v -0.05004700 -0.00701700 0.00300600
v -0.04951700 -0.00707200 0.00283700
v -0.09487700 -0.00589300 0.00089900
v -0.04907300 -0.00719500 0.00261300
v -0.04613500 -0.00721600 0.00248000
v -0.04565300 -0.00707100 0.00276500
v -0.01484900 -0.00336300 0.00600100
v -0.04533900 -0.00720500 0.00228000
v -0.04519400 -0.00705400 0.00278100
v -0.01463600 -0.00397100 0.00569800
v -0.01514900 -0.00322200 0.00605200
v -0.01522000 -0.00349000 0.00595100
v -0.04666400 -0.00716700 0.00253700
v -0.04672000 -0.00729500 0.00203800
v -0.01547600 -0.00401700 0.00571300
v -0.04490500 -0.00732800 0.00153200
v -0.04587300 -0.00737000 0.00157900
v -0.01572900 -0.00363100 0.00589700
v -0.01560300 -0.00325700 0.00604100
v -0.01615200 -0.00339800 0.00599500
v -0.09560700 -0.00522800 0.00126300
v -0.04669800 -0.00742100 0.00104000
v -0.04744600 -0.00737300 0.00154200
v -0.09560700 -0.00513800 0.00174000
v -0.04623200 -0.00745000 0.00094100
v -0.01557100 -0.00487300 0.00508900
v -0.06956700 -0.00470700 0.00537900
v -0.06934800 -0.00533500 0.00500100
v -0.01214800 -0.00523100 0.00458400
v -0.01201600 -0.00501200 0.00473200
v -0.01181300 -0.00478800 0.00486300
v -0.06982400 -0.00519100 0.00511800
v -0.04728700 -0.00748900 0.00061300
v -0.04728700 -0.00748900 0.00061300
v -0.01181800 -0.00487100 0.00457400
v -0.09598600 -0.00460900 0.00192100
v -0.01144200 -0.00478300 0.00423400
v -0.01170100 -0.00488500 0.00432000
v -0.01154100 -0.00505300 0.00404700
v -0.04829000 -0.00751000 0.00084800
v -0.04829000 -0.00751000 0.00084800
v -0.04807100 -0.00736900 0.00179800
v -0.09602400 -0.00477600 0.00104600
v -0.06973900 -0.00559900 0.00480500
v -0.01155800 -0.00460100 0.00450400
v -0.07034100 -0.00572300 0.00468300
v -0.07048800 -0.00611400 0.00430500
v -0.09626800 -0.00430600 0.00159800
v -0.01253300 -0.00561000 0.00437300
v -0.04540700 -0.00655900 0.00347700
v -0.07054800 -0.00533300 0.00498900
v -0.04526400 -0.00685300 0.00313100
v -0.09572200 -0.00419300 0.00315300
v -0.01168500 -0.00448200 0.00497100
v -0.06956700 -0.00381600 0.00582500
v -0.01161300 -0.00447600 0.00474700
v -0.04816300 -0.00721600 0.00245100
v -0.04733700 -0.00707700 0.00267400
v -0.09617300 -0.00359800 0.00308200
v -0.01091300 -0.00493700 0.00403400
v -0.07031100 -0.00434300 0.00555600
v -0.07002000 -0.00368300 0.00586400
v -0.04751400 -0.00727300 0.00210100
v -0.07049200 -0.00501900 0.00518900
v -0.04876400 -0.00726200 0.00238900
v -0.09600500 -0.00435900 0.00235300
v -0.09600500 -0.00435900 0.00235300
v -0.04956200 -0.00725500 0.00234700
v -0.09637000 -0.00372000 0.00254700
v -0.09637000 -0.00372000 0.00254700
v -0.04935700 -0.00734400 0.00183800
v -0.04889100 -0.00749200 0.00111800
v -0.04889100 -0.00749200 0.00111800
v -0.01184700 -0.00152700 0.00644500
v -0.01166600 -0.00105300 0.00642300
v -0.01246400 -0.00170500 0.00644900
v -0.09655000 -0.00310800 0.00283600
v -0.09655000 -0.00310800 0.00283600
v -0.09645500 -0.00267300 0.00339300
v -0.06870800 -0.00354100 0.00587200
v -0.04905500 -0.00764700 0.00043400
v -0.06897800 -0.00257600 0.00609400
v -0.01219100 -0.00103600 0.00651900
v -0.01317700 -0.00151700 0.00645000
v -0.09632100 -0.00402700 0.00215200
v -0.01171400 -0.00043500 0.00646600
v -0.09668900 -0.00346300 0.00207200
v -0.05078300 -0.00679800 0.00333500
v -0.05077400 -0.00711100 0.00284600
v -0.06952100 -0.00306400 0.00601100
v -0.05018400 -0.00718400 0.00263200
v -0.09673900 -0.00368400 0.00114100
v -0.04986600 -0.00731700 0.00207900
v -0.05031700 -0.00737000 0.00201800
v -0.05161100 -0.00692000 0.00321800
v -0.05191200 -0.00721100 0.00267400
v -0.05134300 -0.00732600 0.00243200
v -0.01248500 0.00010600 0.00655100
v -0.01359700 -0.00055800 0.00651300
v -0.05075200 -0.00731800 0.00231000
v -0.06947200 -0.00250900 0.00611900
v -0.01324500 0.00061200 0.00650100
v -0.05141600 -0.00739300 0.00216600
v -0.01053000 -0.00081900 0.00576900
v -0.06926000 -0.00212700 0.00616100
v -0.06871600 -0.00186000 0.00619600
v -0.09707200 -0.00257300 0.00231500
v -0.01087500 0.00027500 0.00605700
v -0.01134600 -0.00005700 0.00634100
v -0.01080300 -0.00026400 0.00590700
v -0.05232700 -0.00739200 0.00219000
v -0.01013300 -0.00088300 0.00566300
v -0.01033600 -0.00035600 0.00579700
v -0.05176300 -0.00753100 0.00140700
v -0.05176300 -0.00753100 0.00140700
v -0.01051500 0.00000900 0.00589900
v -0.01061800 0.00036600 0.00595000
v -0.09723100 -0.00283700 0.00141200
v -0.01124900 -0.00131800 0.00621000
v -0.01102500 -0.00096400 0.00602400
v -0.05308400 -0.00734200 0.00232600
v -0.05283200 -0.00746900 0.00190600
v -0.01144900 -0.00076400 0.00634400
v -0.05252200 -0.00752300 0.00148000
v -0.05252200 -0.00752300 0.00148000
v -0.01122500 -0.00046000 0.00620500
v -0.05028600 -0.00745700 0.00155300
v -0.05028600 -0.00745700 0.00155300
v -0.04972700 -0.00744700 0.00128500
v -0.04972700 -0.00744700 0.00128500
v -0.05027300 -0.00751000 0.00091800
v -0.05081900 -0.00753400 0.00075500
v -0.05096800 -0.00750600 0.00156700
v -0.05096800 -0.00750600 0.00156700
v -0.01128400 0.00046700 0.00631100
v -0.01100100 0.00107100 0.00607000
v -0.01142000 0.00115000 0.00631700
v -0.09227900 -0.00746500 0.00081000
v -0.09292600 -0.00721900 0.00060100
v -0.09292600 -0.00721900 0.00060100
v -0.01074400 0.00070700 0.00597100
v -0.01060600 0.00116100 0.00594400
v -0.01018400 0.00139500 0.00587700
v -0.01058300 0.00169100 0.00589100
v -0.00995000 0.00185400 0.00577100
v -0.09219300 -0.00745500 0.00015200
v -0.07095200 -0.00391900 0.00577300
v -0.01079800 0.00239700 0.00575500
v -0.01095800 0.00158800 0.00599900
v -0.01121100 0.00147600 0.00614100
v -0.04958300 -0.00764200 0.00042700
v -0.07115300 -0.00458900 0.00542000
v -0.09304000 -0.00712500 -0.00036300
v -0.09341400 -0.00695900 -0.00025100
v -0.09341400 -0.00695900 -0.00025100
v -0.01140600 0.00178900 0.00626300
v -0.01156700 0.00164400 0.00632900
v -0.01117600 0.00185200 0.00606200
v -0.01151500 0.00220600 0.00611500
v -0.01103200 0.00212500 0.00589100
v -0.05013800 -0.00763700 0.00026100
v -0.05065200 -0.00760600 0.00026400
v -0.07024500 -0.00273300 0.00604600
v -0.07092600 -0.00300500 0.00603300
v -0.05049100 -0.00766800 -0.00008000
v -0.01166400 0.00029500 0.00644700
v -0.05171400 -0.00757100 0.00073600
v -0.01182000 0.00074600 0.00646000
v -0.09218200 -0.00735600 -0.00073100
v -0.09176000 -0.00756700 -0.00018200
v -0.07184500 -0.00358800 0.00586400
v -0.01227200 0.00118400 0.00645300
v -0.01174400 0.00126000 0.00637800
v -0.01219500 0.00191200 0.00645200
v -0.05266500 -0.00762100 0.00042900
v -0.01182900 0.00196200 0.00635300
v -0.01272800 0.00146700 0.00645900
v -0.09358300 -0.00687100 -0.00084000
v -0.09358300 -0.00687100 -0.00084000
v -0.01284300 0.00083500 0.00647900
v -0.05121500 -0.00765800 -0.00013900
v -0.05088500 -0.00766800 -0.00027900
v -0.05205900 -0.00768100 0.00003300
v -0.01328800 0.00109500 0.00648500
v -0.09370300 -0.00680400 0.00075000
v -0.06262400 -0.00615500 0.00430900
v -0.06243000 -0.00569900 0.00466900
v -0.06321000 -0.00596400 0.00448700
v -0.05265300 -0.00770000 -0.00026800
v -0.05202500 -0.00768700 -0.00063000
v -0.09422300 -0.00643200 0.00064700
v -0.01446400 -0.00232900 0.00631600
v -0.06338500 -0.00640100 0.00405400
v -0.06424200 -0.00594300 0.00447800
v -0.06458600 -0.00657400 0.00377400
v -0.01402900 -0.00171400 0.00644100
v -0.01470400 -0.00174600 0.00642400
v -0.04763700 -0.00499600 0.00506100
v -0.04708800 -0.00539700 0.00477800
v -0.04680600 -0.00495100 0.00511200
v -0.04772400 -0.00550400 0.00466900
v -0.04804600 -0.00518300 0.00495100
v -0.04802100 -0.00583100 0.00436100
v -0.09399400 -0.00659600 -0.00007800
v -0.04829300 -0.00554900 0.00467300
v -0.06184800 -0.00678200 0.00359600
v -0.06182700 -0.00624900 0.00417400
v -0.04868700 -0.00583500 0.00442200
v -0.09165600 -0.00758400 -0.00089800
v -0.04826300 -0.00460500 0.00531600
v -0.09219500 -0.00733300 -0.00120800
v -0.09127600 -0.00774800 -0.00057900
v -0.09159400 -0.00751000 -0.00144600
v -0.09201700 -0.00737300 -0.00164200
v -0.04884000 -0.00510800 0.00500300
v -0.06275100 -0.00674300 0.00367000
v -0.09244300 -0.00723100 -0.00163500
v -0.04920000 -0.00473400 0.00525400
v -0.01425700 -0.00115600 0.00646400
v -0.01527300 -0.00120900 0.00646200
v -0.06361200 -0.00683600 0.00347400
v -0.09275800 -0.00713900 -0.00119500
v -0.04656600 -0.00530800 0.00487400
v -0.01487900 -0.00287000 0.00613500
v -0.01541100 -0.00283200 0.00615100
v -0.06289800 -0.00723600 0.00295000
v -0.06289800 -0.00723600 0.00295000
v -0.09301600 -0.00699400 -0.00157400
v -0.01512200 -0.00234600 0.00628600
v -0.06356100 -0.00728200 0.00280300
v -0.06356100 -0.00728200 0.00280300
v -0.09177500 -0.00735900 -0.00223000
v -0.01616800 -0.00285300 0.00614200
v -0.04911700 -0.00577600 0.00452200
v -0.04909100 -0.00612900 0.00415000
v -0.01583500 -0.00218800 0.00631800
v -0.04957300 -0.00568300 0.00461100
v -0.01525900 -0.00186500 0.00637800
v -0.05052000 -0.00581700 0.00440400
v -0.09552000 -0.00540000 0.00022700
v -0.09480000 -0.00598800 -0.00013100
v -0.01613800 -0.00155700 0.00642600
v -0.09594000 -0.00497900 0.00033500
v -0.04950600 -0.00528200 0.00489800
v -0.01729100 -0.00168200 0.00637800
v -0.01669900 -0.00235400 0.00627800
v -0.05014500 -0.00538000 0.00480300
v -0.05090800 -0.00544700 0.00475900
v -0.01395600 0.00038200 0.00649400
v -0.01469800 -0.00034800 0.00647700
v -0.05065000 -0.00505900 0.00501900
v -0.09624300 -0.00449700 0.00072900
v -0.06561300 -0.00700900 0.00332200
v -0.06502000 -0.00687700 0.00347000
v -0.06559800 -0.00669800 0.00380000
v -0.04712000 -0.00398400 0.00566100
v -0.04799500 -0.00374600 0.00577600
v -0.09639000 -0.00431700 0.00002100
v -0.04732400 -0.00363500 0.00583000
v -0.09584100 -0.00509300 -0.00056700
v -0.06440100 -0.00712900 0.00310000
v -0.09627900 -0.00459800 -0.00074600
v -0.04871300 -0.00428800 0.00550700
v -0.04943600 -0.00422600 0.00554300
v -0.04886400 -0.00361100 0.00582100
v -0.04770500 -0.00268800 0.00611600
v -0.04832300 -0.00315700 0.00596400
v -0.01560800 0.00003500 0.00650400
v -0.06437600 -0.00739300 0.00264400
v -0.06437600 -0.00739300 0.00264400
v -0.01512300 0.00095200 0.00648500
v -0.04906200 -0.00300400 0.00599400
v -0.06495300 -0.00725200 0.00296100
v -0.09659200 -0.00401300 -0.00049000
v -0.05023700 -0.00458000 0.00534000
v -0.06513200 -0.00756700 0.00236300
v -0.06513200 -0.00756700 0.00236300
v -0.01639000 -0.00068300 0.00650400
v -0.01669600 -0.00109600 0.00646700
v -0.09669800 -0.00387300 0.00017700
v -0.05075000 -0.00637500 0.00380700
v -0.01647700 -0.00002500 0.00650100
v -0.01694900 -0.00066000 0.00647500
v -0.05150700 -0.00645100 0.00377500
v -0.01739300 0.00003400 0.00643900
v -0.09723200 -0.00313400 0.00026200
v -0.05215500 -0.00640800 0.00381600
v -0.05131500 -0.00574000 0.00450800
v -0.06286100 -0.00523000 0.00497900
v -0.06385800 -0.00548100 0.00483300
v -0.01591500 0.00074300 0.00648700
v -0.05220900 -0.00606000 0.00421400
v -0.06389200 -0.00491600 0.00518300
v -0.06439000 -0.00513200 0.00506400
v -0.06460400 -0.00561100 0.00474100
v -0.01412300 0.00139500 0.00650100
v -0.09700100 -0.00352900 -0.00037800
v -0.05255600 -0.00713700 0.00285500
v -0.05291900 -0.00658400 0.00355100
v -0.06275600 -0.00459200 0.00533700
v -0.06386100 -0.00431800 0.00549000
v -0.09558600 -0.00523300 -0.00136100
v -0.09606200 -0.00473900 -0.00131600
v -0.05320800 -0.00694900 0.00310200
v -0.06294100 -0.00376500 0.00570000
v -0.09601400 -0.00483100 -0.00174500
v -0.01153900 0.00256800 0.00602500
v -0.01184100 0.00253200 0.00617900
v -0.05334400 -0.00719100 0.00266800
v -0.09626500 -0.00443800 -0.00130400
v -0.01092700 0.00278700 0.00573800
v -0.01133000 0.00327800 0.00588900
v -0.01193200 0.00279300 0.00615700
v -0.05306400 -0.00612200 0.00412400
v -0.01186300 0.00321500 0.00609300
v -0.01223200 0.00286100 0.00622000
v -0.01144100 0.00345900 0.00589000
v -0.05361600 -0.00642000 0.00378000
v -0.01195200 0.00357600 0.00597500
v -0.05403000 -0.00685800 0.00333200
v -0.01272600 0.00202100 0.00643200
v -0.01251600 0.00249300 0.00633200
v -0.01365100 0.00181400 0.00646900
v -0.06497300 -0.00521400 0.00501100
v -0.06524000 -0.00541100 0.00486300
v -0.01320400 0.00266600 0.00628600
v -0.06511100 -0.00593400 0.00444900
v -0.06588900 -0.00588900 0.00453200
v -0.06591100 -0.00523600 0.00501800
v -0.09693200 -0.00361900 -0.00072600
v -0.01399600 0.00290900 0.00626200
v -0.04533700 -0.00754200 0.00004400
v -0.04533700 -0.00754200 0.00004400
v -0.04522500 -0.00743700 0.00067600
v -0.04611800 -0.00761400 0.00008700
v -0.04611800 -0.00761400 0.00008700
v -0.06587600 -0.00629600 0.00421000
v -0.01216500 0.00242400 0.00632400
v -0.09757300 -0.00247300 0.00020800
v -0.09742400 -0.00281400 -0.00023100
v -0.04643100 -0.00758600 0.00028100
v -0.04643100 -0.00758600 0.00028100
v -0.06635700 -0.00609500 0.00438600
v -0.01267200 0.00291600 0.00622800
v -0.09763600 -0.00239100 -0.00045400
v -0.01218000 0.00335400 0.00611200
v -0.04493800 -0.00754400 -0.00007400
v -0.04493800 -0.00754400 -0.00007400
v -0.01229200 0.00392100 0.00596100
v -0.06542900 -0.00513100 0.00505600
v -0.04458900 -0.00756400 -0.00049300
v -0.04434300 -0.00755600 -0.00014900
v -0.04434300 -0.00755600 -0.00014900
v -0.09659300 -0.00405700 -0.00108400
v -0.01280000 0.00353300 0.00604800
v -0.04518500 -0.00752900 -0.00035900
v -0.04548400 -0.00751700 -0.00040200
v -0.09629300 -0.00440400 -0.00181700
v -0.01320700 0.00307600 0.00620600
v -0.09650200 -0.00411200 -0.00174600
v -0.01386300 0.00357200 0.00610600
v -0.01314000 0.00364100 0.00603700
v -0.04674300 -0.00763400 -0.00017800
v -0.04629800 -0.00757900 -0.00041600
v -0.09690400 -0.00377200 -0.00146700
v -0.09587300 -0.00481600 -0.00287200
v -0.09571100 -0.00516000 -0.00230600
v -0.09614500 -0.00459500 -0.00219200
v -0.09626300 -0.00419000 -0.00298800
v -0.01283200 0.00398900 0.00590600
v -0.04801100 -0.00763500 0.00012500
v -0.06630000 -0.00663600 0.00381600
v -0.09637000 -0.00415800 -0.00234500
v -0.04728000 -0.00763100 0.00002700
v -0.09669900 -0.00371900 -0.00227600
v -0.06692600 -0.00683000 0.00348100
v -0.06678600 -0.00650500 0.00386800
v -0.09706100 -0.00350900 -0.00167100
v -0.01338400 0.00428800 0.00577600
v -0.01452700 0.00403500 0.00594300
v -0.04857000 -0.00764300 0.00013700
v -0.04784000 -0.00766800 -0.00018400
v -0.06625600 -0.00722700 0.00297200
v -0.04828400 -0.00764300 -0.00009600
v -0.04839900 -0.00760300 -0.00040000
v -0.04690900 -0.00760100 -0.00053500
v -0.09707400 -0.00352400 -0.00124600
v -0.04665100 -0.00739600 -0.00102600
v -0.09714200 -0.00332200 -0.00084900
v -0.09729700 -0.00297500 -0.00073500
v -0.04720400 -0.00764600 -0.00030900
v -0.09733900 -0.00300800 -0.00115600
v -0.06726100 -0.00738700 0.00267000
v -0.06726100 -0.00738700 0.00267000
v -0.04741100 -0.00740900 -0.00121200
v -0.04767200 -0.00761400 -0.00063400
v -0.06776000 -0.00679100 0.00353500
v -0.09733300 -0.00303500 -0.00149800
v -0.06585700 -0.00752000 0.00251700
v -0.06585700 -0.00752000 0.00251700
v -0.04795000 -0.00738500 -0.00133900
v -0.01720500 0.00086000 0.00643600
v -0.09747700 -0.00267600 -0.00091800
v -0.01552400 0.00169500 0.00643500
v -0.06605300 -0.00774000 0.00191900
v -0.04415200 -0.00747200 -0.00075800
v -0.04466200 -0.00742100 -0.00094800
v -0.04523900 -0.00742600 -0.00080700
v -0.06626700 -0.00767300 0.00215800
v -0.09764200 -0.00230700 -0.00094700
v -0.09746900 -0.00272800 -0.00144000
v -0.04453100 -0.00726500 -0.00130500
v -0.04504600 -0.00724200 -0.00150200
v -0.06680700 -0.00753600 0.00243600
v -0.06680700 -0.00753600 0.00243600
v -0.04582600 -0.00733800 -0.00113100
v -0.01681100 0.00160200 0.00643500
v -0.04634800 -0.00723600 -0.00161200
v -0.04569000 -0.00709000 -0.00219300
v -0.04392600 -0.00719700 -0.00132100
v -0.04486100 -0.00712100 -0.00192100
v -0.09721200 -0.00306100 -0.00209200
v -0.04380500 -0.00697500 -0.00225500
v -0.04429100 -0.00691800 -0.00259400
v -0.06681300 -0.00772000 0.00193100
v -0.09699600 -0.00321900 -0.00256400
v -0.01766400 0.00182200 0.00641500
v -0.01816300 0.00130400 0.00642700
v -0.04504400 -0.00692700 -0.00266300
v -0.01682000 0.00255100 0.00629300
v -0.09748600 -0.00251400 -0.00188800
v -0.09772300 -0.00198200 -0.00161100
v -0.04706500 -0.00716500 -0.00196200
v -0.09729200 -0.00274800 -0.00249900
v -0.09756700 -0.00179800 -0.00276200
v -0.04775900 -0.00721900 -0.00195500
v -0.06817900 -0.00724900 0.00293700
v -0.06811600 -0.00750100 0.00246600
v -0.06811600 -0.00750100 0.00246600
v -0.01771500 0.00289200 0.00623400
v -0.09095600 -0.00734900 -0.00301600
v -0.09075900 -0.00750600 -0.00226000
v -0.09139300 -0.00738000 -0.00254000
v -0.09184200 -0.00724600 -0.00274900
v -0.09137900 -0.00727200 -0.00304700
v -0.04623600 -0.00705200 -0.00242300
v -0.04585800 -0.00700900 -0.00249900
v -0.06898100 -0.00750000 0.00246500
v -0.06898100 -0.00750000 0.00246500
v -0.01467100 0.00184400 0.00643300
v -0.09121500 -0.00716700 -0.00338200
v -0.09167600 -0.00709800 -0.00330300
v -0.09231300 -0.00695600 -0.00310700
v -0.09262900 -0.00702500 -0.00256800
v -0.04769900 -0.00699400 -0.00257400
v -0.04708200 -0.00688300 -0.00290600
v -0.06751100 -0.00760000 0.00217800
v -0.09223500 -0.00676500 -0.00364500
v -0.09264000 -0.00660400 -0.00371000
v -0.01458000 0.00328300 0.00619500
v -0.01502800 0.00291000 0.00625800
v -0.04881900 -0.00765900 -0.00021600
v -0.04918300 -0.00770100 -0.00003000
v -0.06703300 -0.00777200 0.00152400
v -0.09319700 -0.00667000 -0.00277700
v -0.06765700 -0.00770800 0.00173600
v -0.04907300 -0.00759300 -0.00056200
v -0.01588800 0.00275100 0.00625900
v -0.04953100 -0.00763600 -0.00057900
v -0.04978300 -0.00769100 -0.00011900
v -0.06862000 -0.00766300 0.00197600
v -0.06851100 -0.00778800 0.00134800
v -0.05017800 -0.00765700 -0.00050800
v -0.05020300 -0.00745100 -0.00128500
v -0.09078600 -0.00718400 -0.00361000
v -0.09126800 -0.00697200 -0.00374100
v -0.04869700 -0.00740000 -0.00107600
v -0.04936600 -0.00744400 -0.00109600
v -0.09172400 -0.00665600 -0.00405300
v -0.09107500 -0.00671000 -0.00435900
v -0.04955100 -0.00729000 -0.00170800
v -0.06924400 -0.00759500 0.00218200
v -0.01591100 0.00331600 0.00615400
v -0.01508400 0.00365800 0.00608000
v -0.01575900 0.00386100 0.00597400
v -0.09239200 -0.00642100 -0.00418100
v -0.06698000 -0.00588700 0.00447900
v -0.06736400 -0.00643400 0.00390500
v -0.05059100 -0.00756700 -0.00092000
v -0.05124300 -0.00760600 -0.00075900
v -0.09304600 -0.00614400 -0.00413000
v -0.01503300 0.00409700 0.00589300
v -0.01427400 0.00481300 0.00546800
v -0.01486700 0.00440600 0.00572300
v -0.09381100 -0.00625300 -0.00322700
v -0.09389400 -0.00640900 -0.00229400
v -0.09389400 -0.00640900 -0.00229400
v -0.05203700 -0.00754200 -0.00126600
v -0.09335800 -0.00636900 -0.00347700
v -0.05073100 -0.00737400 -0.00157900
v -0.05133000 -0.00732200 -0.00170500
v -0.01544300 0.00442900 0.00568800
v -0.01643400 0.00421600 0.00575600
v -0.05019700 -0.00717800 -0.00210300
v -0.01541900 0.00512100 0.00523100
v -0.01608600 0.00488500 0.00537000
v -0.01667100 0.00464500 0.00550400
v -0.05192100 -0.00720400 -0.00217600
v -0.01643700 0.00327000 0.00612700
v -0.04850400 -0.00724400 -0.00185900
v -0.04830100 -0.00702500 -0.00251300
v -0.09359400 -0.00604300 -0.00403100
v -0.09354600 -0.00580600 -0.00467900
v -0.09305100 -0.00589500 -0.00477100
v -0.04925300 -0.00717300 -0.00225000
v -0.01630400 0.00365700 0.00601700
v -0.01714300 0.00358300 0.00603800
v -0.09442100 -0.00611300 -0.00273200
v -0.09442100 -0.00611300 -0.00273200
v -0.06572800 -0.00781600 0.00134500
v -0.06648700 -0.00781100 0.00138500
v -0.09459000 -0.00592600 -0.00329900
v -0.04805300 -0.00684600 -0.00297900
v -0.01820800 0.00369200 0.00601600
v -0.04753300 -0.00683500 -0.00309300
v -0.04869200 -0.00673700 -0.00323800
v -0.06607400 -0.00783000 0.00103200
v -0.09422100 -0.00587300 -0.00374400
v -0.04928400 -0.00703300 -0.00265100
v -0.09484800 -0.00586600 -0.00291200
v -0.09484800 -0.00586600 -0.00291200
v -0.05002600 -0.00703300 -0.00261000
v -0.09496500 -0.00564200 -0.00334900
v -0.09496500 -0.00564200 -0.00334900
v -0.04940000 -0.00663700 -0.00345100
v -0.06744900 -0.00779800 0.00106100
v -0.09479800 -0.00566600 -0.00361600
v -0.06682000 -0.00781300 0.00074300
v -0.09536500 -0.00535200 -0.00299900
v -0.06767500 -0.00781100 0.00053900
v -0.04984000 -0.00689200 -0.00300000
v -0.04989600 -0.00665900 -0.00347500
v -0.01760700 0.00430400 0.00569900
v -0.05102900 -0.00703400 -0.00265300
v -0.06811100 -0.00779700 0.00105400
v -0.09555300 -0.00500300 -0.00366800
v -0.09523000 -0.00527000 -0.00368500
v -0.09523000 -0.00527000 -0.00368500
v -0.09406800 -0.00563200 -0.00439900
v -0.05195400 -0.00691200 -0.00304900
v -0.01709600 0.00486600 0.00538300
v -0.05027100 -0.00685100 -0.00305200
v -0.09454200 -0.00547000 -0.00412300
v -0.01792100 0.00485900 0.00541000
v -0.01867400 0.00434800 0.00574300
v -0.06682100 -0.00779100 0.00004000
v -0.05067800 -0.00662000 -0.00346200
v -0.01744600 0.00540300 0.00503800
v -0.05144100 -0.00644400 -0.00375700
v -0.06775200 -0.00782100 -0.00012900
v -0.06799200 -0.00783100 0.00019300
v -0.01061600 0.00286500 0.00560900
v -0.06719000 -0.00784000 -0.00069700
v -0.09475200 -0.00507300 -0.00447000
v -0.06843400 -0.00784200 -0.00053600
v -0.09428700 -0.00528400 -0.00467200
v -0.01073500 0.00316800 0.00558600
v -0.05328700 -0.00753400 0.00161700
v -0.05328700 -0.00753400 0.00161700
v -0.05342700 -0.00748100 0.00192400
v -0.01110700 0.00401300 0.00553900
v -0.01088500 0.00368300 0.00550800
v -0.01051600 0.00405600 0.00523000
v -0.06352400 -0.00362800 0.00576600
v -0.05319500 -0.00756400 0.00090000
v -0.05395700 -0.00756900 0.00149900
v -0.05395700 -0.00756900 0.00149900
v -0.01114800 0.00362800 0.00570700
v -0.09014300 -0.00663600 -0.00476100
v -0.09042000 -0.00704800 -0.00402500
v -0.05483800 -0.00756100 0.00182000
v -0.05483800 -0.00756100 0.00182000
v -0.05422500 -0.00760900 0.00065200
v -0.01140800 0.00396800 0.00566700
v -0.01170700 0.00381700 0.00578200
v -0.01205900 0.00403400 0.00583000
v -0.09181200 -0.00641000 -0.00446800
v -0.06345000 -0.00314200 0.00589800
v -0.09113500 -0.00635500 -0.00484600
v -0.01124100 0.00425600 0.00551700
v -0.05337100 -0.00767900 0.00001300
v -0.01090400 0.00441200 0.00530900
v -0.01063100 0.00447700 0.00509500
v -0.01030200 0.00412900 0.00509600
v -0.09192400 -0.00608000 -0.00492100
v -0.05510600 -0.00759500 0.00100800
v -0.05486200 -0.00762300 0.00043400
v -0.05412500 -0.00771300 -0.00018100
v -0.06395300 -0.00248300 0.00606100
v -0.01168800 0.00423100 0.00564600
v -0.01202400 0.00459800 0.00562200
v -0.01160600 0.00458800 0.00551400
v -0.01114800 0.00476300 0.00535900
v -0.09238500 -0.00618800 -0.00465200
v -0.05343100 -0.00769900 -0.00047400
v -0.05270100 -0.00763700 -0.00110600
v -0.01139600 0.00492700 0.00532900
v -0.01198700 0.00485100 0.00549200
v -0.09272300 -0.00611900 -0.00456500
v -0.09269400 -0.00601000 -0.00478300
v -0.01098000 0.00501900 0.00503400
v -0.01071000 0.00501100 0.00478400
v -0.05411700 -0.00768400 -0.00061800
v -0.09241100 -0.00577900 -0.00509300
v -0.05444200 -0.00771400 -0.00036400
v -0.05361200 -0.00759600 -0.00110700
v -0.01108100 0.00534300 0.00483300
v -0.01128700 0.00519800 0.00504000
v -0.05488500 -0.00771400 -0.00009100
v -0.05524600 -0.00765700 0.00022900
v -0.01180700 0.00514800 0.00523000
v -0.05548400 -0.00771300 -0.00029700
v -0.09020600 -0.00612200 -0.00536100
v -0.09103100 -0.00592500 -0.00540700
v -0.09144500 -0.00591200 -0.00532200
v -0.06428100 -0.00172900 0.00614700
v -0.06361400 -0.00183100 0.00614600
v -0.05504500 -0.00771000 -0.00042100
v -0.06408300 -0.00086300 0.00622600
v -0.06469700 -0.00096500 0.00619100
v -0.01241500 0.00533000 0.00521900
v -0.05454700 -0.00758800 -0.00098300
v -0.09048700 -0.00562500 -0.00582700
v -0.01174200 0.00560700 0.00490300
v -0.05544000 -0.00764400 -0.00087700
v -0.01131200 0.00558000 0.00474700
v -0.05619300 -0.00768400 -0.00046300
v -0.01233900 0.00435600 0.00577100
v -0.05395600 -0.00724100 0.00267200
v -0.01284500 0.00461900 0.00561500
v -0.05452400 -0.00711400 0.00291800
v -0.05457900 -0.00736600 0.00240600
v -0.05425600 -0.00747900 0.00200900
v -0.09160500 -0.00567100 -0.00560700
v -0.01234200 0.00480600 0.00556800
v -0.09111700 -0.00545800 -0.00589600
v -0.05516400 -0.00715700 0.00285600
v -0.09189400 -0.00559500 -0.00555200
v -0.01332800 0.00495100 0.00539700
v -0.01276400 0.00512000 0.00535900
v -0.05513100 -0.00740600 0.00230800
v -0.05488200 -0.00688200 0.00330300
v -0.09244800 -0.00534200 -0.00556400
v -0.09276500 -0.00561600 -0.00510800
v -0.09170500 -0.00535800 -0.00583100
v -0.06506400 -0.00056100 0.00620300
v -0.06602000 -0.00061200 0.00624500
v -0.05585700 -0.00722000 0.00274000
v -0.09213500 -0.00524600 -0.00585800
v -0.01317400 0.00540300 0.00512900
v -0.09261800 -0.00493000 -0.00588600
v -0.01384800 0.00559700 0.00500300
v -0.01267700 0.00583200 0.00472100
v -0.05541900 -0.00757000 0.00168000
v -0.05541900 -0.00757000 0.00168000
v -0.07157600 -0.00614400 0.00435700
v -0.07115300 -0.00654400 0.00390400
v -0.01237700 0.00570000 0.00482000
v -0.07194600 -0.00663500 0.00386600
v -0.01337500 0.00593500 0.00467800
v -0.05592900 -0.00750700 0.00201100
v -0.09337700 -0.00548200 -0.00506400
v -0.05630900 -0.00757000 0.00174400
v -0.05630900 -0.00757000 0.00174400
v -0.05693100 -0.00754000 0.00203400
v -0.01043400 0.00492000 0.00454200
v -0.01035100 0.00467700 0.00472200
v -0.07005900 -0.00717500 0.00303400
v -0.07059300 -0.00689800 0.00346600
v -0.01059100 0.00519400 0.00434500
v -0.01100000 0.00549200 0.00458800
v -0.05728000 -0.00760000 0.00170500
v -0.05728000 -0.00760000 0.00170500
v -0.05699200 -0.00764800 0.00087100
v -0.01062800 0.00538400 0.00399100
v -0.05670100 -0.00736600 0.00248300
v -0.01104600 0.00579100 0.00396500
v -0.07079300 -0.00720900 0.00297800
v -0.07145300 -0.00687100 0.00350600
v -0.01167500 0.00580900 0.00459700
v -0.01120200 0.00573200 0.00441700
v -0.01146200 0.00591300 0.00429000
v -0.05746200 -0.00745400 0.00226000
v -0.07173100 -0.00731000 0.00288900
v -0.01201200 0.00603000 0.00419400
v -0.01138800 0.00605700 0.00394400
v -0.01172000 0.00608000 0.00408400
v -0.07054200 -0.00655400 0.00386600
v -0.05591400 -0.00765600 0.00064700
v -0.01069900 0.00568000 0.00362200
v -0.01105500 0.00620800 0.00324300
v -0.01158800 0.00632300 0.00373700
v -0.01195800 0.00627900 0.00395800
v -0.01149500 0.00667100 0.00325600
v -0.01197200 0.00662100 0.00366400
v -0.01254900 0.00614300 0.00426800
v -0.09363800 -0.00527500 -0.00517300
v -0.09395400 -0.00501700 -0.00524600
v -0.07294400 -0.00683300 0.00368400
v -0.07222800 -0.00690800 0.00355500
v -0.01475600 0.00545600 0.00504800
v -0.05599700 -0.00769900 0.00004800
v -0.05667300 -0.00773000 0.00012800
v -0.09441200 -0.00481000 -0.00496100
v -0.09505700 -0.00479600 -0.00454900
v -0.07144000 -0.00747800 0.00260400
v -0.07203300 -0.00742500 0.00265200
v -0.05792500 -0.00752300 0.00201100
v -0.05792500 -0.00752300 0.00201100
v -0.09498000 -0.00430400 -0.00497100
v -0.07247400 -0.00713900 0.00319700
v -0.07262600 -0.00751100 0.00235100
v -0.07262600 -0.00751100 0.00235100
v -0.05789500 -0.00764600 0.00073000
v -0.09288300 -0.00511200 -0.00553700
v -0.09341800 -0.00509400 -0.00542200
v -0.01432700 0.00573200 0.00486700
v -0.05825400 -0.00761800 0.00146500
v -0.01394500 0.00651800 0.00409500
v -0.05853400 -0.00754400 0.00191600
v -0.05853400 -0.00754400 0.00191600
v -0.05925700 -0.00746800 0.00217900
v -0.05925700 -0.00746800 0.00217900
v -0.05898100 -0.00762000 0.00153400
v -0.09366300 -0.00489400 -0.00554900
v -0.05883500 -0.00770200 0.00046000
v -0.05937200 -0.00770900 0.00081400
v -0.01179400 0.00688900 0.00313600
v -0.09289500 -0.00460900 -0.00613300
v -0.09339100 -0.00477200 -0.00577900
v -0.01323000 0.00647100 0.00402800
v -0.09377700 -0.00469900 -0.00563400
v -0.01233600 0.00649100 0.00391500
v -0.09336400 -0.00441200 -0.00613600
v -0.05765200 -0.00775100 0.00011800
v -0.01283900 0.00674400 0.00372100
v -0.07325600 -0.00722800 0.00297700
v -0.05831800 -0.00777300 -0.00027800
v -0.07367600 -0.00709300 0.00323500
v -0.01348100 0.00669400 0.00381100
v -0.09413900 -0.00378300 -0.00595400
v -0.09422600 -0.00437900 -0.00548500
v -0.01393600 0.00686900 0.00351400
v -0.01226200 0.00673000 0.00359800
v -0.09471900 -0.00401800 -0.00543800
v -0.05977900 -0.00753700 0.00194700
v -0.05989000 -0.00764000 0.00138600
v -0.01244000 0.00705000 0.00295400
v -0.01273000 0.00697800 0.00323800
v -0.01319700 0.00702900 0.00331400
v -0.01300100 0.00711500 0.00301400
v -0.06066200 -0.00771900 0.00088600
v -0.06013500 -0.00777300 0.00048100
v -0.01363900 0.00722200 0.00279100
v -0.07379600 -0.00747500 0.00250700
v -0.07379600 -0.00747500 0.00250700
v -0.07463100 -0.00730900 0.00296600
v -0.05885200 -0.00780000 -0.00026700
v -0.05946600 -0.00778700 -0.00008000
v -0.09547800 -0.00473400 -0.00422400
v -0.09547800 -0.00473400 -0.00422400
v -0.06033100 -0.00776500 -0.00030600
v -0.01595800 0.00535200 0.00510000
v -0.07439900 -0.00752900 0.00250000
v -0.07439900 -0.00752900 0.00250000
v -0.09537600 -0.00457500 -0.00447200
v -0.09537600 -0.00457500 -0.00447200
v -0.09567300 -0.00454100 -0.00422900
v -0.07516900 -0.00747700 0.00264900
v -0.01552700 0.00565000 0.00484300
v -0.06054500 -0.00760300 0.00180000
v -0.07515400 -0.00762500 0.00226900
v -0.07515400 -0.00762500 0.00226900
v -0.01627100 0.00564500 0.00490100
v -0.07473600 -0.00783800 0.00151300
v -0.01491700 0.00597900 0.00456200
v -0.05707400 -0.00771900 -0.00028700
v -0.07594100 -0.00766500 0.00229000
v -0.07594100 -0.00766500 0.00229000
v -0.05787000 -0.00772300 -0.00069100
v -0.05719300 -0.00765200 -0.00097300
v -0.01577200 0.00602800 0.00446200
v -0.09470900 -0.00363600 -0.00573100
v -0.09527800 -0.00359500 -0.00543300
v -0.05896100 -0.00779200 -0.00057800
v -0.01527900 0.00636400 0.00410800
v -0.07542600 -0.00784300 0.00158600
v -0.05968000 -0.00770600 -0.00067500
v -0.09476200 -0.00319800 -0.00606400
v -0.09508800 -0.00319600 -0.00588300
v -0.01610900 0.00647100 0.00398700
v -0.06014900 -0.00764400 -0.00092500
v -0.05977500 -0.00758000 -0.00131100
v -0.01651900 0.00531500 0.00513500
v -0.05970700 -0.00745600 -0.00221800
v -0.05909900 -0.00757800 -0.00157100
v -0.05914600 -0.00742600 -0.00236000
v -0.07642200 -0.00785300 0.00168500
v -0.07663000 -0.00775200 0.00210200
v -0.07663000 -0.00775200 0.00210200
v -0.01679700 0.00556000 0.00499800
v -0.07697600 -0.00785600 0.00179500
v -0.09595800 -0.00444900 -0.00352900
v -0.05269900 -0.00739800 -0.00181200
v -0.01689300 0.00588900 0.00468100
v -0.01732300 0.00581500 0.00474700
v -0.01638500 0.00617100 0.00431700
v -0.01776300 0.00557000 0.00495100
v -0.01790000 0.00590000 0.00469800
v -0.01740400 0.00622000 0.00435000
v -0.01826000 0.00628700 0.00433900
v -0.05265400 -0.00714200 -0.00253300
v -0.09678600 -0.00337200 -0.00326200
v -0.01680600 0.00658500 0.00392300
v -0.05345700 -0.00720200 -0.00234300
v -0.07351900 -0.00533200 0.00504000
v -0.07314200 -0.00565000 0.00481100
v -0.07303600 -0.00526700 0.00508800
v -0.05426200 -0.00740000 -0.00200000
v -0.09605900 -0.00406600 -0.00422400
v -0.07404200 -0.00538000 0.00503700
v -0.07365900 -0.00576000 0.00470900
v -0.01758400 0.00660600 0.00401600
v -0.09577900 -0.00422800 -0.00445000
v -0.07427000 -0.00583800 0.00465800
v -0.07468100 -0.00528000 0.00513900
v -0.05495000 -0.00747300 -0.00154900
v -0.09613900 -0.00366300 -0.00449500
v -0.05630300 -0.00742500 -0.00177200
v -0.01801700 0.00689700 0.00369500
v -0.09642400 -0.00366200 -0.00385500
v -0.07291700 -0.00393200 0.00579000
v -0.07236200 -0.00465000 0.00543300
v -0.07186100 -0.00427700 0.00561100
v -0.05607900 -0.00724600 -0.00263400
v -0.01728200 0.00692100 0.00354300
v -0.05509900 -0.00724200 -0.00245000
v -0.09675900 -0.00322100 -0.00367200
v -0.07322500 -0.00461500 0.00547100
v -0.01465800 0.00653700 0.00395000
v -0.09646800 -0.00328400 -0.00420900
v -0.05416900 -0.00715000 -0.00263600
v -0.01509100 0.00678500 0.00357700
v -0.01451900 0.00685400 0.00351400
v -0.01501500 0.00702000 0.00324400
v -0.09701300 -0.00292400 -0.00331300
v -0.05527300 -0.00697100 -0.00320400
v -0.07282100 -0.00299300 0.00604200
v -0.01564400 0.00672900 0.00361100
v -0.07372900 -0.00369700 0.00588500
v -0.01547600 0.00698300 0.00324200
v -0.01611600 0.00709000 0.00308500
v -0.01644200 0.00677000 0.00361900
v -0.01439600 0.00716300 0.00298900
v -0.05327900 -0.00696300 -0.00299300
v -0.07377400 -0.00499900 0.00525900
v -0.01430900 0.00728000 0.00261000
v -0.09730900 -0.00214500 -0.00332200
v -0.01481200 0.00727800 0.00256500
v -0.07384700 -0.00445200 0.00557800
v -0.01537200 0.00720000 0.00278600
v -0.05241300 -0.00652100 -0.00373900
v -0.07448200 -0.00448900 0.00558200
v -0.09699200 -0.00267700 -0.00371100
v -0.01572300 0.00736500 0.00226600
v -0.09675100 -0.00285100 -0.00410800
v -0.09685800 -0.00229500 -0.00431800
v -0.09729500 -0.00164000 -0.00386900
v -0.05296500 -0.00665000 -0.00356500
v -0.01683200 0.00710400 0.00316100
v -0.05358800 -0.00670500 -0.00348600
v -0.05282000 -0.00645300 -0.00384100
v -0.09746600 -0.00157600 -0.00342200
v -0.05352100 -0.00639800 -0.00397000
v -0.05312800 -0.00613700 -0.00418900
v -0.07431300 -0.00406700 0.00573500
v -0.07450300 -0.00332900 0.00602200
v -0.05393800 -0.00689900 -0.00319300
v -0.09540600 -0.00412800 -0.00476200
v -0.09540600 -0.00412800 -0.00476200
v -0.05469500 -0.00697500 -0.00308200
v -0.01777800 0.00719800 0.00318400
v -0.05411900 -0.00673000 -0.00347000
v -0.09593300 -0.00361700 -0.00479200
v -0.07505600 -0.00443000 0.00563700
v -0.07525200 -0.00516900 0.00522400
v -0.05472000 -0.00659300 -0.00367500
v -0.09557500 -0.00353800 -0.00519600
v -0.09557500 -0.00353800 -0.00519600
v -0.01637300 0.00732100 0.00260400
v -0.01685100 0.00730000 0.00270700
v -0.05532300 -0.00657100 -0.00373900
v -0.07485100 -0.00402800 0.00579100
v -0.01626000 0.00740700 0.00210000
v -0.01689200 0.00741800 0.00217300
v -0.01745800 0.00739100 0.00256300
v -0.09628100 -0.00323900 -0.00457300
v -0.05416200 -0.00620900 -0.00417600
v -0.07105800 -0.00580700 0.00461600
v -0.09655400 -0.00279600 -0.00448300
v -0.05379600 -0.00611100 -0.00427000
v -0.09593000 -0.00319200 -0.00506700
v -0.01735700 0.00749000 0.00200300
v -0.01792000 0.00757100 0.00197600
v -0.09628200 -0.00252600 -0.00501000
v -0.07166600 -0.00563500 0.00478900
v -0.05612500 -0.00693000 -0.00335900
v -0.07206000 -0.00591300 0.00459700
v -0.09543900 -0.00319600 -0.00565100
v -0.09543900 -0.00319600 -0.00565100
v -0.07287300 -0.00612700 0.00439300
v -0.09578200 -0.00270300 -0.00557600
v -0.07118800 -0.00519600 0.00507900
v -0.07169600 -0.00507900 0.00517200
v -0.05485000 -0.00630900 -0.00406800
v -0.02147800 -0.00511600 0.00481400
v -0.02154900 -0.00561900 0.00433600
v -0.02096300 -0.00529600 0.00464800
v -0.09545600 -0.00286800 -0.00583100
v -0.09545600 -0.00286800 -0.00583100
v -0.02206200 -0.00487400 0.00497500
v -0.02239600 -0.00527900 0.00458100
v -0.05432600 -0.00603200 -0.00435200
v -0.09551400 -0.00252000 -0.00592400
v -0.09551400 -0.00252000 -0.00592400
v -0.05547100 -0.00601000 -0.00438400
v -0.09605400 -0.00195600 -0.00563200
v -0.05684600 -0.00732800 -0.00254000
v -0.02222000 -0.00597700 0.00400900
v -0.07226000 -0.00544500 0.00496300
v -0.07261800 -0.00565200 0.00481600
v -0.02295900 -0.00563100 0.00425800
v -0.02271700 -0.00603600 0.00387400
v -0.05768600 -0.00745500 -0.00205700
v -0.09649200 -0.00179300 -0.00509100
v -0.05757000 -0.00727000 -0.00268400
v -0.01832700 -0.00381800 0.00575500
v -0.01902000 -0.00408300 0.00560600
v -0.01834700 -0.00439800 0.00539500
v -0.01776100 -0.00309600 0.00604700
v -0.01896800 -0.00317600 0.00600600
v -0.05650900 -0.00710000 -0.00304900
v -0.05711000 -0.00718600 -0.00291200
v -0.01934900 -0.00473700 0.00518600
v -0.01894200 -0.00484700 0.00507900
v -0.02012100 -0.00435000 0.00547000
v -0.05680500 -0.00690600 -0.00336600
v -0.09701000 -0.00135200 -0.00464400
v -0.05818400 -0.00730400 -0.00256800
v -0.05853100 -0.00748900 -0.00197900
v -0.01789200 -0.00248100 0.00623000
v -0.01883700 -0.00224200 0.00627200
v -0.01949100 -0.00279200 0.00613000
v -0.05884000 -0.00727500 -0.00280500
v -0.02000500 -0.00345300 0.00587400
v -0.07375300 -0.00661200 0.00389100
v -0.05923400 -0.00724100 -0.00294100
v -0.07354900 -0.00624300 0.00423200
v -0.01994500 -0.00285300 0.00609600
v -0.05783400 -0.00712800 -0.00300100
v -0.01862500 -0.00171100 0.00632000
v -0.05839000 -0.00710300 -0.00315300
v -0.05767000 -0.00694200 -0.00330500
v -0.09623400 -0.00156000 -0.00554500
v -0.01996200 -0.00234500 0.00625100
v -0.05817300 -0.00689300 -0.00348300
v -0.01931800 -0.00175700 0.00632100
v -0.05883100 -0.00699000 -0.00335200
v -0.05954000 -0.00696800 -0.00343800
v -0.09656600 -0.00125400 -0.00527800
v -0.02058000 -0.00271000 0.00614800
v -0.09622400 -0.00103300 -0.00578200
v -0.05871200 -0.00663600 -0.00383400
v -0.01997600 -0.00173100 0.00634600
v -0.05931300 -0.00680300 -0.00367200
v -0.07413000 -0.00613600 0.00431900
v -0.09664800 -0.00055800 -0.00545100
v -0.05659100 -0.00651300 -0.00385500
v -0.01932100 -0.00081400 0.00640900
v -0.01995400 -0.00116800 0.00638300
v -0.09709600 -0.00059300 -0.00481000
v -0.05591200 -0.00636200 -0.00401200
v -0.02075600 -0.00207300 0.00629800
v -0.02069400 -0.00143500 0.00634500
v -0.05731500 -0.00655100 -0.00381800
v -0.05685300 -0.00612000 -0.00428800
v -0.09061200 -0.00532400 -0.00608500
v -0.02021000 -0.00480300 0.00506000
v -0.09123700 -0.00507200 -0.00618900
v -0.02069800 -0.00396500 0.00565800
v -0.02117100 -0.00449400 0.00530600
v -0.02127900 -0.00423800 0.00552500
v -0.02175900 -0.00455100 0.00523200
v -0.09056400 -0.00494400 -0.00633400
v -0.05627400 -0.00578700 -0.00460100
v -0.09097600 -0.00466700 -0.00653800
v -0.02055100 -0.00325600 0.00595700
v -0.02111800 -0.00367700 0.00582600
v -0.09184900 -0.00511300 -0.00602400
v -0.09218500 -0.00475800 -0.00627100
v -0.05695100 -0.00550700 -0.00493700
v -0.05745300 -0.00596500 -0.00455300
v -0.05738000 -0.00559500 -0.00490700
v -0.05648800 -0.00541100 -0.00504500
v -0.07515600 -0.00603100 0.00451800
v -0.07488000 -0.00646700 0.00403000
v -0.07476300 -0.00620300 0.00435500
v -0.02157800 -0.00386100 0.00574200
v -0.09169100 -0.00465200 -0.00636900
v -0.02198600 -0.00404800 0.00560000
v -0.07496900 -0.00589000 0.00466600
v -0.05777300 -0.00668700 -0.00368900
v -0.05768500 -0.00644800 -0.00394100
v -0.05823200 -0.00667800 -0.00379400
v -0.02123800 -0.00308600 0.00604000
v -0.05831900 -0.00646000 -0.00404600
v -0.07543800 -0.00645100 0.00393400
v -0.09067700 -0.00431200 -0.00676100
v -0.05790400 -0.00616400 -0.00431400
v -0.07579800 -0.00607200 0.00439300
v -0.09099700 -0.00417600 -0.00683100
v -0.02238700 -0.00384300 0.00569600
v -0.02289400 -0.00392700 0.00563600
v -0.02265300 -0.00444700 0.00533400
v -0.05877500 -0.00628100 -0.00421700
v -0.02330700 -0.00443000 0.00531900
v -0.05948700 -0.00627900 -0.00429700
v -0.05847600 -0.00584000 -0.00463300
v -0.05789800 -0.00590800 -0.00460500
v -0.07631800 -0.00633800 0.00415300
v -0.07627400 -0.00691300 0.00352100
v -0.07696000 -0.00653800 0.00411000
v -0.02282800 -0.00483300 0.00501100
v -0.02331900 -0.00483200 0.00505200
v -0.05827600 -0.00558400 -0.00494600
v -0.09260200 -0.00456000 -0.00627200
v -0.07697000 -0.00619600 0.00442200
v -0.05921600 -0.00576900 -0.00477400
v -0.09209600 -0.00432500 -0.00659000
v -0.09240300 -0.00452200 -0.00641700
v -0.09259200 -0.00415000 -0.00656900
v -0.05881200 -0.00547100 -0.00504600
v -0.05832800 -0.00515200 -0.00526100
v -0.05928400 -0.00541900 -0.00507500
v -0.09170700 -0.00421500 -0.00668500
v -0.05919100 -0.00505600 -0.00530500
v -0.09018900 -0.00408500 -0.00693700
v -0.09075400 -0.00341000 -0.00709600
v -0.07558200 -0.00396300 0.00583500
v -0.07596000 -0.00458800 0.00558400
v -0.02138700 -0.00257700 0.00619100
v -0.09145100 -0.00361400 -0.00694100
v -0.07616300 -0.00516100 0.00519200
v -0.07651900 -0.00497500 0.00532900
v -0.04379700 -0.00674600 -0.00283000
v -0.04354300 -0.00679300 -0.00267100
v -0.02206200 -0.00245300 0.00619600
v -0.02217900 -0.00316100 0.00597300
v -0.04438300 -0.00671700 -0.00314400
v -0.04478900 -0.00680100 -0.00300600
v -0.02132300 -0.00198200 0.00628800
v -0.04551800 -0.00692200 -0.00270300
v -0.09218300 -0.00391100 -0.00674600
v -0.07681600 -0.00447900 0.00564600
v -0.04518000 -0.00684300 -0.00293900
v -0.02127200 -0.00112800 0.00637500
v -0.04508000 -0.00672500 -0.00314900
v -0.09263900 -0.00361700 -0.00680500
v -0.07563300 -0.00569900 0.00476900
v -0.04574600 -0.00673100 -0.00305100
v -0.04544300 -0.00663400 -0.00321100
v -0.04584400 -0.00658700 -0.00328600
v -0.04382100 -0.00647700 -0.00331900
v -0.04363000 -0.00661400 -0.00306100
v -0.02207500 -0.00166100 0.00631800
v -0.02259500 -0.00175900 0.00630000
v -0.02264800 -0.00235900 0.00621100
v -0.02304900 -0.00347200 0.00584500
v -0.09212100 -0.00323600 -0.00707000
v -0.04449400 -0.00630300 -0.00364200
v -0.04469200 -0.00656800 -0.00332800
v -0.07634500 -0.00563700 0.00478000
v -0.02315200 -0.00264100 0.00614200
v -0.04506400 -0.00644700 -0.00343400
v -0.04572200 -0.00622100 -0.00369700
v -0.02360800 -0.00376400 0.00571700
v -0.04504300 -0.00608400 -0.00385800
v -0.04448700 -0.00579300 -0.00420100
v -0.02374700 -0.00332300 0.00591700
v -0.09261000 -0.00303800 -0.00703800
v -0.09214100 -0.00258400 -0.00722700
v -0.04622100 -0.00677700 -0.00303500
v -0.02415500 -0.00258200 0.00620100
v -0.02354600 -0.00192000 0.00629300
v -0.09291200 -0.00430600 -0.00638700
v -0.02438400 -0.00330800 0.00594700
v -0.04649900 -0.00653300 -0.00349700
v -0.04715400 -0.00663500 -0.00334700
v -0.04778100 -0.00665000 -0.00334900
v -0.09358800 -0.00379200 -0.00640800
v -0.09307300 -0.00397300 -0.00654200
v -0.04775600 -0.00630000 -0.00377000
v -0.09316200 -0.00340000 -0.00680400
v -0.02335900 -0.00596200 0.00388700
v -0.04635800 -0.00630200 -0.00375700
v -0.02449500 -0.00586400 0.00407400
v -0.02435200 -0.00627700 0.00354900
v -0.07707600 -0.00554300 0.00495600
v -0.04617500 -0.00592400 -0.00407100
v -0.04563300 -0.00575000 -0.00418800
v -0.07784100 -0.00590400 0.00477400
v -0.07787100 -0.00554200 0.00504000
v -0.04695700 -0.00627500 -0.00383400
v -0.07743800 -0.00471500 0.00554500
v -0.04661300 -0.00606300 -0.00407100
v -0.04721400 -0.00599700 -0.00411300
v -0.02513300 -0.00618400 0.00374400
v -0.02565300 -0.00615000 0.00380200
v -0.02536700 -0.00636600 0.00347400
v -0.04660500 -0.00564500 -0.00439400
v -0.04727800 -0.00542900 -0.00460700
v -0.02540600 -0.00664300 0.00298400
v -0.02469000 -0.00649400 0.00327300
v -0.07833400 -0.00496300 0.00546000
v -0.07843000 -0.00571900 0.00489500
v -0.04377100 -0.00593300 -0.00395300
v -0.02586000 -0.00631700 0.00357500
v -0.09351700 -0.00311100 -0.00679000
v -0.09307800 -0.00266900 -0.00707500
v -0.04366600 -0.00541300 -0.00444200
v -0.02607400 -0.00676100 0.00274800
v -0.02645800 -0.00651700 0.00321600
v -0.04491100 -0.00545200 -0.00456700
v -0.04429600 -0.00537800 -0.00459200
v -0.02702700 -0.00670000 0.00295100
v -0.02697700 -0.00688100 0.00250500
v -0.08997000 -0.00345000 -0.00716400
v -0.02744800 -0.00675100 0.00285600
v -0.09116900 -0.00300300 -0.00723200
v -0.07774600 -0.00635200 0.00426000
v -0.04565000 -0.00522800 -0.00472600
v -0.02758300 -0.00699900 0.00214900
v -0.02795300 -0.00682100 0.00264500
v -0.07770300 -0.00678400 0.00375300
v -0.02869100 -0.00690800 0.00237900
v -0.02797900 -0.00706000 0.00194000
v -0.04394000 -0.00485000 -0.00490800
v -0.02856300 -0.00706000 0.00185500
v -0.04455300 -0.00498400 -0.00486800
v -0.02920600 -0.00710800 0.00177100
v -0.04341200 -0.00494900 -0.00480500
v -0.09163600 -0.00281900 -0.00724400
v -0.09056000 -0.00305300 -0.00728400
v -0.04434900 -0.00462200 -0.00509000
v -0.07448800 -0.00654800 0.00395200
v -0.07428700 -0.00675600 0.00367400
v -0.02569500 -0.00286800 0.00605700
v -0.02640200 -0.00314900 0.00596700
v -0.02567800 -0.00357600 0.00577900
v -0.04526400 -0.00495200 -0.00493200
v -0.09074900 -0.00249900 -0.00751700
v -0.09148200 -0.00248900 -0.00743000
v -0.07483700 -0.00684100 0.00352700
v -0.04483100 -0.00446100 -0.00520400
v -0.02641600 -0.00374300 0.00571900
v -0.02732400 -0.00435500 0.00545100
v -0.02656700 -0.00461100 0.00522100
v -0.04591200 -0.00548600 -0.00446800
v -0.04614400 -0.00524400 -0.00467100
v -0.02713100 -0.00362100 0.00582600
v -0.07550600 -0.00712000 0.00322200
v -0.02760000 -0.00379800 0.00576500
v -0.09106500 -0.00206700 -0.00762400
v -0.09021100 -0.00183800 -0.00766200
v -0.02458500 -0.00549100 0.00447600
v -0.02427200 -0.00503000 0.00490500
v -0.02520000 -0.00514000 0.00478900
v -0.02517000 -0.00577100 0.00419000
v -0.02407400 -0.00445000 0.00534700
v -0.04545300 -0.00456900 -0.00518800
v -0.04574800 -0.00481700 -0.00500800
v -0.04539700 -0.00392700 -0.00544300
v -0.04674400 -0.00527300 -0.00465100
v -0.02480000 -0.00440500 0.00538300
v -0.04626400 -0.00487800 -0.00492200
v -0.09408900 -0.00331500 -0.00633800
v -0.02558100 -0.00468000 0.00513900
v -0.04665800 -0.00468600 -0.00506800
v -0.04707700 -0.00497600 -0.00485500
v -0.02394700 -0.00545200 0.00449900
v -0.07628800 -0.00732800 0.00286600
v -0.04712000 -0.00459100 -0.00511200
v -0.04749300 -0.00476900 -0.00502700
v -0.09382700 -0.00295600 -0.00667300
v -0.04636100 -0.00453700 -0.00516600
v -0.09447600 -0.00284600 -0.00638200
v -0.09504700 -0.00274200 -0.00612900
v -0.07742400 -0.00713900 0.00322800
v -0.04602900 -0.00417300 -0.00535900
v -0.07753300 -0.00751500 0.00260100
v -0.04665700 -0.00406800 -0.00539100
v -0.09490100 -0.00207800 -0.00650100
v -0.02565100 -0.00517900 0.00471600
v -0.02629900 -0.00571100 0.00421400
v -0.02634000 -0.00614700 0.00373800
v -0.04632000 -0.00356600 -0.00560400
v -0.02671900 -0.00597700 0.00391600
v -0.02642700 -0.00512400 0.00481100
v -0.04751300 -0.00436400 -0.00527800
v -0.09387800 -0.00261700 -0.00681400
v -0.04703900 -0.00389900 -0.00547600
v -0.04775100 -0.00359000 -0.00565300
v -0.02707900 -0.00547700 0.00452400
v -0.09344100 -0.00249000 -0.00704600
v -0.02727700 -0.00497800 0.00503800
v -0.09375000 -0.00200100 -0.00705400
v -0.09325600 -0.00185100 -0.00724600
v -0.04829700 -0.00636300 -0.00370300
v -0.06960200 -0.00748400 0.00243500
v -0.06960200 -0.00748400 0.00243500
v -0.09425100 -0.00238500 -0.00672900
v -0.04899600 -0.00644000 -0.00372000
v -0.06975900 -0.00769300 0.00171100
v -0.04795100 -0.00593300 -0.00406900
v -0.07053800 -0.00741500 0.00251400
v -0.07053800 -0.00741500 0.00251400
v -0.02458300 -0.00393600 0.00565800
v -0.07042300 -0.00765900 0.00181600
v -0.02492900 -0.00313200 0.00599500
v -0.07121500 -0.00761500 0.00228000
v -0.07121500 -0.00761500 0.00228000
v -0.09457800 -0.00159500 -0.00682700
v -0.02545000 -0.00419600 0.00546500
v -0.04949400 -0.00624200 -0.00398200
v -0.06917100 -0.00770100 0.00175800
v -0.02587100 -0.00420600 0.00545600
v -0.04916900 -0.00606700 -0.00413200
v -0.06957200 -0.00776300 0.00122800
v -0.04854300 -0.00580600 -0.00423300
v -0.02521900 -0.00259600 0.00618100
v -0.04860000 -0.00531300 -0.00467000
v -0.09522700 -0.00114300 -0.00658500
v -0.07039400 -0.00777800 0.00111600
v -0.04929900 -0.00549500 -0.00461400
v -0.09457300 -0.00078000 -0.00696100
v -0.05023600 -0.00621500 -0.00403400
v -0.04981300 -0.00595900 -0.00427400
v -0.09542300 -0.00053000 -0.00651700
v -0.09511000 -0.00019200 -0.00670700
v -0.05082900 -0.00626300 -0.00391700
v -0.07107300 -0.00776600 0.00115800
v -0.09532700 -0.00005500 -0.00661800
v -0.09592600 -0.00017700 -0.00620700
v -0.09592600 -0.00017700 -0.00620700
v -0.07209900 -0.00768800 0.00180600
v -0.07224200 -0.00779100 0.00067400
v -0.05039300 -0.00566400 -0.00450300
v -0.05120900 -0.00592100 -0.00418900
v -0.07056400 -0.00787300 0.00007000
v -0.09178900 -0.00164200 -0.00760500
v -0.02764000 -0.00548700 0.00453900
v -0.02808900 -0.00526000 0.00475900
v -0.02792200 -0.00473900 0.00518000
v -0.07158500 -0.00781400 0.00032300
v -0.09272600 -0.00226400 -0.00721000
v -0.09234000 -0.00203300 -0.00736600
v -0.02893100 -0.00505500 0.00488400
v -0.04990200 -0.00538100 -0.00472200
v -0.02856900 -0.00435300 0.00538300
v -0.04926000 -0.00497100 -0.00495800
v -0.02889600 -0.00372300 0.00572100
v -0.02799600 -0.00402300 0.00561900
v -0.02800500 -0.00351800 0.00586900
v -0.05068000 -0.00547200 -0.00466800
v -0.05088100 -0.00562800 -0.00449800
v -0.05121700 -0.00531500 -0.00473200
v -0.05134000 -0.00550900 -0.00457900
v -0.02946600 -0.00441400 0.00533400
v -0.09252000 -0.00126100 -0.00759100
v -0.05173000 -0.00525300 -0.00485100
v -0.02941500 -0.00398800 0.00559200
v -0.09291400 -0.00152100 -0.00743200
v -0.05082000 -0.00456100 -0.00520600
v -0.05163500 -0.00493300 -0.00503000
v -0.09284900 -0.00105800 -0.00757800
v -0.04783100 -0.00518100 -0.00473800
v -0.03037000 -0.00476800 0.00513100
v -0.03055800 -0.00400700 0.00564800
v -0.03131700 -0.00435700 0.00545600
v -0.03099800 -0.00479600 0.00514100
v -0.09146600 -0.00126000 -0.00768600
v -0.09085100 -0.00125800 -0.00769900
v -0.02872500 -0.00583000 0.00414000
v -0.02944300 -0.00547200 0.00443500
v -0.07177100 -0.00760700 0.00227600
v -0.07177100 -0.00760700 0.00227600
v -0.02976500 -0.00502800 0.00488900
v -0.02981300 -0.00566700 0.00420600
v -0.04805200 -0.00464300 -0.00509800
v -0.04861700 -0.00451400 -0.00525800
v -0.03070300 -0.00567900 0.00427400
v -0.03032000 -0.00607900 0.00373700
v -0.03047100 -0.00511100 0.00486100
v -0.09164300 -0.00065800 -0.00770300
v -0.09203300 -0.00111900 -0.00767300
v -0.09210100 -0.00063500 -0.00770200
v -0.02992200 -0.00419300 0.00549200
v -0.09071900 -0.00011500 -0.00763300
v -0.04936700 -0.00412200 -0.00545600
v -0.09152100 0.00041500 -0.00765500
v -0.07307500 -0.00767500 0.00174400
v -0.03128700 -0.00534300 0.00470400
v -0.04819200 -0.00416000 -0.00540100
v -0.07273700 -0.00776000 0.00129900
v -0.09248100 -0.00096300 -0.00763800
v -0.04856400 -0.00374200 -0.00560600
v -0.02712300 -0.00628600 0.00349900
v -0.02738300 -0.00593600 0.00399000
v -0.02765000 -0.00645900 0.00334600
v -0.09283800 -0.00051300 -0.00759700
v -0.02799800 -0.00591400 0.00407900
v -0.02870600 -0.00623900 0.00366100
v -0.02838100 -0.00654100 0.00319600
v -0.07304700 -0.00779900 0.00066300
v -0.04993300 -0.00472300 -0.00512400
v -0.06880900 -0.00779900 0.00072800
v -0.06976700 -0.00784300 0.00034000
v -0.09331600 -0.00111100 -0.00738700
v -0.06895800 -0.00780200 0.00007400
v -0.09407100 -0.00107500 -0.00715500
v -0.06968600 -0.00789600 -0.00041600
v -0.02910800 -0.00641000 0.00338800
v -0.02901200 -0.00662200 0.00304300
v -0.02966400 -0.00666300 0.00295500
v -0.02957100 -0.00690900 0.00247400
v -0.02912600 -0.00605900 0.00384900
v -0.04805800 -0.00317700 -0.00582200
v -0.04880200 -0.00293400 -0.00587200
v -0.04939700 -0.00337400 -0.00576600
v -0.04985200 -0.00389800 -0.00558600
v -0.02972400 -0.00634700 0.00342700
v -0.09199100 -0.00012300 -0.00771100
v -0.04928100 -0.00260900 -0.00596000
v -0.04969900 -0.00282700 -0.00590000
v -0.03032000 -0.00661000 0.00309500
v -0.05055000 -0.00405100 -0.00554900
v -0.06912400 -0.00785800 -0.00056000
v -0.06890700 -0.00781600 -0.00086200
v -0.05108600 -0.00414200 -0.00550700
v -0.09229300 0.00061600 -0.00763500
v -0.05176600 -0.00431800 -0.00550200
v -0.09275700 0.00002800 -0.00757000
v -0.06941500 -0.00785200 -0.00094800
v -0.09324400 -0.00013000 -0.00748100
v -0.05175800 -0.00389000 -0.00568500
v -0.02999600 -0.00705200 0.00199500
v -0.05062200 -0.00355200 -0.00577600
v -0.09159900 0.00117900 -0.00753300
v -0.04994800 -0.00339000 -0.00577500
v -0.07139000 -0.00792800 -0.00040000
v -0.09223500 0.00147900 -0.00754200
v -0.09283700 0.00113600 -0.00751500
v -0.09306300 0.00049300 -0.00752700
v -0.05062900 -0.00276800 -0.00598800
v -0.09357900 0.00085000 -0.00740000
v -0.05020100 -0.00225700 -0.00606900
v -0.05126800 -0.00348000 -0.00579400
v -0.02073500 -0.00065900 0.00639700
v -0.02000000 -0.00037600 0.00639900
v -0.05192500 -0.00340200 -0.00583200
v -0.02065100 0.00005900 0.00640400
v -0.02134900 -0.00049500 0.00642300
v -0.07201000 -0.00791100 -0.00025100
v -0.05131600 -0.00262200 -0.00604900
v -0.02167300 0.00000300 0.00643600
v -0.07209000 -0.00792800 -0.00066300
v -0.09383700 -0.00058900 -0.00729800
v -0.07008900 -0.00790700 -0.00115200
v -0.07054300 -0.00794500 -0.00075400
v -0.09337000 -0.00055500 -0.00742000
v -0.05208500 -0.00276500 -0.00601600
v -0.05185400 -0.00189900 -0.00621200
v -0.07269500 -0.00794900 -0.00018100
v -0.02187000 -0.00082200 0.00639100
v -0.09378600 -0.00014700 -0.00731500
v -0.07320800 -0.00798000 -0.00041000
v -0.04370400 -0.00413100 -0.00530100
v -0.02255500 -0.00099500 0.00634600
v -0.04425400 -0.00378600 -0.00548200
v -0.07387900 -0.00773200 0.00170100
v -0.07346800 -0.00777800 0.00137900
v -0.09415400 -0.00020000 -0.00717200
v -0.04379300 -0.00347000 -0.00561400
v -0.09368000 0.00041800 -0.00736200
v -0.04438300 -0.00308700 -0.00573600
v -0.04488200 -0.00342600 -0.00561900
v -0.09411800 0.00023800 -0.00718900
v -0.09440700 0.00005100 -0.00701900
v -0.02242800 -0.00017000 0.00641000
v -0.09385300 0.00077500 -0.00730500
v -0.02290100 -0.00051600 0.00636800
v -0.07422400 -0.00783100 0.00130800
v -0.09443400 0.00053600 -0.00705700
v -0.02314400 0.00003700 0.00642700
v -0.09508500 0.00032000 -0.00674100
v -0.07437500 -0.00783800 0.00058600
v -0.02313300 -0.00118200 0.00633400
v -0.04552300 -0.00329400 -0.00563900
v -0.02465800 -0.00212300 0.00632600
v -0.04492800 -0.00285200 -0.00581500
v -0.02437700 -0.00150200 0.00635700
v -0.04371600 -0.00292100 -0.00577100
v -0.04443800 -0.00254200 -0.00587100
v -0.02420200 -0.00065900 0.00642300
v -0.04432600 -0.00177500 -0.00598500
v -0.04478300 -0.00225300 -0.00593700
v -0.02511200 -0.00094900 0.00637300
v -0.04578600 -0.00253200 -0.00591100
v -0.07398000 -0.00792700 -0.00023000
v -0.04631700 -0.00296700 -0.00578600
v -0.04703800 -0.00330000 -0.00569400
v -0.09551200 -0.00188300 -0.00619600
v -0.09551200 -0.00188300 -0.00619600
v -0.02147400 0.00085200 0.00640300
v -0.02217700 0.00064900 0.00640100
v -0.07526700 -0.00788400 0.00084800
v -0.02324700 0.00065200 0.00643500
v -0.02281700 0.00144200 0.00638400
v -0.09594200 -0.00124100 -0.00603400
v -0.09594200 -0.00124100 -0.00603400
v -0.02351900 0.00158800 0.00636500
v -0.04509900 -0.00170200 -0.00600600
v -0.04539000 -0.00227700 -0.00596600
v -0.07617200 -0.00787300 0.00102700
v -0.07592500 -0.00787800 0.00041800
v -0.02450600 -0.00014500 0.00643300
v -0.07671700 -0.00786100 0.00113200
v -0.07653600 -0.00788200 0.00055000
v -0.02509900 0.00023200 0.00641100
v -0.02530500 -0.00020300 0.00640300
v -0.04599700 -0.00177700 -0.00599500
v -0.09638600 -0.00047100 -0.00575900
v -0.02391800 0.00023700 0.00642000
v -0.09585600 -0.00062700 -0.00622800
v -0.09585600 -0.00062700 -0.00622800
v -0.04535600 -0.00111300 -0.00603100
v -0.07492600 -0.00789900 -0.00028200
v -0.02442300 0.00046600 0.00640400
v -0.04547800 -0.00052800 -0.00605800
v -0.02398400 0.00095100 0.00638300
v -0.04623000 -0.00117400 -0.00604900
v -0.02423400 0.00181100 0.00636300
v -0.04652000 -0.00245300 -0.00592800
v -0.04741100 -0.00289000 -0.00586500
v -0.04698800 -0.00280900 -0.00585900
v -0.02497100 0.00166400 0.00635500
v -0.02499600 0.00095500 0.00636800
v -0.04730200 -0.00230500 -0.00600600
v -0.04795500 -0.00229100 -0.00603400
v -0.07238300 -0.00785900 -0.00118700
v -0.07229200 -0.00767200 -0.00168900
v -0.07158900 -0.00779400 -0.00137500
v -0.04777400 -0.00175200 -0.00607400
v -0.07278100 -0.00766000 -0.00175200
v -0.07298900 -0.00784000 -0.00130700
v -0.07333000 -0.00754400 -0.00217000
v -0.07378800 -0.00780400 -0.00151900
v -0.07445500 -0.00761500 -0.00194800
v -0.02495000 0.00264200 0.00627900
v -0.04685300 -0.00174200 -0.00603400
v -0.07462000 -0.00776700 -0.00139300
v -0.07503700 -0.00783800 -0.00090300
v -0.07524300 -0.00761100 -0.00180300
v -0.02554800 0.00226200 0.00631900
v -0.02570100 0.00154700 0.00639500
v -0.04689300 -0.00100600 -0.00609500
v -0.07592700 -0.00752000 -0.00222400
v -0.07559500 -0.00773600 -0.00132400
v -0.04748100 -0.00153800 -0.00606300
v -0.04785900 -0.00146800 -0.00608300
v -0.04824700 -0.00154200 -0.00611900
v -0.07480800 -0.00750500 -0.00252200
v -0.04646300 -0.00032300 -0.00608700
v -0.02621300 -0.00256900 0.00614500
v -0.08094700 0.00217300 0.00731300
v -0.08112700 0.00148500 0.00734000
v -0.08044500 0.00150700 0.00747200
v -0.02584200 -0.00216200 0.00622300
v -0.02636000 -0.00202300 0.00624100
v -0.02706100 -0.00243700 0.00622500
v -0.02745400 -0.00313700 0.00602000
v -0.06662200 -0.00071000 0.00622500
v -0.06706600 -0.00034400 0.00621100
v -0.02820500 -0.00296900 0.00603500
v -0.02783700 -0.00207900 0.00627500
v -0.04747100 -0.00067000 -0.00610900
v -0.04761700 -0.00107600 -0.00610800
v -0.06733500 0.00707800 0.00490300
v -0.06726400 0.00656000 0.00518700
v -0.06687300 0.00673600 0.00510900
v -0.04810500 -0.00095400 -0.00611600
v -0.06672800 0.00730900 0.00473900
v -0.02713500 -0.00173400 0.00628800
v -0.04819500 -0.00027500 -0.00607200
v -0.06775800 -0.00036800 0.00619800
v -0.06817000 -0.00079300 0.00620300
v -0.04752900 0.00019000 -0.00605000
v -0.02828600 -0.00184100 0.00640100
v -0.02837400 -0.00226000 0.00622100
v -0.04655900 0.00125200 -0.00591700
v -0.04654200 0.00056900 -0.00599500
v -0.04720700 0.00092500 -0.00596600
v -0.04795000 0.00068200 -0.00600900
v -0.02775800 -0.00157700 0.00633500
v -0.06849500 0.00675500 0.00517100
v -0.06898600 0.00642700 0.00538400
v -0.06853000 0.00616900 0.00546700
v -0.04861100 0.00027200 -0.00606000
v -0.06748000 0.00027700 0.00623100
v -0.06937600 0.00610200 0.00552300
v -0.07005800 0.00594300 0.00559400
v -0.06941700 0.00532100 0.00578500
v -0.02719600 -0.00100100 0.00632200
v -0.02739600 -0.00127600 0.00632800
v -0.02752500 -0.00076200 0.00638000
v -0.02766000 -0.00109000 0.00642300
v -0.02790500 -0.00069100 0.00657600
v -0.06888900 0.00579200 0.00561100
v -0.06852200 -0.00022400 0.00621300
v -0.02812900 -0.00113600 0.00662700
v -0.02849100 -0.00071500 0.00687400
v -0.02880700 -0.00121600 0.00682300
v -0.02873100 -0.00167700 0.00660500
v -0.06903300 0.00694800 0.00512700
v -0.06976700 0.00645700 0.00539300
v -0.06978100 0.00715000 0.00500600
v -0.02763900 -0.00038500 0.00648000
v -0.02801500 -0.00024100 0.00670100
v -0.02754900 0.00015800 0.00654100
v -0.02795300 0.00013800 0.00669100
v -0.06777300 0.00598300 0.00550400
v -0.06809100 0.00677700 0.00514700
v -0.02911600 -0.00072800 0.00704300
v -0.02858400 -0.00020000 0.00697300
v -0.02936500 -0.00012000 0.00716500
v -0.04574400 0.00040700 -0.00597700
v -0.06914200 -0.00149700 0.00624200
v -0.06846100 0.00717700 0.00490800
v -0.06981400 -0.00209900 0.00613700
v -0.04607000 0.00123200 -0.00592700
v -0.04535100 0.00135300 -0.00588600
v -0.06798600 0.00740100 0.00472600
v -0.07028300 -0.00157100 0.00617400
v -0.06982000 -0.00099400 0.00624300
v -0.02555700 -0.00160400 0.00631400
v -0.06853900 -0.00141900 0.00621000
v -0.06926400 0.00749200 0.00477100
v -0.06851900 0.00770800 0.00450800
v -0.06907900 -0.00082200 0.00623700
v -0.06920100 0.00783600 0.00448900
v -0.02629100 -0.00144900 0.00628500
v -0.02582500 -0.00084000 0.00634700
v -0.04883100 -0.00223800 -0.00605100
v -0.06956000 0.00774600 0.00459500
v -0.07000400 0.00762400 0.00466800
v -0.04845800 -0.00193200 -0.00610900
v -0.06950800 -0.00019000 0.00621600
v -0.04881500 -0.00175700 -0.00610500
v -0.02572200 0.00039500 0.00640800
v -0.04959200 -0.00235600 -0.00601800
v -0.02639400 0.00005600 0.00641200
v -0.04926600 -0.00194000 -0.00608600
v -0.07055600 0.00528500 0.00582000
v -0.02686500 -0.00039200 0.00638700
v -0.07066100 0.00604500 0.00555700
v -0.07117400 0.00566800 0.00572500
v -0.07161600 0.00519700 0.00586400
v -0.07042200 -0.00045100 0.00622500
v -0.02619500 0.00064300 0.00641500
v -0.07173000 0.00568300 0.00572200
v -0.04883300 -0.00099100 -0.00613200
v -0.02704100 0.00008700 0.00640500
v -0.04972100 -0.00179800 -0.00609800
v -0.07075400 -0.00214500 0.00614100
v -0.07101200 0.00635000 0.00541000
v -0.02680300 0.00058100 0.00640200
v -0.02722700 0.00029600 0.00643100
v -0.04932600 -0.00133300 -0.00612900
v -0.04951500 -0.00050200 -0.00616400
v -0.04994800 -0.00096700 -0.00616400
v -0.07179900 0.00623600 0.00549900
v -0.02575400 0.00104100 0.00640300
v -0.07099800 -0.00131300 0.00621100
v -0.02734800 -0.00048200 0.00639400
v -0.05016100 -0.00039100 -0.00616000
v -0.07201700 -0.00238000 0.00614900
v -0.02737200 -0.00008200 0.00642800
v -0.07162800 -0.00157200 0.00623500
v -0.04874700 -0.00022000 -0.00612100
v -0.07069100 -0.00092700 0.00622700
v -0.04907800 0.00002800 -0.00610900
v -0.02950500 -0.00346000 0.00584900
v -0.02995200 -0.00302400 0.00604900
v -0.02996800 -0.00369700 0.00576500
v -0.02926800 -0.00255100 0.00617000
v -0.02950600 -0.00217100 0.00649000
v -0.02986400 -0.00235700 0.00643600
v -0.02975800 -0.00271800 0.00617300
v -0.03024300 -0.00265300 0.00623600
v -0.07232500 0.00547900 0.00577900
v -0.07302800 0.00464000 0.00602000
v -0.07226700 0.00466900 0.00601300
v -0.07148500 -0.00075700 0.00629700
v -0.02884100 -0.00332500 0.00590200
v -0.05050400 -0.00153700 -0.00615900
v -0.07325000 0.00573500 0.00570200
v -0.05108400 -0.00186500 -0.00617300
v -0.02930900 -0.00306700 0.00597700
v -0.02887500 -0.00254700 0.00612100
v -0.05074000 -0.00089500 -0.00619500
v -0.05129300 -0.00130300 -0.00622300
v -0.02881700 -0.00224100 0.00623100
v -0.05124400 -0.00085400 -0.00622100
v -0.05129300 -0.00027500 -0.00616300
v -0.05166700 -0.00117700 -0.00624100
v -0.05231900 -0.00157200 -0.00625100
v -0.06883700 0.00067800 0.00624200
v -0.06961800 0.00098300 0.00621300
v -0.07249600 0.00606900 0.00559300
v -0.03071000 -0.00337300 0.00593300
v -0.03143900 -0.00382800 0.00575000
v -0.05184000 -0.00622800 -0.00405000
v -0.05245100 -0.00617400 -0.00418200
v -0.07054800 0.00025000 0.00624800
v -0.07268600 0.00670900 0.00535100
v -0.05174100 -0.00569600 -0.00443800
v -0.03080800 -0.00243500 0.00637400
v -0.03080000 -0.00280800 0.00614400
v -0.05222200 -0.00580700 -0.00442900
v -0.05284700 -0.00591700 -0.00440400
v -0.03121400 -0.00324800 0.00597600
v -0.03182200 -0.00359200 0.00583700
v -0.07345000 0.00657000 0.00545100
v -0.05333100 -0.00582700 -0.00445200
v -0.03132900 -0.00262300 0.00617000
v -0.03202000 -0.00304800 0.00602600
v -0.05266000 -0.00549500 -0.00474500
v -0.05207100 -0.00545000 -0.00473400
v -0.02961400 -0.00118000 0.00701300
v -0.02920200 -0.00158400 0.00677900
v -0.07098000 0.00088000 0.00626700
v -0.02970400 -0.00177400 0.00678000
v -0.03044900 -0.00213400 0.00663800
v -0.07301800 0.00719000 0.00511300
v -0.03021700 -0.00166800 0.00687900
v -0.02991400 -0.00065700 0.00716400
v -0.07260200 -0.00091700 0.00631300
v -0.03046600 -0.00129200 0.00702300
v -0.07026500 0.00654600 0.00531700
v -0.03091500 -0.00173400 0.00681300
v -0.03110300 -0.00127300 0.00695900
v -0.03069100 -0.00075200 0.00714500
v -0.05351900 -0.00549900 -0.00471900
v -0.07133800 -0.00001700 0.00630800
v -0.05224400 -0.00511300 -0.00495700
v -0.05228800 -0.00467700 -0.00527600
v -0.07238700 0.00011900 0.00628800
v -0.05300700 -0.00490800 -0.00510900
v -0.07028700 0.00717100 0.00496700
v -0.03152100 -0.00214800 0.00644000
v -0.07116400 0.00698300 0.00506000
v -0.07187300 0.00072600 0.00627800
v -0.03199500 -0.00240100 0.00626200
v -0.05371800 -0.00569400 -0.00455800
v -0.05400900 -0.00547600 -0.00477300
v -0.05367400 -0.00500300 -0.00506700
v -0.07214600 0.00721800 0.00500000
v -0.05440500 -0.00488900 -0.00523200
v -0.03172400 -0.00164600 0.00666900
v -0.03143300 -0.00101000 0.00696100
v -0.03216100 -0.00118700 0.00669700
v -0.03252900 -0.00176900 0.00640900
v -0.05495400 -0.00542900 -0.00489900
v -0.05505700 -0.00470000 -0.00539700
v -0.05551400 -0.00504900 -0.00515700
v -0.07086700 0.00744200 0.00475100
v -0.02912900 0.00039700 0.00712400
v -0.05400000 -0.00456600 -0.00539200
v -0.05345500 -0.00463200 -0.00534600
v -0.02839200 0.00092400 0.00687000
v -0.05311300 -0.00425200 -0.00559900
v -0.05352800 -0.00413800 -0.00560000
v -0.02942600 0.00098700 0.00713700
v -0.02974200 0.00058800 0.00721500
v -0.05393500 -0.00404400 -0.00563500
v -0.02896100 0.00116600 0.00700400
v -0.05474600 -0.00429500 -0.00558200
v -0.02851500 0.00151000 0.00678400
v -0.07038900 0.00187300 0.00621000
v -0.02919200 0.00178700 0.00690200
v -0.02961700 0.00146400 0.00707600
v -0.05532600 -0.00441600 -0.00555900
v -0.05563700 -0.00467400 -0.00543800
v -0.02991100 0.00223500 0.00687100
v -0.05520100 -0.00392600 -0.00578700
v -0.07269800 0.00103900 0.00630300
v -0.05567800 -0.00390400 -0.00582000
v -0.02693400 0.00136100 0.00637800
v -0.02613900 0.00131200 0.00642700
v -0.02721900 0.00083200 0.00642300
v -0.06993500 0.00807300 0.00430400
v -0.07086500 0.00793700 0.00437000
v -0.05228400 -0.00431800 -0.00552600
v -0.02722100 0.00121200 0.00639700
v -0.07150600 0.00759100 0.00468200
v -0.02740000 0.00180900 0.00633500
v -0.05270300 -0.00435100 -0.00549800
v -0.07152600 0.00159700 0.00627900
v -0.07130900 0.00256300 0.00623200
v -0.05245400 -0.00381900 -0.00573600
v -0.02628400 0.00170000 0.00637800
v -0.07064500 0.00291900 0.00619300
v -0.05256900 -0.00326700 -0.00589400
v -0.05275900 -0.00395500 -0.00569700
v -0.07247200 0.00172300 0.00628500
v -0.07153800 0.00812100 0.00422600
v -0.05344100 -0.00376400 -0.00576300
v -0.05295100 -0.00360000 -0.00579200
v -0.02647000 0.00256200 0.00625900
v -0.05340700 -0.00309300 -0.00596700
v -0.02564500 0.00295400 0.00622300
v -0.02688000 0.00207100 0.00630900
v -0.07228600 0.00233300 0.00628300
v -0.02746700 0.00234900 0.00627500
v -0.02747300 0.00053700 0.00650600
v -0.02800900 0.00096300 0.00670400
v -0.02749000 0.00095200 0.00649200
v -0.07226100 0.00775800 0.00459600
v -0.02773000 0.00158500 0.00644300
v -0.05414900 -0.00321300 -0.00597600
v -0.07305600 0.00252500 0.00628500
v -0.02844200 0.00215700 0.00654300
v -0.07298800 0.00792900 0.00457500
v -0.02802600 0.00227800 0.00636300
v -0.05297200 -0.00242600 -0.00608800
v -0.05244100 -0.00218100 -0.00615700
v -0.07155000 0.00331200 0.00617300
v -0.07277100 0.00333500 0.00619900
v -0.07397300 0.00742400 0.00502000
v -0.07389600 0.00807500 0.00453900
v -0.02601900 0.00344400 0.00608200
v -0.02671200 0.00328000 0.00612100
v -0.02717200 0.00336100 0.00612200
v -0.05360800 -0.00217400 -0.00615100
v -0.02786100 0.00279700 0.00620800
v -0.05278200 -0.00171800 -0.00621500
v -0.07241900 0.00832900 0.00407700
v -0.02798900 0.00381400 0.00598300
v -0.05335800 -0.00130700 -0.00622400
v -0.05287900 -0.00100400 -0.00623800
v -0.05418400 -0.00153400 -0.00626700
v -0.02851200 0.00285800 0.00624500
v -0.05457600 -0.00372600 -0.00581800
v -0.02913300 0.00234000 0.00666300
v -0.06484300 0.00002000 0.00616000
v -0.07317000 0.00834300 0.00418300
v -0.02978000 0.00266900 0.00663200
v -0.05492700 -0.00315600 -0.00599000
v -0.06561000 -0.00006100 0.00618100
v -0.07361900 0.00856500 0.00392400
v -0.07286900 0.00870400 0.00375300
v -0.02950000 0.00321900 0.00629300
v -0.02998600 0.00344400 0.00621700
v -0.05457200 -0.00242200 -0.00614100
v -0.05517500 -0.00231700 -0.00619200
v -0.05559700 -0.00272500 -0.00611300
v -0.05605200 -0.00238000 -0.00623800
v -0.06434500 0.00051600 0.00616200
v -0.06502500 0.00089700 0.00619500
v -0.02849700 0.00334300 0.00607800
v -0.02895100 0.00327300 0.00613200
v -0.02853800 0.00404900 0.00592200
v -0.07603200 0.00417800 0.00625400
v -0.07496500 0.00344000 0.00628700
v -0.07485100 0.00442800 0.00613200
v -0.02913700 0.00380700 0.00598000
v -0.07356800 0.00396500 0.00617600
v -0.06651900 -0.00023000 0.00624000
v -0.05508000 -0.00167400 -0.00630000
v -0.06665000 0.00039400 0.00622200
v -0.02954000 0.00357600 0.00610100
v -0.05561500 -0.00197700 -0.00628200
v -0.05570300 -0.00537800 -0.00496400
v -0.06570100 0.00121100 0.00621400
v -0.03013900 0.00004100 0.00724500
v -0.03034000 -0.00037800 0.00721300
v -0.07554500 0.00512700 0.00600400
v -0.07471000 0.00543300 0.00587400
v -0.03095200 -0.00017500 0.00718500
v -0.03112600 -0.00069900 0.00708800
v -0.05615100 -0.00514100 -0.00520400
v -0.05612500 -0.00472800 -0.00541800
v -0.03049500 0.00020800 0.00725300
v -0.05705600 -0.00516200 -0.00517300
v -0.03021400 0.00075000 0.00723100
v -0.03088600 0.00103100 0.00715800
v -0.05646000 -0.00485800 -0.00539200
v -0.07662800 0.00401300 0.00626500
v -0.07680900 0.00306300 0.00633200
v -0.07612900 0.00339600 0.00630800
v -0.07711800 0.00362500 0.00628900
v -0.07712600 0.00320300 0.00637500
v -0.05695500 -0.00459600 -0.00555000
v -0.03106400 0.00045100 0.00717700
v -0.03144500 0.00015600 0.00709900
v -0.03129000 0.00091300 0.00709800
v -0.05591200 -0.00429200 -0.00564100
v -0.07738400 0.00440500 0.00620600
v -0.03001900 0.00106700 0.00718800
v -0.05647600 -0.00448200 -0.00554600
v -0.03051400 0.00136400 0.00713500
v -0.05777100 -0.00514400 -0.00523800
v -0.03163500 -0.00036200 0.00702800
v -0.05764200 -0.00451300 -0.00561400
v -0.03281900 -0.00141600 0.00643800
v -0.03250000 -0.00049200 0.00672000
v -0.03315100 -0.00074700 0.00649300
v -0.07629800 0.00472100 0.00615500
v -0.06680900 0.00154900 0.00616900
v -0.05632200 -0.00394700 -0.00582100
v -0.03221600 0.00012900 0.00687100
v -0.03188300 0.00062800 0.00696800
v -0.06595300 0.00239500 0.00619900
v -0.05647000 -0.00337900 -0.00601600
v -0.05682900 -0.00393400 -0.00580500
v -0.03291900 0.00004300 0.00661700
v -0.07622300 0.00535000 0.00597400
v -0.06501300 0.00137100 0.00621300
v -0.06515800 0.00232000 0.00621400
v -0.07702700 0.00471800 0.00612300
v -0.03009400 0.00190700 0.00700300
v -0.05713600 -0.00306500 -0.00611900
v -0.05779600 -0.00383100 -0.00589000
v -0.03070000 0.00202500 0.00693100
v -0.07748700 0.00520500 0.00603200
v -0.05810200 -0.00469600 -0.00553400
v -0.07679300 0.00556100 0.00589900
v -0.05825200 -0.00408400 -0.00579900
v -0.03106700 0.00163500 0.00698800
v -0.03173300 0.00144100 0.00689000
v -0.05881300 -0.00466900 -0.00554600
v -0.03141000 0.00188800 0.00684400
v -0.05938800 -0.00447400 -0.00565000
v -0.03035900 0.00244000 0.00676800
v -0.03099000 0.00238600 0.00674300
v -0.06530900 0.00319200 0.00612700
v -0.03065000 0.00300200 0.00647700
v -0.05893500 -0.00406100 -0.00580000
v -0.05954300 -0.00386100 -0.00592700
v -0.03180300 0.00249000 0.00651900
v -0.07629100 0.00608300 0.00569300
v -0.07720400 0.00584300 0.00584900
v -0.07816800 0.00549800 0.00599600
v -0.06687300 0.00275000 0.00614500
v -0.03248900 0.00088700 0.00672700
v -0.07805400 0.00624600 0.00577400
v -0.03313200 0.00073000 0.00653700
v -0.05824600 -0.00342400 -0.00605800
v -0.06737800 0.00086100 0.00623400
v -0.05783100 -0.00302300 -0.00616900
v -0.07864900 0.00253500 0.00719100
v -0.07894600 0.00217000 0.00733400
v -0.07818200 0.00224200 0.00711000
v -0.03271600 0.00163200 0.00651900
v -0.03211800 0.00206200 0.00659100
v -0.07922200 0.00262300 0.00729400
v -0.05880600 -0.00342200 -0.00603000
v -0.06772900 0.00170400 0.00620700
v -0.03313000 0.00122500 0.00647200
v -0.06804500 0.00096200 0.00625700
v -0.05958000 -0.00321700 -0.00614500
v -0.05859800 -0.00299300 -0.00621000
v -0.03255100 0.00243200 0.00637100
v -0.07800900 0.00334400 0.00668800
v -0.07805900 0.00270800 0.00691500
v -0.07752300 0.00316200 0.00651700
v -0.05559400 -0.00348000 -0.00596800
v -0.03213900 0.00284100 0.00629600
v -0.07871400 0.00323900 0.00698000
v -0.03300200 0.00208300 0.00635800
v -0.03350800 0.00179600 0.00632800
v -0.07849000 0.00365000 0.00671200
v -0.05599200 -0.00296700 -0.00611400
v -0.03297300 0.00255100 0.00629200
v -0.05646900 -0.00265800 -0.00620300
v -0.03342600 0.00215800 0.00630400
v -0.07928500 0.00315400 0.00712800
v -0.06870600 0.00163500 0.00625800
v -0.05732200 -0.00249700 -0.00626700
v -0.03145900 0.00322800 0.00622900
v -0.07910500 0.00388800 0.00672800
v -0.05224800 -0.00087600 -0.00623500
v -0.07985600 0.00380600 0.00687100
v -0.07985500 0.00223400 0.00743200
v -0.07955400 0.00161200 0.00747200
v -0.01684700 -0.00553400 0.00448200
v -0.01699500 -0.00517600 0.00484600
v -0.01750100 -0.00537500 0.00465300
v -0.08015400 0.00174800 0.00747700
v -0.03812600 0.00124100 0.00637900
v -0.03783700 0.00065800 0.00637900
v -0.03749900 0.00120700 0.00640000
v -0.08040400 0.00215000 0.00742200
v -0.01540900 -0.00610300 0.00389600
v -0.01598300 -0.00584800 0.00415700
v -0.01615900 -0.00618500 0.00377700
v -0.08059200 0.00263200 0.00728200
v -0.03839400 0.00077900 0.00637800
v -0.03859700 0.00016500 0.00640300
v -0.03914900 0.00061200 0.00639200
v -0.03870600 0.00141300 0.00636000
v -0.07984400 0.00272700 0.00730100
v -0.03973800 0.00126800 0.00634600
v -0.01560400 -0.00539200 0.00460700
v -0.03903100 0.00186800 0.00634100
v -0.06625100 0.00337400 0.00610400
v -0.06544100 0.00404500 0.00602300
v -0.04013500 0.00034700 0.00638000
v -0.04056200 -0.00065900 0.00632500
v -0.03985300 -0.00059000 0.00636700
v -0.04114500 -0.00027200 0.00631600
v -0.01694800 -0.00602900 0.00392600
v -0.01624700 -0.00500100 0.00501000
v -0.03906400 -0.00015900 0.00639500
v -0.08015000 0.00332100 0.00708700
v -0.01795900 -0.00589200 0.00411900
v -0.01814400 -0.00562600 0.00443100
v -0.01862600 -0.00596900 0.00406600
v -0.08104500 0.00273500 0.00716300
v -0.04114000 0.00129600 0.00638800
v -0.04146800 0.00055300 0.00636900
v -0.01676500 -0.00659500 0.00308600
v -0.06672100 0.00391400 0.00607400
v -0.06741800 0.00368500 0.00609700
v -0.03959700 0.00216400 0.00630800
v -0.08090600 0.00330400 0.00699000
v -0.01791200 -0.00641000 0.00339600
v -0.01838400 -0.00677300 0.00286900
v -0.03910500 0.00261600 0.00629500
v -0.06596600 0.00441600 0.00598200
v -0.04059900 0.00229700 0.00633400
v -0.06719200 0.00428800 0.00600900
v -0.01847800 -0.00627200 0.00366400
v -0.08039600 0.00375100 0.00685000
v -0.06669300 0.00468500 0.00595200
v -0.04020600 0.00320300 0.00623900
v -0.06761400 0.00274000 0.00617100
v -0.01599600 -0.00449000 0.00537800
v -0.01664200 -0.00466300 0.00523100
v -0.04144800 0.00251400 0.00630900
v -0.06879400 0.00263400 0.00621900
v -0.01743900 -0.00500800 0.00496900
v -0.04118000 0.00342700 0.00619000
v -0.07926400 0.00425000 0.00650700
v -0.01670700 -0.00355400 0.00589300
v -0.01690400 -0.00409500 0.00559900
v -0.01616300 -0.00382800 0.00580200
v -0.06866600 0.00360000 0.00613800
v -0.07996400 0.00429100 0.00654900
v -0.08061500 0.00424900 0.00642100
v -0.08123300 0.00378100 0.00664800
v -0.01748400 -0.00450800 0.00532000
v -0.01738200 -0.00368400 0.00581500
v -0.01771300 -0.00406500 0.00562500
v -0.08166500 0.00367700 0.00659800
v -0.03429600 0.00305300 0.00628400
v -0.03466100 0.00242300 0.00634300
v -0.03398000 0.00223800 0.00631100
v -0.03368100 0.00285700 0.00628000
v -0.06965600 0.00305100 0.00618600
v -0.06948500 0.00394900 0.00610100
v -0.08125500 0.00433700 0.00628800
v -0.01807100 -0.00513100 0.00490800
v -0.08060700 0.00460200 0.00625600
v -0.03310500 0.00321600 0.00618800
v -0.03406500 0.00350400 0.00616400
v -0.03451700 0.00354700 0.00617700
v -0.03505600 0.00329600 0.00624300
v -0.07761300 0.00370800 0.00634000
v -0.07798700 0.00387100 0.00639600
v -0.03588300 0.00300400 0.00628700
v -0.01877800 -0.00513300 0.00482600
v -0.01928100 -0.00591900 0.00404800
v -0.06773800 0.00431400 0.00602900
v -0.06847900 0.00440200 0.00602200
v -0.03497600 0.00396500 0.00604600
v -0.06744600 0.00476600 0.00595900
v -0.07837300 0.00412700 0.00635900
v -0.07782100 0.00418200 0.00628100
v -0.03678100 0.00102000 0.00639900
v -0.03723200 0.00060400 0.00638800
v -0.03694100 0.00194800 0.00635900
v -0.07814400 0.00438500 0.00622500
v -0.07865000 0.00449800 0.00625700
v -0.03605100 0.00160200 0.00639400
v -0.07840700 0.00484300 0.00612900
v -0.03666200 0.00254900 0.00631400
v -0.07890400 0.00420300 0.00647700
v -0.03746700 0.00233300 0.00629800
v -0.06806800 0.00482200 0.00594600
v -0.03734100 0.00318500 0.00624700
v -0.06764500 0.00526900 0.00582700
v -0.06830100 0.00539800 0.00577200
v -0.01811800 -0.00694800 0.00224900
v -0.06873700 0.00490500 0.00590200
v -0.03596100 0.00356300 0.00615800
v -0.06928600 0.00450900 0.00599100
v -0.03674300 0.00330900 0.00621900
v -0.07896600 0.00464100 0.00624300
v -0.01912000 -0.00633300 0.00359200
v -0.07952800 0.00470600 0.00625000
v -0.01979100 -0.00617000 0.00365600
v -0.07903900 0.00534100 0.00604300
v -0.07949200 0.00509000 0.00607800
v -0.01885200 -0.00684500 0.00271300
v -0.03716100 0.00403100 0.00604000
v -0.03641100 0.00457100 0.00584100
v -0.01986700 -0.00666200 0.00297200
v -0.02037800 -0.00664500 0.00298300
v -0.03785300 0.00361400 0.00614000
v -0.01957900 -0.00694800 0.00226100
v -0.02026800 -0.00682300 0.00263200
v -0.03799200 0.00417900 0.00595500
v -0.02024700 -0.00601700 0.00381600
v -0.02094400 -0.00640200 0.00328500
v -0.06554800 0.00470700 0.00592500
v -0.06616100 0.00504000 0.00582600
v -0.07874200 0.00585400 0.00593600
v -0.03743000 0.00475000 0.00573100
v -0.02102700 -0.00679800 0.00273900
v -0.02114700 -0.00692800 0.00240700
v -0.02148800 -0.00656100 0.00311100
v -0.03327200 0.00402800 0.00597800
v -0.02052700 -0.00697400 0.00200600
v -0.03421200 0.00414800 0.00597100
v -0.03345900 0.00460300 0.00578400
v -0.02146100 -0.00683400 0.00263900
v -0.07904400 0.00641000 0.00572300
v -0.02187800 -0.00667000 0.00294700
v -0.02201400 -0.00687400 0.00255100
v -0.02179700 -0.00701500 0.00217500
v -0.06687700 0.00534900 0.00579500
v -0.02117600 -0.00703000 0.00172000
v -0.03468600 0.00443100 0.00586700
v -0.03406400 0.00477200 0.00572300
v -0.06560500 0.00532600 0.00573200
v -0.07927500 0.00592400 0.00587700
v -0.06614600 0.00563800 0.00565400
v -0.01965600 -0.00526900 0.00464400
v -0.01987400 -0.00576900 0.00414900
v -0.03457100 0.00514000 0.00553200
v -0.07992900 0.00561000 0.00594900
v -0.07982600 0.00625700 0.00577400
v -0.06654500 0.00590700 0.00556000
v -0.03571000 0.00447500 0.00587600
v -0.03550000 0.00509700 0.00564700
v -0.02091300 -0.00575500 0.00416600
v -0.02028200 -0.00561400 0.00432500
v -0.03589200 0.00511700 0.00563400
v -0.06730500 0.00566100 0.00566000
v -0.08010300 0.00461300 0.00632200
v -0.08015800 0.00498000 0.00615400
v -0.03582900 0.00548900 0.00541400
v -0.03379600 0.00511100 0.00554700
v -0.02138500 -0.00600500 0.00384600
v -0.08144500 0.00475100 0.00617400
v -0.03428400 0.00568000 0.00513300
v -0.03517500 0.00559900 0.00530300
v -0.08067300 0.00505100 0.00613300
v -0.02214400 -0.00631800 0.00356800
v -0.06574400 0.00592800 0.00551400
v -0.03480500 0.00628200 0.00478200
v -0.03567900 0.00595900 0.00509400
v -0.08064700 0.00572300 0.00595000
v -0.06580900 0.00649800 0.00526700
v -0.03653600 0.00532700 0.00549000
v -0.08140400 0.00552900 0.00603400
v -0.01899700 -0.00702600 0.00189700
v -0.03742800 0.00545300 0.00538100
v -0.06583800 0.00703500 0.00494600
v -0.03776600 0.00184100 0.00634700
v -0.08015400 0.00608300 0.00584700
v -0.03845400 0.00187400 0.00632200
v -0.03790900 0.00261000 0.00628600
v -0.03851100 0.00250000 0.00629700
v -0.01973400 -0.00708800 0.00084200
v -0.02017000 -0.00701900 0.00165700
v -0.02057300 -0.00703100 0.00151700
v -0.02036900 -0.00705200 0.00108500
v -0.07997400 0.00702500 0.00533400
v -0.02099300 -0.00705700 0.00106900
v -0.03817000 0.00309000 0.00624500
v -0.08105000 0.00621500 0.00581400
v -0.08130000 0.00596000 0.00591500
v -0.02158700 -0.00705300 0.00094200
v -0.03826200 0.00355900 0.00615600
v -0.03883900 0.00318200 0.00623600
v -0.08170300 0.00621600 0.00586500
v -0.08190100 0.00595400 0.00594100
v -0.03963400 0.00324000 0.00624900
v -0.02019200 -0.00712900 0.00040000
v -0.01970900 -0.00713200 0.00020200
v -0.08056300 0.00644500 0.00569600
v -0.03899700 0.00368700 0.00614600
v -0.02108400 -0.00709800 0.00042100
v -0.06945000 0.00229100 0.00622300
v -0.02092800 -0.00701800 -0.00019100
v -0.03961700 0.00431800 0.00594700
v -0.04003000 0.00380800 0.00613400
v -0.08073200 0.00729200 0.00523100
v -0.08121000 0.00673300 0.00557200
v -0.01707100 -0.00314500 0.00601600
v -0.03878400 0.00428200 0.00597700
v -0.01740700 -0.00227800 0.00631000
v -0.08185200 0.00692500 0.00551000
v -0.08148300 0.00756900 0.00513200
v -0.07391700 0.00513900 0.00590300
v -0.01788700 -0.00175400 0.00635200
v -0.01753500 -0.00117200 0.00642500
v -0.03627100 0.00597900 0.00508000
v -0.01836100 -0.00095700 0.00639200
v -0.03568700 0.00651400 0.00466700
v -0.01812100 -0.00030300 0.00641700
v -0.07039500 0.00383200 0.00609400
v -0.03840200 0.00499600 0.00569300
v -0.07444100 0.00606600 0.00569700
v -0.07143200 0.00417700 0.00607000
v -0.03689800 0.00602800 0.00499900
v -0.07563900 0.00566700 0.00584400
v -0.03673500 0.00659700 0.00454100
v -0.03724400 0.00672000 0.00440800
v -0.03776300 0.00600500 0.00500800
v -0.07094200 0.00479100 0.00593700
v -0.03795400 0.00662600 0.00446800
v -0.01996300 -0.00701500 -0.00023700
v -0.06993600 0.00454900 0.00599400
v -0.07507400 0.00604000 0.00568100
v -0.07569000 0.00621200 0.00562100
v -0.02052700 -0.00695400 -0.00103100
v -0.07462300 0.00658700 0.00549600
v -0.07522100 0.00658400 0.00546400
v -0.03901700 0.00496000 0.00569800
v -0.03974400 0.00498900 0.00572100
v -0.07582200 0.00683200 0.00535200
v -0.03909000 0.00553200 0.00541200
v -0.07414500 0.00682300 0.00538900
v -0.02039100 -0.00665700 -0.00220700
v -0.02039100 -0.00665700 -0.00220700
v -0.02104300 -0.00685600 -0.00174000
v -0.04043400 0.00440900 0.00594900
v -0.01912100 -0.00598500 -0.00317900
v -0.07450500 0.00714400 0.00519300
v -0.07507300 0.00697500 0.00526500
v -0.04153600 0.00440900 0.00592700
v -0.02005600 -0.00617000 -0.00292100
v -0.07212700 0.00394100 0.00612600
v -0.01950400 -0.00570900 -0.00340300
v -0.04090900 0.00518600 0.00563200
v -0.02022100 -0.00567900 -0.00342600
v -0.02246300 -0.00693600 0.00226400
v -0.02252200 -0.00673900 0.00279300
v -0.02250600 -0.00708100 0.00170300
v -0.02189700 -0.00709000 0.00168500
v -0.07578100 0.00723000 0.00511000
v -0.02310000 -0.00697500 0.00197200
v -0.07527800 0.00736400 0.00496900
v -0.02323100 -0.00704400 0.00150500
v -0.04003100 0.00566600 0.00536500
v -0.02366600 -0.00696100 0.00209100
v -0.02374800 -0.00702900 0.00160600
v -0.04072300 0.00585400 0.00525000
v -0.07580800 0.00787800 0.00457900
v -0.07285400 0.00411900 0.00612300
v -0.02310900 -0.00650700 0.00318900
v -0.04175600 0.00529200 0.00555300
v -0.04138800 0.00575200 0.00531700
v -0.02297000 -0.00677500 0.00265100
v -0.04242000 0.00564500 0.00534500
v -0.02364800 -0.00652600 0.00310600
v -0.02364500 -0.00671000 0.00279800
v -0.02423000 -0.00663900 0.00296900
v -0.03830600 0.00579300 0.00521100
v -0.07715700 0.00661100 0.00559000
v -0.02409800 -0.00688900 0.00236300
v -0.07295300 -0.00237300 0.00617500
v -0.07664800 0.00701000 0.00535100
v -0.03853500 0.00630700 0.00479800
v -0.03906200 0.00602700 0.00508200
v -0.02478200 -0.00679900 0.00268000
v -0.07239100 -0.00165100 0.00626200
v -0.04003600 0.00622700 0.00499000
v -0.02466100 -0.00697400 0.00209500
v -0.02412600 -0.00700500 0.00191800
v -0.07754900 0.00686500 0.00547600
v -0.07713600 0.00697700 0.00542200
v -0.03894900 0.00657700 0.00462900
v -0.07408200 -0.00231500 0.00623900
v -0.07390900 -0.00318500 0.00604700
v -0.02523600 -0.00686200 0.00251400
v -0.02524000 -0.00706900 0.00179600
v -0.07676600 0.00744700 0.00506700
v -0.07318800 -0.00120400 0.00632100
v -0.02584900 -0.00705500 0.00185500
v -0.07413700 -0.00129100 0.00632500
v -0.03843700 0.00719800 0.00396600
v -0.03971800 0.00683400 0.00451900
v -0.02464200 -0.00703700 0.00166300
v -0.02441200 -0.00703200 0.00078400
v -0.04117300 0.00646200 0.00483200
v -0.07626600 0.00799000 0.00455600
v -0.02541100 -0.00708300 0.00144700
v -0.02513500 -0.00705600 0.00078200
v -0.04041300 0.00670900 0.00462000
v -0.07444800 0.00799600 0.00455700
v -0.07520600 -0.00347700 0.00598600
v -0.03930300 0.00721500 0.00407900
v -0.02242800 -0.00710000 0.00103400
v -0.04013600 0.00721900 0.00407300
v -0.07521700 0.00797100 0.00449000
v -0.07500100 -0.00248700 0.00625400
v -0.02340500 -0.00706000 0.00086000
v -0.02239400 -0.00717200 0.00037300
v -0.02291700 -0.00717500 0.00042800
v -0.04241900 0.00626700 0.00492600
v -0.02174800 -0.00716600 0.00010900
v -0.02163300 -0.00712000 -0.00029300
v -0.04218900 0.00711700 0.00419900
v -0.02191200 -0.00715100 -0.00020500
v -0.02226700 -0.00716900 0.00000300
v -0.07445400 0.00835500 0.00416800
v -0.02239200 -0.00704000 -0.00059000
v -0.02264600 -0.00712200 -0.00024600
v -0.04123100 0.00735100 0.00390300
v -0.02278500 -0.00718300 0.00017800
v -0.02316800 -0.00715900 -0.00007300
v -0.04060700 0.00757200 0.00359900
v -0.02367800 -0.00714000 0.00029000
v -0.07370900 -0.00055200 0.00637200
v -0.04208200 0.00754600 0.00366400
v -0.02418500 -0.00717300 0.00008300
v -0.07444700 -0.00034900 0.00639600
v -0.07824800 0.00735600 0.00521800
v -0.02494200 -0.00720800 0.00015700
v -0.02451100 -0.00718000 -0.00022200
v -0.02502800 -0.00720900 -0.00014200
v -0.07498900 -0.00162600 0.00632000
v -0.02394200 -0.00718000 -0.00016900
v -0.02299600 -0.00706000 -0.00061900
v -0.02353200 -0.00712200 -0.00056500
v -0.04337400 -0.00060600 0.00637000
v -0.04404800 -0.00059400 0.00634700
v -0.04395600 -0.00137400 0.00630000
v -0.07744700 0.00747700 0.00511500
v -0.04457600 -0.00152800 0.00628200
v -0.02416200 -0.00709700 -0.00081700
v -0.02502800 -0.00709000 -0.00073100
v -0.04416200 0.00010900 0.00633800
v -0.04508000 -0.00036500 0.00632100
v -0.07696100 0.00814000 0.00448300
v -0.07566600 -0.00205300 0.00632300
v -0.04468100 0.00071600 0.00634600
v -0.07608300 -0.00135500 0.00637600
v -0.02630000 -0.00698000 0.00215700
v -0.04186000 -0.00004500 0.00637000
v -0.04150900 -0.00093600 0.00635800
v -0.02644200 -0.00708300 0.00164300
v -0.04245600 0.00026400 0.00636800
v -0.07756100 0.00801100 0.00468200
v -0.04241100 -0.00057200 0.00638400
v -0.07534800 -0.00056100 0.00642100
v -0.02690600 -0.00704500 0.00193700
v -0.02745900 -0.00710300 0.00165200
v -0.07537200 0.00846000 0.00394500
v -0.02608000 -0.00707100 0.00069700
v -0.07639200 -0.00073400 0.00641800
v -0.07580500 0.00834300 0.00404800
v -0.04219700 0.00103300 0.00633700
v -0.04282900 0.00136800 0.00631200
v -0.02698900 -0.00709900 0.00092300
v -0.07394700 0.00881500 0.00356300
v -0.07505200 0.00873100 0.00366600
v -0.02657900 -0.00710000 0.00040600
v -0.02721700 -0.00715900 0.00011800
v -0.07468700 0.00902800 0.00323000
v -0.04279300 -0.00116800 0.00635500
v -0.02815400 -0.00713400 0.00140400
v -0.07562000 0.00880600 0.00355500
v -0.04355200 0.00084500 0.00635200
v -0.02892300 -0.00712900 0.00126900
v -0.02957000 -0.00713100 0.00154600
v -0.07537000 0.00904600 0.00325800
v -0.02868200 -0.00713800 0.00049100
v -0.02774600 -0.00710800 0.00072800
v -0.02791400 -0.00718300 0.00012500
v -0.04223000 0.00182900 0.00629400
v -0.07695000 0.00847100 0.00407800
v -0.07625100 0.00850000 0.00391400
v -0.04302200 0.00202200 0.00630000
v -0.04351300 0.00160100 0.00634000
v -0.07675400 0.00873700 0.00376100
v -0.02825700 -0.00719700 -0.00025600
v -0.04228900 0.00259400 0.00624900
v -0.02908500 -0.00716100 0.00004100
v -0.02549300 -0.00715500 0.00032700
v -0.02522600 -0.00720900 0.00004700
v -0.02548300 -0.00713600 -0.00019800
v -0.07354900 0.00074300 0.00632100
v -0.07407900 0.00024600 0.00635900
v -0.02557200 -0.00699100 -0.00079800
v -0.07758500 0.00841500 0.00422900
v -0.07828400 0.00821100 0.00452400
v -0.02538600 -0.00697900 -0.00132500
v -0.04170500 0.00341700 0.00618900
v -0.04231000 0.00345000 0.00614700
v -0.02589700 -0.00695500 -0.00111000
v -0.07754100 0.00887700 0.00365800
v -0.07852200 0.00862800 0.00408300
v -0.02600000 -0.00711900 0.00032800
v -0.02573400 -0.00715800 -0.00000800
v -0.04277400 0.00313400 0.00620500
v -0.04362700 0.00279300 0.00626000
v -0.02623300 -0.00711100 0.00000400
v -0.07627400 0.00901400 0.00340400
v -0.02686400 -0.00712500 -0.00010300
v -0.02593400 -0.00703600 -0.00046500
v -0.02649600 -0.00703400 -0.00059900
v -0.04444900 0.00168100 0.00635000
v -0.04533700 0.00112700 0.00631900
v -0.02645200 -0.00695900 -0.00126700
v -0.07623700 -0.00413900 0.00577400
v -0.07587300 -0.00291700 0.00616700
v -0.07599200 -0.00353700 0.00597100
v -0.02725500 -0.00713200 -0.00014900
v -0.02769000 -0.00717400 -0.00013400
v -0.04440900 0.00235200 0.00630600
v -0.07698300 0.00909100 0.00329400
v -0.02700100 -0.00704400 -0.00058600
v -0.02747600 -0.00701500 -0.00075800
v -0.04542900 0.00207400 0.00630800
v -0.07791200 0.00913700 0.00331900
v -0.07697600 -0.00344500 0.00605900
v -0.02811500 -0.00707700 -0.00082600
v -0.02774800 -0.00698000 -0.00109100
v -0.07733600 0.00929600 0.00300100
v -0.02871000 -0.00713300 -0.00040700
v -0.02863500 -0.00699300 -0.00116400
v -0.02687700 -0.00700200 -0.00102200
v -0.04588600 -0.00133300 0.00631000
v -0.04625400 -0.00217000 0.00618600
v -0.04553300 -0.00199800 0.00618500
v -0.07660900 -0.00305800 0.00617000
v -0.02735900 -0.00692800 -0.00146200
v -0.02692400 -0.00690200 -0.00151400
v -0.07642800 -0.00269300 0.00624800
v -0.04528900 -0.00108700 0.00629300
v -0.04524700 -0.00167300 0.00624600
v -0.02801500 -0.00683700 -0.00166700
v -0.04549700 -0.00063100 0.00632900
v -0.07710800 -0.00282300 0.00622700
v -0.07777600 -0.00346300 0.00611700
v -0.02764100 -0.00674500 -0.00201900
v -0.02141900 -0.00694000 -0.00100300
v -0.07896100 0.00761100 0.00497000
v -0.02184900 -0.00700700 -0.00080500
v -0.04669500 -0.00050600 0.00636400
v -0.04673400 -0.00150000 0.00627800
v -0.02191400 -0.00683800 -0.00168400
v -0.07765400 -0.00421700 0.00582500
v -0.07820300 -0.00441000 0.00576900
v -0.04650100 0.00018700 0.00634600
v -0.02280100 -0.00682700 -0.00150800
v -0.07985800 0.00754700 0.00492200
v -0.04704400 -0.00215500 0.00618600
v -0.04710600 -0.00267000 0.00610400
v -0.02160000 -0.00675600 -0.00201500
v -0.04766500 -0.00165700 0.00622800
v -0.04811300 -0.00207300 0.00618800
v -0.02286300 -0.00665500 -0.00225800
v -0.02286300 -0.00665500 -0.00225800
v -0.02197200 -0.00668200 -0.00226600
v -0.02197200 -0.00668200 -0.00226600
v -0.07914100 0.00848500 0.00418400
v -0.04760600 -0.00068500 0.00628300
v -0.07923300 -0.00486300 0.00550500
v -0.07905900 -0.00413700 0.00587500
v -0.04836200 -0.00168600 0.00625000
v -0.02374400 -0.00703200 -0.00118700
v -0.04802900 -0.00109500 0.00625200
v -0.07820500 -0.00378200 0.00602100
v -0.02355600 -0.00686000 -0.00192800
v -0.04809500 -0.00044400 0.00629000
v -0.04876800 -0.00107600 0.00629100
v -0.02430100 -0.00695400 -0.00166000
v -0.02475200 -0.00700400 -0.00142400
v -0.07979000 0.00795000 0.00462500
v -0.07845600 -0.00307600 0.00624200
v -0.04551900 0.00041600 0.00630900
v -0.07989400 0.00842900 0.00420200
v -0.07881700 -0.00343300 0.00614500
v -0.02340800 -0.00663400 -0.00241300
v -0.02340800 -0.00663400 -0.00241300
v -0.02284800 -0.00647700 -0.00263600
v -0.04731600 0.00011700 0.00633500
v -0.02427100 -0.00669200 -0.00227100
v -0.02427100 -0.00669200 -0.00227100
v -0.04630600 0.00092900 0.00630100
v -0.07691400 -0.00180100 0.00634300
v -0.02386900 -0.00626300 -0.00292500
v -0.04700200 0.00049200 0.00633300
v -0.02457900 -0.00654200 -0.00251200
v -0.02123000 -0.00664700 -0.00223500
v -0.02123000 -0.00664700 -0.00223500
v -0.02056000 -0.00634900 -0.00271900
v -0.04710800 0.00115200 0.00630300
v -0.04639000 0.00160000 0.00630700
v -0.02108600 -0.00613400 -0.00297500
v -0.08033200 0.00810500 0.00458100
v -0.08078000 0.00777000 0.00488500
v -0.07742500 -0.00210200 0.00633100
v -0.02183000 -0.00645300 -0.00260800
v -0.02216900 -0.00654000 -0.00251700
v -0.07790700 -0.00267700 0.00630400
v -0.04880200 -0.00018300 0.00628600
v -0.02233000 -0.00606500 -0.00314000
v -0.07667500 -0.00125100 0.00638000
v -0.07730800 -0.00150500 0.00637300
v -0.07728100 -0.00102900 0.00639900
v -0.02051000 -0.00590300 -0.00317700
v -0.02078900 -0.00564000 -0.00345200
v -0.07838600 -0.00233400 0.00634100
v -0.07789700 -0.00158300 0.00637500
v -0.02160700 -0.00568200 -0.00348500
v -0.04805400 0.00032900 0.00629900
v -0.07762200 -0.00108600 0.00643900
v -0.07810200 -0.00122300 0.00645600
v -0.04741400 0.00079500 0.00631400
v -0.04764700 0.00178300 0.00626600
v -0.08095800 0.00820700 0.00461900
v -0.02131300 -0.00543100 -0.00369400
v -0.02180500 -0.00519800 -0.00385500
v -0.04895700 0.00072700 0.00626700
v -0.04839900 0.00136200 0.00627500
v -0.02228800 -0.00546600 -0.00361900
v -0.07698300 -0.00053700 0.00641800
v -0.08160800 0.00819500 0.00465900
v -0.02288400 -0.00613300 -0.00303600
v -0.02327200 -0.00638300 -0.00283500
v -0.08052900 0.00846700 0.00426000
v -0.02439700 -0.00616700 -0.00305200
v -0.02333100 -0.00593200 -0.00329400
v -0.02383500 -0.00600000 -0.00327200
v -0.02284700 -0.00581500 -0.00333200
v -0.08148900 0.00855200 0.00431800
v -0.04362800 0.00368400 0.00618500
v -0.08111900 0.00882600 0.00395300
v -0.04305300 0.00384400 0.00610800
v -0.07867800 -0.00164200 0.00640600
v -0.02294000 -0.00523400 -0.00382300
v -0.02233700 -0.00499400 -0.00408100
v -0.02330800 -0.00545000 -0.00373500
v -0.02369500 -0.00566400 -0.00355100
v -0.08147700 0.00898700 0.00377300
v -0.04284500 0.00448900 0.00591100
v -0.02421500 -0.00584900 -0.00344000
v -0.04369000 0.00468100 0.00587800
v -0.07907200 -0.00236700 0.00631200
v -0.07921900 -0.00312200 0.00621400
v -0.07954700 -0.00193100 0.00636500
v -0.07953600 -0.00264800 0.00627000
v -0.04518600 0.00327200 0.00619200
v -0.02386300 -0.00542100 -0.00374100
v -0.02312800 -0.00503200 -0.00398200
v -0.02345900 -0.00499400 -0.00404700
v -0.02396900 -0.00481400 -0.00420800
v -0.02431500 -0.00506800 -0.00402300
v -0.07815300 0.00900200 0.00356100
v -0.04427600 0.00345000 0.00622100
v -0.02515500 -0.00691800 -0.00167700
v -0.07513300 0.00048400 0.00641400
v -0.07867800 0.00889500 0.00376800
v -0.02496100 -0.00672800 -0.00219600
v -0.02496100 -0.00672800 -0.00219600
v -0.02605500 -0.00690300 -0.00154900
v -0.07951600 0.00887700 0.00376100
v -0.02573700 -0.00666600 -0.00230700
v -0.02573700 -0.00666600 -0.00230700
v -0.07617400 0.00005800 0.00637700
v -0.04423500 0.00420700 0.00603500
v -0.04507800 0.00414100 0.00599200
v -0.04464800 0.00483000 0.00579200
v -0.04583200 0.00363600 0.00612800
v -0.02545200 -0.00656700 -0.00252600
v -0.07864400 0.00921200 0.00326800
v -0.02495600 -0.00619500 -0.00298200
v -0.07773300 0.00950500 0.00261700
v -0.07828700 0.00956500 0.00256500
v -0.04583200 0.00415100 0.00600500
v -0.07603200 0.00073800 0.00638600
v -0.07550300 0.00115200 0.00637900
v -0.02651300 -0.00673300 -0.00203900
v -0.07651400 0.00039700 0.00637100
v -0.02619900 -0.00657500 -0.00249200
v -0.02619900 -0.00657500 -0.00249200
v -0.07644900 0.00079200 0.00638800
v -0.04566900 0.00485300 0.00577000
v -0.07639100 0.00127000 0.00639600
v -0.07923000 0.00920500 0.00333600
v -0.07671900 0.00102100 0.00643600
v -0.02559600 -0.00621100 -0.00302600
v -0.02609600 -0.00635000 -0.00282800
v -0.07673300 0.00151600 0.00642500
v -0.04694100 0.00209900 0.00629800
v -0.04742700 0.00260300 0.00624000
v -0.02694400 -0.00675900 -0.00187500
v -0.02684500 -0.00653300 -0.00237100
v -0.02684500 -0.00653300 -0.00237100
v -0.02744800 -0.00654200 -0.00240300
v -0.02744800 -0.00654200 -0.00240300
v -0.02711700 -0.00635700 -0.00272700
v -0.02811600 -0.00669800 -0.00207200
v -0.04831700 0.00261900 0.00623900
v -0.07921700 0.00965300 0.00258900
v -0.02795500 -0.00654300 -0.00252600
v -0.02795500 -0.00654300 -0.00252600
v -0.07344100 0.00146400 0.00633800
v -0.07998500 0.00937800 0.00321200
v -0.04953600 0.00183800 0.00629100
v -0.02671900 -0.00629700 -0.00288600
v -0.08040900 0.00902400 0.00367400
v -0.02637500 -0.00600300 -0.00319100
v -0.07429600 0.00117500 0.00631300
v -0.02697500 -0.00609000 -0.00311100
v -0.02752200 -0.00637000 -0.00278900
v -0.02799200 -0.00628300 -0.00289200
v -0.02822800 -0.00648300 -0.00265000
v -0.02822800 -0.00648300 -0.00265000
v -0.02753200 -0.00609100 -0.00308200
v -0.04933100 0.00291000 0.00621900
v -0.08089500 0.00923300 0.00342400
v -0.04852700 0.00335300 0.00616000
v -0.02815200 -0.00608300 -0.00313000
v -0.02777700 -0.00577200 -0.00348800
v -0.04633000 0.00260200 0.00626900
v -0.07389500 0.00209700 0.00633900
v -0.04695300 0.00303300 0.00623300
v -0.02476800 -0.00579400 -0.00348400
v -0.02527300 -0.00582900 -0.00340500
v -0.02592400 -0.00589800 -0.00334100
v -0.04657200 0.00352600 0.00616200
v -0.04636400 0.00420600 0.00601500
v -0.08032400 0.00989500 0.00217700
v -0.08071800 0.00955800 0.00284900
v -0.02508300 -0.00524200 -0.00391500
v -0.04777700 0.00325300 0.00619400
v -0.04717700 0.00364100 0.00612300
v -0.02442600 -0.00540700 -0.00379700
v -0.08126600 0.00937500 0.00318500
v -0.02495400 -0.00486500 -0.00425800
v -0.08106400 0.00981200 0.00238400
v -0.08180800 0.00974700 0.00251800
v -0.02603000 -0.00527800 -0.00390300
v -0.02649600 -0.00573200 -0.00353700
v -0.08131900 0.00998100 0.00203100
v -0.08146700 0.00093200 0.00723600
v -0.08157600 0.00163200 0.00720000
v -0.02566700 -0.00481000 -0.00429000
v -0.07497900 0.00214300 0.00632700
v -0.04714100 0.00413100 0.00600500
v -0.02632700 -0.00488900 -0.00424100
v -0.04756200 0.00393000 0.00604300
v -0.02608500 -0.00435200 -0.00455300
v -0.04778200 0.00429100 0.00598100
v -0.08209100 0.00192600 0.00693400
v -0.08213200 0.00123200 0.00697200
v -0.04625800 0.00461700 0.00586800
v -0.04672200 0.00478400 0.00585000
v -0.02718600 -0.00573700 -0.00352700
v -0.02677900 -0.00514500 -0.00406700
v -0.04714800 0.00479200 0.00582300
v -0.02767200 -0.00546400 -0.00380100
v -0.08334700 0.00131100 0.00647900
v -0.08368200 0.00055600 0.00649500
v -0.08312200 0.00086400 0.00650100
v -0.07570200 0.00268400 0.00635500
v -0.02804000 -0.00555900 -0.00375700
v -0.08443900 0.00089500 0.00651000
v -0.02728600 -0.00514000 -0.00404700
v -0.08435200 -0.00004400 0.00652400
v -0.04652800 0.00541400 0.00556500
v -0.02772500 -0.00503400 -0.00413500
v -0.04781800 0.00510700 0.00572900
v -0.08409800 0.00212300 0.00650100
v -0.07405300 0.00295400 0.00629500
v -0.02682600 -0.00492100 -0.00425200
v -0.04726900 0.00554900 0.00551000
v -0.08484900 0.00156500 0.00651500
v -0.08469400 0.00263400 0.00648000
v -0.02674400 -0.00449100 -0.00448700
v -0.08554400 0.00196000 0.00652700
v -0.02723000 -0.00478000 -0.00432200
v -0.04818700 0.00398800 0.00606700
v -0.02778100 -0.00455100 -0.00447700
v -0.04952800 0.00354600 0.00616600
v -0.04912200 0.00401800 0.00608000
v -0.08596300 -0.00029100 0.00658800
v -0.08534900 -0.00022300 0.00658200
v -0.08582100 0.00045500 0.00655500
v -0.08665600 0.00008100 0.00656800
v -0.04849800 0.00436800 0.00597500
v -0.04839800 0.00502700 0.00574800
v -0.04916300 0.00458000 0.00590500
v -0.04953100 0.00529400 0.00567500
v -0.02823900 -0.00444300 -0.00454700
v -0.02825900 -0.00406400 -0.00481400
v -0.08503200 0.00058300 0.00652000
v -0.01819600 0.00030300 0.00641900
v -0.04976900 0.00430000 0.00598500
v -0.01910100 0.00010200 0.00643700
v -0.01900900 0.00059400 0.00643100
v -0.07586400 0.00189000 0.00639500
v -0.04229600 0.00430200 0.00596200
v -0.01874600 0.00122400 0.00642100
v -0.01933600 0.00097500 0.00639300
v -0.01838000 0.00169300 0.00642100
v -0.08564000 0.00122600 0.00651200
v -0.07663300 0.00200400 0.00639100
v -0.04237100 0.00518800 0.00558500
v -0.04303400 0.00535000 0.00554700
v -0.07659600 0.00247700 0.00634200
v -0.08633100 0.00108900 0.00654300
v -0.07691700 0.00223300 0.00643700
v -0.08640100 0.00180800 0.00651900
v -0.08689100 0.00135000 0.00652800
v -0.08709400 0.00061400 0.00655200
v -0.08711500 0.00196100 0.00649600
v -0.01980900 0.00038400 0.00639700
v -0.02035700 0.00094100 0.00637800
v -0.08742900 -0.00054600 0.00654800
v -0.08666600 -0.00094900 0.00656000
v -0.04397900 0.00546000 0.00553000
v -0.07708500 0.00254700 0.00646700
v -0.08828500 -0.00045500 0.00658500
v -0.08804900 -0.00102000 0.00656800
v -0.08789900 0.00032300 0.00660000
v -0.04342600 0.00605000 0.00517000
v -0.01982600 0.00169700 0.00634900
v -0.01839600 0.00239300 0.00631100
v -0.01892000 0.00193000 0.00635400
v -0.07807600 -0.00058600 0.00676800
v -0.07854300 -0.00065500 0.00689900
v -0.07829400 -0.00090400 0.00667100
v -0.08746700 0.00091600 0.00656500
v -0.01884300 0.00288000 0.00621400
v -0.07740400 -0.00053200 0.00648600
v -0.07784800 -0.00085400 0.00655900
v -0.07777300 -0.00041100 0.00666900
v -0.07743800 0.00002400 0.00669200
v -0.01969800 0.00274300 0.00621000
v -0.04339900 0.00681200 0.00460300
v -0.04414800 0.00609700 0.00518500
v -0.04460500 0.00554200 0.00548800
v -0.07746400 0.00080700 0.00684100
v -0.07772200 0.00049200 0.00692700
v -0.07790000 -0.00001700 0.00688500
v -0.07843200 -0.00002900 0.00711900
v -0.08765300 0.00176700 0.00651900
v -0.08807500 0.00120800 0.00657200
v -0.08861200 0.00038300 0.00664000
v -0.08870200 0.00105800 0.00660200
v -0.07855300 0.00027500 0.00723400
v -0.07872900 -0.00018700 0.00716100
v -0.07823900 0.00043600 0.00716500
v -0.04543800 0.00563700 0.00541100
v -0.04535600 0.00612200 0.00515000
v -0.04596300 0.00588700 0.00531000
v -0.07675500 -0.00010700 0.00640900
v -0.04615100 0.00633400 0.00500900
v -0.02101200 0.00180800 0.00634900
v -0.02170400 0.00138600 0.00639600
v -0.07710400 -0.00007900 0.00648800
v -0.07690400 0.00011900 0.00644000
v -0.02034100 0.00257000 0.00622100
v -0.04446800 0.00675700 0.00464100
v -0.08582200 0.00266400 0.00650200
v -0.07684900 0.00061200 0.00646500
v -0.07710500 0.00023000 0.00654200
v -0.02114100 0.00268600 0.00623100
v -0.08661500 0.00291400 0.00648200
v -0.07701000 0.00103000 0.00658400
v -0.02185800 0.00219100 0.00632900
v -0.02015700 0.00358800 0.00601200
v -0.07867300 -0.00132900 0.00651200
v -0.07910400 -0.00098200 0.00687100
v -0.01910000 0.00350000 0.00605800
v -0.04341400 0.00736300 0.00402400
v -0.04388900 0.00735100 0.00404300
v -0.07938700 -0.00161100 0.00649300
v -0.08807000 0.00224900 0.00655000
v -0.08868400 0.00191400 0.00659700
v -0.07971200 -0.00160900 0.00653300
v -0.07946800 -0.00126200 0.00676600
v -0.04282200 0.00770500 0.00357100
v -0.08870600 0.00227900 0.00659700
v -0.07899400 0.00008500 0.00727800
v -0.02286700 0.00210900 0.00629800
v -0.08746100 0.00267400 0.00649200
v -0.07782800 0.00126900 0.00705500
v -0.07794600 0.00083500 0.00709400
v -0.04671100 0.00600100 0.00523700
v -0.07876200 0.00086500 0.00734800
v -0.07834800 0.00123800 0.00727500
v -0.07893800 0.00137700 0.00739900
v -0.04793800 0.00587900 0.00533100
v -0.04841000 0.00575400 0.00539200
v -0.02106900 0.00357000 0.00602400
v -0.02176300 0.00276700 0.00622900
v -0.04913100 0.00600200 0.00525200
v -0.08824200 0.00309000 0.00651300
v -0.04834400 0.00624300 0.00512000
v -0.07836500 0.00176100 0.00724700
v -0.08874300 0.00314300 0.00653700
v -0.07800500 0.00189000 0.00711000
v -0.08919000 0.00240600 0.00658200
v -0.02076300 0.00413400 0.00581300
v -0.04989500 0.00596400 0.00531400
v -0.02208700 0.00375500 0.00596100
v -0.02134100 0.00425400 0.00574100
v -0.08756500 0.00370600 0.00647000
v -0.08685600 0.00383700 0.00642900
v -0.07728100 0.00156200 0.00673800
v -0.04971000 0.00673800 0.00478100
v -0.02221700 0.00452800 0.00563800
v -0.04564000 0.00664100 0.00473100
v -0.08834700 0.00417500 0.00642600
v -0.08839400 0.00350600 0.00650000
v -0.04518500 0.00715700 0.00425000
v -0.07748900 0.00209800 0.00678700
v -0.01989400 0.00429600 0.00576500
v -0.09019400 0.00290900 0.00656800
v -0.08917000 0.00378500 0.00647300
v -0.04346900 0.00784900 0.00339100
v -0.01935900 0.00506100 0.00536200
v -0.02003600 0.00495100 0.00542800
v -0.07918300 0.00064500 0.00739100
v -0.01861000 0.00507900 0.00532100
v -0.01908900 0.00565500 0.00495300
v -0.04593000 0.00732100 0.00410300
v -0.08915800 0.00464300 0.00637700
v -0.01850700 0.00574900 0.00488300
v -0.08012100 0.00122700 0.00748800
v -0.04540400 0.00772800 0.00354100
v -0.04476500 0.00771500 0.00352200
v -0.04607800 0.00776300 0.00362100
v -0.01964400 0.00536300 0.00515100
v -0.04397700 0.00790800 0.00329000
v -0.04452500 0.00808500 0.00300500
v -0.02050300 0.00459200 0.00561100
v -0.08875700 -0.00099700 0.00660300
v -0.08910800 -0.00037400 0.00662800
v -0.02105700 0.00468200 0.00554800
v -0.04543800 0.00808700 0.00307900
v -0.02071900 0.00500500 0.00537100
v -0.08988600 -0.00118600 0.00659400
v -0.08927500 -0.00146000 0.00652400
v -0.08944600 -0.00096800 0.00659600
v -0.08966100 -0.00060600 0.00663100
v -0.09039400 -0.00085200 0.00664000
v -0.02143200 0.00483900 0.00546300
v -0.09023500 -0.00037100 0.00668200
v -0.04680800 0.00645700 0.00490300
v -0.08077700 -0.00603900 0.00470600
v -0.08150800 -0.00596700 0.00477400
v -0.08130900 -0.00621800 0.00454300
v -0.04732400 0.00622600 0.00510800
v -0.01980700 0.00596300 0.00467200
v -0.08209500 -0.00617700 0.00453400
v -0.08178100 -0.00656500 0.00409500
v -0.04774900 0.00651000 0.00493800
v -0.02113400 0.00502700 0.00533600
v -0.08955600 0.00002200 0.00662900
v -0.02213300 0.00520400 0.00526200
v -0.08944900 0.00064600 0.00660300
v -0.09004500 0.00015400 0.00665200
v -0.04643900 0.00682400 0.00457000
v -0.02151000 0.00544200 0.00508600
v -0.02092300 0.00556000 0.00496500
v -0.04696800 0.00712100 0.00441600
v -0.04664500 0.00725700 0.00426100
v -0.02040400 0.00549700 0.00504000
v -0.08464700 -0.00673600 0.00391600
v -0.08436900 -0.00732700 0.00302800
v -0.08364000 -0.00673000 0.00382000
v -0.09137600 -0.00096500 0.00659700
v -0.09202700 -0.00116800 0.00654400
v -0.09160100 -0.00166300 0.00651600
v -0.02077500 0.00606600 0.00455500
v -0.04754100 0.00718800 0.00437900
v -0.02116200 0.00591300 0.00470900
v -0.08551200 -0.00734100 0.00308900
v -0.08606400 -0.00690500 0.00360400
v -0.04845700 0.00695600 0.00454800
v -0.09027800 -0.00145600 0.00658700
v -0.08999600 -0.00191400 0.00648900
v -0.02177200 0.00590700 0.00478800
v -0.04714900 0.00741800 0.00413700
v -0.09074400 -0.00124200 0.00660300
v -0.09082000 -0.00208300 0.00649500
v -0.04804100 0.00760800 0.00392100
v -0.09078400 -0.00037700 0.00668000
v -0.02160300 0.00612800 0.00455000
v -0.02107600 0.00632400 0.00431500
v -0.04891400 0.00646300 0.00493100
v -0.08624700 -0.00754400 0.00263600
v -0.08671800 -0.00740700 0.00285700
v -0.08716000 -0.00751000 0.00262300
v -0.02250000 0.00268000 0.00623000
v -0.09055300 -0.00007000 0.00667700
v -0.09108800 -0.00003200 0.00669900
v -0.04906700 0.00694300 0.00458300
v -0.02367000 0.00254500 0.00625000
v -0.07996200 -0.00458100 0.00562900
v -0.07962500 -0.00427800 0.00579900
v -0.02309400 0.00268300 0.00622400
v -0.04953500 0.00727600 0.00431600
v -0.02262000 0.00328500 0.00609700
v -0.08043200 -0.00488200 0.00549200
v -0.07987000 -0.00517500 0.00523900
v -0.09194400 -0.00062300 0.00658300
v -0.08042200 -0.00539600 0.00515600
v -0.09196500 0.00024600 0.00663400
v -0.02375800 0.00324400 0.00611900
v -0.04902000 0.00754400 0.00399800
v -0.02310400 0.00380000 0.00597200
v -0.07943400 -0.00357700 0.00610200
v -0.08014400 -0.00358600 0.00608700
v -0.08028200 -0.00418000 0.00587800
v -0.05018900 0.00725800 0.00435400
v -0.09019700 0.00098300 0.00662100
v -0.09055000 0.00053100 0.00665700
v -0.08111500 -0.00412700 0.00598500
v -0.08100400 -0.00456500 0.00571300
v -0.09093500 0.00132100 0.00663800
v -0.02321200 0.00464600 0.00566900
v -0.04995800 0.00765100 0.00397900
v -0.04925700 0.00814200 0.00323400
v -0.09146400 0.00079000 0.00666700
v -0.04664300 0.00753600 0.00394000
v -0.02438500 0.00378100 0.00600100
v -0.08117100 -0.00513100 0.00542600
v -0.04647800 0.00803900 0.00329500
v -0.04717600 0.00780000 0.00363000
v -0.08174100 -0.00506400 0.00546200
v -0.02532900 0.00353700 0.00606600
v -0.09215900 0.00109000 0.00664900
v -0.08260700 -0.00550600 0.00501500
v -0.04609200 0.00858900 0.00225600
v -0.02373600 0.00444700 0.00574900
v -0.02458400 0.00445600 0.00573300
v -0.02388600 0.00489500 0.00550800
v -0.04723600 0.00842600 0.00265400
v -0.08159800 -0.00470100 0.00567500
v -0.08166700 -0.00408700 0.00601500
v -0.08220400 -0.00460400 0.00570400
v -0.09156300 0.00160100 0.00665700
v -0.09210300 0.00154400 0.00666200
v -0.04674500 0.00855200 0.00244700
v -0.02506500 0.00418400 0.00584600
v -0.08265400 -0.00484400 0.00551300
v -0.02593900 0.00421100 0.00580800
v -0.04790600 0.00827600 0.00288400
v -0.05026000 0.00826100 0.00321100
v -0.07969400 -0.00326300 0.00618000
v -0.04861900 0.00856600 0.00248600
v -0.04958800 0.00842500 0.00285600
v -0.08014600 -0.00302700 0.00620300
v -0.04790400 0.00858700 0.00234000
v -0.02459500 0.00496700 0.00545100
v -0.08935700 0.00146100 0.00656200
v -0.08073500 -0.00365100 0.00610100
v -0.04907000 0.00868700 0.00232200
v -0.08129100 -0.00337900 0.00621600
v -0.02461000 0.00553800 0.00507800
v -0.02524300 0.00541500 0.00512200
v -0.04881700 0.00880900 0.00197200
v -0.02580300 0.00481900 0.00549100
v -0.08006600 -0.00227200 0.00630200
v -0.03406100 0.00613600 0.00479700
v -0.09037300 0.00150900 0.00660300
v -0.08081500 -0.00260100 0.00629300
v -0.02290000 0.00499400 0.00546200
v -0.08060700 -0.00203100 0.00636100
v -0.03414200 0.00668300 0.00435700
v -0.03339500 0.00658000 0.00437200
v -0.03497200 0.00685000 0.00431600
v -0.08148100 -0.00247900 0.00636600
v -0.02282900 0.00551500 0.00510200
v -0.08979500 0.00210400 0.00658400
v -0.02332300 0.00529600 0.00523800
v -0.08105800 -0.00212400 0.00636800
v -0.03570400 0.00705200 0.00406200
v -0.02388900 0.00599800 0.00476500
v -0.02325600 0.00601000 0.00476300
v -0.03467100 0.00710900 0.00400200
v -0.03338600 0.00701200 0.00388900
v -0.09042700 0.00206200 0.00661100
v -0.08233900 -0.00379000 0.00609300
v -0.08277400 -0.00377300 0.00606900
v -0.08228400 -0.00411100 0.00599800
v -0.03388500 0.00738400 0.00352200
v -0.08283400 -0.00431200 0.00582400
v -0.03473800 0.00736600 0.00363700
v -0.08321500 -0.00402400 0.00594900
v -0.02266300 0.00607000 0.00470300
v -0.03449400 0.00771200 0.00300000
v -0.03532900 0.00725200 0.00380500
v -0.02229100 0.00626100 0.00449200
v -0.02158200 0.00649500 0.00412900
v -0.02278800 0.00643400 0.00435500
v -0.08276800 -0.00315200 0.00624200
v -0.08354900 -0.00351400 0.00608000
v -0.03582400 0.00742000 0.00352400
v -0.03634000 0.00700100 0.00409700
v -0.03537000 0.00768200 0.00311400
v -0.03603100 0.00776400 0.00301600
v -0.08167600 -0.00373600 0.00616100
v -0.09101500 0.00189900 0.00662300
v -0.02454200 0.00598200 0.00474300
v -0.03703100 0.00695800 0.00414800
v -0.09254400 -0.00172400 0.00634500
v -0.09205200 -0.00225700 0.00629700
v -0.03688400 0.00736700 0.00357100
v -0.09272300 -0.00229600 0.00619100
v -0.03758500 0.00713600 0.00390100
v -0.01879400 0.00603600 0.00463700
v -0.08208900 -0.00285500 0.00633400
v -0.09334200 -0.00244400 0.00599300
v -0.09278000 -0.00288900 0.00602400
v -0.01872200 0.00655000 0.00401700
v -0.09309200 -0.00176300 0.00623700
v -0.09277500 -0.00101100 0.00647300
v -0.03702400 0.00777800 0.00299000
v -0.01967800 0.00656000 0.00405900
v -0.03746600 0.00749600 0.00342100
v -0.09249800 -0.00017200 0.00658300
v -0.09306900 0.00007600 0.00651700
v -0.03781600 0.00788900 0.00285500
v -0.09336100 -0.00072200 0.00635200
v -0.01898600 0.00696200 0.00342300
v -0.09391400 -0.00122300 0.00606500
v -0.08637400 -0.00425100 0.00587000
v -0.08695200 -0.00467200 0.00563000
v -0.08636600 -0.00482700 0.00560300
v -0.09369500 -0.00200500 0.00600000
v -0.09407400 -0.00040300 0.00618200
v -0.01992600 0.00697000 0.00344400
v -0.03361500 0.00757400 0.00317900
v -0.01941000 0.00730000 0.00286100
v -0.03347200 0.00788000 0.00254000
v -0.08419500 -0.00528400 0.00527700
v -0.08375700 -0.00564900 0.00494400
v -0.08323700 -0.00528200 0.00518300
v -0.08444000 -0.00564800 0.00499500
v -0.03567700 0.00795200 0.00261900
v -0.02040800 0.00648300 0.00418300
v -0.03508900 0.00800700 0.00237600
v -0.09395600 -0.00257100 0.00577300
v -0.09333300 -0.00290300 0.00583200
v -0.08325700 -0.00585600 0.00474600
v -0.08268100 -0.00601400 0.00464000
v -0.08254400 -0.00653700 0.00413700
v -0.08317200 -0.00622400 0.00440400
v -0.09456900 -0.00192900 0.00563100
v -0.09453100 -0.00257200 0.00547200
v -0.03358000 0.00811500 0.00163300
v -0.03441100 0.00803600 0.00225500
v -0.02055600 0.00681400 0.00374700
v -0.02101200 0.00667900 0.00391200
v -0.03453500 0.00816900 0.00142200
v -0.02112500 0.00704200 0.00348400
v -0.09435400 -0.00295200 0.00542300
v -0.09498800 -0.00217400 0.00531800
v -0.02164200 0.00707600 0.00350600
v -0.03503100 0.00815100 0.00174600
v -0.03540300 0.00810200 0.00213400
v -0.03598100 0.00825500 0.00166000
v -0.08388100 -0.00597600 0.00463200
v -0.02046800 0.00712300 0.00324100
v -0.03640000 0.00797000 0.00269500
v -0.02017500 0.00736200 0.00278000
v -0.09479600 -0.00064600 0.00577100
v -0.03617300 0.00816100 0.00220900
v -0.02113600 0.00738100 0.00286100
v -0.03656500 0.00826200 0.00182200
v -0.03507000 0.00820400 0.00119300
v -0.01816500 0.00717600 0.00322700
v -0.09525200 -0.00249800 0.00489500
v -0.01876000 0.00734000 0.00279500
v -0.01804700 0.00738600 0.00272400
v -0.03656000 0.00827400 0.00116900
v -0.03741100 0.00801800 0.00260000
v -0.03710600 0.00821000 0.00212400
v -0.09521100 -0.00120600 0.00540500
v -0.03761300 0.00820600 0.00215900
v -0.01871500 0.00747300 0.00236500
v -0.01965600 0.00750300 0.00232600
v -0.08512400 -0.00591000 0.00483900
v -0.08466900 -0.00628600 0.00443400
v -0.08542800 -0.00632500 0.00448100
v -0.03728200 0.00828400 0.00157100
v -0.03702300 0.00832100 0.00084100
v -0.08474000 -0.00547200 0.00515700
v -0.01843300 0.00755800 0.00180700
v -0.08578300 -0.00610100 0.00464200
v -0.03833000 0.00746400 0.00365500
v -0.08630400 -0.00629800 0.00440000
v -0.01919600 0.00757600 0.00170000
v -0.03877200 0.00754800 0.00359900
v -0.08593900 -0.00562100 0.00501400
v -0.08543900 -0.00535000 0.00521500
v -0.08642900 -0.00594500 0.00472200
v -0.09287600 0.00060100 0.00657000
v -0.03991500 0.00791200 0.00307800
v -0.02030000 0.00763200 0.00203200
v -0.09380800 0.00030300 0.00633600
v -0.03884600 0.00791000 0.00301500
v -0.02093700 0.00760300 0.00219600
v -0.02015200 0.00765400 0.00177500
v -0.09339000 0.00056000 0.00646300
v -0.03839100 0.00826400 0.00227200
v -0.02060400 0.00765000 0.00188000
v -0.01983200 0.00764300 0.00127500
v -0.09268500 0.00160200 0.00658600
v -0.09332300 0.00106100 0.00650800
v -0.02052800 0.00762400 0.00117100
v -0.02124200 0.00766000 0.00193000
v -0.03900800 0.00827700 0.00229700
v -0.09397600 0.00081700 0.00633100
v -0.02137200 0.00767700 0.00099600
v -0.02071500 0.00765300 0.00084200
v -0.09450500 0.00013100 0.00606400
v -0.02231500 0.00673500 0.00394400
v -0.04034600 0.00802700 0.00288200
v -0.08356700 -0.00450500 0.00573900
v -0.08396400 -0.00472200 0.00561200
v -0.04168600 0.00792900 0.00313100
v -0.08366900 -0.00404000 0.00590900
v -0.02677800 0.00394700 0.00598400
v -0.03997100 0.00824900 0.00234400
v -0.08476700 -0.00474100 0.00567000
v -0.02661500 0.00454000 0.00575200
v -0.08415600 -0.00436600 0.00580800
v -0.04087800 0.00840400 0.00215700
v -0.08470700 -0.00438100 0.00583900
v -0.04117300 0.00834400 0.00234900
v -0.09554100 -0.00028700 0.00538800
v -0.02630600 0.00487500 0.00553300
v -0.09567600 -0.00090700 0.00513200
v -0.04119400 0.00846700 0.00198700
v -0.08418400 -0.00350200 0.00613200
v -0.02709300 0.00463500 0.00571200
v -0.02774800 0.00445200 0.00577800
v -0.08481200 -0.00386400 0.00599500
v -0.03783700 0.00835800 0.00160400
v -0.03872900 0.00840500 0.00178400
v -0.09501700 0.00008800 0.00581100
v -0.09494600 0.00059300 0.00589700
v -0.08480400 -0.00331200 0.00625100
v -0.09454500 0.00104900 0.00614800
v -0.09551400 0.00026500 0.00553400
v -0.03966600 0.00838200 0.00183500
v -0.02893200 0.00459500 0.00574100
v -0.03002300 0.00373600 0.00608300
v -0.02953800 0.00412800 0.00591900
v -0.03010300 0.00408200 0.00597000
v -0.03771100 0.00837600 0.00113300
v -0.09554500 0.00106800 0.00564600
v -0.03812300 0.00840700 0.00133100
v -0.02976800 0.00464100 0.00571900
v -0.03825000 0.00841400 0.00081400
v -0.08581000 -0.00495000 0.00554500
v -0.08525600 -0.00487600 0.00558900
v -0.09621700 0.00050800 0.00510500
v -0.08529600 -0.00457200 0.00574500
v -0.03883500 0.00841400 0.00123300
v -0.03252300 0.00284600 0.00626400
v -0.03885500 0.00843800 0.00012300
v -0.03926900 0.00846700 0.00069500
v -0.09162900 0.00234700 0.00663700
v -0.09236200 0.00223500 0.00657600
v -0.04020900 0.00839000 0.00188700
v -0.03051000 0.00356600 0.00613200
v -0.03102600 0.00351000 0.00614500
v -0.08648400 -0.00513000 0.00537800
v -0.09299600 0.00241700 0.00650200
v -0.04075000 0.00851200 0.00132100
v -0.08532000 -0.00407200 0.00594100
v -0.03134400 0.00398200 0.00598300
v -0.03192000 0.00351700 0.00610600
v -0.08582000 -0.00456900 0.00575000
v -0.04134800 0.00857200 0.00137500
v -0.04086400 0.00857200 0.00062400
v -0.03054700 0.00386000 0.00600800
v -0.03040100 0.00444600 0.00580000
v -0.08531500 -0.00357900 0.00612500
v -0.08575800 -0.00395900 0.00596700
v -0.09097400 0.00266500 0.00656300
v -0.03082800 0.00433300 0.00586700
v -0.04017400 0.00850500 0.00095700
v -0.03045900 0.00501400 0.00551100
v -0.03094100 0.00481900 0.00567000
v -0.04056400 0.00856200 0.00019900
v -0.04000200 0.00846500 0.00019800
v -0.09083900 0.00345500 0.00649900
v -0.03157400 0.00462100 0.00579300
v -0.03195400 0.00408100 0.00597700
v -0.08991700 0.00397600 0.00646000
v -0.08008400 -0.00171500 0.00647000
v -0.08056300 -0.00167600 0.00647300
v -0.03158100 0.00515700 0.00553100
v -0.08100500 -0.00168800 0.00644300
v -0.08000700 -0.00117300 0.00682700
v -0.03206200 0.00482200 0.00571500
v -0.08046900 -0.00113600 0.00680500
v -0.03259500 0.00794300 -0.00116100
v -0.03305400 0.00805100 -0.00064800
v -0.03213500 0.00807300 -0.00034100
v -0.03312200 0.00799700 -0.00106000
v -0.08115700 -0.00127100 0.00662100
v -0.03355100 0.00804400 -0.00088300
v -0.03235600 0.00358700 0.00609600
v -0.08152900 -0.00171000 0.00647200
v -0.03219100 0.00752300 -0.00203800
v -0.03266400 0.00778700 -0.00163100
v -0.03196300 0.00775500 -0.00142700
v -0.08234600 -0.00197900 0.00644000
v -0.08234700 -0.00121100 0.00649400
v -0.08130000 -0.00154000 0.00649900
v -0.03334300 0.00786200 -0.00139200
v -0.03248400 0.00439700 0.00589100
v -0.03324400 0.00763300 -0.00190200
v -0.03262900 0.00752400 -0.00218900
v -0.03399900 0.00794700 -0.00121100
v -0.03410300 0.00772000 -0.00168600
v -0.08080500 -0.00063300 0.00700900
v -0.08132800 -0.00084100 0.00678900
v -0.09082700 0.00460200 0.00635800
v -0.03375200 0.00745200 -0.00220000
v -0.03426400 0.00750200 -0.00214400
v -0.08176400 -0.00123800 0.00654300
v -0.09151800 0.00391500 0.00646900
v -0.08178200 -0.00063100 0.00673800
v -0.03455300 0.00789200 -0.00126800
v -0.03473300 0.00751500 -0.00207500
v -0.03513400 0.00784300 -0.00152700
v -0.03460400 0.00731100 -0.00251900
v -0.09158300 0.00296300 0.00657600
v -0.08385800 -0.00283300 0.00630100
v -0.08303900 -0.00255600 0.00634100
v -0.03543100 0.00764700 -0.00204200
v -0.03561300 0.00743600 -0.00241600
v -0.09229900 0.00277500 0.00655700
v -0.08374700 -0.00199900 0.00643200
v -0.08314300 -0.00169100 0.00645700
v -0.03493000 0.00723500 -0.00261700
v -0.03543500 0.00710400 -0.00288200
v -0.03302000 0.00491200 0.00565200
v -0.03246900 0.00546300 0.00534100
v -0.03322200 0.00535700 0.00539300
v -0.09215900 0.00314900 0.00655000
v -0.03605600 0.00704200 -0.00296300
v -0.03642100 0.00738400 -0.00245400
v -0.03650200 0.00711700 -0.00290000
v -0.03601500 0.00670300 -0.00330000
v -0.03363700 0.00569500 0.00511700
v -0.03319600 0.00601700 0.00490800
v -0.03679100 0.00731100 -0.00267700
v -0.03681500 0.00691300 -0.00316600
v -0.03702900 0.00726400 -0.00281900
v -0.03744800 0.00705800 -0.00308700
v -0.03759600 0.00731100 -0.00278900
v -0.09292700 0.00318700 0.00643100
v -0.02613600 0.00546200 0.00513500
v -0.08294700 -0.00094100 0.00646400
v -0.03748800 0.00635400 -0.00376400
v -0.03770800 0.00670800 -0.00343800
v -0.03717700 0.00664200 -0.00350000
v -0.03818700 0.00643800 -0.00371300
v -0.08211200 -0.00090600 0.00655800
v -0.03794500 0.00701000 -0.00319900
v -0.03820300 0.00683700 -0.00336400
v -0.02375700 0.00639900 0.00441000
v -0.02331400 0.00658200 0.00418700
v -0.03877900 0.00675300 -0.00349300
v -0.03847100 0.00706500 -0.00308400
v -0.08375500 -0.00101500 0.00648400
v -0.02387900 0.00669500 0.00403200
v -0.03918700 0.00666200 -0.00365000
v -0.03938900 0.00695600 -0.00342200
v -0.03885100 0.00611600 -0.00402100
v -0.08972200 0.00529500 0.00625600
v -0.08409000 -0.00156900 0.00649100
v -0.02526400 0.00587600 0.00481100
v -0.03385900 0.00816800 0.00112100
v -0.03312300 0.00813400 0.00101300
v -0.08087200 -0.00000300 0.00722000
v -0.08048900 -0.00019500 0.00723500
v -0.02483900 0.00627000 0.00445600
v -0.08133400 -0.00042600 0.00696100
v -0.08155500 0.00011000 0.00706200
v -0.08032500 0.00015800 0.00735800
v -0.02580500 0.00602000 0.00474700
v -0.08075700 0.00072900 0.00740100
v -0.03464600 0.00820300 0.00074200
v -0.02556500 0.00621700 0.00450300
v -0.08238900 -0.00040300 0.00659300
v -0.02412100 0.00634600 0.00444100
v -0.03347400 0.00813900 0.00061400
v -0.03298000 0.00814500 0.00041800
v -0.02462200 0.00669900 0.00399600
v -0.08204900 0.00060200 0.00696700
v -0.02510000 0.00665100 0.00402000
v -0.02404900 0.00707200 0.00351600
v -0.03337400 0.00812700 0.00005200
v -0.03377500 0.00813200 0.00015800
v -0.03412800 0.00816800 0.00054800
v -0.09101400 0.00523800 0.00623300
v -0.03437500 0.00815400 0.00010400
v -0.09149200 0.00562400 0.00613600
v -0.09188800 0.00508400 0.00626600
v -0.02562400 0.00695500 0.00372100
v -0.02519300 0.00708700 0.00350000
v -0.09086900 0.00612200 0.00601900
v -0.08275000 0.00038600 0.00656600
v -0.03523800 0.00825400 0.00039900
v -0.09238900 0.00390200 0.00644800
v -0.03593600 0.00828400 0.00073400
v -0.08272600 0.00073500 0.00662100
v -0.02207300 0.00741300 0.00295700
v -0.02153700 0.00760300 0.00232700
v -0.03653500 0.00829700 0.00049000
v -0.08246900 -0.00070700 0.00651900
v -0.09313400 0.00394500 0.00627900
v -0.08282000 -0.00036100 0.00649600
v -0.09384900 0.00312700 0.00623600
v -0.03694400 0.00827500 0.00014100
v -0.09265100 0.00456700 0.00628500
v -0.08324500 0.00008400 0.00647800
v -0.02277400 0.00685500 0.00381100
v -0.03490000 0.00812000 -0.00037400
v -0.02228200 0.00710000 0.00347300
v -0.03513900 0.00804900 -0.00092000
v -0.03565100 0.00811500 -0.00081300
v -0.09341000 0.00460500 0.00605800
v -0.02287600 0.00732300 0.00305200
v -0.02342000 0.00688000 0.00378300
v -0.03615400 0.00823400 -0.00015100
v -0.02350600 0.00726000 0.00319900
v -0.03674000 0.00826100 -0.00014800
v -0.03634900 0.00823900 -0.00060900
v -0.09226500 0.00533400 0.00618500
v -0.02268400 0.00750400 0.00269600
v -0.02234100 0.00758000 0.00243900
v -0.02313400 0.00749400 0.00272600
v -0.03248200 0.00815400 0.00019200
v -0.03375100 0.00810800 -0.00040000
v -0.09193700 0.00559600 0.00614500
v -0.02287700 0.00758200 0.00245000
v -0.02348400 0.00767000 0.00221100
v -0.02361400 0.00752100 0.00267800
v -0.09160100 0.00606300 0.00597200
v -0.09247300 0.00572400 0.00602400
v -0.03435700 0.00809200 -0.00038500
v -0.03422300 0.00802600 -0.00088300
v -0.09211500 0.00603000 0.00596400
v -0.03464800 0.00802800 -0.00096100
v -0.09273700 0.00533800 0.00607900
v -0.02404000 0.00744600 0.00292400
v -0.02501100 0.00734000 0.00311800
v -0.09313600 0.00559700 0.00584700
v -0.02593600 0.00739800 0.00309900
v -0.02641100 0.00701700 0.00374200
v -0.02521500 0.00752000 0.00272900
v -0.02619900 0.00763200 0.00264400
v -0.08679900 -0.00349600 0.00617500
v -0.08629100 -0.00372300 0.00611400
v -0.08608700 -0.00334000 0.00625900
v -0.08579000 -0.00348100 0.00621000
v -0.09334400 0.00193100 0.00647600
v -0.08732000 -0.00395200 0.00592700
v -0.02440200 0.00759800 0.00256700
v -0.03561900 0.00791600 -0.00145300
v -0.02402200 0.00763200 0.00242800
v -0.03621200 0.00810400 -0.00106100
v -0.09404900 0.00168300 0.00633400
v -0.08686400 -0.00232300 0.00641200
v -0.08718800 -0.00281900 0.00634900
v -0.03598600 0.00779800 -0.00185200
v -0.08752800 -0.00325700 0.00620700
v -0.02498800 0.00769800 0.00214400
v -0.02435500 0.00774000 0.00203600
v -0.02559800 0.00771300 0.00216200
v -0.02512500 0.00776000 0.00181900
v -0.08768100 -0.00222600 0.00640200
v -0.09449100 0.00179900 0.00615900
v -0.02204400 0.00767300 0.00189800
v -0.02274800 0.00766900 0.00198600
v -0.02292200 0.00770800 0.00157500
v -0.09354300 0.00251900 0.00636000
v -0.09409600 0.00272600 0.00619200
v -0.02312100 0.00767200 0.00198300
v -0.08718100 -0.00168400 0.00646300
v -0.08801900 -0.00162000 0.00647500
v -0.02363900 0.00774000 0.00142500
v -0.09494700 0.00250400 0.00586400
v -0.03704800 0.00828800 -0.00036600
v -0.03752600 0.00830100 -0.00012200
v -0.09516200 0.00136400 0.00588700
v -0.02231000 0.00769700 0.00106400
v -0.03740200 0.00826500 -0.00057400
v -0.08428200 -0.00262600 0.00635500
v -0.03698100 0.00824600 -0.00075200
v -0.03750000 0.00814100 -0.00098300
v -0.02316900 0.00771600 0.00056000
v -0.03815400 0.00829900 -0.00023900
v -0.03796300 0.00823600 -0.00081600
v -0.09520200 0.00193800 0.00584100
v -0.03795700 0.00816900 -0.00104500
v -0.02262500 0.00776000 0.00027600
v -0.08536900 -0.00315300 0.00628500
v -0.03839500 0.00824100 -0.00095100
v -0.08516700 -0.00257300 0.00634900
v -0.02399700 0.00776800 0.00184700
v -0.03851800 0.00815800 -0.00131200
v -0.03888300 0.00824800 -0.00092700
v -0.03917800 0.00817200 -0.00136700
v -0.09567600 0.00151700 0.00558400
v -0.03750200 0.00836000 0.00054500
v -0.09612200 0.00147400 0.00531300
v -0.03818800 0.00835300 0.00020200
v -0.02462900 0.00777900 0.00169100
v -0.09529300 0.00240500 0.00568500
v -0.02463300 0.00780900 0.00095800
v -0.02530900 0.00781100 0.00121300
v -0.09567900 0.00186100 0.00554600
v -0.08494800 -0.00173000 0.00647500
v -0.03848300 0.00829300 -0.00063900
v -0.02386100 0.00771400 0.00041800
v -0.02429900 0.00775200 0.00015400
v -0.02495100 0.00783900 0.00043300
v -0.02492000 0.00780200 0.00003700
v -0.03950900 0.00841900 -0.00004300
v -0.03914000 0.00839100 -0.00039100
v -0.03965900 0.00836700 -0.00053100
v -0.04010100 0.00843200 -0.00023200
v -0.02681200 0.00488700 0.00558100
v -0.04026000 0.00838100 -0.00064300
v -0.09455200 0.00340500 0.00587500
v -0.04069500 0.00851200 -0.00042400
v -0.04067100 0.00836900 -0.00085600
v -0.02791400 0.00507300 0.00548100
v -0.08606500 -0.00228000 0.00644100
v -0.02674200 0.00538700 0.00527000
v -0.02730500 0.00540900 0.00529100
v -0.03925800 0.00831000 -0.00076100
v -0.02662600 0.00596800 0.00488100
v -0.03989700 0.00825600 -0.00097500
v -0.09606900 0.00195200 0.00526000
v -0.02720200 0.00578900 0.00505000
v -0.09591200 0.00235800 0.00525800
v -0.04022100 0.00825300 -0.00105800
v -0.02784300 0.00562800 0.00512800
v -0.04005700 0.00813300 -0.00141800
v -0.09644600 0.00210800 0.00494500
v -0.03935900 0.00799000 -0.00182500
v -0.08481900 -0.00102900 0.00650600
v -0.09619900 0.00266200 0.00497000
v -0.02727700 0.00614900 0.00477700
v -0.03651600 0.00791700 -0.00157200
v -0.08570500 -0.00157100 0.00654700
v -0.02816900 0.00607500 0.00480300
v -0.03688800 0.00766500 -0.00207600
v -0.03734500 0.00788000 -0.00151700
v -0.02833700 0.00457800 0.00574500
v -0.03756500 0.00771200 -0.00202800
v -0.09388900 0.00400400 0.00604100
v -0.02853300 0.00494300 0.00555600
v -0.03677200 0.00813800 -0.00106400
v -0.02921000 0.00527800 0.00532700
v -0.08563900 -0.00086900 0.00658000
v -0.08604800 -0.00121800 0.00657500
v -0.03816100 0.00799600 -0.00150000
v -0.02861400 0.00551600 0.00516500
v -0.03634300 0.00767900 -0.00209300
v -0.03679800 0.00750900 -0.00236600
v -0.02980500 0.00525800 0.00532800
v -0.03712900 0.00742400 -0.00258300
v -0.09440500 0.00437100 0.00574100
v -0.02967600 0.00573200 0.00500400
v -0.09517400 0.00400200 0.00537900
v -0.03809900 0.00758300 -0.00233500
v -0.03850400 0.00782600 -0.00187700
v -0.03849600 0.00762800 -0.00240700
v -0.09391300 0.00512200 0.00569300
v -0.02902000 0.00596200 0.00482000
v -0.02890100 0.00631800 0.00450300
v -0.03879300 0.00779500 -0.00205000
v -0.03893000 0.00799300 -0.00170300
v -0.02969300 0.00624100 0.00459700
v -0.03883500 0.00755800 -0.00250300
v -0.08637200 -0.00171800 0.00652100
v -0.09487000 0.00484500 0.00524300
v -0.09444700 0.00505600 0.00543700
v -0.03964100 0.00782100 -0.00217700
v -0.03994000 0.00795000 -0.00188000
v -0.03921200 0.00770800 -0.00230200
v -0.03910400 0.00745000 -0.00262400
v -0.03967000 0.00764300 -0.00243200
v -0.03953300 0.00739400 -0.00284800
v -0.02621800 0.00620800 0.00464900
v -0.03792200 0.00726700 -0.00289400
v -0.03817100 0.00742400 -0.00265000
v -0.09525300 0.00307400 0.00559100
v -0.03853700 0.00736600 -0.00276100
v -0.08728500 -0.00115700 0.00652000
v -0.02671300 0.00641400 0.00450500
v -0.09580500 0.00293900 0.00520900
v -0.02643100 0.00668200 0.00417700
v -0.09561000 0.00337100 0.00525000
v -0.03883700 0.00724000 -0.00290000
v -0.03914300 0.00725100 -0.00299700
v -0.02707500 0.00659500 0.00431000
v -0.03994300 0.00723400 -0.00315500
v -0.02797600 0.00652000 0.00438700
v -0.02796600 0.00688400 0.00396000
v -0.09599500 0.00326200 0.00492500
v -0.09642500 0.00301400 0.00456300
v -0.04241800 0.00798800 0.00308600
v -0.02765000 0.00723800 0.00346800
v -0.02696500 0.00745300 0.00309900
v -0.09569700 0.00394600 0.00506100
v -0.04171400 0.00840000 0.00223500
v -0.04163800 0.00854500 0.00171700
v -0.09634700 0.00353000 0.00447000
v -0.04190600 0.00857700 0.00052200
v -0.04131400 0.00856900 0.00024200
v -0.08762600 -0.00504000 0.00538100
v -0.08754300 -0.00539700 0.00509900
v -0.08704200 -0.00521200 0.00527300
v -0.02829400 0.00726000 0.00339600
v -0.08763700 -0.00457400 0.00566100
v -0.09549300 0.00443300 0.00498200
v -0.04183000 0.00861900 -0.00007500
v -0.04235900 0.00861700 0.00002100
v -0.02893300 0.00677400 0.00398600
v -0.08839600 -0.00530100 0.00526200
v -0.08818800 -0.00480600 0.00556600
v -0.02976800 0.00674700 0.00409900
v -0.09600000 0.00409100 0.00463500
v -0.02962500 0.00711000 0.00365300
v -0.02896000 0.00735100 0.00326300
v -0.08775200 -0.00600700 0.00458400
v -0.08884600 -0.00582600 0.00481300
v -0.03996000 0.00349600 -0.00538000
v -0.04079900 0.00320900 -0.00543300
v -0.04156100 0.00307600 -0.00546000
v -0.04123000 0.00384400 -0.00524500
v -0.04061000 0.00378300 -0.00526100
v -0.09617200 0.00444500 0.00425600
v -0.08937700 -0.00575100 0.00485400
v -0.08939600 -0.00616300 0.00443700
v -0.02825000 0.00748500 0.00306900
v -0.09011600 -0.00600000 0.00453800
v -0.09015500 -0.00637100 0.00410400
v -0.04014900 0.00430500 -0.00510700
v -0.04094400 0.00442700 -0.00506500
v -0.02876000 0.00753200 0.00295800
v -0.08900900 -0.00539200 0.00518600
v -0.08888400 -0.00483400 0.00557700
v -0.08944000 -0.00492100 0.00549100
v -0.08974600 -0.00538000 0.00512900
v -0.04173500 0.00455600 -0.00510500
v -0.02961200 0.00767100 0.00274100
v -0.03001300 0.00741400 0.00325500
v -0.09324400 0.00631800 0.00547500
v -0.03940500 0.00575300 -0.00430100
v -0.03984600 0.00631700 -0.00394600
v -0.03928800 0.00612400 -0.00403700
v -0.03020700 0.00578500 0.00499900
v -0.09367700 0.00592700 0.00547700
v -0.03097900 0.00533000 0.00537000
v -0.03991200 0.00557000 -0.00450800
v -0.04030800 0.00592000 -0.00426900
v -0.04047800 0.00628700 -0.00402800
v -0.04018200 0.00670600 -0.00368500
v -0.04093400 0.00607700 -0.00424300
v -0.09439900 0.00583000 0.00508400
v -0.04096400 0.00649700 -0.00392600
v -0.09065200 -0.00537300 0.00503000
v -0.03131100 0.00600900 0.00493200
v -0.04073800 0.00499300 -0.00484200
v -0.04131600 0.00500700 -0.00490700
v -0.03982400 0.00493800 -0.00483500
v -0.09479500 0.00535100 0.00506700
v -0.04073600 0.00553700 -0.00454200
v -0.04115700 0.00532600 -0.00470700
v -0.08657400 -0.00657200 0.00394600
v -0.08679200 -0.00631800 0.00431900
v -0.04181200 0.00512200 -0.00487700
v -0.09518000 0.00519600 0.00477800
v -0.04240100 0.00475700 -0.00507000
v -0.08709100 -0.00601400 0.00460300
v -0.04136200 0.00576000 -0.00447700
v -0.04154300 0.00545400 -0.00471300
v -0.03039000 0.00627000 0.00462000
v -0.08724500 -0.00633100 0.00428800
v -0.04137100 0.00615000 -0.00425100
v -0.04186300 0.00601200 -0.00436200
v -0.08153600 0.00238400 0.00709700
v -0.04194700 0.00564600 -0.00459300
v -0.08722700 -0.00674900 0.00377200
v -0.03096900 0.00669300 0.00434800
v -0.04225700 0.00539000 -0.00473700
v -0.08785300 -0.00672200 0.00379000
v -0.03043300 0.00678000 0.00417000
v -0.04234800 0.00588300 -0.00447800
v -0.03084800 0.00694900 0.00407900
v -0.08277100 0.00145000 0.00659500
v -0.04246000 0.00302900 -0.00553600
v -0.03174500 0.00652200 0.00452200
v -0.03232800 0.00625500 0.00476200
v -0.08261100 0.00212700 0.00661800
v -0.08295600 0.00199100 0.00653900
v -0.04210500 0.00371000 -0.00535800
v -0.08674100 -0.00708700 0.00337300
v -0.08195800 0.00250500 0.00688000
v -0.03157700 0.00694500 0.00407200
v -0.03238100 0.00693700 0.00409200
v -0.08604900 -0.00731800 0.00307700
v -0.04332100 0.00270500 -0.00563700
v -0.08172500 0.00306300 0.00683700
v -0.08741000 -0.00709900 0.00326500
v -0.04251300 0.00424500 -0.00525100
v -0.08229200 0.00293500 0.00659900
v -0.04308400 0.00378800 -0.00538800
v -0.08209300 0.00339700 0.00654600
v -0.04369300 0.00338900 -0.00549900
v -0.08288100 0.00265700 0.00645500
v -0.04470300 0.00232100 -0.00570200
v -0.08255600 0.00330600 0.00642300
v -0.04552200 0.00225600 -0.00573500
v -0.04425400 0.00273200 -0.00562100
v -0.04442000 0.00347700 -0.00547700
v -0.04489200 0.00287600 -0.00558700
v -0.04501700 0.00353100 -0.00547700
v -0.08862200 -0.00635200 0.00423400
v -0.04557600 0.00322400 -0.00557300
v -0.08338700 0.00202800 0.00648700
v -0.08837200 -0.00686600 0.00357100
v -0.03058200 0.00708700 0.00387200
v -0.08949600 -0.00686300 0.00358100
v -0.08895900 -0.00719800 0.00311500
v -0.08964000 -0.00709200 0.00324600
v -0.03137000 0.00721000 0.00370900
v -0.03087600 0.00758900 0.00300500
v -0.08819300 -0.00740400 0.00276300
v -0.04319400 0.00471000 -0.00510300
v -0.04382300 0.00408600 -0.00534600
v -0.04385300 0.00472600 -0.00510300
v -0.08753700 -0.00765300 0.00222400
v -0.08753700 -0.00765300 0.00222400
v -0.04277000 0.00574400 -0.00457200
v -0.04279900 0.00515800 -0.00488700
v -0.04338300 0.00553400 -0.00470700
v -0.04356700 0.00504300 -0.00497900
v -0.03159800 0.00764800 0.00294200
v -0.03200900 0.00753400 0.00319300
v -0.08293500 0.00336100 0.00640500
v -0.08903600 -0.00744200 0.00264800
v -0.03089800 0.00780300 0.00257300
v -0.03172200 0.00784500 0.00244800
v -0.03109300 0.00793000 0.00218000
v -0.08856500 -0.00765500 0.00210800
v -0.08856500 -0.00765500 0.00210800
v -0.04392400 0.00556400 -0.00472000
v -0.08162100 0.00399600 0.00644600
v -0.08224100 0.00376600 0.00639100
v -0.08201700 0.00410300 0.00633400
v -0.04547600 0.00381000 -0.00543700
v -0.04495000 0.00413900 -0.00536100
v -0.08172800 0.00431000 0.00629600
v -0.04577700 0.00428300 -0.00533500
v -0.08676500 -0.00562900 0.00495700
v -0.04442400 0.00445000 -0.00525100
v -0.08264800 0.00403100 0.00632300
v -0.03289700 0.00735700 0.00340200
v -0.03275500 0.00765100 0.00291300
v -0.04444700 0.00492400 -0.00505100
v -0.04515100 0.00465500 -0.00521000
v -0.04464800 0.00551500 -0.00476900
v -0.08210800 0.00470300 0.00618500
v -0.04515100 0.00521100 -0.00496400
v -0.04558900 0.00474000 -0.00517600
v -0.03210700 0.00776100 0.00270100
v -0.08316900 0.00509900 0.00614500
v -0.08248800 0.00540900 0.00607800
v -0.08366000 0.00390700 0.00636100
v -0.03290500 0.00785200 0.00250800
v -0.03244000 0.00798300 0.00204300
v -0.03297500 0.00803200 0.00196300
v -0.04151600 0.00859200 -0.00030900
v -0.08404700 0.00456900 0.00626400
v -0.04129100 0.00853500 -0.00069500
v -0.04161000 0.00854400 -0.00059200
v -0.08374700 0.00293300 0.00645200
v -0.04217400 0.00852500 -0.00046700
v -0.04277700 0.00855400 -0.00063300
v -0.04178600 0.00836800 -0.00106700
v -0.04213400 0.00837600 -0.00106500
v -0.02616600 0.00781200 0.00176000
v -0.08444600 0.00334100 0.00641800
v -0.04045200 0.00810800 -0.00156700
v -0.04098800 0.00824700 -0.00122400
v -0.04121200 0.00797900 -0.00181100
v -0.04069400 0.00779400 -0.00213300
v -0.09081400 -0.00638400 0.00397400
v -0.08505800 0.00337100 0.00642300
v -0.02758800 0.00754200 0.00296400
v -0.04172000 0.00806600 -0.00179900
v -0.04212800 0.00813100 -0.00178700
v -0.04190700 0.00823800 -0.00143700
v -0.04156700 0.00784800 -0.00240300
v -0.04147500 0.00828100 -0.00130300
v -0.02727300 0.00769800 0.00260600
v -0.02808100 0.00770400 0.00262700
v -0.02763600 0.00780800 0.00221400
v -0.04191700 0.00790300 -0.00222100
v -0.09110600 -0.00566500 0.00466200
v -0.09149300 -0.00529900 0.00489800
v -0.08472100 0.00416300 0.00634800
v -0.02694800 0.00779100 0.00220700
v -0.02716600 0.00791200 0.00131000
v -0.04280700 0.00846900 -0.00110200
v -0.02862500 0.00773100 0.00253300
v -0.04330800 0.00863100 -0.00073200
v -0.04331100 0.00845200 -0.00125000
v -0.04320700 0.00829600 -0.00160200
v -0.09168000 -0.00611100 0.00398400
v -0.02820600 0.00789200 0.00197500
v -0.04365800 0.00838900 -0.00161700
v -0.04395200 0.00854300 -0.00113400
v -0.08538700 0.00438400 0.00632500
v -0.02898600 0.00770800 0.00259600
v -0.09189500 -0.00634800 0.00361600
v -0.09210000 -0.00611400 0.00382600
v -0.02903500 0.00782600 0.00206900
v -0.09207500 -0.00567100 0.00427500
v -0.04254300 0.00805700 -0.00199700
v -0.04241300 0.00765800 -0.00261600
v -0.02950200 0.00782800 0.00228400
v -0.04288000 0.00796000 -0.00230300
v -0.04334200 0.00800500 -0.00235100
v -0.04331300 0.00759500 -0.00274200
v -0.04374700 0.00786100 -0.00258300
v -0.04253100 0.00830400 -0.00154600
v -0.02784500 0.00794300 0.00152500
v -0.04313200 0.00816800 -0.00203100
v -0.09248500 -0.00581900 0.00402300
v -0.09244200 -0.00525300 0.00451900
v -0.02863700 0.00798600 0.00102800
v -0.04340000 0.00821400 -0.00198900
v -0.04395700 0.00833600 -0.00186700
v -0.04380600 0.00809900 -0.00222400
v -0.09247000 -0.00625900 0.00359800
v -0.09289400 -0.00598800 0.00373800
v -0.04423200 0.00844200 -0.00164100
v -0.08199200 0.00543200 0.00604900
v -0.09289800 -0.00630500 0.00336000
v -0.02579500 0.00783100 0.00161100
v -0.02631800 0.00785600 0.00104800
v -0.04022700 0.00774300 -0.00231200
v -0.09014500 -0.00676800 0.00361600
v -0.04094800 0.00768300 -0.00245800
v -0.04032400 0.00753200 -0.00274100
v -0.04000000 0.00742200 -0.00290900
v -0.04044200 0.00738200 -0.00297000
v -0.02693800 0.00789600 0.00066700
v -0.04089400 0.00746600 -0.00281600
v -0.09024900 -0.00714300 0.00301300
v -0.04095400 0.00721500 -0.00315900
v -0.02569200 0.00784700 0.00057100
v -0.04127100 0.00730900 -0.00300400
v -0.04128400 0.00708900 -0.00329500
v -0.04121800 0.00759400 -0.00268700
v -0.04165600 0.00762400 -0.00271900
v -0.02623400 0.00785200 0.00016900
v -0.08615800 0.00363600 0.00643200
v -0.02553800 0.00780700 -0.00002600
v -0.09070700 -0.00676300 0.00337500
v -0.02587900 0.00777500 -0.00037500
v -0.02530500 0.00775800 -0.00026400
v -0.03993800 0.00689900 -0.00355000
v -0.04037500 0.00692300 -0.00349000
v -0.09101700 -0.00719800 0.00263600
v -0.02686800 0.00792900 0.00023400
v -0.04054900 0.00670700 -0.00373900
v -0.02643600 0.00785200 -0.00024900
v -0.04089200 0.00690200 -0.00352000
v -0.02730900 0.00796200 0.00032000
v -0.02724900 0.00796900 -0.00005800
v -0.08977200 -0.00740100 0.00259800
v -0.08937900 -0.00769800 0.00192300
v -0.08937900 -0.00769800 0.00192300
v -0.09022700 -0.00770400 0.00181900
v -0.09022700 -0.00770400 0.00181900
v -0.02702100 0.00786200 -0.00045500
v -0.02770400 0.00794900 -0.00031300
v -0.08334200 0.00577300 0.00598200
v -0.08385500 0.00526600 0.00611300
v -0.04179400 0.00718700 -0.00323000
v -0.04158200 0.00672500 -0.00368700
v -0.04226600 0.00682600 -0.00367000
v -0.02769000 0.00795800 0.00070700
v -0.04200600 0.00746700 -0.00286700
v -0.04262700 0.00728500 -0.00306500
v -0.04290500 0.00680000 -0.00368300
v -0.09049000 -0.00748500 0.00226600
v -0.04299200 0.00717600 -0.00323200
v -0.04342400 0.00699300 -0.00357000
v -0.04347100 0.00724100 -0.00327800
v -0.04186900 0.00647200 -0.00397200
v -0.02775500 0.00799900 0.00010200
v -0.02827000 0.00799300 0.00023500
v -0.08451300 0.00505000 0.00615300
v -0.02906900 0.00800900 0.00043300
v -0.04261700 0.00631100 -0.00414800
v -0.08413100 0.00591400 0.00593500
v -0.09098100 -0.00762200 0.00169700
v -0.09098100 -0.00762200 0.00169700
v -0.08512200 0.00484400 0.00619300
v -0.02895400 0.00796500 -0.00026000
v -0.02821200 0.00791900 -0.00041600
v -0.08490900 0.00577700 0.00596400
v -0.09115600 -0.00736300 0.00223700
v -0.02806400 0.00785000 -0.00071300
v -0.02862600 0.00781500 -0.00077400
v -0.09167200 -0.00707800 0.00264700
v -0.03040700 0.00789000 0.00232800
v -0.09187000 -0.00723500 0.00218600
v -0.09151300 -0.00764500 0.00137100
v -0.09151300 -0.00764500 0.00137100
v -0.03007800 0.00796600 0.00189900
v -0.08467600 0.00638200 0.00576300
v -0.04202300 0.00773400 -0.00255800
v -0.08584800 0.00595400 0.00597700
v -0.09207100 -0.00693200 0.00274300
v -0.03058200 0.00805200 0.00148500
v -0.03180300 0.00802000 0.00158200
v -0.04296100 0.00745400 -0.00285600
v -0.04320900 0.00739400 -0.00295500
v -0.02972100 0.00798900 0.00140300
v -0.09043700 -0.00659800 0.00375100
v -0.08532400 0.00669500 0.00569400
v -0.03062600 0.00804600 0.00079000
v -0.03162100 0.00805200 0.00078500
v -0.04376700 0.00751800 -0.00299100
v -0.04439600 0.00767500 -0.00290000
v -0.04529500 0.00730500 -0.00334500
v -0.04490800 0.00777200 -0.00281100
v -0.04461000 0.00747600 -0.00316000
v -0.09147600 -0.00661500 0.00338400
v -0.04427400 0.00830900 -0.00195500
v -0.04462900 0.00839200 -0.00182900
v -0.03239800 0.00811700 0.00084100
v -0.08269000 0.00619200 0.00592500
v -0.04450000 0.00799900 -0.00250800
v -0.04471600 0.00821100 -0.00215600
v -0.04509600 0.00840300 -0.00186500
v -0.03115800 0.00806300 0.00024300
v -0.08216400 0.00629400 0.00584000
v -0.04497600 0.00807300 -0.00238200
v -0.04515200 0.00824400 -0.00214600
v -0.04542200 0.00811100 -0.00227100
v -0.04543600 0.00833100 -0.00197500
v -0.04561600 0.00787400 -0.00268500
v -0.04560500 0.00760500 -0.00302200
v -0.02994100 0.00803400 0.00039100
v -0.02948000 0.00801300 -0.00034800
v -0.09199800 -0.00673700 0.00309400
v -0.03020300 0.00799400 -0.00027900
v -0.09249500 -0.00660000 0.00311200
v -0.04640600 0.00745000 -0.00312000
v -0.04588600 0.00737200 -0.00320800
v -0.04621000 0.00690000 -0.00375400
v -0.04676000 0.00704800 -0.00363200
v -0.08247600 0.00682300 0.00555800
v -0.03046300 0.00802100 0.00019300
v -0.08323200 0.00636100 0.00582400
v -0.04604900 0.00798300 -0.00256800
v -0.04614400 0.00778800 -0.00281400
v -0.03083000 0.00800100 -0.00011800
v -0.08382300 0.00631300 0.00579900
v -0.04697300 0.00787800 -0.00290100
v -0.09247300 -0.00697200 0.00236900
v -0.04703500 0.00734700 -0.00342100
v -0.04778500 0.00769800 -0.00312900
v -0.02910100 0.00782400 -0.00083300
v -0.04716800 0.00685900 -0.00389900
v -0.02963800 0.00788800 -0.00082800
v -0.03015600 0.00794600 -0.00071400
v -0.03060500 0.00791000 -0.00075000
v -0.04406600 0.00596600 -0.00449300
v -0.04477200 0.00618400 -0.00439900
v -0.04400600 0.00630200 -0.00421300
v -0.03013100 0.00780000 -0.00118100
v -0.04343600 0.00654800 -0.00396100
v -0.04367400 0.00619600 -0.00429500
v -0.04385400 0.00667000 -0.00388700
v -0.08234300 0.00745200 0.00520200
v -0.04370800 0.00717000 -0.00337600
v -0.04412200 0.00697600 -0.00360400
v -0.04448600 0.00669500 -0.00395700
v -0.03167500 0.00805800 0.00008000
v -0.04502700 0.00658900 -0.00408700
v -0.03168500 0.00795500 -0.00060200
v -0.04308500 0.00609800 -0.00434200
v -0.04345900 0.00593700 -0.00447000
v -0.08385400 0.00680200 0.00555100
v -0.03205600 0.00792400 -0.00092300
v -0.03112200 0.00787200 -0.00080300
v -0.03069800 0.00770400 -0.00144700
v -0.03148000 0.00778300 -0.00122400
v -0.03113000 0.00755400 -0.00177700
v -0.08432000 0.00672700 0.00561100
v -0.03160900 0.00759900 -0.00168500
v -0.04545500 0.00557700 -0.00475500
v -0.04538000 0.00600300 -0.00453300
v -0.08812000 -0.00404600 0.00590500
v -0.04594000 0.00544500 -0.00483900
v -0.04589400 0.00580100 -0.00462300
v -0.04644800 0.00544800 -0.00482000
v -0.08881600 -0.00432800 0.00585200
v -0.08826500 -0.00343600 0.00617300
v -0.08874800 -0.00398800 0.00598700
v -0.04541500 0.00631200 -0.00431700
v -0.04554400 0.00663800 -0.00400500
v -0.04586500 0.00618400 -0.00438300
v -0.04632000 0.00631200 -0.00425600
v -0.04643000 0.00593200 -0.00452300
v -0.08349400 0.00760900 0.00506100
v -0.08419000 0.00731000 0.00526000
v -0.03270700 0.00807300 0.00153300
v -0.08312200 0.00799700 0.00481100
v -0.08840600 -0.00279500 0.00633700
v -0.08354700 0.00814600 0.00467100
v -0.04422100 0.00731800 -0.00331000
v -0.08878600 -0.00352000 0.00619600
v -0.08915800 -0.00365800 0.00615000
v -0.08929200 -0.00325700 0.00629200
v -0.04482400 0.00723700 -0.00344100
v -0.04533800 0.00696700 -0.00369500
v -0.08484800 0.00693200 0.00554300
v -0.09111500 -0.00399300 0.00584600
v -0.09089400 -0.00438400 0.00568100
v -0.09020000 -0.00402300 0.00596600
v -0.08559400 0.00716100 0.00548500
v -0.08610700 0.00671100 0.00572100
v -0.09036100 -0.00329800 0.00620100
v -0.08984800 -0.00350300 0.00621700
v -0.08504400 0.00773100 0.00510000
v -0.04664200 0.00667000 -0.00398900
v -0.08920600 -0.00455100 0.00573700
v -0.08970600 -0.00442700 0.00578900
v -0.04976700 -0.00341700 0.00586700
v -0.08923500 -0.00421800 0.00590500
v -0.08587100 0.00776300 0.00513600
v -0.08638300 0.00721300 0.00551400
v -0.08975300 -0.00394600 0.00604000
v -0.05026400 -0.00401700 0.00564400
v -0.09023500 -0.00488100 0.00547700
v -0.08421800 0.00784900 0.00491600
v -0.04220800 0.00831400 0.00245300
v -0.04278400 0.00832000 0.00254900
v -0.05062700 -0.00364500 0.00579900
v -0.04303700 0.00809600 0.00300300
v -0.05143700 -0.00364600 0.00579900
v -0.05111100 -0.00420000 0.00555400
v -0.04361900 0.00808300 0.00305300
v -0.04336500 0.00836300 0.00256500
v -0.08489000 0.00830400 0.00464200
v -0.05163700 -0.00539200 0.00481500
v -0.04228700 0.00844100 0.00209800
v -0.05235200 -0.00566500 0.00460900
v -0.08552400 0.00808800 0.00488600
v -0.04310000 0.00855200 0.00201100
v -0.08599700 0.00820700 0.00482200
v -0.04261900 0.00857300 0.00163500
v -0.08862200 -0.00183500 0.00648100
v -0.04328800 0.00861000 0.00150800
v -0.04363300 0.00855000 0.00199100
v -0.04403400 0.00817600 0.00286300
v -0.05388800 -0.00613400 0.00412200
v -0.08941700 -0.00247800 0.00640700
v -0.08570400 0.00844600 0.00456800
v -0.05435800 -0.00645500 0.00387400
v -0.04463200 0.00833400 0.00256600
v -0.04420500 0.00847300 0.00223500
v -0.04555800 0.00859000 0.00217000
v -0.04476900 0.00856200 0.00207200
v -0.05262000 -0.00516000 0.00497700
v -0.08592900 0.00495000 0.00624400
v -0.08657600 0.00434700 0.00636600
v -0.05279600 -0.00560700 0.00464000
v -0.04424200 0.00860900 0.00177100
v -0.04394100 0.00862900 0.00133200
v -0.05198900 -0.00408900 0.00562600
v -0.05230300 -0.00446600 0.00542800
v -0.04444100 0.00863500 0.00118300
v -0.05287300 -0.00406300 0.00561500
v -0.08701300 0.00423000 0.00640900
v -0.08765000 0.00488200 0.00628900
v -0.05312500 -0.00470000 0.00529600
v -0.04510500 0.00867600 0.00166200
v -0.05323400 -0.00415700 0.00556500
v -0.08665900 0.00524100 0.00618000
v -0.04214300 0.00856700 0.00147300
v -0.08998900 -0.00295200 0.00632300
v -0.09084500 -0.00270500 0.00635700
v -0.05441500 -0.00453400 0.00537200
v -0.05390200 -0.00503700 0.00509700
v -0.05392700 -0.00442300 0.00543000
v -0.09025800 -0.00251300 0.00642400
v -0.04246900 0.00858800 0.00098400
v -0.05519100 -0.00527100 0.00495600
v -0.05431300 -0.00550900 0.00472800
v -0.05441200 -0.00502000 0.00509300
v -0.09136900 -0.00323600 0.00610300
v -0.05519900 -0.00468200 0.00535500
v -0.05349600 -0.00544800 0.00479600
v -0.05335600 -0.00577300 0.00448600
v -0.04302500 0.00867800 0.00067500
v -0.04340800 0.00868200 0.00094600
v -0.05389800 -0.00570400 0.00459000
v -0.05418300 -0.00585300 0.00444900
v -0.05483200 -0.00604400 0.00432800
v -0.09164300 -0.00275300 0.00624500
v -0.04399800 0.00864400 0.00068400
v -0.04356600 0.00866700 0.00035800
v -0.04439800 0.00867700 0.00045700
v -0.04566100 0.00882300 0.00075000
v -0.04316900 0.00861300 -0.00002400
v -0.05532300 -0.00645600 0.00380100
v -0.04381700 0.00868800 -0.00000400
v -0.05554000 -0.00696400 0.00313900
v -0.05611200 -0.00708100 0.00295500
v -0.04412100 0.00874000 -0.00064300
v -0.08849000 0.00537100 0.00618200
v -0.04448000 0.00875300 -0.00035300
v -0.05728000 -0.00720000 0.00285300
v -0.04445100 0.00868800 -0.00082900
v -0.05554600 -0.00571600 0.00460300
v -0.09130400 -0.00425700 0.00567100
v -0.09109300 -0.00486600 0.00533200
v -0.05559400 -0.00609300 0.00422500
v -0.05626200 -0.00606400 0.00421700
v -0.09184300 -0.00435900 0.00544300
v -0.04595100 0.00871700 0.00179100
v -0.09184200 -0.00379100 0.00577800
v -0.04650800 0.00870500 0.00200000
v -0.08672900 0.00614000 0.00590100
v -0.04650200 0.00879000 0.00152100
v -0.04605400 0.00880700 0.00116100
v -0.05612700 -0.00508900 0.00508000
v -0.09225200 -0.00407400 0.00551700
v -0.09228900 -0.00470400 0.00510600
v -0.09285200 -0.00419300 0.00536300
v -0.05666300 -0.00559500 0.00464800
v -0.04674700 0.00882800 0.00068000
v -0.08690400 0.00684700 0.00568000
v -0.08722800 0.00568400 0.00604200
v -0.08766800 0.00647400 0.00577100
v -0.04695700 0.00871500 0.00208800
v -0.09187300 -0.00499800 0.00502600
v -0.04728800 0.00881600 0.00148000
v -0.04796900 0.00878500 0.00187200
v -0.09215200 -0.00522500 0.00466500
v -0.05600600 -0.00661400 0.00357700
v -0.04759900 0.00888200 0.00077000
v -0.09233900 -0.00496200 0.00487300
v -0.05698200 -0.00636500 0.00401500
v -0.05717600 -0.00659600 0.00375900
v -0.05685300 -0.00674900 0.00352100
v -0.04831500 0.00889600 0.00124700
v -0.05757000 -0.00645800 0.00392200
v -0.05737100 -0.00690100 0.00334200
v -0.05818500 -0.00688900 0.00340100
v -0.08773800 0.00716000 0.00551800
v -0.04893300 0.00895400 0.00094600
v -0.04950900 0.00892700 0.00138900
v -0.04955400 0.00885200 0.00193700
v -0.05762400 -0.00582100 0.00451200
v -0.09268500 -0.00475600 0.00498700
v -0.05858600 -0.00577800 0.00459500
v -0.05849200 -0.00633700 0.00404000
v -0.09333600 -0.00443900 0.00510400
v -0.09333500 -0.00475900 0.00485600
v -0.09352600 -0.00461000 0.00493200
v -0.09350900 -0.00434700 0.00508600
v -0.04831100 0.00889800 0.00058000
v -0.09403200 -0.00430900 0.00477100
v -0.04850900 0.00892800 0.00010700
v -0.05780100 -0.00708300 0.00309700
v -0.08926800 0.00555200 0.00618500
v -0.09294500 -0.00510000 0.00469200
v -0.09280500 -0.00553000 0.00417700
v -0.09323900 -0.00518300 0.00453900
v -0.04605500 0.00884600 0.00052500
v -0.08942300 0.00595300 0.00604600
v -0.04512300 0.00876500 -0.00011600
v -0.04559200 0.00882200 -0.00008100
v -0.09315900 -0.00560900 0.00396400
v -0.04626000 0.00878900 -0.00008100
v -0.05807100 -0.00730700 0.00262100
v -0.04688700 0.00881200 -0.00017600
v -0.09365100 -0.00527800 0.00417900
v -0.04506400 0.00871000 -0.00067500
v -0.05875900 -0.00726800 0.00274800
v -0.05835800 -0.00705200 0.00317400
v -0.05874300 -0.00691000 0.00338100
v -0.04595700 0.00870500 -0.00073500
v -0.05904300 -0.00716300 0.00296700
v -0.09352900 -0.00492400 0.00462900
v -0.05933900 -0.00686400 0.00339000
v -0.05944900 -0.00724400 0.00279300
v -0.08886600 0.00656900 0.00578200
v -0.05924000 -0.00629500 0.00407400
v -0.04677100 0.00873200 -0.00103000
v -0.04621700 0.00865200 -0.00131900
v -0.08847600 0.00713300 0.00554500
v -0.05981700 -0.00641900 0.00394100
v -0.06023100 -0.00673900 0.00357200
v -0.04778600 0.00888500 0.00000600
v -0.04749000 0.00882800 -0.00071000
v -0.04812400 0.00886900 -0.00059100
v -0.08949300 0.00693400 0.00566700
v -0.09217200 -0.00343200 0.00589000
v -0.09222200 -0.00281000 0.00614600
v -0.04727100 0.00868900 -0.00147700
v -0.09291000 -0.00372700 0.00560300
v -0.04786100 0.00873400 -0.00125200
v -0.04852000 0.00886400 -0.00083900
v -0.04843000 0.00865400 -0.00157000
v -0.05995800 -0.00724100 0.00282800
v -0.08675200 0.00772200 0.00520900
v -0.08702500 0.00732700 0.00544100
v -0.06039200 -0.00629600 0.00410700
v -0.04879700 0.00890500 -0.00053800
v -0.04919000 0.00896800 0.00006800
v -0.06092600 -0.00707400 0.00313900
v -0.06120500 -0.00654800 0.00384800
v -0.06182100 -0.00729000 0.00287300
v -0.06182100 -0.00729000 0.00287300
v -0.06056600 -0.00739300 0.00254700
v -0.06056600 -0.00739300 0.00254700
v -0.08739800 0.00776700 0.00517100
v -0.06133200 -0.00739200 0.00253800
v -0.06133200 -0.00739200 0.00253800
v -0.05984900 -0.00743000 0.00235900
v -0.05984900 -0.00743000 0.00235900
v -0.08656100 0.00808600 0.00493100
v -0.09335700 -0.00406000 0.00528800
v -0.06137100 -0.00753800 0.00209800
v -0.09394900 -0.00373400 0.00516300
v -0.09378000 -0.00332100 0.00548500
v -0.04451700 0.00855900 -0.00130200
v -0.04475900 0.00867200 -0.00098000
v -0.06130600 -0.00765100 0.00152900
v -0.04487200 0.00851600 -0.00147900
v -0.04535100 0.00865600 -0.00106700
v -0.08243400 0.00808500 0.00474300
v -0.04534200 0.00851500 -0.00153000
v -0.09427300 -0.00386800 0.00493800
v -0.09426500 -0.00348000 0.00519200
v -0.09448700 -0.00359100 0.00508500
v -0.04573200 0.00865900 -0.00121900
v -0.05044700 -0.00199500 0.00614400
v -0.05033200 -0.00255000 0.00607900
v -0.04970600 -0.00224600 0.00614000
v -0.04576500 0.00845800 -0.00182700
v -0.08210400 0.00855600 0.00432000
v -0.04980600 -0.00129800 0.00629100
v -0.05058200 -0.00136400 0.00621800
v -0.08283900 0.00840400 0.00443300
v -0.04606800 0.00823500 -0.00220500
v -0.04627000 0.00847800 -0.00184300
v -0.05119100 -0.00308600 0.00595900
v -0.05217600 -0.00297200 0.00599000
v -0.05207400 -0.00369200 0.00578200
v -0.05084900 -0.00239100 0.00613000
v -0.04675600 0.00849200 -0.00187700
v -0.04638000 0.00824500 -0.00224800
v -0.05116100 -0.00192500 0.00615500
v -0.08360500 0.00875100 0.00408200
v -0.05163100 -0.00246000 0.00612700
v -0.04713000 0.00820800 -0.00249800
v -0.08399500 0.00833900 0.00449200
v -0.05208200 -0.00231400 0.00616200
v -0.04754200 0.00843000 -0.00220600
v -0.04766900 0.00802700 -0.00283300
v -0.04797800 0.00834900 -0.00231000
v -0.04781600 0.00855500 -0.00193800
v -0.08286900 0.00885600 0.00394400
v -0.05110900 -0.00087700 0.00624800
v -0.05177100 -0.00132700 0.00620600
v -0.08207400 0.00893200 0.00385400
v -0.04664100 0.00809400 -0.00261300
v -0.08259700 0.00915300 0.00355500
v -0.08196600 0.00932800 0.00326700
v -0.07773300 -0.00783500 0.00174400
v -0.07751000 -0.00789800 0.00113400
v -0.05126100 -0.00024100 0.00628600
v -0.05175300 -0.00054800 0.00625000
v -0.08341600 0.00910900 0.00364900
v -0.05234000 -0.00082400 0.00625700
v -0.05266200 -0.00149600 0.00622000
v -0.05176900 0.00020000 0.00629900
v -0.05236600 -0.00017900 0.00627100
v -0.07811800 -0.00793000 0.00092900
v -0.08311400 0.00941400 0.00324400
v -0.05287200 -0.00367600 0.00573900
v -0.08370200 0.00955500 0.00318000
v -0.04860600 -0.00249500 0.00612300
v -0.05285200 -0.00269700 0.00604400
v -0.05335300 -0.00259600 0.00607600
v -0.05372200 -0.00321500 0.00587800
v -0.05401300 -0.00265100 0.00604200
v -0.08475000 0.00866300 0.00433300
v -0.07802500 -0.00709400 0.00330100
v -0.04931300 -0.00176900 0.00626200
v -0.07836900 -0.00745500 0.00264500
v -0.07878700 -0.00704900 0.00331600
v -0.08419600 0.00930000 0.00365900
v -0.07834400 -0.00671100 0.00380000
v -0.07944100 -0.00695400 0.00352000
v -0.08518000 0.00862400 0.00432100
v -0.07953400 -0.00731100 0.00290700
v -0.07917900 -0.00751400 0.00258900
v -0.04955300 -0.00058500 0.00630900
v -0.05377900 -0.00391300 0.00563900
v -0.05454500 -0.00404100 0.00559900
v -0.05442200 -0.00337400 0.00585600
v -0.05527100 -0.00379900 0.00571900
v -0.08245900 0.00953900 0.00299600
v -0.05059600 -0.00054900 0.00629000
v -0.07991800 -0.00757800 0.00234400
v -0.07991800 -0.00757800 0.00234400
v -0.05010100 0.00054300 0.00629900
v -0.08003200 -0.00728500 0.00301100
v -0.08047900 -0.00749900 0.00244700
v -0.08047900 -0.00749900 0.00244700
v -0.08044200 -0.00759500 0.00211400
v -0.08072400 -0.00731300 0.00298800
v -0.05078700 0.00035400 0.00629700
v -0.08141400 -0.00747900 0.00270600
v -0.08141400 -0.00747900 0.00270600
v -0.05510400 -0.00311600 0.00596500
v -0.08292000 0.00973100 0.00262300
v -0.08097700 -0.00761000 0.00208800
v -0.08230500 0.00998800 0.00211200
v -0.07838100 -0.00619900 0.00432500
v -0.05375600 -0.00204400 0.00612900
v -0.08188500 0.01012700 0.00186100
v -0.05303000 -0.00218500 0.00612600
v -0.07922000 -0.00605600 0.00448700
v -0.07982400 -0.00639000 0.00413600
v -0.07887900 -0.00633800 0.00421300
v -0.05326200 -0.00163400 0.00618900
v -0.08301300 0.01011800 0.00182900
v -0.07912900 -0.00538100 0.00510400
v -0.07981800 -0.00578000 0.00470700
v -0.05333900 -0.00098800 0.00623300
v -0.05087800 0.00130000 0.00622800
v -0.05397100 -0.00149900 0.00618400
v -0.05450500 -0.00061400 0.00626100
v -0.09024100 0.00591500 0.00610000
v -0.05462300 -0.00272700 0.00605000
v -0.05445500 -0.00222700 0.00612600
v -0.09014100 0.00669100 0.00579500
v -0.05028900 0.00264500 0.00621900
v -0.05515400 -0.00243800 0.00612800
v -0.05563600 -0.00288700 0.00600300
v -0.05580700 -0.00209800 0.00615500
v -0.05079600 0.00206000 0.00622700
v -0.05493100 -0.00135100 0.00619500
v -0.05149800 0.00106700 0.00625200
v -0.08015500 -0.00697200 0.00354900
v -0.05564400 -0.00094900 0.00623000
v -0.08044100 -0.00648400 0.00415900
v -0.05222800 0.00070100 0.00628300
v -0.05290500 0.00065500 0.00628100
v -0.05203000 0.00133200 0.00626200
v -0.08088400 -0.00686200 0.00369600
v -0.08147400 -0.00731200 0.00309600
v -0.09560300 0.00512200 0.00444800
v -0.05145600 0.00168000 0.00622200
v -0.08211300 -0.00698100 0.00352100
v -0.05199200 0.00208200 0.00621300
v -0.05329300 -0.00003600 0.00625600
v -0.05265100 0.00119300 0.00628700
v -0.05254000 0.00170800 0.00625300
v -0.05426900 0.00019400 0.00627700
v -0.05367400 0.00086100 0.00626300
v -0.05049700 0.00371000 0.00608400
v -0.05126800 0.00331400 0.00611800
v -0.08982400 0.00706400 0.00560100
v -0.05136500 0.00264900 0.00619500
v -0.08924400 0.00727700 0.00552100
v -0.08953600 0.00739500 0.00546500
v -0.08873000 0.00760200 0.00533000
v -0.05443500 0.00120400 0.00622000
v -0.08915100 0.00775500 0.00527800
v -0.09001000 0.00767600 0.00518800
v -0.05158500 0.00441300 0.00592500
v -0.05597300 -0.00003000 0.00625500
v -0.05652700 -0.00081800 0.00620100
v -0.08799500 0.00791400 0.00502900
v -0.08809000 0.00754700 0.00530100
v -0.07811300 -0.00773100 0.00213900
v -0.07811300 -0.00773100 0.00213900
v -0.05222800 0.00291200 0.00618200
v -0.05682500 -0.00035700 0.00620000
v -0.08688400 0.00803800 0.00500600
v -0.07746700 -0.00777100 0.00202500
v -0.07746700 -0.00777100 0.00202500
v -0.05314200 0.00183700 0.00622700
v -0.08728000 0.00813800 0.00487600
v -0.05258500 0.00238400 0.00620200
v -0.08777100 0.00826300 0.00473100
v -0.05525100 -0.00004400 0.00625300
v -0.05333200 0.00266600 0.00618500
v -0.08633900 0.00839900 0.00465100
v -0.07861300 -0.00766200 0.00225200
v -0.07861300 -0.00766200 0.00225200
v -0.08682600 0.00832700 0.00470000
v -0.05515900 0.00062000 0.00623400
v -0.05594100 0.00074700 0.00624700
v -0.07931300 -0.00767200 0.00221000
v -0.07931300 -0.00767200 0.00221000
v -0.05274800 0.00304300 0.00618100
v -0.05331800 0.00337500 0.00612700
v -0.07854500 -0.00781200 0.00178100
v -0.08656200 0.00865200 0.00435000
v -0.05390500 0.00184300 0.00620300
v -0.08734500 0.00863400 0.00426700
v -0.05254400 0.00383400 0.00608400
v -0.08701900 0.00885400 0.00398900
v -0.05545700 0.00141700 0.00623700
v -0.08784600 0.00868900 0.00430000
v -0.05500400 0.00208400 0.00620600
v -0.08755900 0.00898700 0.00396600
v -0.05034900 0.00450000 0.00589800
v -0.05609400 0.00155000 0.00621000
v -0.05707600 0.00047300 0.00620600
v -0.05679900 0.00118500 0.00623200
v -0.08835100 0.00791500 0.00505100
v -0.05090000 0.00456900 0.00588600
v -0.08876900 0.00824700 0.00487700
v -0.05557200 0.00217000 0.00618900
v -0.07907700 -0.00784700 0.00143700
v -0.08819200 0.00819900 0.00483000
v -0.07978800 -0.00772600 0.00179000
v -0.05699800 0.00173700 0.00621300
v -0.07988100 -0.00781700 0.00120500
v -0.05633900 0.00246600 0.00617800
v -0.08910100 0.00831100 0.00480900
v -0.05436900 0.00258900 0.00618100
v -0.05701900 -0.00333200 0.00585100
v -0.05748300 -0.00350200 0.00578100
v -0.05714000 -0.00401100 0.00558700
v -0.08957100 0.00824600 0.00473800
v -0.09061500 0.00809600 0.00473000
v -0.05383300 0.00357300 0.00610900
v -0.08048900 -0.00769800 0.00160500
v -0.05749200 -0.00520300 0.00496700
v -0.05792000 -0.00489900 0.00518800
v -0.05829600 -0.00536100 0.00492800
v -0.08919400 0.00864000 0.00448400
v -0.05503600 0.00273300 0.00620500
v -0.05716700 -0.00451600 0.00534400
v -0.05771400 -0.00431500 0.00547600
v -0.05839200 -0.00468900 0.00535400
v -0.08837100 0.00853100 0.00458300
v -0.05839600 -0.00376500 0.00573500
v -0.05892500 -0.00527700 0.00500000
v -0.07905100 -0.00788600 0.00042300
v -0.05912000 -0.00457100 0.00537600
v -0.08879600 0.00867700 0.00450100
v -0.08851300 0.00883900 0.00432400
v -0.08904900 0.00899600 0.00412100
v -0.05736600 -0.00300500 0.00593500
v -0.05701100 -0.00263500 0.00598800
v -0.08829400 0.00905400 0.00402400
v -0.05269200 0.00456600 0.00593200
v -0.08086400 -0.00789800 0.00050300
v -0.05760800 -0.00244000 0.00604700
v -0.05814000 -0.00296600 0.00598600
v -0.05212300 0.00492700 0.00581500
v -0.08833900 0.00944500 0.00335700
v -0.05334100 0.00426100 0.00598000
v -0.08946500 0.00894700 0.00414200
v -0.07986200 -0.00799200 -0.00007300
v -0.09004900 0.00858700 0.00435000
v -0.05852100 -0.00323300 0.00590300
v -0.05969600 -0.00333900 0.00582700
v -0.08960400 0.00934500 0.00354100
v -0.05341700 0.00504800 0.00576700
v -0.05267600 0.00522000 0.00571200
v -0.08204100 -0.00763500 0.00223400
v -0.05818400 -0.00211500 0.00611400
v -0.05870700 -0.00268800 0.00601600
v -0.05867300 -0.00196400 0.00612300
v -0.05005800 0.00493500 0.00579900
v -0.05031100 0.00540900 0.00562100
v -0.05068100 0.00529100 0.00565800
v -0.05957400 -0.00224500 0.00607300
v -0.08577000 0.00906700 0.00379200
v -0.05588200 -0.00415700 0.00558800
v -0.08490500 0.00908800 0.00385700
v -0.05640300 -0.00438600 0.00545700
v -0.05173900 0.00490800 0.00582800
v -0.05125800 0.00525000 0.00567700
v -0.05675100 -0.00495700 0.00511900
v -0.08227200 -0.00738500 0.00296000
v -0.08227200 -0.00738500 0.00296000
v -0.05130000 0.00561700 0.00550800
v -0.05046800 0.00589700 0.00534400
v -0.05590600 -0.00351200 0.00581600
v -0.05186000 0.00531100 0.00564800
v -0.08421400 0.00955900 0.00325700
v -0.05216100 0.00591000 0.00533900
v -0.08498100 0.00942800 0.00341400
v -0.08312900 -0.00713500 0.00331000
v -0.05655600 -0.00372300 0.00571800
v -0.08306100 -0.00740200 0.00288100
v -0.08306100 -0.00740200 0.00288100
v -0.08367100 -0.00729700 0.00304500
v -0.08256100 -0.00758100 0.00252200
v -0.08328800 -0.00758600 0.00239700
v -0.05036500 0.00662600 0.00486100
v -0.05092200 0.00627300 0.00514600
v -0.05182200 0.00628500 0.00515800
v -0.08528000 0.00971200 0.00276600
v -0.08601000 0.00951200 0.00315300
v -0.05644600 -0.00304100 0.00594500
v -0.08339300 0.01006100 0.00195400
v -0.05672000 -0.00171600 0.00612900
v -0.05338700 0.00558400 0.00558000
v -0.08262900 -0.00765800 0.00215500
v -0.05388800 0.00517000 0.00574000
v -0.08452800 0.00978100 0.00267000
v -0.05754100 -0.00140400 0.00620200
v -0.08389800 0.00985400 0.00246500
v -0.05135300 0.00668600 0.00487200
v -0.05214700 0.00678000 0.00483300
v -0.05942900 -0.00567400 0.00465900
v -0.08402200 -0.00748600 0.00259800
v -0.08402200 -0.00748600 0.00259800
v -0.05300500 0.00616400 0.00526800
v -0.08569200 0.00977200 0.00257400
v -0.08534200 -0.00764400 0.00243700
v -0.08534200 -0.00764400 0.00243700
v -0.06005700 -0.00593800 0.00442500
v -0.08420100 -0.00770300 0.00180300
v -0.08517700 0.00997400 0.00223100
v -0.06018900 -0.00546800 0.00477900
v -0.06064700 -0.00581500 0.00454900
v -0.05364200 0.00616300 0.00525500
v -0.05362200 0.00663400 0.00497200
v -0.05981100 -0.00493700 0.00511400
v -0.05233500 0.00644500 0.00505600
v -0.08426200 0.01010000 0.00195900
v -0.05265900 0.00671900 0.00487700
v -0.06087100 -0.00526300 0.00494800
v -0.06037000 -0.00467600 0.00526300
v -0.08339500 0.01015800 0.00156800
v -0.05240500 0.00715400 0.00453000
v -0.08510600 0.01020000 0.00169500
v -0.08580800 0.01017300 0.00190900
v -0.05302300 0.00716600 0.00453200
v -0.08298100 -0.00776800 0.00166100
v -0.06135200 -0.00578900 0.00459000
v -0.06088900 -0.00615600 0.00425400
v -0.08469500 0.01028000 0.00124300
v -0.05370600 0.00702200 0.00467700
v -0.08550100 0.01027200 0.00116200
v -0.05495900 0.00329000 0.00615000
v -0.05447500 0.00395400 0.00604100
v -0.06152900 -0.00535200 0.00491600
v -0.08656500 0.00918400 0.00359500
v -0.08352700 -0.00785700 0.00107800
v -0.05508300 0.00422400 0.00595500
v -0.05557700 0.00354600 0.00612500
v -0.05606900 0.00432000 0.00595300
v -0.05553500 0.00470900 0.00586000
v -0.06057600 -0.00420000 0.00550700
v -0.06120500 -0.00377100 0.00570000
v -0.06131000 -0.00455700 0.00535900
v -0.05408400 0.00449100 0.00592900
v -0.06070100 -0.00348800 0.00579500
v -0.06150600 -0.00336900 0.00585600
v -0.08147300 -0.00769600 0.00150600
v -0.05985900 -0.00426400 0.00545200
v -0.08733000 0.00935700 0.00355400
v -0.05481200 0.00447100 0.00591000
v -0.08696900 0.00955200 0.00326700
v -0.05459800 0.00511300 0.00575100
v -0.08216200 -0.00775700 0.00111300
v -0.08773300 0.00925700 0.00368700
v -0.08739700 0.00963100 0.00317800
v -0.05568300 0.00291600 0.00616900
v -0.06033700 -0.00262600 0.00599800
v -0.05651000 0.00334900 0.00608900
v -0.08669100 0.00961700 0.00309000
v -0.06214000 -0.00491300 0.00519200
v -0.06200300 -0.00435400 0.00547800
v -0.08711100 0.00980600 0.00273100
v -0.05673700 0.00435100 0.00594600
v -0.05737800 0.00384500 0.00605700
v -0.06188900 -0.00377700 0.00570500
v -0.06252000 -0.00413400 0.00555300
v -0.08140700 -0.00801800 -0.00009400
v -0.08186000 -0.00796200 0.00034500
v -0.08216100 -0.00810100 -0.00030400
v -0.08775800 0.00987900 0.00277700
v -0.06241600 -0.00355300 0.00577900
v -0.05509500 0.00569400 0.00554200
v -0.05507000 0.00509500 0.00574700
v -0.05440100 0.00544600 0.00560800
v -0.05568900 0.00532600 0.00570900
v -0.05595400 0.00578200 0.00554200
v -0.08262600 -0.00788800 0.00062000
v -0.05530000 0.00610700 0.00534600
v -0.05848800 -0.00114500 0.00624000
v -0.08898300 0.00973500 0.00285600
v -0.08322200 -0.00793000 0.00020800
v -0.05640400 0.00489000 0.00584600
v -0.08832100 0.00988400 0.00268700
v -0.05761900 0.00473100 0.00586100
v -0.08418300 -0.00795200 0.00019400
v -0.08447600 -0.00788400 0.00082900
v -0.05704800 0.00531300 0.00571200
v -0.05911500 -0.00117000 0.00620800
v -0.08792700 0.01005400 0.00232000
v -0.05971300 -0.00149800 0.00616200
v -0.06016500 -0.00188500 0.00611000
v -0.05760800 0.00565900 0.00559900
v -0.05632000 0.00556100 0.00563900
v -0.05906500 -0.00067400 0.00624200
v -0.08985100 0.00972600 0.00291900
v -0.05965800 -0.00096400 0.00622000
v -0.08872900 0.01003700 0.00235500
v -0.06037200 -0.00089100 0.00622100
v -0.05669300 0.00596000 0.00542400
v -0.08933300 0.00999000 0.00248300
v -0.05967500 -0.00052300 0.00623200
v -0.06015900 0.00006100 0.00617500
v -0.07731400 -0.00787300 0.00036400
v -0.08908500 0.01015300 0.00208300
v -0.05748200 0.00629200 0.00525400
v -0.07675300 -0.00789700 -0.00005600
v -0.05409700 0.00583900 0.00540300
v -0.05444100 0.00609800 0.00527000
v -0.05725100 -0.00085100 0.00621400
v -0.08622000 0.00985000 0.00249300
v -0.05407600 0.00647000 0.00506600
v -0.07823000 -0.00789400 0.00015500
v -0.05465500 0.00662300 0.00497900
v -0.08690500 0.01005600 0.00209300
v -0.07586500 -0.00783700 -0.00073700
v -0.05596900 0.00655300 0.00505400
v -0.05524900 0.00673900 0.00494200
v -0.05762200 0.00009800 0.00619800
v -0.08726800 0.01022400 0.00164300
v -0.05812300 -0.00038300 0.00625700
v -0.07767600 -0.00785300 -0.00079300
v -0.05425900 0.00683700 0.00484400
v -0.05467400 0.00720500 0.00456900
v -0.05540300 0.00713900 0.00466100
v -0.05410600 0.00729800 0.00443100
v -0.05366500 0.00747300 0.00426800
v -0.08645400 0.01025100 0.00156800
v -0.08582000 0.01026700 0.00144100
v -0.07878100 -0.00789600 -0.00036100
v -0.05792600 0.00083200 0.00620000
v -0.05762200 0.00133700 0.00620300
v -0.08681600 0.01028700 0.00116900
v -0.05847100 0.00050800 0.00623400
v -0.07859200 -0.00778700 -0.00121900
v -0.08625600 0.01031500 0.00097400
v -0.05675700 0.00670000 0.00498000
v -0.07961900 -0.00791100 -0.00068500
v -0.05721300 0.00687200 0.00488100
v -0.05819300 0.00649900 0.00516600
v -0.07906800 -0.00775400 -0.00169100
v -0.08686500 0.01030000 0.00072100
v -0.08748200 0.01032800 0.00122500
v -0.05835000 0.00105100 0.00620800
v -0.05907100 0.00066100 0.00620200
v -0.07631200 -0.00780500 -0.00123400
v -0.05828000 0.00201200 0.00618300
v -0.05407900 0.00763400 0.00409100
v -0.05911600 0.00142100 0.00617100
v -0.07624300 -0.00771400 -0.00166700
v -0.07693200 -0.00773400 -0.00155800
v -0.07682800 -0.00784500 -0.00099000
v -0.05492600 0.00775300 0.00413000
v -0.05576300 0.00756500 0.00429600
v -0.05548100 0.00797200 0.00390900
v -0.08813900 0.01031000 0.00146900
v -0.05761500 0.00201500 0.00620600
v -0.08799800 0.01036200 0.00105200
v -0.07753200 -0.00772200 -0.00152500
v -0.05624900 0.00705000 0.00472000
v -0.05897400 -0.00005200 0.00624300
v -0.08744000 0.01033900 0.00051700
v -0.08795700 0.01039800 0.00039900
v -0.07722300 -0.00759800 -0.00206600
v -0.05973900 0.00036500 0.00619300
v -0.05961900 0.00088500 0.00618400
v -0.08856700 0.01019400 0.00193900
v -0.05795400 0.00766200 0.00419000
v -0.05825200 0.00712000 0.00468000
v -0.07684600 -0.00742900 -0.00251600
v -0.08900200 0.01028300 0.00149600
v -0.05705600 0.00764300 0.00419400
v -0.06027700 0.00071100 0.00618300
v -0.06028400 0.00129900 0.00618400
v -0.05595900 0.00810200 0.00372500
v -0.06093700 -0.00005300 0.00619300
v -0.06116100 -0.00267900 0.00603300
v -0.06159500 -0.00230300 0.00610300
v -0.06083000 -0.00186100 0.00614300
v -0.08862400 0.01036700 0.00064400
v -0.07752000 -0.00736600 -0.00309000
v -0.06215300 -0.00308300 0.00592200
v -0.07829600 -0.00758400 -0.00220200
v -0.05757100 0.00823400 0.00354800
v -0.08857600 0.01038000 0.00024100
v -0.07778700 -0.00749000 -0.00264100
v -0.05084300 0.00719700 0.00443500
v -0.09133100 0.00646000 0.00582000
v -0.07914300 -0.00762300 -0.00225000
v -0.06129900 -0.00132200 0.00620500
v -0.05065200 0.00754400 0.00413400
v -0.09191500 0.00645100 0.00576400
v -0.09082400 0.00690600 0.00563900
v -0.05177000 0.00704600 0.00459600
v -0.06230600 -0.00150100 0.00617000
v -0.09138300 0.00692900 0.00550300
v -0.05120800 0.00758000 0.00415300
v -0.06266100 -0.00308500 0.00592000
v -0.06276900 -0.00262800 0.00602700
v -0.09047800 0.00724600 0.00544400
v -0.05040800 0.00783600 0.00379900
v -0.09100600 0.00733400 0.00530600
v -0.07859900 -0.00734300 -0.00300500
v -0.07933100 -0.00738100 -0.00309700
v -0.09056400 0.00769700 0.00510800
v -0.07974100 -0.00746800 -0.00274600
v -0.05196300 0.00808100 0.00358900
v -0.05185500 0.00760500 0.00414800
v -0.05105500 0.00825300 0.00325400
v -0.05265200 0.00747400 0.00424100
v -0.09174100 0.00747500 0.00503700
v -0.09116100 0.00787700 0.00480900
v -0.06176400 -0.00053100 0.00621400
v -0.05309300 0.00777600 0.00389700
v -0.09169100 0.00788800 0.00466200
v -0.09235900 0.00640500 0.00570000
v -0.05355700 0.00796300 0.00367700
v -0.05261000 0.00818900 0.00344200
v -0.06097600 0.00075100 0.00617800
v -0.06161300 0.00025600 0.00619900
v -0.08076700 -0.00798500 -0.00038800
v -0.09213400 0.00697400 0.00532700
v -0.05205500 0.00840100 0.00312100
v -0.06275100 0.00010900 0.00622800
v -0.06309900 -0.00083900 0.00625800
v -0.08027300 -0.00768300 -0.00177000
v -0.08107200 -0.00746700 -0.00230100
v -0.08094400 -0.00783100 -0.00130600
v -0.05043200 0.00857600 0.00270700
v -0.09281600 0.00679000 0.00532200
v -0.08050400 -0.00731700 -0.00318700
v -0.05137300 0.00856600 0.00271500
v -0.09341000 0.00681700 0.00514200
v -0.08010000 -0.00726300 -0.00338500
v -0.09245500 0.00716900 0.00506300
v -0.09302600 0.00712000 0.00492700
v -0.04994100 0.00871600 0.00236400
v -0.09366700 0.00650600 0.00525200
v -0.09361300 0.00715200 0.00481100
v -0.05094600 0.00881900 0.00228300
v -0.08114700 -0.00733200 -0.00316700
v -0.05036300 0.00891500 0.00189700
v -0.06385400 -0.00005900 0.00620700
v -0.08090400 -0.00722900 -0.00350100
v -0.05174500 0.00892400 0.00211000
v -0.05070900 0.00901100 0.00156700
v -0.05123700 0.00897100 0.00187400
v -0.08187600 -0.00764100 -0.00208000
v -0.08163200 -0.00751500 -0.00255500
v -0.08207900 -0.00753500 -0.00257900
v -0.05225300 0.00871100 0.00261000
v -0.08259800 -0.00761300 -0.00225800
v -0.09246300 0.00772900 0.00443700
v -0.08187100 -0.00743400 -0.00315600
v -0.08240800 -0.00743000 -0.00329800
v -0.08291100 -0.00748100 -0.00289200
v -0.05710300 0.00262800 0.00617600
v -0.09298200 0.00755600 0.00449300
v -0.05273700 0.00857100 0.00289400
v -0.05322800 0.00827200 0.00330500
v -0.05379600 0.00838400 0.00318600
v -0.09290700 0.00791800 0.00415500
v -0.08307500 -0.00739400 -0.00335600
v -0.09364400 0.00765600 0.00433600
v -0.09338600 0.00798900 0.00402000
v -0.08148800 -0.00732500 -0.00340800
v -0.05317500 0.00871300 0.00267100
v -0.08204400 -0.00734500 -0.00355200
v -0.08173000 -0.00718600 -0.00382800
v -0.05771400 0.00273600 0.00619500
v -0.05857600 0.00272600 0.00616500
v -0.08272700 -0.00729100 -0.00369900
v -0.05288000 0.00887600 0.00226300
v -0.08210900 -0.00708600 -0.00403200
v -0.05326000 0.00910100 0.00179400
v -0.05363000 0.00893600 0.00223800
v -0.05920700 0.00215200 0.00614700
v -0.05246900 0.00892300 0.00209300
v -0.09043600 0.00864700 0.00421200
v -0.05209700 0.00902200 0.00167000
v -0.05803500 0.00372900 0.00609300
v -0.09113600 0.00834000 0.00435000
v -0.05271400 0.00903100 0.00167100
v -0.05321700 0.00911700 0.00140400
v -0.09182100 0.00826200 0.00422300
v -0.08585700 -0.00770200 0.00226200
v -0.08585700 -0.00770200 0.00226200
v -0.05435500 0.00797400 0.00378000
v -0.09018600 0.00888400 0.00398200
v -0.05966600 0.00154100 0.00617600
v -0.08577200 -0.00780600 0.00173800
v -0.05501400 0.00807700 0.00377800
v -0.05465500 0.00836900 0.00328300
v -0.06012700 0.00232100 0.00621500
v -0.08671800 -0.00772200 0.00196000
v -0.08671800 -0.00772200 0.00196000
v -0.06054300 0.00197900 0.00623400
v -0.06122400 0.00157500 0.00620400
v -0.05535300 0.00826700 0.00348800
v -0.09236700 0.00800200 0.00415400
v -0.05589000 0.00841500 0.00327200
v -0.06122800 0.00202300 0.00619400
v -0.06075300 0.00249200 0.00619900
v -0.05425800 0.00874700 0.00261500
v -0.08509400 -0.00781300 0.00141600
v -0.06009700 0.00310700 0.00615900
v -0.05543900 0.00865600 0.00282800
v -0.05940100 0.00279900 0.00615600
v -0.08547300 -0.00788500 0.00067300
v -0.05512800 0.00890400 0.00235300
v -0.05931800 0.00350700 0.00610900
v -0.09097300 0.00879000 0.00393100
v -0.09155500 0.00870900 0.00396300
v -0.05570800 0.00893500 0.00243100
v -0.08606900 -0.00787900 0.00104700
v -0.09028600 0.00938000 0.00336200
v -0.05678200 0.00848000 0.00324600
v -0.05879000 0.00418400 0.00599600
v -0.05929800 0.00453700 0.00588900
v -0.09124700 0.00918400 0.00346900
v -0.08678500 -0.00786100 0.00101300
v -0.05782200 0.00871100 0.00291700
v -0.06114200 0.00326200 0.00609300
v -0.05611300 0.00882600 0.00268800
v -0.05677900 0.00882900 0.00269600
v -0.06037400 0.00400300 0.00604400
v -0.05627000 0.00905700 0.00218700
v -0.05673000 0.00905500 0.00211400
v -0.08731700 -0.00782600 0.00146200
v -0.08805000 -0.00774000 0.00179200
v -0.09237000 0.00870600 0.00355500
v -0.05817400 0.00844800 0.00331700
v -0.09288300 0.00838800 0.00369200
v -0.05761300 0.00918400 0.00192300
v -0.06029600 0.00466500 0.00589200
v -0.08811100 -0.00783900 0.00116300
v -0.06082200 0.00463800 0.00591200
v -0.09330600 0.00838900 0.00357900
v -0.06150100 0.00407700 0.00601000
v -0.08881800 -0.00782000 0.00150900
v -0.05448300 0.00896800 0.00210400
v -0.09213000 0.00910200 0.00319100
v -0.08733400 -0.00790400 0.00034700
v -0.08626600 -0.00791300 0.00021200
v -0.05572700 0.00913700 0.00197800
v -0.06138900 0.00491400 0.00582700
v -0.05509300 0.00911500 0.00181300
v -0.06158800 0.00098900 0.00617100
v -0.05363000 0.00912100 0.00167500
v -0.06219100 0.00095900 0.00616700
v -0.09303700 0.00861700 0.00344300
v -0.05387700 0.00916600 0.00061700
v -0.05435400 0.00917700 0.00105300
v -0.05459700 0.00914000 0.00147900
v -0.06212000 0.00171400 0.00617300
v -0.06262100 0.00174300 0.00615600
v -0.06301800 0.00095300 0.00619300
v -0.09328900 0.00878900 0.00305400
v -0.09288600 0.00901000 0.00308600
v -0.05549400 0.00918200 0.00152000
v -0.09328400 0.00901500 0.00266400
v -0.08791500 -0.00792100 0.00032900
v -0.05504700 0.00915100 0.00091800
v -0.05599700 0.00917100 0.00183800
v -0.05662200 0.00918200 0.00165800
v -0.08471700 -0.00793400 0.00023500
v -0.05637700 0.00922400 0.00137800
v -0.06374300 0.00064600 0.00618100
v -0.05691100 0.00924600 0.00123300
v -0.09472800 0.00564000 0.00490500
v -0.06372000 0.00143500 0.00621900
v -0.05592000 0.00914700 0.00088400
v -0.09444800 0.00641800 0.00474700
v -0.08551200 -0.00790100 0.00004600
v -0.05536300 0.00920400 -0.00007600
v -0.05645900 0.00922400 0.00072900
v -0.05740800 0.00924200 0.00095300
v -0.09474400 0.00630600 0.00455500
v -0.09504600 0.00572900 0.00450800
v -0.09515200 0.00625300 0.00406500
v -0.05614300 0.00921400 0.00019000
v -0.06444800 0.00113200 0.00619600
v -0.05682800 0.00927400 0.00011500
v -0.05734700 0.00925600 0.00151200
v -0.06348500 0.00267400 0.00615700
v -0.08639600 -0.00799900 -0.00037200
v -0.06419400 0.00189100 0.00621100
v -0.05814500 0.00422000 0.00601000
v -0.09469300 0.00667400 0.00434900
v -0.08696100 -0.00799900 -0.00025600
v -0.08700900 -0.00800400 -0.00054200
v -0.05857400 0.00464300 0.00588000
v -0.09405300 0.00715200 0.00461000
v -0.08760300 -0.00803500 -0.00023000
v -0.05847000 0.00527300 0.00571900
v -0.05907400 0.00530000 0.00568300
v -0.06430600 0.00316300 0.00611300
v -0.09456700 0.00718400 0.00411200
v -0.09399700 0.00742100 0.00439600
v -0.05886500 0.00588800 0.00551900
v -0.05816200 0.00592300 0.00551100
v -0.08875400 -0.00788900 0.00061600
v -0.08920800 -0.00785700 0.00096000
v -0.06153300 0.00166000 0.00620800
v -0.06172300 0.00216600 0.00617600
v -0.06156900 0.00261000 0.00615700
v -0.09479400 0.00736200 0.00363800
v -0.09423700 0.00755800 0.00402000
v -0.09515200 0.00696400 0.00361000
v -0.06203800 0.00241600 0.00618300
v -0.08931000 -0.00791200 0.00040200
v -0.08871000 -0.00794900 0.00023700
v -0.05976300 0.00550600 0.00563600
v -0.09560100 0.00568100 0.00412000
v -0.09607200 0.00527900 0.00394100
v -0.06220700 0.00306500 0.00614100
v -0.08982600 -0.00780800 0.00114500
v -0.09013800 -0.00791800 0.00054300
v -0.05970700 0.00610300 0.00540900
v -0.05999800 0.00594400 0.00547800
v -0.09592200 0.00588500 0.00369900
v -0.06250100 0.00253800 0.00617400
v -0.05850500 0.00624600 0.00533900
v -0.08909700 -0.00809000 -0.00050600
v -0.08979700 -0.00796100 -0.00008700
v -0.06340700 0.00344700 0.00612200
v -0.09045000 -0.00790000 -0.00001500
v -0.05888000 0.00670900 0.00504400
v -0.08982300 -0.00800600 -0.00075700
v -0.06258300 0.00417400 0.00601800
v -0.05907100 0.00632000 0.00529900
v -0.06008900 0.00626400 0.00531400
v -0.08837000 -0.00810300 -0.00035100
v -0.05946400 0.00669400 0.00507400
v -0.06007800 0.00693300 0.00489400
v -0.06345800 0.00390400 0.00606400
v -0.05921900 0.00726400 0.00465700
v -0.09638300 0.00543100 0.00340100
v -0.06046500 0.00540800 0.00568400
v -0.06091900 0.00521000 0.00578700
v -0.09608900 0.00611500 0.00325600
v -0.06108200 0.00594100 0.00552600
v -0.09677100 0.00568300 0.00263300
v -0.09068800 -0.00783100 -0.00083400
v -0.06063000 0.00605700 0.00544800
v -0.06139300 0.00541700 0.00571600
v -0.09040300 -0.00786100 -0.00113900
v -0.08987300 -0.00795800 -0.00118200
v -0.09554900 0.00659200 0.00350900
v -0.06200100 0.00508500 0.00578700
v -0.06181300 0.00586800 0.00553500
v -0.06415600 0.00392700 0.00606100
v -0.06476500 0.00354200 0.00607200
v -0.06073100 0.00663900 0.00512800
v -0.09039300 -0.00767200 -0.00182300
v -0.09103800 -0.00763300 -0.00134600
v -0.09589700 0.00681000 0.00287400
v -0.06146300 0.00632600 0.00536700
v -0.08534900 -0.00746500 -0.00273700
v -0.08473000 -0.00754500 -0.00239300
v -0.08555800 -0.00766400 -0.00214900
v -0.06206100 0.00622400 0.00540100
v -0.08475400 -0.00740500 -0.00310400
v -0.08693700 -0.00756400 -0.00253600
v -0.08701200 -0.00775400 -0.00184800
v -0.08760800 -0.00774100 -0.00208700
v -0.06105700 0.00715500 0.00476700
v -0.06153900 0.00660800 0.00519700
v -0.06308700 0.00471600 0.00591600
v -0.08595100 -0.00748900 -0.00274100
v -0.09394500 0.00784000 0.00390700
v -0.06015800 0.00774400 0.00424000
v -0.08633100 -0.00778500 -0.00179200
v -0.06381600 0.00488100 0.00585200
v -0.06196000 0.00726500 0.00467000
v -0.08325900 -0.00757400 -0.00244900
v -0.08348700 -0.00746000 -0.00300700
v -0.08383700 -0.00753800 -0.00261000
v -0.06252000 0.00555100 0.00566300
v -0.09549100 0.00701100 0.00316300
v -0.06339700 0.00535600 0.00572800
v -0.09503800 0.00747700 0.00316600
v -0.08354900 -0.00733000 -0.00345900
v -0.08418900 -0.00735800 -0.00333900
v -0.06335800 0.00585900 0.00553700
v -0.05899600 0.00773500 0.00425800
v -0.06265300 0.00612900 0.00543500
v -0.09538500 0.00738000 0.00276000
v -0.06392300 0.00577100 0.00560700
v -0.09587600 0.00715700 0.00235600
v -0.09638600 0.00644400 0.00248500
v -0.08493000 -0.00728900 -0.00355600
v -0.08424500 -0.00717700 -0.00386500
v -0.06491500 0.00451200 0.00596200
v -0.05865600 0.00809200 0.00383100
v -0.08342500 -0.00710800 -0.00390600
v -0.09571700 0.00757700 0.00191000
v -0.08276700 -0.00701000 -0.00420500
v -0.08332500 -0.00695600 -0.00423100
v -0.06446700 0.00529400 0.00578200
v -0.08381300 -0.00685700 -0.00435200
v -0.09612000 0.00708900 0.00196600
v -0.06493800 0.00493500 0.00586000
v -0.06506100 0.00561000 0.00564600
v -0.08500400 -0.00704900 -0.00399000
v -0.09606900 0.00728400 0.00136200
v -0.09564400 0.00786500 0.00132900
v -0.09639900 0.00675800 0.00174600
v -0.08453700 -0.00688500 -0.00432400
v -0.09363400 0.00800800 0.00389900
v -0.05956200 0.00809600 0.00384700
v -0.05881000 0.00848100 0.00329800
v -0.08543700 -0.00727500 -0.00352800
v -0.09368900 0.00830800 0.00342700
v -0.05965900 0.00847200 0.00334400
v -0.06395700 0.00639000 0.00531900
v -0.08542400 -0.00717300 -0.00376600
v -0.09433100 0.00786500 0.00348800
v -0.06113100 0.00789500 0.00415300
v -0.09479300 0.00778200 0.00307900
v -0.06030100 0.00823800 0.00369600
v -0.06471400 0.00631100 0.00535900
v -0.09439000 0.00814500 0.00301500
v -0.06176600 0.00797300 0.00404900
v -0.09392100 0.00866300 0.00263600
v -0.08631800 -0.00735000 -0.00339300
v -0.06103300 0.00839800 0.00357500
v -0.06491000 0.00693100 0.00502700
v -0.09500400 0.00791300 0.00257800
v -0.09434900 0.00851400 0.00242900
v -0.06047300 0.00868600 0.00314000
v -0.08687800 -0.00739100 -0.00321100
v -0.08605500 -0.00721800 -0.00379300
v -0.08683100 -0.00713000 -0.00402700
v -0.08629600 -0.00705100 -0.00412200
v -0.09506700 0.00815800 0.00201000
v -0.06103600 0.00882800 0.00297400
v -0.08548300 -0.00690100 -0.00417700
v -0.06187500 0.00853500 0.00341900
v -0.03269000 -0.00677500 0.00286500
v -0.03240900 -0.00658700 0.00315900
v -0.03304900 -0.00658800 0.00319500
v -0.08494500 -0.00682200 -0.00438600
v -0.03335800 -0.00676600 0.00289600
v -0.08560400 -0.00671500 -0.00450100
v -0.03158700 -0.00492200 0.00505200
v -0.03201700 -0.00535800 0.00468000
v -0.03254800 -0.00482400 0.00510200
v -0.08657200 -0.00671000 -0.00455600
v -0.06245300 0.00678800 0.00503200
v -0.03254800 -0.00578200 0.00423000
v -0.03285700 -0.00529700 0.00470000
v -0.06290200 0.00677600 0.00505900
v -0.03321700 -0.00503900 0.00493800
v -0.08605100 -0.00651900 -0.00481500
v -0.06321600 0.00644100 0.00527400
v -0.09543700 0.00805800 0.00147500
v -0.03178800 -0.00580200 0.00424000
v -0.06359900 0.00676400 0.00508800
v -0.03122900 -0.00623900 0.00362500
v -0.08737500 -0.00792400 -0.00113800
v -0.08791400 -0.00791900 -0.00137500
v -0.06432800 0.00717900 0.00482400
v -0.06361000 0.00737600 0.00464400
v -0.03213600 -0.00627400 0.00362500
v -0.08796600 -0.00753400 -0.00279100
v -0.08826300 -0.00777900 -0.00190800
v -0.06270500 0.00733000 0.00464700
v -0.08852100 -0.00755600 -0.00268200
v -0.08917300 -0.00776500 -0.00203200
v -0.06238800 0.00774600 0.00427200
v -0.08900600 -0.00756300 -0.00290200
v -0.08948900 -0.00766400 -0.00256300
v -0.09070600 0.00975600 0.00284600
v -0.08748300 -0.00741300 -0.00318200
v -0.06314100 0.00782400 0.00425000
v -0.03373600 -0.00579600 0.00419300
v -0.03331100 -0.00619700 0.00370700
v -0.03322200 -0.00570900 0.00426700
v -0.03355900 -0.00519400 0.00482500
v -0.03420000 -0.00532600 0.00476000
v -0.08748600 -0.00729900 -0.00350500
v -0.06356800 0.00785200 0.00422300
v -0.08807700 -0.00742500 -0.00346100
v -0.03467000 -0.00537300 0.00476000
v -0.03442000 -0.00572900 0.00433000
v -0.09142400 0.00964900 0.00267600
v -0.03413300 -0.00614200 0.00379400
v -0.08857900 -0.00746500 -0.00315100
v -0.03280600 -0.00624200 0.00364600
v -0.08836500 -0.00732300 -0.00361000
v -0.08999300 0.01014200 0.00225300
v -0.08886300 -0.00737700 -0.00337800
v -0.03369100 -0.00649300 0.00332100
v -0.08866200 -0.00715900 -0.00382000
v -0.09006600 -0.00767000 -0.00219100
v -0.03426900 -0.00674600 0.00296000
v -0.03386000 -0.00697500 0.00249900
v -0.09115400 0.01004800 0.00197500
v -0.09180000 0.00983700 0.00219800
v -0.06547000 0.00732400 0.00475200
v -0.09014500 -0.00756000 -0.00287100
v -0.09049800 0.01028900 0.00171400
v -0.06439800 0.00778100 0.00431700
v -0.03447000 -0.00643200 0.00344100
v -0.08940900 -0.00752300 -0.00311500
v -0.08981100 -0.00755600 -0.00304000
v -0.03009900 -0.00686700 0.00254900
v -0.03087100 -0.00699300 0.00226000
v -0.03124300 -0.00686900 0.00264600
v -0.03151200 -0.00706300 0.00210700
v -0.09037900 -0.00741800 -0.00334400
v -0.03158300 -0.00658600 0.00314300
v -0.09208000 0.00963300 0.00246800
v -0.06262000 0.00811900 0.00390700
v -0.03216200 -0.00688700 0.00258800
v -0.08993800 -0.00742800 -0.00341100
v -0.09273400 0.00940700 0.00232400
v -0.08936200 -0.00733100 -0.00350000
v -0.06263200 0.00857100 0.00334200
v -0.06328700 0.00815400 0.00388100
v -0.08913100 -0.00707600 -0.00393100
v -0.06389000 0.00827700 0.00375800
v -0.08952300 -0.00714300 -0.00382300
v -0.06358100 0.00867300 0.00329700
v -0.03045300 -0.00710400 0.00169700
v -0.09041900 -0.00733300 -0.00358400
v -0.06193800 0.00877200 0.00302600
v -0.06252400 0.00907000 0.00245600
v -0.09221300 0.00966800 0.00222100
v -0.09267200 0.00953700 0.00195400
v -0.06210900 0.00920200 0.00220900
v -0.08996400 -0.00708000 -0.00399200
v -0.03134500 -0.00714200 0.00143200
v -0.08755600 -0.00706700 -0.00392300
v -0.05865800 0.00886400 0.00266300
v -0.03259300 -0.00712100 0.00190300
v -0.08715100 -0.00690900 -0.00431700
v -0.09220300 0.00977800 0.00172300
v -0.03310400 -0.00695900 0.00247000
v -0.09145500 0.01003700 0.00169700
v -0.05929800 0.00887000 0.00271400
v -0.06000300 0.00885900 0.00282000
v -0.08778700 -0.00681800 -0.00441200
v -0.08816200 -0.00709300 -0.00403600
v -0.03343000 -0.00715100 0.00189200
v -0.09251400 0.00970300 0.00141700
v -0.09217200 0.00987000 0.00122600
v -0.03218400 -0.00718000 0.00155200
v -0.05831400 0.00918800 0.00201600
v -0.03169000 -0.00720700 0.00057600
v -0.08827600 -0.00676300 -0.00460700
v -0.08857900 -0.00694700 -0.00433400
v -0.05903700 0.00915200 0.00208800
v -0.08866200 -0.00677100 -0.00463900
v -0.05979500 0.00919400 0.00209300
v -0.03287800 -0.00720200 0.00129200
v -0.03245600 -0.00720200 0.00056700
v -0.05884000 0.00928100 0.00163700
v -0.05950000 0.00934800 0.00158300
v -0.08995900 0.01039100 0.00149100
v -0.08712000 -0.00665000 -0.00474700
v -0.08933100 0.01040600 0.00088300
v -0.08980500 0.01041900 0.00099400
v -0.09012500 0.01039100 0.00130100
v -0.06069900 0.00922900 0.00213500
v -0.09084500 0.01024000 0.00142500
v -0.03496700 -0.00558400 0.00453400
v -0.03499000 -0.00604700 0.00395900
v -0.03553000 -0.00584100 0.00420800
v -0.08740000 -0.00647100 -0.00499800
v -0.03550900 -0.00649900 0.00336300
v -0.06150800 0.00913700 0.00234400
v -0.09099400 0.01024700 0.00074400
v -0.09039400 0.01033600 0.00078700
v -0.08788800 -0.00657400 -0.00485500
v -0.03633700 -0.00596300 0.00402200
v -0.08826700 -0.00645200 -0.00503100
v -0.06010500 0.00930600 0.00179200
v -0.03644700 -0.00638600 0.00349800
v -0.08786900 -0.00635700 -0.00511000
v -0.03505400 -0.00668100 0.00308400
v -0.08949400 0.01047700 0.00045000
v -0.06084800 0.00937900 0.00160700
v -0.06166000 0.00932100 0.00192000
v -0.08902800 0.01044600 0.00029400
v -0.03429900 -0.00702600 0.00238500
v -0.03482700 -0.00696500 0.00252900
v -0.08932400 -0.00683800 -0.00447500
v -0.08962300 -0.00695300 -0.00426900
v -0.09003300 0.01045600 0.00028400
v -0.03546400 -0.00690300 0.00265200
v -0.03586500 -0.00675200 0.00298600
v -0.05756700 0.00927100 -0.00002400
v -0.05816300 0.00928600 0.00077200
v -0.03588600 -0.00706800 0.00217100
v -0.03528300 -0.00704600 0.00226100
v -0.09063900 0.01040800 0.00012000
v -0.05822000 0.00925700 0.00176300
v -0.05770300 0.00925100 0.00163000
v -0.05794800 0.00925800 0.00130100
v -0.08990700 -0.00685300 -0.00448500
v -0.05870700 0.00933100 0.00119500
v -0.05916900 0.00936000 0.00121300
v -0.03705500 -0.00634600 0.00361800
v -0.08945300 -0.00636700 -0.00508000
v -0.09160800 0.01009200 0.00104800
v -0.03672000 -0.00666800 0.00309400
v -0.05903700 0.00935500 0.00059600
v -0.09137400 0.01019500 0.00031600
v -0.08875400 -0.00648100 -0.00503900
v -0.03779500 -0.00630000 0.00371200
v -0.03797700 -0.00668300 0.00313100
v -0.09215600 0.00992100 0.00037100
v -0.03740000 -0.00697700 0.00256600
v -0.09263100 0.00969300 0.00063700
v -0.03629000 -0.00694100 0.00260700
v -0.08902600 -0.00598400 -0.00551100
v -0.09258400 0.00978700 0.00005000
v -0.03645700 -0.00712800 0.00215300
v -0.08935800 -0.00589000 -0.00561800
v -0.03632900 -0.00717300 0.00189700
v -0.03673200 -0.00707600 0.00232500
v -0.05855000 0.00930000 -0.00022000
v -0.05941500 0.00937600 0.00001000
v -0.03736400 -0.00713400 0.00211500
v -0.05952900 0.00933800 0.00085000
v -0.03678900 -0.00717500 0.00192400
v -0.03683200 -0.00721700 0.00159200
v -0.05999400 0.00935000 0.00056200
v -0.05992600 0.00930800 0.00108300
v -0.09110700 0.01026800 -0.00035900
v -0.06051500 0.00936600 0.00098600
v -0.09139800 0.01022500 -0.00083100
v -0.09167500 0.01008100 -0.00011400
v -0.06142600 0.00947500 0.00107300
v -0.03392600 -0.00718300 0.00175200
v -0.06070000 0.00939000 0.00018700
v -0.03486900 -0.00711900 0.00191600
v -0.09221800 0.00993900 -0.00028900
v -0.09185300 0.01012600 -0.00086400
v -0.03489200 -0.00718400 0.00132700
v -0.03569300 -0.00716300 0.00172800
v -0.03304300 -0.00720200 0.00059600
v -0.03357200 -0.00720400 0.00112800
v -0.06030100 0.00942500 -0.00048400
v -0.06010800 0.00937600 -0.00006700
v -0.05984800 0.00940500 -0.00053800
v -0.06086000 0.00946700 -0.00070300
v -0.03433000 -0.00721900 0.00083800
v -0.09598200 0.00746900 0.00048400
v -0.03376800 -0.00721400 0.00053600
v -0.09565600 0.00790500 0.00075700
v -0.09567000 0.00792400 0.00003000
v -0.06208400 0.00939300 0.00149100
v -0.06216300 0.00952200 0.00086200
v -0.09371100 0.00904500 0.00196700
v -0.03496000 -0.00722000 0.00050800
v -0.03433600 -0.00725500 -0.00005200
v -0.06163400 0.00948200 0.00045600
v -0.09330500 0.00929300 0.00165900
v -0.03557000 -0.00720400 0.00090800
v -0.03617200 -0.00720200 0.00124400
v -0.03613600 -0.00721600 0.00071700
v -0.06220600 0.00950200 0.00022500
v -0.06130500 0.00942500 -0.00025500
v -0.06197100 0.00947000 -0.00023600
v -0.09446500 0.00860100 0.00193300
v -0.06263000 0.00950200 0.00069000
v -0.09502000 0.00843900 0.00135400
v -0.03561100 -0.00724700 0.00040900
v -0.06257200 0.00949300 -0.00019400
v -0.06277200 0.00951600 0.00023800
v -0.09453200 0.00874400 0.00106900
v -0.09373400 0.00915800 0.00134200
v -0.03499000 -0.00727400 -0.00013600
v -0.06165400 0.00943600 -0.00083900
v -0.03625600 -0.00731200 0.00001800
v -0.03690400 -0.00726900 0.00002800
v -0.08947200 -0.00779400 0.00143500
v -0.03673800 -0.00727800 -0.00026700
v -0.06245600 0.00948400 -0.00067500
v -0.09314300 0.00941100 0.00077400
v -0.06211300 0.00940500 -0.00144800
v -0.09085500 -0.00780000 0.00109400
v -0.06298700 0.00946500 -0.00069900
v -0.06327600 0.00944700 -0.00038000
v -0.06336400 0.00948800 -0.00099100
v -0.06389400 0.00952100 -0.00071300
v -0.06290100 0.00939200 -0.00129000
v -0.09380700 0.00920600 0.00042400
v -0.09427300 0.00899000 0.00051400
v -0.06326900 0.00942700 -0.00131100
v -0.03699200 -0.00721000 0.00061400
v -0.06380400 0.00949100 -0.00124100
v -0.04810900 0.00161100 -0.00588900
v -0.03877100 -0.00676000 0.00306000
v -0.09131900 -0.00775100 0.00103300
v -0.09548500 0.00809900 0.00097300
v -0.03830900 -0.00691600 0.00271000
v -0.03770600 -0.00712100 0.00216300
v -0.03890100 -0.00693500 0.00269400
v -0.03865000 -0.00710500 0.00212400
v -0.04868200 0.00108000 -0.00596700
v -0.09082600 -0.00784100 0.00046900
v -0.03957000 -0.00684500 0.00293600
v -0.03956700 -0.00708900 0.00238200
v -0.04897300 0.00164800 -0.00591600
v -0.03775200 -0.00722400 0.00153600
v -0.09157400 -0.00767500 0.00063600
v -0.09185500 -0.00759200 0.00105700
v -0.04884900 0.00204300 -0.00588300
v -0.04814100 0.00233200 -0.00585400
v -0.09498900 0.00846100 0.00053200
v -0.09537200 0.00820200 0.00051300
v -0.03877300 -0.00720700 0.00142300
v -0.04919500 0.00266300 -0.00579500
v -0.04868900 0.00278500 -0.00577600
v -0.04889100 0.00316000 -0.00568100
v -0.09472700 0.00868700 0.00000100
v -0.04957000 0.00295700 -0.00576600
v -0.04912100 0.00395400 -0.00549000
v -0.04939800 0.00347900 -0.00561500
v -0.04981700 0.00382300 -0.00557600
v -0.03981800 -0.00719600 0.00199500
v -0.03968000 -0.00728000 0.00108800
v -0.09522900 0.00833400 -0.00003200
v -0.04597800 0.00185900 -0.00585600
v -0.09569200 0.00792900 -0.00046400
v -0.04013600 -0.00703700 0.00255400
v -0.04650800 0.00175100 -0.00588100
v -0.04633400 0.00240100 -0.00579800
v -0.04083500 -0.00711600 0.00229400
v -0.04703400 0.00160300 -0.00588600
v -0.04114600 -0.00725300 0.00165300
v -0.04142700 -0.00714800 0.00225800
v -0.09123900 -0.00772700 0.00004200
v -0.04047300 -0.00728100 0.00120500
v -0.04623800 0.00312400 -0.00564300
v -0.04688600 0.00223100 -0.00583500
v -0.09530600 0.00818800 -0.00130000
v -0.09486000 0.00858900 -0.00061400
v -0.04657100 0.00281300 -0.00574600
v -0.09475400 0.00860400 -0.00135000
v -0.03746500 -0.00726300 -0.00023500
v -0.04741700 0.00200500 -0.00587500
v -0.04745900 0.00269800 -0.00581000
v -0.09508800 0.00838300 -0.00209800
v -0.09540800 0.00818700 -0.00223000
v -0.09537400 0.00815300 -0.00181400
v -0.03749800 -0.00725900 0.00036900
v -0.03814200 -0.00726400 0.00081500
v -0.03882300 -0.00733500 0.00004900
v -0.09321800 0.00946700 0.00020900
v -0.04607700 0.00385400 -0.00548000
v -0.04704200 0.00328800 -0.00568500
v -0.04699900 0.00415100 -0.00539600
v -0.09106600 -0.00751400 -0.00189100
v -0.03814900 -0.00731800 -0.00016400
v -0.04644200 0.00435500 -0.00531600
v -0.09358700 0.00935500 -0.00035600
v -0.09432500 0.00896200 -0.00027000
v -0.04610800 0.00481600 -0.00514000
v -0.03813700 -0.00724400 -0.00080600
v -0.03854800 -0.00731700 -0.00064200
v -0.09301300 0.00968400 -0.00051200
v -0.04778800 0.00352900 -0.00561800
v -0.04669100 0.00495700 -0.00507800
v -0.09247000 0.00991500 -0.00077600
v -0.03976600 -0.00742200 0.00003200
v -0.09301100 0.00962900 -0.00128000
v -0.04030500 -0.00737400 0.00033900
v -0.04813400 0.00300700 -0.00573800
v -0.09399700 0.00919500 -0.00087200
v -0.04122500 -0.00732900 0.00063400
v -0.08992200 -0.00585000 -0.00562500
v -0.04056200 -0.00746100 -0.00026400
v -0.09357600 0.00939400 -0.00092100
v -0.04843000 0.00331300 -0.00564000
v -0.09392700 0.00924900 -0.00121800
v -0.09348000 0.00945400 -0.00167500
v -0.03927100 -0.00737700 -0.00048700
v -0.04860000 0.00386200 -0.00550000
v -0.04812100 0.00415200 -0.00542400
v -0.06101700 -0.00783500 -0.00014800
v -0.06182000 -0.00779500 0.00011600
v -0.04884800 0.00355400 -0.00559200
v -0.04015400 -0.00744100 -0.00057900
v -0.04005600 -0.00729100 -0.00135300
v -0.04005600 -0.00729100 -0.00135300
v -0.03932100 -0.00726000 -0.00119100
v -0.03932100 -0.00726000 -0.00119100
v -0.04921700 0.00064900 -0.00606600
v -0.04969800 0.00043000 -0.00612000
v -0.04935400 0.00123500 -0.00598700
v -0.04979700 0.00094100 -0.00606000
v -0.09453700 0.00882300 -0.00090900
v -0.04191500 -0.00732500 0.00093100
v -0.09428900 0.00902500 -0.00128700
v -0.04186000 -0.00741800 0.00032500
v -0.04241200 -0.00726600 0.00137700
v -0.04236400 -0.00739400 0.00058800
v -0.05066500 0.00028900 -0.00610300
v -0.06205400 -0.00769800 0.00112400
v -0.05013000 0.00058300 -0.00607800
v -0.04243800 -0.00749600 0.00005900
v -0.04291400 -0.00735000 0.00099900
v -0.04273500 -0.00747300 0.00040600
v -0.04309900 -0.00755200 0.00012100
v -0.04320700 -0.00748900 0.00052600
v -0.04992300 0.00171400 -0.00600100
v -0.09441200 0.00893100 -0.00162300
v -0.04330900 -0.00755200 -0.00015000
v -0.04363100 -0.00754300 0.00005100
v -0.04947200 0.00193200 -0.00593200
v -0.04100200 -0.00743900 -0.00001900
v -0.04149000 -0.00747300 -0.00021700
v -0.05054100 0.00096000 -0.00604000
v -0.06273300 -0.00777600 0.00046900
v -0.04096100 -0.00745700 -0.00044700
v -0.06621300 0.00773800 0.00439800
v -0.05055300 0.00179000 -0.00600500
v -0.04213600 -0.00750100 -0.00018400
v -0.04193000 -0.00748400 -0.00042800
v -0.06201900 -0.00788300 -0.00053200
v -0.04135400 -0.00742700 -0.00067600
v -0.04135400 -0.00742700 -0.00067600
v -0.06254700 -0.00787400 -0.00016600
v -0.06731600 0.00767500 0.00451200
v -0.04090800 -0.00740000 -0.00087700
v -0.04090800 -0.00740000 -0.00087700
v -0.04091200 -0.00723400 -0.00164500
v -0.05149700 0.00037800 -0.00611100
v -0.05177000 -0.00050800 -0.00620700
v -0.05239200 -0.00043300 -0.00622800
v -0.04154900 -0.00731200 -0.00127100
v -0.05190500 0.00000900 -0.00615600
v -0.04185500 -0.00740100 -0.00085500
v -0.04185500 -0.00740100 -0.00085500
v -0.04240700 -0.00741300 -0.00067500
v -0.04240700 -0.00741300 -0.00067500
v -0.04227300 -0.00724800 -0.00120000
v -0.06767000 0.00795300 0.00427100
v -0.05121700 0.00073200 -0.00605200
v -0.06306300 -0.00789000 -0.00023200
v -0.06332500 -0.00789400 0.00010100
v -0.04208500 -0.00708900 -0.00186400
v -0.05114700 0.00133900 -0.00599700
v -0.05164400 0.00108300 -0.00601900
v -0.04277300 -0.00749600 -0.00033700
v -0.05226800 0.00070900 -0.00609600
v -0.04312100 -0.00745300 -0.00056000
v -0.04312100 -0.00745300 -0.00056000
v -0.04377700 -0.00754100 -0.00033800
v -0.04377700 -0.00754100 -0.00033800
v -0.06349700 -0.00779300 0.00087800
v -0.06371200 -0.00789400 0.00019000
v -0.06365500 -0.00788300 -0.00016500
v -0.04293100 -0.00728900 -0.00110700
v -0.04256200 -0.00714600 -0.00158000
v -0.06708900 0.00815200 0.00403000
v -0.06809200 0.00820800 0.00402100
v -0.04315900 -0.00714900 -0.00164500
v -0.04345100 -0.00731000 -0.00102500
v -0.06557600 0.00835300 0.00384200
v -0.06624900 0.00853000 0.00362200
v -0.06272400 -0.00787000 -0.00060900
v -0.04983400 0.00244100 -0.00587700
v -0.06199900 -0.00785300 -0.00096200
v -0.06242000 -0.00782100 -0.00096700
v -0.03420900 -0.00425600 0.00553900
v -0.03360200 -0.00416700 0.00555800
v -0.03382100 -0.00362900 0.00585000
v -0.06298100 -0.00771400 -0.00115500
v -0.05042900 0.00223900 -0.00594500
v -0.05098000 0.00180400 -0.00598400
v -0.05076200 0.00251400 -0.00592700
v -0.06340200 -0.00778400 -0.00075900
v -0.05024800 0.00268500 -0.00587800
v -0.03559000 -0.00454500 0.00534700
v -0.03534900 -0.00512900 0.00495000
v -0.03490400 -0.00483700 0.00517500
v -0.06693500 0.00857000 0.00356900
v -0.06406500 -0.00784400 -0.00053600
v -0.03450400 -0.00354500 0.00590100
v -0.03510400 -0.00413400 0.00560000
v -0.06363500 -0.00773100 -0.00107100
v -0.05011000 0.00324100 -0.00574500
v -0.05068100 0.00335800 -0.00573500
v -0.03359800 -0.00292300 0.00611800
v -0.06753600 0.00859300 0.00357200
v -0.05124700 0.00318300 -0.00578900
v -0.03432900 -0.00275000 0.00616500
v -0.03381000 -0.00254100 0.00622000
v -0.05186700 0.00161800 -0.00597800
v -0.06081700 -0.00782000 -0.00073200
v -0.06067100 -0.00761600 -0.00163800
v -0.03417800 -0.00143400 0.00637500
v -0.03427600 -0.00221700 0.00627000
v -0.03369900 -0.00197700 0.00629900
v -0.03473100 -0.00191300 0.00631300
v -0.05241900 0.00123200 -0.00601800
v -0.06789100 0.00899800 0.00312200
v -0.06710800 0.00904700 0.00296000
v -0.05205200 0.00228100 -0.00589700
v -0.05265800 0.00188500 -0.00593500
v -0.03507100 -0.00264300 0.00618700
v -0.03522100 -0.00344800 0.00591100
v -0.06158200 -0.00777400 -0.00129600
v -0.06128600 -0.00761800 -0.00180800
v -0.05302900 0.00246800 -0.00591800
v -0.05253000 0.00248500 -0.00589900
v -0.05287900 0.00313700 -0.00583100
v -0.03592300 -0.00378700 0.00575600
v -0.06891900 0.00813100 0.00418200
v -0.05141900 0.00230500 -0.00594000
v -0.03464200 -0.00235100 0.00624800
v -0.03509000 -0.00236600 0.00625700
v -0.06030500 -0.00745900 -0.00237900
v -0.03599800 -0.00328700 0.00595800
v -0.06081100 -0.00749900 -0.00226700
v -0.06888700 0.00849100 0.00377900
v -0.03567600 -0.00235200 0.00623300
v -0.03621800 -0.00250100 0.00619000
v -0.05217000 0.00293700 -0.00582300
v -0.06944600 0.00810100 0.00428300
v -0.06170200 -0.00757700 -0.00191600
v -0.03603000 -0.00545100 0.00460400
v -0.03637500 -0.00495400 0.00504800
v -0.06134700 -0.00748700 -0.00231500
v -0.06117700 -0.00728300 -0.00304100
v -0.03678800 -0.00519200 0.00483000
v -0.06816900 0.00884500 0.00333000
v -0.03633600 -0.00413100 0.00558300
v -0.06204300 -0.00769200 -0.00145000
v -0.06247400 -0.00744800 -0.00206600
v -0.06208300 -0.00736900 -0.00249100
v -0.03728300 -0.00453100 0.00531400
v -0.06164100 -0.00731500 -0.00289100
v -0.06262100 -0.00761100 -0.00149600
v -0.06989200 0.00849000 0.00384100
v -0.04782900 0.00630200 -0.00441200
v -0.04782700 0.00713000 -0.00371300
v -0.03741600 -0.00593800 0.00414200
v -0.04854700 0.00616700 -0.00454300
v -0.04860100 0.00669000 -0.00415600
v -0.03782600 -0.00528400 0.00484100
v -0.03815800 -0.00576000 0.00439600
v -0.06321100 -0.00757100 -0.00170000
v -0.06452400 -0.00767700 -0.00155200
v -0.06952700 0.00881100 0.00340400
v -0.04856100 0.00761100 -0.00328000
v -0.04878000 0.00708600 -0.00377500
v -0.04902500 0.00739400 -0.00346500
v -0.03830500 -0.00502600 0.00504200
v -0.03831600 -0.00536700 0.00478200
v -0.06852100 0.00896400 0.00318100
v -0.06926500 0.00924500 0.00280400
v -0.03879100 -0.00568100 0.00445900
v -0.06987100 0.00908500 0.00302700
v -0.03886000 -0.00523600 0.00488400
v -0.04916100 0.00590300 -0.00473300
v -0.04908300 0.00651700 -0.00436500
v -0.06281700 -0.00735400 -0.00253900
v -0.04972600 0.00624300 -0.00456500
v -0.06378800 -0.00734700 -0.00280200
v -0.04944800 0.00552700 -0.00496600
v -0.06220500 -0.00726600 -0.00297500
v -0.06293100 -0.00720000 -0.00320300
v -0.03751900 -0.00391100 0.00567100
v -0.03732200 -0.00340600 0.00591200
v -0.03799000 -0.00310400 0.00601200
v -0.03744900 -0.00283600 0.00611000
v -0.06639200 0.00901000 0.00296400
v -0.05034100 0.00589100 -0.00475100
v -0.04932400 0.00717800 -0.00371400
v -0.04963100 0.00677000 -0.00415300
v -0.05004600 0.00700600 -0.00392600
v -0.06532100 0.00879000 0.00330500
v -0.03663000 -0.00356400 0.00587300
v -0.06546700 0.00917500 0.00259200
v -0.06422100 -0.00780600 0.00069400
v -0.06475400 -0.00780900 -0.00003300
v -0.06497200 -0.00780800 0.00053600
v -0.06546600 -0.00778900 0.00016000
v -0.05059500 0.00714100 -0.00381800
v -0.05049200 0.00652200 -0.00436400
v -0.05117800 0.00672100 -0.00423800
v -0.06446000 -0.00782300 -0.00092400
v -0.06535000 -0.00777200 -0.00084700
v -0.03673900 -0.00290900 0.00609300
v -0.06598000 -0.00778600 -0.00024700
v -0.06664700 0.00931900 0.00240200
v -0.04692100 0.00530000 -0.00492000
v -0.04760400 0.00485600 -0.00517600
v -0.06636300 0.00944500 0.00204700
v -0.04759400 0.00529300 -0.00498400
v -0.03842200 -0.00445800 0.00538300
v -0.06603600 -0.00779200 -0.00097600
v -0.03820500 -0.00376500 0.00572400
v -0.03919900 -0.00465400 0.00528200
v -0.04729700 0.00583100 -0.00465400
v -0.03895600 -0.00413100 0.00554900
v -0.04695200 0.00626700 -0.00435900
v -0.06724500 0.00930200 0.00244200
v -0.03847900 -0.00307600 0.00601700
v -0.04787300 0.00605300 -0.00458400
v -0.03899400 -0.00358200 0.00580500
v -0.06705800 0.00951200 0.00180600
v -0.04825600 0.00546200 -0.00493000
v -0.06544900 -0.00769000 -0.00138500
v -0.04824200 0.00473900 -0.00525700
v -0.04884100 0.00450200 -0.00534600
v -0.03978600 -0.00390900 0.00568300
v -0.06794100 0.00922800 0.00269700
v -0.04987500 0.00459700 -0.00539400
v -0.06658600 -0.00782200 -0.00059700
v -0.04874600 0.00506700 -0.00514900
v -0.03462500 -0.00073600 0.00642500
v -0.03484500 -0.00147000 0.00636900
v -0.04888600 0.00545000 -0.00497400
v -0.04926400 0.00501900 -0.00520100
v -0.06843000 0.00924500 0.00271000
v -0.06668900 -0.00778900 -0.00103100
v -0.03526000 -0.00184000 0.00630100
v -0.04995900 0.00530100 -0.00509300
v -0.06843200 0.00939100 0.00238400
v -0.03536200 -0.00126000 0.00640000
v -0.06907100 0.00944500 0.00237400
v -0.03604800 -0.00193000 0.00629900
v -0.03679400 -0.00189100 0.00627100
v -0.03644200 -0.00129300 0.00637800
v -0.06788300 -0.00786300 -0.00084100
v -0.06777500 -0.00782100 -0.00113800
v -0.06711900 -0.00761500 -0.00156200
v -0.06791900 -0.00765600 -0.00169300
v -0.03521400 -0.00003300 0.00645100
v -0.03611900 -0.00030500 0.00643900
v -0.06789200 0.00944800 0.00202700
v -0.06849600 0.00966000 0.00152700
v -0.06765600 0.00960800 0.00159600
v -0.06644600 -0.00760000 -0.00173900
v -0.05048800 0.00380300 -0.00563100
v -0.03714800 -0.00075100 0.00638500
v -0.06707900 -0.00749200 -0.00214800
v -0.06610000 -0.00751000 -0.00229500
v -0.05039600 0.00433100 -0.00548100
v -0.05086400 0.00426100 -0.00548700
v -0.03680900 0.00012300 0.00640300
v -0.05125300 0.00363100 -0.00568400
v -0.06933300 0.00961700 0.00168300
v -0.06774400 -0.00751700 -0.00213500
v -0.03607100 0.00046200 0.00645700
v -0.05143200 0.00445800 -0.00545600
v -0.05047300 0.00497500 -0.00524000
v -0.03778400 -0.00244700 0.00617800
v -0.06915400 0.00971400 0.00101800
v -0.06951400 0.00972300 0.00114000
v -0.05099400 0.00489600 -0.00527300
v -0.03839100 -0.00255500 0.00617300
v -0.05184600 0.00519100 -0.00521500
v -0.07067100 0.00852500 0.00377900
v -0.03714200 -0.00239200 0.00619300
v -0.05239500 0.00418000 -0.00556200
v -0.06458100 -0.00743100 -0.00258400
v -0.06519900 -0.00748400 -0.00237000
v -0.05171000 0.00366600 -0.00566800
v -0.05240600 0.00335700 -0.00576700
v -0.03763100 -0.00171600 0.00627000
v -0.05278500 0.00362700 -0.00569800
v -0.05355900 0.00344100 -0.00578800
v -0.03833500 -0.00170900 0.00627000
v -0.07168400 0.00870300 0.00353100
v -0.03792500 -0.00100900 0.00637100
v -0.05334500 0.00394200 -0.00563600
v -0.03925100 -0.00287600 0.00607400
v -0.06431800 -0.00723000 -0.00324800
v -0.06369500 -0.00717500 -0.00332600
v -0.03978700 -0.00318600 0.00598300
v -0.03988400 -0.00246400 0.00615700
v -0.06499200 -0.00726300 -0.00320100
v -0.06566000 -0.00734800 -0.00312300
v -0.05082400 0.00545900 -0.00499600
v -0.07043300 0.00883900 0.00337700
v -0.07046300 0.00906400 0.00303500
v -0.07090800 0.00894800 0.00320800
v -0.06475800 -0.00698700 -0.00382600
v -0.03917200 -0.00211300 0.00623200
v -0.05141000 0.00545600 -0.00506100
v -0.05107700 0.00625900 -0.00457600
v -0.05229500 0.00581200 -0.00491300
v -0.04012100 -0.00179600 0.00621700
v -0.04041900 -0.00225600 0.00616500
v -0.03968200 -0.00152600 0.00629300
v -0.05163200 0.00613000 -0.00471800
v -0.05170000 0.00675300 -0.00423600
v -0.07180300 0.00919200 0.00295900
v -0.03791000 -0.00039000 0.00639300
v -0.07097800 0.00927700 0.00272200
v -0.05212800 0.00639900 -0.00454700
v -0.06639100 -0.00740700 -0.00291800
v -0.05268100 0.00607700 -0.00480400
v -0.03739300 0.00002600 0.00638900
v -0.07156400 0.00943000 0.00250300
v -0.03878500 -0.00106700 0.00638500
v -0.03853600 -0.00052900 0.00639700
v -0.07252500 0.00900600 0.00334100
v -0.05404200 0.00594600 -0.00487200
v -0.05366900 0.00554100 -0.00505800
v -0.05416300 0.00511700 -0.00526900
v -0.05335600 0.00607900 -0.00479500
v -0.05258600 0.00509000 -0.00527000
v -0.03803100 0.00010200 0.00638800
v -0.06696200 -0.00737100 -0.00299000
v -0.05342200 0.00520500 -0.00525900
v -0.05304000 0.00556300 -0.00506100
v -0.05298500 0.00474100 -0.00538900
v -0.05370200 0.00431800 -0.00557200
v -0.06617000 -0.00729300 -0.00327500
v -0.07325700 0.00885100 0.00354600
v -0.06517600 -0.00709900 -0.00359200
v -0.05298100 0.00640600 -0.00461000
v -0.06567800 -0.00714700 -0.00353800
v -0.06613500 -0.00709600 -0.00368700
v -0.06650100 -0.00720100 -0.00343100
v -0.06704700 -0.00724800 -0.00333600
v -0.04068600 -0.00112000 0.00630700
v -0.07249100 0.00928400 0.00287500
v -0.06673600 -0.00695500 -0.00387600
v -0.07200600 0.00947400 0.00244300
v -0.07286800 0.00950400 0.00245300
v -0.07306300 0.00934000 0.00279800
v -0.06755900 -0.00712800 -0.00363500
v -0.05369700 -0.00082500 -0.00626500
v -0.05979700 -0.00725300 -0.00288500
v -0.05420100 -0.00082500 -0.00627900
v -0.06967300 0.00941600 0.00236500
v -0.07030000 0.00936600 0.00237700
v -0.06046700 -0.00730000 -0.00293100
v -0.05999500 -0.00708500 -0.00326100
v -0.06091400 -0.00709700 -0.00341300
v -0.05514600 -0.00086700 -0.00632500
v -0.07011400 0.00951700 0.00199000
v -0.03210200 -0.00427100 0.00546000
v -0.07088600 0.00956100 0.00199200
v -0.05533900 -0.00136400 -0.00632900
v -0.03266900 -0.00387300 0.00567000
v -0.03286100 -0.00444500 0.00534900
v -0.07139500 0.00965300 0.00181400
v -0.03354300 -0.00474100 0.00519300
v -0.07094700 0.00970400 0.00150800
v -0.05471000 -0.00002300 -0.00628500
v -0.05998000 -0.00672600 -0.00380100
v -0.05517500 -0.00015600 -0.00626500
v -0.05506600 0.00045400 -0.00621800
v -0.07010500 0.00973500 0.00129000
v -0.03251700 -0.00321700 0.00597400
v -0.05603200 -0.00070400 -0.00629500
v -0.03323800 -0.00343800 0.00590000
v -0.05579500 0.00033400 -0.00623400
v -0.05541000 0.00122300 -0.00612800
v -0.03422700 -0.00507000 0.00499000
v -0.05662500 0.00022900 -0.00625300
v -0.06066400 -0.00656800 -0.00410200
v -0.06162100 -0.00691400 -0.00373900
v -0.07066900 0.00979700 0.00097100
v -0.07136200 0.00973700 0.00109600
v -0.05610300 0.00131400 -0.00615800
v -0.05725300 0.00092400 -0.00622100
v -0.06166500 -0.00716000 -0.00337600
v -0.06244000 -0.00711200 -0.00339400
v -0.07244400 0.00976300 0.00153600
v -0.03235200 -0.00279800 0.00611200
v -0.03309700 -0.00288900 0.00609000
v -0.05905200 -0.00285600 -0.00627800
v -0.03266500 -0.00236900 0.00623300
v -0.03316300 -0.00240900 0.00622200
v -0.05868500 -0.00244100 -0.00630100
v -0.05942300 -0.00245200 -0.00636800
v -0.05616600 -0.00164100 -0.00631400
v -0.05677000 -0.00209300 -0.00631000
v -0.03307400 -0.00166000 0.00637300
v -0.07182300 0.00976000 0.00098700
v -0.05674100 -0.00149600 -0.00631500
v -0.06095500 -0.00617400 -0.00454100
v -0.07146400 0.00980500 0.00042500
v -0.05725700 -0.00190000 -0.00632300
v -0.05784100 -0.00239600 -0.00628200
v -0.06228200 -0.00680600 -0.00380200
v -0.05802500 -0.00180100 -0.00633600
v -0.05755300 -0.00115300 -0.00632000
v -0.07253400 0.00984600 0.00072200
v -0.06274100 -0.00698000 -0.00362600
v -0.07225400 0.00985300 0.00019400
v -0.06343200 -0.00700700 -0.00359100
v -0.07405100 0.00920500 0.00289700
v -0.05714800 -0.00026300 -0.00626600
v -0.06182700 -0.00634900 -0.00441200
v -0.07351500 0.00949800 0.00241500
v -0.06258800 -0.00649900 -0.00415700
v -0.03384000 -0.00086200 0.00641500
v -0.07320400 0.00973100 0.00179500
v -0.03344200 -0.00031400 0.00646200
v -0.05878700 -0.00184500 -0.00633600
v -0.06259700 -0.00617700 -0.00452000
v -0.03348400 0.00012800 0.00647800
v -0.06303300 -0.00626500 -0.00444700
v -0.05827900 -0.00099300 -0.00634900
v -0.03409200 -0.00028800 0.00642300
v -0.07307400 0.00980500 0.00137600
v -0.05892600 -0.00102700 -0.00635700
v -0.06292100 -0.00589200 -0.00476800
v -0.05939500 -0.00149400 -0.00638100
v -0.03463500 0.00000900 0.00643200
v -0.07282000 0.00990400 -0.00001200
v -0.07337500 0.00984600 0.00055300
v -0.06012400 -0.00620700 -0.00445400
v -0.06511400 0.00952800 0.00152400
v -0.06584100 0.00956600 0.00149000
v -0.06543700 0.00961800 0.00111800
v -0.03367700 0.00083800 0.00644300
v -0.06625600 0.00963600 0.00090500
v -0.03422000 0.00024600 0.00640500
v -0.05780500 -0.00012900 -0.00628300
v -0.05966300 -0.00560700 -0.00495800
v -0.06661400 0.00957800 0.00150000
v -0.03450200 0.00075000 0.00641500
v -0.06700400 0.00966300 0.00116100
v -0.03513900 0.00052600 0.00646000
v -0.03431500 0.00150500 0.00635900
v -0.03507100 0.00124200 0.00638900
v -0.05732300 0.00174400 -0.00614800
v -0.05782900 0.00140200 -0.00619200
v -0.06033700 -0.00574700 -0.00491900
v -0.05839600 0.00047900 -0.00625200
v -0.06492500 0.00965300 0.00071000
v -0.06487400 0.00960300 0.00112200
v -0.06574100 0.00963000 0.00070100
v -0.06083700 -0.00568200 -0.00502000
v -0.06558200 0.00961200 0.00006000
v -0.05877400 -0.00008600 -0.00632900
v -0.06126400 -0.00574800 -0.00495700
v -0.06678600 0.00964700 0.00057500
v -0.05982700 -0.00056400 -0.00638600
v -0.06596000 0.00960900 -0.00001000
v -0.06661100 0.00960600 -0.00026600
v -0.05956300 0.00007800 -0.00635000
v -0.05905200 0.00061800 -0.00627000
v -0.05983700 -0.00509900 -0.00529400
v -0.06020000 -0.00015700 -0.00639700
v -0.05995200 0.00072200 -0.00629200
v -0.06771100 0.00976500 0.00063800
v -0.06755300 0.00971200 -0.00010300
v -0.06133200 -0.00548500 -0.00514800
v -0.06068600 -0.00514500 -0.00533000
v -0.05641200 0.00203900 -0.00608300
v -0.06808300 0.00969100 -0.00067400
v -0.06800400 0.00974400 0.00014000
v -0.04242900 -0.00444300 0.00541000
v -0.04337600 -0.00481300 0.00516800
v -0.04235400 -0.00523300 0.00488800
v -0.04033700 -0.00534800 0.00472800
v -0.04034000 -0.00595000 0.00413900
v -0.03993500 -0.00557600 0.00452500
v -0.04102600 -0.00589500 0.00421300
v -0.06186500 -0.00579400 -0.00486600
v -0.03870200 -0.00621200 0.00382000
v -0.05814200 0.00221600 -0.00612000
v -0.05888800 0.00140000 -0.00622500
v -0.05736400 0.00269300 -0.00597100
v -0.03928000 -0.00660900 0.00330800
v -0.03996600 -0.00638600 0.00359000
v -0.05791800 0.00283900 -0.00600200
v -0.03952900 -0.00599000 0.00408500
v -0.05922000 0.00200200 -0.00612500
v -0.06857200 0.00972900 0.00058000
v -0.05855900 0.00266600 -0.00604300
v -0.06918100 0.00972100 0.00028400
v -0.06200700 -0.00547200 -0.00509300
v -0.06252400 -0.00560000 -0.00501100
v -0.06004500 0.00171200 -0.00619800
v -0.06074500 0.00133700 -0.00624800
v -0.06866000 0.00971800 -0.00010900
v -0.05945100 0.00118100 -0.00622600
v -0.04092100 -0.00629500 0.00374800
v -0.04177600 -0.00630700 0.00375000
v -0.06290200 -0.00519700 -0.00537300
v -0.04183300 -0.00576300 0.00438400
v -0.06884300 0.00967600 -0.00077100
v -0.06493700 0.00962800 -0.00001400
v -0.04049200 -0.00664400 0.00324200
v -0.04206400 -0.00673900 0.00323300
v -0.04176000 -0.00691900 0.00290900
v -0.04135200 -0.00666800 0.00324500
v -0.06475100 0.00958900 -0.00072500
v -0.06521400 0.00966100 -0.00045600
v -0.06560500 0.00966500 -0.00049000
v -0.04108800 -0.00694600 0.00270600
v -0.06153500 -0.00510900 -0.00536500
v -0.06508300 0.00962200 -0.00084700
v -0.05985900 0.00239700 -0.00614000
v -0.06040600 0.00241400 -0.00613400
v -0.06079000 0.00205600 -0.00619300
v -0.06213200 -0.00506400 -0.00542400
v -0.06590500 0.00954100 -0.00110700
v -0.06609800 0.00958700 -0.00059500
v -0.06629200 0.00952000 -0.00122100
v -0.05764600 0.00327800 -0.00590600
v -0.06108300 -0.00468300 -0.00561100
v -0.05839800 0.00327100 -0.00596600
v -0.06177200 -0.00446600 -0.00571900
v -0.05906800 0.00288300 -0.00600700
v -0.05799600 0.00376600 -0.00583900
v -0.05875600 0.00372900 -0.00589600
v -0.05936300 0.00350800 -0.00591100
v -0.06668000 0.00959900 -0.00085700
v -0.03995900 -0.00492500 0.00507800
v -0.05834100 0.00429200 -0.00569900
v -0.06288500 -0.00462800 -0.00563800
v -0.05888000 0.00415900 -0.00577800
v -0.06332100 -0.00490100 -0.00553200
v -0.06489000 0.00959500 -0.00120800
v -0.06427500 0.00952200 -0.00125500
v -0.05913400 0.00483300 -0.00558400
v -0.05959500 0.00427100 -0.00576500
v -0.04071400 -0.00489200 0.00512100
v -0.04142700 -0.00528400 0.00482700
v -0.06536500 0.00957100 -0.00117000
v -0.06003300 0.00309600 -0.00600700
v -0.04007200 -0.00438200 0.00544400
v -0.06454100 0.00952200 -0.00151400
v -0.06418500 0.00950500 -0.00152700
v -0.04038500 -0.00379000 0.00573600
v -0.06493600 0.00950000 -0.00157000
v -0.06422800 -0.00701300 -0.00367100
v -0.04098700 -0.00425300 0.00551300
v -0.06108200 0.00248600 -0.00611700
v -0.06072800 0.00303700 -0.00603000
v -0.06556600 0.00942800 -0.00161200
v -0.04132700 -0.00486400 0.00514700
v -0.06601600 0.00945100 -0.00151000
v -0.06412300 -0.00672100 -0.00406400
v -0.06022400 0.00433900 -0.00576200
v -0.06099800 0.00372100 -0.00591000
v -0.06612900 0.00931800 -0.00202400
v -0.04275200 -0.00562600 0.00451500
v -0.04259700 -0.00606600 0.00406600
v -0.05311000 -0.00006500 -0.00622800
v -0.06716000 0.00964000 -0.00093700
v -0.05275800 0.00016900 -0.00618300
v -0.06485700 -0.00662900 -0.00424700
v -0.06508400 -0.00685900 -0.00396900
v -0.04164100 -0.00405400 0.00561200
v -0.06766700 0.00967200 -0.00138200
v -0.06325000 -0.00656800 -0.00413800
v -0.06366400 -0.00632900 -0.00445700
v -0.05336500 0.00058100 -0.00618500
v -0.06422600 -0.00642600 -0.00442400
v -0.05289200 0.00072400 -0.00613800
v -0.05410600 0.00001700 -0.00628200
v -0.04340400 -0.00538900 0.00474800
v -0.06367500 -0.00606200 -0.00468800
v -0.04408700 -0.00517300 0.00492600
v -0.06833900 0.00968500 -0.00142800
v -0.04401500 -0.00569900 0.00445000
v -0.04445700 -0.00547400 0.00468100
v -0.04461900 -0.00595100 0.00416200
v -0.04484100 -0.00521400 0.00492100
v -0.06656200 0.00949800 -0.00154100
v -0.06483200 -0.00637700 -0.00453900
v -0.05314500 0.00139300 -0.00603100
v -0.06527800 -0.00630300 -0.00465000
v -0.05380500 0.00104100 -0.00611900
v -0.04561800 -0.00538600 0.00482400
v -0.04508300 -0.00569100 0.00447300
v -0.06443100 -0.00587200 -0.00492600
v -0.05379900 0.00151500 -0.00607200
v -0.06676200 0.00932700 -0.00223000
v -0.06705600 0.00953400 -0.00159500
v -0.05433100 0.00079100 -0.00617900
v -0.06494900 -0.00600400 -0.00484600
v -0.05430200 0.00139900 -0.00608900
v -0.06760200 0.00941500 -0.00210700
v -0.06731800 0.00919800 -0.00259600
v -0.06767700 0.00919200 -0.00262500
v -0.05341900 0.00192300 -0.00600300
v -0.06559700 -0.00685600 -0.00391900
v -0.05413500 0.00198700 -0.00603400
v -0.05377100 0.00255800 -0.00597000
v -0.05485300 0.00123500 -0.00611000
v -0.04279900 -0.00652800 0.00352200
v -0.05464500 0.00178500 -0.00604500
v -0.04323600 -0.00612000 0.00402900
v -0.04342000 -0.00663900 0.00337900
v -0.06535900 -0.00666700 -0.00415700
v -0.06814700 0.00961300 -0.00169300
v -0.06806600 0.00945000 -0.00210400
v -0.06590400 -0.00653800 -0.00431400
v -0.04230100 -0.00690200 0.00296400
v -0.06632600 -0.00686800 -0.00401400
v -0.04208900 -0.00712300 0.00243400
v -0.06678700 -0.00671000 -0.00419600
v -0.04255200 -0.00706700 0.00264300
v -0.04265500 -0.00720500 0.00218200
v -0.04304700 -0.00713600 0.00241500
v -0.06630700 -0.00644500 -0.00453900
v -0.04348100 -0.00722500 0.00203600
v -0.05532400 0.00192200 -0.00603200
v -0.04273100 -0.00682000 0.00310000
v -0.04316200 -0.00690100 0.00294300
v -0.06569500 -0.00633500 -0.00460700
v -0.04374400 -0.00706600 0.00258200
v -0.04397800 -0.00686100 0.00304200
v -0.06571900 -0.00608200 -0.00484200
v -0.06961200 0.00974400 0.00057000
v -0.06599600 -0.00627200 -0.00467700
v -0.05331400 0.00298400 -0.00587900
v -0.07017000 0.00979700 0.00066000
v -0.04384000 -0.00641000 0.00368400
v -0.05396900 0.00303900 -0.00590500
v -0.04478700 -0.00681200 0.00315400
v -0.06520700 -0.00583100 -0.00503300
v -0.04443800 -0.00705700 0.00265300
v -0.05435000 0.00248500 -0.00596900
v -0.07022000 0.00980200 -0.00005200
v -0.06642100 -0.00606200 -0.00480400
v -0.07073900 0.00980000 0.00042500
v -0.05471500 0.00286200 -0.00596900
v -0.05516400 0.00314600 -0.00592200
v -0.05531600 0.00250200 -0.00600000
v -0.05407400 0.00375200 -0.00573400
v -0.04423800 -0.00721700 0.00212200
v -0.05432300 0.00429000 -0.00558300
v -0.05512100 0.00387000 -0.00573000
v -0.06337500 -0.00554000 -0.00513200
v -0.05456900 0.00337800 -0.00586600
v -0.06390400 -0.00576400 -0.00499800
v -0.07110400 0.00983800 -0.00003000
v -0.06919200 0.00968000 -0.00048200
v -0.06955800 0.00971700 -0.00009600
v -0.06360600 -0.00513400 -0.00535500
v -0.06402800 -0.00529700 -0.00531900
v -0.05587000 0.00236900 -0.00604300
v -0.06445700 -0.00545700 -0.00526100
v -0.06487400 -0.00568900 -0.00511300
v -0.06973000 0.00970100 -0.00047300
v -0.05563200 0.00281900 -0.00597200
v -0.05620000 0.00288000 -0.00595300
v -0.07060300 0.00977300 -0.00057600
v -0.05571400 0.00331500 -0.00587800
v -0.06946500 0.00971100 -0.00094300
v -0.07033400 0.00975800 -0.00097200
v -0.05669100 0.00312100 -0.00589700
v -0.05648800 0.00359700 -0.00581500
v -0.05469400 0.00510900 -0.00528800
v -0.05501100 0.00449800 -0.00551800
v -0.07163700 0.00980200 0.00002200
v -0.07102100 0.00978800 -0.00049000
v -0.05556900 0.00435400 -0.00558800
v -0.06766100 -0.00740700 -0.00290800
v -0.05476200 0.00554200 -0.00511900
v -0.04230700 -0.00315100 0.00597300
v -0.04125200 -0.00346600 0.00585600
v -0.04112300 -0.00275200 0.00608600
v -0.07175200 0.00970600 -0.00045300
v -0.07228300 0.00975800 -0.00058400
v -0.04213600 -0.00376300 0.00575100
v -0.05547900 0.00510700 -0.00536600
v -0.06856700 -0.00732400 -0.00308000
v -0.06811700 -0.00718400 -0.00357600
v -0.04293000 -0.00358700 0.00582200
v -0.05548800 0.00574800 -0.00509100
v -0.05594600 0.00545400 -0.00524000
v -0.04345700 -0.00419300 0.00551300
v -0.07061800 0.00972400 -0.00121400
v -0.05593900 0.00393100 -0.00572100
v -0.05645600 0.00405100 -0.00570200
v -0.06738400 -0.00676900 -0.00412200
v -0.06794300 -0.00693800 -0.00398900
v -0.07132900 0.00972300 -0.00111200
v -0.07111700 0.00962000 -0.00182700
v -0.05615400 0.00461800 -0.00554600
v -0.05721500 0.00385400 -0.00575600
v -0.04322900 -0.00268800 0.00610400
v -0.04200100 -0.00235800 0.00614300
v -0.05688000 0.00455400 -0.00553300
v -0.04279000 -0.00204400 0.00618800
v -0.04215500 -0.00141800 0.00630700
v -0.05668300 0.00539500 -0.00527100
v -0.07182800 0.00978300 -0.00117200
v -0.05759200 0.00442400 -0.00560600
v -0.07248900 0.00987000 -0.00127700
v -0.05729100 0.00499800 -0.00541100
v -0.05804800 0.00515500 -0.00538700
v -0.07212700 0.00984900 -0.00162100
v -0.04400100 -0.00269700 0.00610400
v -0.04403900 -0.00358500 0.00582700
v -0.04358400 -0.00238000 0.00619000
v -0.06876500 0.00968900 -0.00166000
v -0.06910000 0.00972500 -0.00139800
v -0.06929800 0.00967900 -0.00170100
v -0.06051000 -0.00452600 -0.00568600
v -0.04446100 -0.00232200 0.00619400
v -0.06877000 0.00931500 -0.00243400
v -0.06843700 0.00888800 -0.00312100
v -0.06028500 -0.00381200 -0.00598600
v -0.06847500 0.00951600 -0.00204800
v -0.04034900 -0.00298100 0.00604700
v -0.06099400 -0.00415600 -0.00586400
v -0.06916100 0.00953100 -0.00205100
v -0.05026400 0.00899500 0.00132000
v -0.04972700 0.00897300 0.00069000
v -0.06958800 0.00932500 -0.00250600
v -0.04124000 -0.00180700 0.00622200
v -0.05076000 0.00901200 0.00095800
v -0.06968900 0.00964400 -0.00189500
v -0.05139900 0.00905100 0.00122200
v -0.06937300 0.00895500 -0.00303900
v -0.05040100 0.00900400 0.00049000
v -0.05083700 0.00900900 0.00034800
v -0.04994100 0.00896900 -0.00013200
v -0.05079400 0.00901400 -0.00020100
v -0.07042400 0.00928200 -0.00263600
v -0.07053600 0.00948800 -0.00218200
v -0.07004100 0.00933500 -0.00254100
v -0.05224700 0.00903300 0.00097800
v -0.06982000 0.00906500 -0.00293900
v -0.05139400 0.00905300 0.00056800
v -0.05222900 0.00904400 0.00036300
v -0.06995700 0.00878900 -0.00336900
v -0.07023500 0.00895200 -0.00314500
v -0.07067600 0.00906700 -0.00309500
v -0.05165400 0.00904200 -0.00006300
v -0.06232000 -0.00396100 -0.00593400
v -0.06236500 -0.00438700 -0.00577200
v -0.06327900 -0.00410900 -0.00588200
v -0.05132800 0.00901800 -0.00059400
v -0.07110100 0.00936600 -0.00266900
v -0.07124800 0.00913800 -0.00312700
v -0.05218600 0.00909700 -0.00037200
v -0.05278100 0.00913000 -0.00021900
v -0.05291300 0.00907100 0.00070600
v -0.05191600 0.00909000 -0.00063800
v -0.07135400 0.00884800 -0.00351600
v -0.05242000 0.00908500 -0.00079100
v -0.04451600 -0.00445200 0.00539400
v -0.06697800 -0.00620500 -0.00461900
v -0.04908800 0.00880800 -0.00118300
v -0.04863600 0.00853200 -0.00187500
v -0.04529800 -0.00465700 0.00531900
v -0.06976300 0.00972300 -0.00144800
v -0.06557700 -0.00573000 -0.00509400
v -0.05010100 0.00867600 -0.00172200
v -0.04944100 0.00857400 -0.00169500
v -0.04974800 0.00821600 -0.00245300
v -0.06605900 -0.00582200 -0.00500400
v -0.06599800 -0.00558900 -0.00513900
v -0.07034500 0.00961500 -0.00186200
v -0.04935700 0.00896800 -0.00057000
v -0.04522100 -0.00384500 0.00571800
v -0.04476100 -0.00338000 0.00591700
v -0.06683000 -0.00561900 -0.00515300
v -0.06646100 -0.00574100 -0.00507900
v -0.05053200 0.00898200 -0.00078600
v -0.04991500 0.00892200 -0.00086800
v -0.06644300 -0.00529900 -0.00537000
v -0.04611900 -0.00503900 0.00507900
v -0.04638700 -0.00426200 0.00551600
v -0.04593600 -0.00379600 0.00573600
v -0.04969700 0.00878100 -0.00128600
v -0.06486300 -0.00537900 -0.00529900
v -0.05029800 0.00888900 -0.00125200
v -0.06451100 -0.00501400 -0.00549500
v -0.07155000 0.00975700 -0.00164000
v -0.06499600 -0.00505900 -0.00547600
v -0.07189600 0.00960300 -0.00218000
v -0.05117800 0.00895700 -0.00119000
v -0.06378600 -0.00485200 -0.00555600
v -0.07192800 0.00978900 -0.00182100
v -0.06375000 -0.00445900 -0.00577200
v -0.06412400 -0.00463200 -0.00570400
v -0.04542000 -0.00323700 0.00595300
v -0.05168000 0.00904700 -0.00083400
v -0.05196400 0.00903800 -0.00094000
v -0.04521400 -0.00263700 0.00609700
v -0.04605400 -0.00312800 0.00596600
v -0.05163300 0.00894600 -0.00122500
v -0.05224800 0.00886800 -0.00142300
v -0.06384900 -0.00392000 -0.00600700
v -0.05053200 0.00875100 -0.00169400
v -0.06456500 -0.00447000 -0.00577100
v -0.05091200 0.00862800 -0.00197100
v -0.07187900 0.00931600 -0.00287700
v -0.05040500 0.00848000 -0.00226000
v -0.05078000 0.00840900 -0.00243900
v -0.05159500 0.00876500 -0.00170900
v -0.05144400 0.00855700 -0.00217700
v -0.05207300 0.00850700 -0.00228500
v -0.05117400 0.00810800 -0.00287800
v -0.05176800 0.00813000 -0.00290600
v -0.06507800 -0.00406400 -0.00595100
v -0.06527600 -0.00461500 -0.00567800
v -0.04677900 -0.00362600 0.00582500
v -0.06445200 -0.00383700 -0.00607800
v -0.05319000 0.00905500 -0.00096500
v -0.06490400 -0.00309000 -0.00631800
v -0.06522600 -0.00555500 -0.00518800
v -0.06565600 -0.00547000 -0.00523300
v -0.06522000 -0.00513500 -0.00541500
v -0.06570400 -0.00517700 -0.00544100
v -0.05284600 0.00897700 -0.00124600
v -0.06601400 -0.00511100 -0.00546000
v -0.05340700 0.00897200 -0.00144300
v -0.05262100 0.00876100 -0.00182600
v -0.07474500 0.00942700 0.00251400
v -0.06566400 -0.00485700 -0.00558300
v -0.05390900 0.00901600 -0.00131200
v -0.05397800 0.00877500 -0.00195200
v -0.05350900 0.00862400 -0.00228100
v -0.07532200 0.00926600 0.00292800
v -0.05444700 0.00885800 -0.00166400
v -0.06623600 -0.00506900 -0.00553800
v -0.06699000 -0.00508000 -0.00552400
v -0.07574700 0.00967200 0.00216400
v -0.06576800 -0.00436600 -0.00584400
v -0.05267900 0.00835300 -0.00261400
v -0.05227300 0.00798800 -0.00310600
v -0.07410500 0.00954300 0.00223000
v -0.06663900 -0.00483900 -0.00565100
v -0.05322200 0.00816100 -0.00300500
v -0.06733600 -0.00471900 -0.00573000
v -0.05382300 0.00824700 -0.00290200
v -0.06625700 -0.00479600 -0.00564400
v -0.07378800 0.00973100 0.00170400
v -0.06624200 -0.00436700 -0.00586600
v -0.04201600 -0.00721100 0.00188200
v -0.06688100 -0.00438500 -0.00585500
v -0.05396500 0.00862300 -0.00228500
v -0.04305300 -0.00726200 0.00161600
v -0.07499300 0.00968700 0.00186200
v -0.07423800 0.00974000 0.00164700
v -0.05445900 0.00871000 -0.00214400
v -0.05498000 0.00861400 -0.00239700
v -0.05518000 0.00882800 -0.00186300
v -0.05405800 0.00771400 -0.00349200
v -0.05434900 0.00817800 -0.00308300
v -0.05370900 0.00804000 -0.00317500
v -0.07586300 0.00926200 0.00304400
v -0.04362100 -0.00732600 0.00106900
v -0.07646500 0.00930200 0.00298200
v -0.05490300 0.00790400 -0.00334900
v -0.05489100 0.00811500 -0.00315700
v -0.05455500 0.00799300 -0.00328700
v -0.04428800 -0.00732100 0.00137800
v -0.06615100 -0.00396300 -0.00602500
v -0.06570600 -0.00342600 -0.00619000
v -0.07631900 0.00948500 0.00265400
v -0.05528700 0.00807500 -0.00329400
v -0.05483400 0.00749900 -0.00383500
v -0.05519600 0.00770600 -0.00365100
v -0.05444700 0.00846300 -0.00253300
v -0.06659600 -0.00400600 -0.00606100
v -0.07682200 0.00946600 0.00273300
v -0.04422700 -0.00739300 0.00059500
v -0.05497800 0.00833400 -0.00285700
v -0.05563600 0.00849300 -0.00277000
v -0.05560200 0.00878500 -0.00217700
v -0.05558400 0.00822600 -0.00320200
v -0.07719400 0.00959600 0.00245800
v -0.07686200 0.00967000 0.00228300
v -0.07648600 0.00978000 0.00187400
v -0.06628900 -0.00349100 -0.00626400
v -0.07752200 0.00971800 0.00207300
v -0.06612300 -0.00322300 -0.00632400
v -0.06727400 -0.00378300 -0.00620000
v -0.07590700 0.00982000 0.00166500
v -0.06682100 -0.00307500 -0.00641600
v -0.07714500 0.00985700 0.00164800
v -0.02993400 -0.00714900 0.00090800
v -0.05354700 0.00916200 -0.00005800
v -0.07669200 0.00987200 0.00139900
v -0.02932600 -0.00714500 0.00061300
v -0.07711900 0.00992900 0.00119700
v -0.07751000 0.00995500 0.00142100
v -0.02983600 -0.00721000 0.00002400
v -0.05463600 0.00914700 0.00020200
v -0.06850800 -0.00778800 -0.00105500
v -0.03077600 -0.00716600 0.00078800
v -0.03041000 -0.00725600 0.00006400
v -0.03099700 -0.00725500 0.00027500
v -0.05415100 0.00910900 -0.00009800
v -0.06884600 -0.00766500 -0.00151300
v -0.05483100 0.00913100 -0.00023600
v -0.07371200 0.00978500 0.00110000
v -0.06936100 -0.00769700 -0.00152200
v -0.05381700 0.00909100 -0.00050900
v -0.07002100 -0.00783600 -0.00150500
v -0.03085800 -0.00730100 -0.00005600
v -0.07494000 0.00978300 0.00142500
v -0.03066400 -0.00726200 -0.00035300
v -0.05432400 0.00905700 -0.00042100
v -0.03018800 -0.00708400 -0.00092000
v -0.06934200 -0.00757100 -0.00192500
v -0.05484800 0.00909800 -0.00089200
v -0.07440500 0.00979000 0.00100700
v -0.05424500 0.00906700 -0.00091500
v -0.03141200 -0.00725500 0.00004600
v -0.03092800 -0.00726000 -0.00029100
v -0.06857800 -0.00747800 -0.00232600
v -0.05450100 0.00905200 -0.00115400
v -0.07510900 0.00991800 0.00043400
v -0.03073100 -0.00712400 -0.00082400
v -0.03127600 -0.00713400 -0.00054000
v -0.02945900 -0.00705900 -0.00064300
v -0.02900000 -0.00702300 -0.00090700
v -0.02950600 -0.00700100 -0.00127000
v -0.06935400 -0.00737700 -0.00271700
v -0.05603800 0.00926300 -0.00053200
v -0.07354100 0.00993000 0.00000800
v -0.07386600 0.00987200 0.00041800
v -0.03077100 -0.00700500 -0.00136200
v -0.07058500 -0.00790200 -0.00135500
v -0.05663200 0.00927000 -0.00052100
v -0.02994800 -0.00692300 -0.00164900
v -0.07002600 -0.00758900 -0.00210700
v -0.02871300 -0.00682900 -0.00169500
v -0.07051600 -0.00762200 -0.00214100
v -0.02901100 -0.00691300 -0.00146500
v -0.07448100 0.00988800 0.00019600
v -0.05543300 0.00915200 -0.00100600
v -0.02935900 -0.00672200 -0.00201400
v -0.07099400 -0.00760100 -0.00205300
v -0.07174900 -0.00753100 -0.00197300
v -0.07148400 -0.00747900 -0.00229600
v -0.05502600 0.00901100 -0.00128700
v -0.06977300 -0.00744700 -0.00244700
v -0.07022900 -0.00748600 -0.00247500
v -0.07077700 -0.00750500 -0.00258800
v -0.02998800 -0.00677300 -0.00205500
v -0.05587000 0.00915100 -0.00119300
v -0.05556300 0.00899200 -0.00159600
v -0.02964300 -0.00656700 -0.00249100
v -0.02964300 -0.00656700 -0.00249100
v -0.03044100 -0.00679800 -0.00201500
v -0.05615800 0.00898700 -0.00163500
v -0.05638700 0.00915200 -0.00116700
v -0.06984100 -0.00731000 -0.00304900
v -0.03124500 -0.00707100 -0.00093600
v -0.07584000 0.00991200 0.00102500
v -0.03128700 -0.00695000 -0.00155700
v -0.03167900 -0.00701000 -0.00142000
v -0.07049900 -0.00730800 -0.00319700
v -0.07162200 -0.00730100 -0.00310700
v -0.03092000 -0.00679700 -0.00206500
v -0.03030000 -0.00660100 -0.00261600
v -0.03030000 -0.00660100 -0.00261600
v -0.03067500 -0.00669600 -0.00232600
v -0.03067500 -0.00669600 -0.00232600
v -0.07649400 0.00989800 0.00082000
v -0.03119700 -0.00667700 -0.00235400
v -0.03119700 -0.00667700 -0.00235400
v -0.03155700 -0.00679500 -0.00207400
v -0.07572700 0.00999100 0.00015800
v -0.07691900 0.00997500 0.00044100
v -0.06858400 -0.00718700 -0.00356700
v -0.06884500 -0.00719200 -0.00347100
v -0.06944500 -0.00724900 -0.00330000
v -0.07520700 0.00993700 -0.00005100
v -0.04831300 0.00798100 -0.00284600
v -0.04842100 0.00821500 -0.00241900
v -0.04888700 0.00795800 -0.00288000
v -0.06850500 -0.00692200 -0.00396900
v -0.06898600 -0.00692500 -0.00393000
v -0.03186800 -0.00723400 0.00019900
v -0.04940800 0.00747100 -0.00336900
v -0.04966300 0.00779000 -0.00303300
v -0.04911300 0.00780100 -0.00304800
v -0.04943100 0.00792100 -0.00288000
v -0.04919800 0.00822500 -0.00230800
v -0.06854800 -0.00668100 -0.00425000
v -0.03232100 -0.00723000 -0.00012100
v -0.07656600 0.00996900 0.00016000
v -0.03283600 -0.00725500 -0.00026900
v -0.06911100 -0.00665800 -0.00431200
v -0.03191500 -0.00719200 -0.00016700
v -0.07612400 0.00996100 -0.00062500
v -0.03171100 -0.00710100 -0.00065000
v -0.06977000 -0.00718300 -0.00342800
v -0.03255200 -0.00718900 -0.00064700
v -0.06950600 -0.00705200 -0.00372400
v -0.07806200 0.00984700 0.00191200
v -0.07113200 -0.00710500 -0.00358400
v -0.03257200 -0.00704600 -0.00144600
v -0.07056500 -0.00692300 -0.00397500
v -0.07765600 0.00991600 0.00164400
v -0.03223900 -0.00692700 -0.00188200
v -0.03180000 -0.00669200 -0.00241400
v -0.03180000 -0.00669200 -0.00241400
v -0.05000200 0.00806100 -0.00274900
v -0.03148500 -0.00645500 -0.00274300
v -0.04993800 0.00749900 -0.00340000
v -0.03195000 -0.00631600 -0.00295300
v -0.03228100 -0.00654700 -0.00270800
v -0.05042200 0.00740000 -0.00354300
v -0.05023200 0.00766400 -0.00319300
v -0.03332600 -0.00722700 -0.00012300
v -0.05106200 0.00780100 -0.00321700
v -0.05098200 0.00740300 -0.00364400
v -0.06992200 -0.00694900 -0.00390300
v -0.07865700 0.00982500 0.00203800
v -0.05062300 0.00823600 -0.00269500
v -0.06958900 -0.00679200 -0.00415200
v -0.07008600 -0.00669200 -0.00426900
v -0.06969000 -0.00650500 -0.00444000
v -0.07890900 0.00996700 0.00163200
v -0.03471600 -0.00723000 -0.00048200
v -0.07957600 0.01000700 0.00174100
v -0.03298700 -0.00715800 -0.00096400
v -0.05155300 0.00749200 -0.00360900
v -0.07790800 0.00996000 0.00146300
v -0.07832900 0.00999000 0.00136900
v -0.03407800 -0.00707200 -0.00101800
v -0.03363800 -0.00700000 -0.00157700
v -0.07800000 0.01000400 0.00107900
v -0.03408900 -0.00696900 -0.00161700
v -0.07060700 -0.00648600 -0.00455600
v -0.07091200 -0.00668800 -0.00434800
v -0.07888300 0.01004400 0.00120800
v -0.07853100 0.01005200 0.00089800
v -0.07110800 -0.00643700 -0.00456800
v -0.07090000 -0.00604200 -0.00483600
v -0.07913100 0.01006200 0.00080500
v -0.03580800 -0.00731000 -0.00023100
v -0.03533500 -0.00725000 -0.00062800
v -0.07222100 -0.00744300 -0.00213200
v -0.03622000 -0.00727600 -0.00036700
v -0.03585000 -0.00721900 -0.00088400
v -0.07198800 -0.00739100 -0.00238700
v -0.03639400 -0.00718000 -0.00082600
v -0.08043900 0.01009600 0.00145800
v -0.08083300 0.01003300 0.00183200
v -0.05141600 0.00716500 -0.00392600
v -0.07240600 -0.00734500 -0.00252400
v -0.05189400 0.00707200 -0.00399200
v -0.07291700 -0.00750500 -0.00219700
v -0.03476800 -0.00708100 -0.00114300
v -0.05271200 0.00652000 -0.00449700
v -0.05272000 0.00690900 -0.00421400
v -0.05215500 0.00690800 -0.00417100
v -0.07294100 -0.00736300 -0.00277200
v -0.03564400 -0.00710800 -0.00146300
v -0.03564400 -0.00710800 -0.00146300
v -0.05282300 0.00720900 -0.00394900
v -0.05168100 0.00792500 -0.00319400
v -0.03520400 -0.00700200 -0.00178500
v -0.03520400 -0.00700200 -0.00178500
v -0.07335800 -0.00737600 -0.00285600
v -0.03470800 -0.00690600 -0.00197400
v -0.03470800 -0.00690600 -0.00197400
v -0.05212100 0.00778000 -0.00337800
v -0.03608800 -0.00712300 -0.00144000
v -0.03608800 -0.00712300 -0.00144000
v -0.05219000 0.00734200 -0.00375500
v -0.08156300 0.01015000 0.00168000
v -0.03564000 -0.00703100 -0.00183900
v -0.07217700 -0.00726200 -0.00299000
v -0.03633100 -0.00698800 -0.00193300
v -0.05253400 0.00770300 -0.00345300
v -0.05289500 0.00795700 -0.00321700
v -0.08123500 0.01015400 0.00149700
v -0.05306200 0.00763400 -0.00350700
v -0.03279100 -0.00701800 -0.00161700
v -0.07204700 -0.00720400 -0.00338000
v -0.07953100 0.01005700 0.00138800
v -0.08015000 0.01008100 0.00044900
v -0.07323400 -0.00727800 -0.00329400
v -0.03397400 -0.00682500 -0.00221400
v -0.03397400 -0.00682500 -0.00221400
v -0.07267700 -0.00722800 -0.00335100
v -0.03250800 -0.00678500 -0.00230100
v -0.03250800 -0.00678500 -0.00230100
v -0.07317300 -0.00712900 -0.00368600
v -0.05291500 0.00664900 -0.00438800
v -0.03312200 -0.00680400 -0.00222600
v -0.03312200 -0.00680400 -0.00222600
v -0.03313100 -0.00664100 -0.00273200
v -0.03340300 -0.00670200 -0.00260400
v -0.05331700 0.00664200 -0.00442000
v -0.08106000 0.01018600 0.00092000
v -0.05380100 0.00642700 -0.00458000
v -0.05321700 0.00694100 -0.00420200
v -0.05369600 0.00700900 -0.00420100
v -0.07392500 -0.00743700 -0.00249500
v -0.08098900 0.01018800 0.00021300
v -0.03270200 -0.00625300 -0.00317400
v -0.05424900 0.00660300 -0.00451900
v -0.05465500 0.00634300 -0.00471400
v -0.07388600 -0.00729700 -0.00333600
v -0.03379600 -0.00662200 -0.00277700
v -0.03431700 -0.00663500 -0.00263200
v -0.03328200 -0.00631300 -0.00316000
v -0.07373900 -0.00722800 -0.00354500
v -0.03369900 -0.00642600 -0.00306800
v -0.07358800 -0.00699800 -0.00392700
v -0.05341100 0.00732600 -0.00382900
v -0.05427500 0.00741300 -0.00388200
v -0.05348200 0.00773900 -0.00340600
v -0.07747900 0.00996500 0.00055500
v -0.07807800 0.01001000 0.00031600
v -0.05432000 0.00702000 -0.00422300
v -0.05489400 0.00715500 -0.00416100
v -0.05463700 0.00681100 -0.00437100
v -0.03494200 -0.00662800 -0.00278400
v -0.03518800 -0.00688800 -0.00215100
v -0.03537000 -0.00669200 -0.00273900
v -0.03581700 -0.00687900 -0.00237100
v -0.03600000 -0.00646400 -0.00305800
v -0.07551300 -0.00742400 -0.00277800
v -0.07786400 0.01001100 -0.00004100
v -0.03410800 -0.00637600 -0.00312200
v -0.07444700 -0.00733700 -0.00317300
v -0.07487400 -0.00738400 -0.00306600
v -0.07723100 0.01000200 -0.00012000
v -0.03459000 -0.00639800 -0.00308000
v -0.07682300 0.00997400 -0.00048100
v -0.07777600 0.01003400 -0.00047600
v -0.07395100 -0.00717900 -0.00367700
v -0.03534800 -0.00649600 -0.00306500
v -0.07736400 0.01001700 -0.00087700
v -0.07429900 -0.00726600 -0.00343500
v -0.07465600 -0.00723400 -0.00346800
v -0.07525700 -0.00722400 -0.00338300
v -0.03522400 -0.00610100 -0.00353300
v -0.05539400 0.00740500 -0.00397900
v -0.03555500 -0.00620500 -0.00342400
v -0.03599900 -0.00588100 -0.00368800
v -0.07449200 -0.00700900 -0.00388100
v -0.07525200 -0.00699900 -0.00377900
v -0.07847300 0.01010300 -0.00004900
v -0.07823400 0.01008700 -0.00055800
v -0.07519500 -0.00675900 -0.00412100
v -0.02886300 -0.00654800 -0.00252700
v -0.02886300 -0.00654800 -0.00252700
v -0.02879200 -0.00640400 -0.00277300
v -0.07166600 -0.00706300 -0.00371200
v -0.07781800 0.01002900 -0.00090000
v -0.07832900 0.01003100 -0.00113500
v -0.07222300 -0.00707300 -0.00372900
v -0.05722400 0.00622700 -0.00490300
v -0.05798400 0.00616400 -0.00493800
v -0.05775900 0.00672400 -0.00459700
v -0.02931100 -0.00624200 -0.00304100
v -0.05613200 0.00859400 -0.00260100
v -0.07144600 -0.00678300 -0.00415300
v -0.07892600 0.01008200 -0.00059000
v -0.07194800 -0.00682900 -0.00409900
v -0.02979500 -0.00638500 -0.00288700
v -0.03020300 -0.00639200 -0.00298300
v -0.07875500 0.01004900 -0.00121400
v -0.05675200 0.00839900 -0.00284500
v -0.05692100 0.00804900 -0.00330100
v -0.05756200 0.00809000 -0.00326200
v -0.07936500 0.01006700 -0.00118100
v -0.02833800 -0.00632300 -0.00288000
v -0.05565400 0.00782700 -0.00363500
v -0.02868300 -0.00606500 -0.00314600
v -0.05625300 0.00767400 -0.00379100
v -0.05598700 0.00738100 -0.00401400
v -0.07284600 -0.00691400 -0.00402400
v -0.02918100 -0.00585300 -0.00345500
v -0.05638000 0.00731000 -0.00407600
v -0.05653100 0.00698400 -0.00437800
v -0.05727300 0.00741100 -0.00401500
v -0.02868300 -0.00569800 -0.00359100
v -0.07855500 0.01003300 0.00037100
v -0.05687000 0.00775200 -0.00368100
v -0.07243800 -0.00654600 -0.00438800
v -0.05604100 0.00805300 -0.00344900
v -0.05612200 0.00837100 -0.00299300
v -0.05647900 0.00801200 -0.00346700
v -0.02987500 -0.00607600 -0.00333400
v -0.02961800 -0.00569500 -0.00368500
v -0.07897700 0.01006400 0.00005200
v -0.07134200 -0.00659700 -0.00440100
v -0.05719600 0.00782400 -0.00355500
v -0.03098500 -0.00650100 -0.00268500
v -0.03065500 -0.00636800 -0.00299000
v -0.07192600 -0.00634300 -0.00456100
v -0.03096300 -0.00630600 -0.00308700
v -0.03058500 -0.00611100 -0.00338100
v -0.07143700 -0.00616200 -0.00474600
v -0.07960700 0.01009100 -0.00002200
v -0.07180000 -0.00601500 -0.00488500
v -0.03011100 -0.00565200 -0.00379900
v -0.05711200 0.00676600 -0.00455000
v -0.05820000 0.00715000 -0.00426100
v -0.08040700 0.01013400 -0.00022900
v -0.05845100 0.00678200 -0.00454800
v -0.05882900 0.00614200 -0.00499000
v -0.02877800 -0.00524400 -0.00400300
v -0.02915600 -0.00546900 -0.00379900
v -0.02815800 -0.00493700 -0.00422700
v -0.05885900 0.00722000 -0.00421800
v -0.05790300 0.00776100 -0.00370600
v -0.05830100 0.00804400 -0.00342700
v -0.05864400 0.00760100 -0.00385300
v -0.07306900 -0.00646000 -0.00451900
v -0.05867500 0.00498100 -0.00552900
v -0.05887600 0.00560000 -0.00522400
v -0.07975900 0.01011000 -0.00080800
v -0.07261600 -0.00621400 -0.00476900
v -0.03097700 -0.00607300 -0.00341400
v -0.07235300 -0.00594000 -0.00503400
v -0.08047600 0.01015300 -0.00084000
v -0.03173300 -0.00613600 -0.00325000
v -0.07304900 -0.00584300 -0.00518800
v -0.03214000 -0.00600800 -0.00340000
v -0.08024200 0.01010800 -0.00121200
v -0.07367400 -0.00666900 -0.00437600
v -0.05966700 0.00532300 -0.00542800
v -0.03096200 -0.00562700 -0.00387100
v -0.05968200 0.00479100 -0.00561500
v -0.05949400 0.00603000 -0.00509400
v -0.06011200 0.00566600 -0.00531500
v -0.06001300 0.00609100 -0.00509700
v -0.07407300 -0.00676900 -0.00426200
v -0.07291400 0.00986900 -0.00054300
v -0.03180600 -0.00555200 -0.00383800
v -0.07337700 0.00989500 -0.00052400
v -0.07322900 0.00989800 -0.00096300
v -0.07438100 -0.00656800 -0.00450300
v -0.07376500 0.00986400 -0.00095200
v -0.07383800 0.00984600 -0.00061700
v -0.06027800 0.00499700 -0.00557200
v -0.06135200 0.00459100 -0.00571400
v -0.03135900 -0.00520300 -0.00414200
v -0.07398000 -0.00649700 -0.00460100
v -0.03174700 -0.00500800 -0.00425400
v -0.06080700 0.00535800 -0.00545800
v -0.02921800 -0.00506400 -0.00420100
v -0.02988900 -0.00521300 -0.00410800
v -0.07367000 -0.00627400 -0.00480100
v -0.06062000 0.00613200 -0.00509100
v -0.07293100 0.00976600 -0.00161600
v -0.06178300 0.00534800 -0.00545300
v -0.07325800 -0.00609800 -0.00497100
v -0.03003200 -0.00460200 -0.00457800
v -0.02870000 -0.00470200 -0.00445100
v -0.07357300 -0.00587500 -0.00520000
v -0.07414500 0.00978500 -0.00162500
v -0.07438400 0.00987600 -0.00098300
v -0.02866100 -0.00424800 -0.00475800
v -0.02925700 -0.00448200 -0.00462500
v -0.07353700 0.00975200 -0.00184100
v -0.05938600 0.00683400 -0.00459100
v -0.07403900 -0.00607000 -0.00497100
v -0.07452300 -0.00601300 -0.00495500
v -0.07412000 0.00971300 -0.00198900
v -0.07425700 -0.00558800 -0.00536100
v -0.05979300 0.00652700 -0.00478300
v -0.05990600 0.00686600 -0.00458100
v -0.06026200 0.00670200 -0.00469100
v -0.07477200 0.00986500 -0.00192100
v -0.07462700 0.00984300 -0.00141400
v -0.07443200 0.00976300 -0.00209500
v -0.02942200 -0.00389300 -0.00493800
v -0.05932000 0.00765300 -0.00388000
v -0.02900200 -0.00371500 -0.00501500
v -0.05955100 0.00714200 -0.00434000
v -0.03005400 -0.00420200 -0.00482900
v -0.05987800 0.00751100 -0.00407600
v -0.02987100 -0.00351900 -0.00511700
v -0.07470400 -0.00543300 -0.00551500
v -0.03075700 -0.00527100 -0.00413500
v -0.06049000 0.00715100 -0.00435000
v -0.06804900 -0.00654600 -0.00434700
v -0.07159300 0.00834100 -0.00404500
v -0.07229500 0.00828700 -0.00414000
v -0.07189000 0.00887900 -0.00348300
v -0.03056900 -0.00487800 -0.00443700
v -0.06766500 -0.00622700 -0.00466200
v -0.07261700 0.00915300 -0.00302400
v -0.03094800 -0.00497500 -0.00435600
v -0.06126900 0.00677700 -0.00466400
v -0.06092000 0.00741000 -0.00421300
v -0.06046100 0.00763200 -0.00400400
v -0.06150400 0.00746100 -0.00418200
v -0.06185100 0.00701900 -0.00454400
v -0.03071600 -0.00451900 -0.00464400
v -0.06812700 -0.00612900 -0.00482600
v -0.06884000 -0.00631100 -0.00463300
v -0.06185100 0.00637600 -0.00498400
v -0.03138800 -0.00459800 -0.00458200
v -0.06235700 0.00699400 -0.00462900
v -0.06247800 0.00633400 -0.00503400
v -0.07283400 0.00875100 -0.00361600
v -0.03197100 -0.00456200 -0.00459300
v -0.06123200 0.00597500 -0.00516800
v -0.03179900 -0.00408200 -0.00496000
v -0.06201100 0.00599200 -0.00519200
v -0.03072200 -0.00406600 -0.00495000
v -0.07333900 0.00818100 -0.00425700
v -0.07369600 0.00838900 -0.00414900
v -0.07323100 0.00841200 -0.00404700
v -0.07385800 0.00812300 -0.00446100
v -0.06855000 -0.00579500 -0.00518100
v -0.07354200 0.00885000 -0.00359000
v -0.03033400 -0.00354500 -0.00518300
v -0.03080900 -0.00345000 -0.00525200
v -0.06755700 -0.00592800 -0.00490500
v -0.06733500 -0.00557100 -0.00525700
v -0.03129500 -0.00395300 -0.00501800
v -0.06802900 -0.00581800 -0.00508500
v -0.06777800 -0.00551100 -0.00529400
v -0.05721400 0.00930600 -0.00056800
v -0.07410300 0.00849200 -0.00412400
v -0.07441200 0.00824800 -0.00434800
v -0.07474700 0.00843300 -0.00422400
v -0.07476100 0.00801000 -0.00459600
v -0.05801400 0.00927500 -0.00058400
v -0.05758400 0.00924200 -0.00115100
v -0.03183100 -0.00375300 -0.00512600
v -0.07234300 0.00976900 -0.00179200
v -0.05800600 0.00926700 -0.00110600
v -0.07233200 0.00949100 -0.00249200
v -0.07268600 0.00966000 -0.00200200
v -0.03132400 -0.00325600 -0.00531400
v -0.05858900 0.00928700 -0.00100000
v -0.07295800 0.00951000 -0.00244000
v -0.06752100 -0.00522300 -0.00548300
v -0.07312400 0.00965700 -0.00210000
v -0.03191900 -0.00322100 -0.00530000
v -0.06799300 -0.00527200 -0.00545700
v -0.05701000 0.00916000 -0.00129500
v -0.06833200 -0.00547200 -0.00538100
v -0.07341000 0.00907100 -0.00315300
v -0.05688700 0.00899200 -0.00169300
v -0.07362000 0.00943500 -0.00260800
v -0.06883800 -0.00540300 -0.00539700
v -0.06914100 -0.00570700 -0.00518400
v -0.05725300 0.00896900 -0.00187600
v -0.06915500 -0.00529600 -0.00545800
v -0.03287200 -0.00584200 -0.00371600
v -0.05792600 0.00907700 -0.00164300
v -0.06789400 -0.00481200 -0.00567700
v -0.06862700 -0.00504900 -0.00557000
v -0.05779500 0.00892500 -0.00213600
v -0.03372900 -0.00613100 -0.00338500
v -0.03334300 -0.00593000 -0.00359100
v -0.06955400 -0.00592800 -0.00495900
v -0.05859600 0.00915000 -0.00164100
v -0.03371500 -0.00559500 -0.00397600
v -0.03426400 -0.00603400 -0.00348700
v -0.05889900 0.00922300 -0.00126600
v -0.05896300 0.00903000 -0.00191600
v -0.05848200 0.00899700 -0.00205200
v -0.07021000 -0.00597700 -0.00491200
v -0.05918200 0.00888200 -0.00222200
v -0.05940000 0.00907100 -0.00186300
v -0.03251400 -0.00550900 -0.00391000
v -0.03283500 -0.00529900 -0.00412300
v -0.03234900 -0.00505800 -0.00425000
v -0.05979600 0.00891100 -0.00224100
v -0.05994500 0.00912100 -0.00183500
v -0.05929100 0.00866300 -0.00256800
v -0.07002000 -0.00569000 -0.00521100
v -0.06962500 -0.00556400 -0.00535600
v -0.03289500 -0.00497200 -0.00438400
v -0.03323900 -0.00562300 -0.00393300
v -0.03341700 -0.00516000 -0.00431100
v -0.03393800 -0.00520100 -0.00427300
v -0.07063700 -0.00558600 -0.00525200
v -0.07139300 -0.00571000 -0.00507100
v -0.05921700 0.00933000 -0.00065400
v -0.07427200 0.00932600 -0.00295700
v -0.05970000 0.00927000 -0.00126300
v -0.03424100 -0.00567200 -0.00386700
v -0.03499800 -0.00568300 -0.00392400
v -0.06043900 0.00941600 -0.00084400
v -0.07417900 0.00957000 -0.00238200
v -0.03558600 -0.00580200 -0.00380000
v -0.06055700 0.00935100 -0.00123600
v -0.07464300 0.00958100 -0.00263100
v -0.06992000 -0.00546400 -0.00538700
v -0.06968300 -0.00519500 -0.00552100
v -0.03516100 -0.00531600 -0.00425500
v -0.07498900 0.00977400 -0.00233900
v -0.03475900 -0.00528300 -0.00421900
v -0.03432900 -0.00494500 -0.00447800
v -0.07016600 -0.00521700 -0.00550500
v -0.07470000 0.00939100 -0.00301700
v -0.05626400 0.00878400 -0.00217100
v -0.07492000 0.00957000 -0.00274400
v -0.03344200 -0.00464700 -0.00463000
v -0.05672300 0.00873400 -0.00232200
v -0.07561000 0.00951900 -0.00283100
v -0.03558200 -0.00528800 -0.00429400
v -0.03598500 -0.00544100 -0.00407200
v -0.07507100 0.00933600 -0.00316200
v -0.07567200 0.00926400 -0.00325900
v -0.05730500 0.00872600 -0.00241900
v -0.07466200 0.00916800 -0.00339400
v -0.07516200 0.00913600 -0.00350600
v -0.03415700 -0.00450000 -0.00473100
v -0.05814800 0.00871700 -0.00258800
v -0.03479600 -0.00482000 -0.00454500
v -0.05758200 0.00847500 -0.00282700
v -0.03497400 -0.00440200 -0.00476100
v -0.06929600 -0.00461100 -0.00586900
v -0.07384200 0.00903300 -0.00330800
v -0.03530800 -0.00501900 -0.00450100
v -0.07009700 -0.00461300 -0.00583600
v -0.07408100 0.00881300 -0.00374500
v -0.03569700 -0.00493200 -0.00461100
v -0.03603400 -0.00508200 -0.00447600
v -0.07439700 0.00899700 -0.00355800
v -0.03547500 -0.00456200 -0.00478500
v -0.07052700 -0.00483400 -0.00577400
v -0.07130600 -0.00526000 -0.00548600
v -0.03595700 -0.00468200 -0.00480100
v -0.07448900 0.00870700 -0.00394400
v -0.07479400 0.00889700 -0.00368400
v -0.05823000 0.00838000 -0.00299100
v -0.07513600 0.00866200 -0.00397600
v -0.05857600 0.00828800 -0.00317600
v -0.03258300 -0.00449800 -0.00468300
v -0.05863400 0.00866300 -0.00262200
v -0.07084000 -0.00433900 -0.00601400
v -0.07106800 -0.00470900 -0.00587500
v -0.05910700 0.00806800 -0.00345700
v -0.05900600 0.00839600 -0.00303100
v -0.05981500 0.00828800 -0.00329900
v -0.03226500 -0.00397800 -0.00504300
v -0.03307800 -0.00424900 -0.00492100
v -0.03383900 -0.00402200 -0.00503300
v -0.06039700 0.00912100 -0.00188400
v -0.07526500 0.00836900 -0.00435700
v -0.06049500 0.00880400 -0.00249600
v -0.06001100 0.00858100 -0.00276800
v -0.07537700 0.00779600 -0.00487300
v -0.06057000 0.00845900 -0.00301800
v -0.07577900 0.00829200 -0.00449300
v -0.06870000 -0.00428500 -0.00602500
v -0.06086900 0.00857100 -0.00287300
v -0.06123700 0.00890200 -0.00247500
v -0.06153600 0.00867400 -0.00277200
v -0.07592200 0.00731900 -0.00525700
v -0.07587600 0.00781700 -0.00486600
v -0.03262400 -0.00381400 -0.00514900
v -0.03316900 -0.00365600 -0.00520900
v -0.03291200 -0.00329200 -0.00532100
v -0.03227100 -0.00339900 -0.00525100
v -0.06126600 0.00820600 -0.00337200
v -0.06167300 0.00834600 -0.00330400
v -0.07634400 0.00816400 -0.00462100
v -0.06204100 0.00841900 -0.00322600
v -0.06238400 0.00835300 -0.00338200
v -0.06256600 0.00859700 -0.00299800
v -0.07648300 0.00764800 -0.00508900
v -0.07699500 0.00808400 -0.00477100
v -0.03362200 -0.00341900 -0.00526200
v -0.07643400 0.00664100 -0.00568100
v -0.07672200 0.00719400 -0.00539700
v -0.03240600 -0.00298300 -0.00539900
v -0.06794400 -0.00434300 -0.00594900
v -0.03305300 -0.00261800 -0.00554100
v -0.06108100 0.00926400 -0.00169200
v -0.06119700 0.00943900 -0.00100900
v -0.07703900 0.00613100 -0.00599400
v -0.07761500 0.00599600 -0.00607400
v -0.07746900 0.00653500 -0.00582800
v -0.06173600 0.00934800 -0.00161700
v -0.03431900 -0.00355200 -0.00525500
v -0.07716900 0.00685900 -0.00566200
v -0.06153100 0.00925800 -0.00188600
v -0.06226600 0.00928400 -0.00176100
v -0.07755400 0.00687400 -0.00568200
v -0.07789600 0.00649500 -0.00587400
v -0.03392200 -0.00287200 -0.00545100
v -0.03349800 -0.00212000 -0.00564400
v -0.03432200 -0.00233100 -0.00563200
v -0.07722600 0.00775700 -0.00506700
v -0.06817900 -0.00368000 -0.00625900
v -0.03464200 -0.00407600 -0.00496300
v -0.07724700 0.00722100 -0.00543900
v -0.06112500 0.00911500 -0.00209500
v -0.07807800 0.00683000 -0.00569900
v -0.07790600 0.00742000 -0.00538100
v -0.06176500 0.00901100 -0.00228900
v -0.03485700 -0.00369900 -0.00518400
v -0.03540900 -0.00403500 -0.00509700
v -0.03575500 -0.00427800 -0.00498900
v -0.03577800 -0.00364800 -0.00522700
v -0.03509500 -0.00334400 -0.00533700
v -0.07637300 0.00932100 -0.00303600
v -0.07623200 0.00962600 -0.00255300
v -0.06291000 0.00930500 -0.00165700
v -0.07607100 0.00896000 -0.00370100
v -0.03439900 -0.00280300 -0.00549900
v -0.07568900 0.00898000 -0.00369300
v -0.06776900 -0.00292700 -0.00648300
v -0.07690200 0.00891300 -0.00367400
v -0.06268100 0.00901000 -0.00227500
v -0.06360800 0.00930400 -0.00173800
v -0.06343600 0.00918400 -0.00208100
v -0.03722900 -0.00714400 -0.00082600
v -0.06413000 0.00927600 -0.00210800
v -0.06366800 0.00900900 -0.00249100
v -0.07701000 0.00934200 -0.00299700
v -0.03664400 -0.00708800 -0.00139800
v -0.03664400 -0.00708800 -0.00139800
v -0.03722500 -0.00707400 -0.00146900
v -0.03722500 -0.00707400 -0.00146900
v -0.06916600 -0.00344100 -0.00634800
v -0.03769700 -0.00710700 -0.00145100
v -0.03769700 -0.00710700 -0.00145100
v -0.07777800 0.00928400 -0.00316000
v -0.06217900 0.00882800 -0.00261600
v -0.06258500 0.00882100 -0.00268300
v -0.03693200 -0.00692000 -0.00210200
v -0.06856100 -0.00276800 -0.00652800
v -0.06298800 0.00882600 -0.00264000
v -0.03749900 -0.00693300 -0.00201500
v -0.06878400 -0.00206500 -0.00667400
v -0.06822900 -0.00241600 -0.00659800
v -0.07575200 0.00867400 -0.00405200
v -0.03752100 -0.00677400 -0.00255300
v -0.06372000 0.00867800 -0.00297900
v -0.06300400 0.00839400 -0.00332900
v -0.06959100 -0.00414900 -0.00608100
v -0.03856700 -0.00720100 -0.00149200
v -0.03856700 -0.00720100 -0.00149200
v -0.05976200 0.00794000 -0.00367300
v -0.07651600 0.00854400 -0.00422600
v -0.06021000 0.00785800 -0.00381400
v -0.06023000 0.00806000 -0.00361300
v -0.07013500 -0.00417000 -0.00607800
v -0.03803900 -0.00694300 -0.00215100
v -0.06063000 0.00789800 -0.00375700
v -0.06103600 0.00763700 -0.00401800
v -0.06075800 0.00824600 -0.00332500
v -0.06124000 0.00796900 -0.00363200
v -0.06980600 -0.00364700 -0.00628200
v -0.07033600 -0.00352500 -0.00636000
v -0.03949000 -0.00707400 -0.00209200
v -0.04022800 -0.00709400 -0.00219700
v -0.03860100 -0.00702800 -0.00212300
v -0.07102400 -0.00375600 -0.00629100
v -0.07775100 0.00901200 -0.00369900
v -0.03904300 -0.00686200 -0.00267300
v -0.03862200 -0.00679800 -0.00264300
v -0.07722200 0.00857300 -0.00422100
v -0.03960500 -0.00691100 -0.00266200
v -0.07805100 0.00871100 -0.00413100
v -0.07770000 0.00837700 -0.00450300
v -0.07843300 0.00911300 -0.00370400
v -0.06222200 0.00754400 -0.00421200
v -0.06181100 0.00796900 -0.00370400
v -0.03647500 -0.00684600 -0.00237600
v -0.06251100 0.00803800 -0.00368900
v -0.06302400 0.00789600 -0.00393000
v -0.03672400 -0.00671000 -0.00265800
v -0.06927800 -0.00264600 -0.00655600
v -0.06973600 -0.00308200 -0.00645500
v -0.03628600 -0.00673800 -0.00261000
v -0.03656600 -0.00649700 -0.00300200
v -0.07037100 -0.00242900 -0.00663900
v -0.07881000 0.00866900 -0.00428100
v -0.03695100 -0.00654500 -0.00296500
v -0.07919200 0.00910700 -0.00375400
v -0.07847300 0.00843200 -0.00452500
v -0.06195600 0.00822400 -0.00348200
v -0.03801200 -0.00651700 -0.00314700
v -0.03674300 -0.00625100 -0.00330500
v -0.06305000 0.00811500 -0.00367400
v -0.07785900 0.00798300 -0.00492500
v -0.07861100 0.00784100 -0.00511000
v -0.05514800 0.00620900 -0.00479700
v -0.07179500 -0.00557700 -0.00523900
v -0.05517800 0.00680600 -0.00443400
v -0.03673200 -0.00556100 -0.00398100
v -0.03727400 -0.00624800 -0.00340600
v -0.05638000 0.00610100 -0.00494300
v -0.05580900 0.00594200 -0.00496300
v -0.05583400 0.00645400 -0.00468400
v -0.03783900 -0.00612300 -0.00357200
v -0.07209400 -0.00513400 -0.00566900
v -0.03738700 -0.00582100 -0.00385300
v -0.03820500 -0.00674800 -0.00262100
v -0.03852100 -0.00661300 -0.00293400
v -0.07252200 -0.00554400 -0.00536000
v -0.05605200 0.00695900 -0.00437700
v -0.07308300 -0.00535300 -0.00557900
v -0.03889600 -0.00651300 -0.00310500
v -0.03824200 -0.00616600 -0.00355700
v -0.07425600 0.00986600 -0.00041400
v -0.07291100 -0.00504200 -0.00580100
v -0.03932400 -0.00674300 -0.00293000
v -0.03977800 -0.00672600 -0.00304200
v -0.05660700 0.00647400 -0.00471600
v -0.07466700 0.00985700 -0.00050300
v -0.03926400 -0.00628800 -0.00342300
v -0.04000300 -0.00624400 -0.00347400
v -0.03946500 -0.00597600 -0.00379900
v -0.07154300 -0.00482900 -0.00584000
v -0.05737200 0.00551000 -0.00522500
v -0.03796100 -0.00575100 -0.00394300
v -0.03846700 -0.00550800 -0.00420400
v -0.03885000 -0.00582500 -0.00394100
v -0.07550700 0.00993600 -0.00057200
v -0.07501200 0.00991000 -0.00089500
v -0.07529900 0.00990400 -0.00122100
v -0.07234300 -0.00463100 -0.00600300
v -0.07164900 -0.00431900 -0.00611300
v -0.03947500 -0.00561600 -0.00410400
v -0.03994100 -0.00574900 -0.00406900
v -0.07205700 -0.00424600 -0.00618100
v -0.07586000 0.00994700 -0.00108400
v -0.04122600 -0.00702600 -0.00223200
v -0.07266300 -0.00437500 -0.00614000
v -0.07666600 0.00999200 -0.00117400
v -0.07622300 0.00992900 -0.00161200
v -0.07561700 0.00992600 -0.00156400
v -0.04192500 -0.00692500 -0.00243700
v -0.04015400 -0.00680300 -0.00285400
v -0.04074700 -0.00678300 -0.00283100
v -0.07359400 -0.00551200 -0.00551400
v -0.07508300 0.00988000 -0.00186200
v -0.04047600 -0.00657400 -0.00315400
v -0.04133200 -0.00679300 -0.00296200
v -0.04169400 -0.00678300 -0.00301200
v -0.04098200 -0.00662900 -0.00313300
v -0.04168700 -0.00663900 -0.00321400
v -0.07579700 0.00985500 -0.00212700
v -0.07346800 -0.00495300 -0.00582400
v -0.04235700 -0.00699300 -0.00215000
v -0.06520200 0.00789700 0.00429700
v -0.04310900 -0.00699100 -0.00227900
v -0.07417800 -0.00518400 -0.00565000
v -0.04247600 -0.00679000 -0.00275200
v -0.06487700 0.00846500 0.00370500
v -0.04298700 -0.00672100 -0.00288900
v -0.04221700 -0.00659200 -0.00318500
v -0.07425200 -0.00450400 -0.00609700
v -0.07469300 -0.00487300 -0.00590200
v -0.04247600 -0.00640600 -0.00341100
v -0.04323900 -0.00621000 -0.00365000
v -0.06318400 0.00887300 0.00293800
v -0.06378800 0.00902000 0.00284800
v -0.07681500 0.00988600 -0.00180200
v -0.07729100 0.00994300 -0.00157800
v -0.06307700 0.00925800 0.00222700
v -0.07330200 -0.00444200 -0.00608100
v -0.07381700 -0.00440500 -0.00610900
v -0.04075900 -0.00631000 -0.00344100
v -0.06435100 0.00882700 0.00319800
v -0.04034500 -0.00601000 -0.00374600
v -0.07778600 0.00997900 -0.00135200
v -0.04139400 -0.00609100 -0.00376500
v -0.04109700 -0.00587700 -0.00394200
v -0.07133400 -0.00392700 -0.00621800
v -0.07796400 0.00996900 -0.00197200
v -0.07831700 0.01002700 -0.00151500
v -0.06465800 0.00916100 0.00265500
v -0.07181400 -0.00392600 -0.00628200
v -0.04026100 -0.00559200 -0.00426500
v -0.06403700 0.00926300 0.00231400
v -0.03976300 -0.00518800 -0.00447100
v -0.07646500 0.00977300 -0.00223800
v -0.07702400 0.00964000 -0.00249400
v -0.04097900 -0.00528700 -0.00455400
v -0.04140700 -0.00555000 -0.00425100
v -0.06477800 0.00935000 0.00216400
v -0.04213400 -0.00625500 -0.00358300
v -0.07727000 0.00986500 -0.00196600
v -0.07754100 0.00962100 -0.00258400
v -0.04189900 -0.00557500 -0.00419400
v -0.06248200 0.00927700 0.00207400
v -0.06233800 0.00935100 0.00180900
v -0.06288100 0.00936000 0.00191000
v -0.06915700 -0.00183900 -0.00667800
v -0.06331800 0.00940900 0.00160500
v -0.06387900 0.00942700 0.00173600
v -0.06264500 0.00944900 0.00130700
v -0.06339000 0.00947500 0.00098700
v -0.03648200 -0.00504300 -0.00440700
v -0.03679800 -0.00495500 -0.00449500
v -0.07092000 -0.00308200 -0.00651600
v -0.03717900 -0.00550000 -0.00413200
v -0.03756900 -0.00562100 -0.00409100
v -0.06446700 0.00946900 0.00162400
v -0.07888100 0.00997700 -0.00166300
v -0.03747300 -0.00516500 -0.00445100
v -0.03788800 -0.00543400 -0.00425800
v -0.07824500 0.00996800 -0.00196000
v -0.03708900 -0.00459200 -0.00476600
v -0.06990600 -0.00211000 -0.00664100
v -0.03610500 -0.00487400 -0.00468300
v -0.07864400 0.00987100 -0.00207400
v -0.07897700 0.00981300 -0.00225800
v -0.07967600 0.01005700 -0.00171500
v -0.06381300 0.00950500 0.00110200
v -0.07957400 0.00991200 -0.00220300
v -0.03655800 -0.00472800 -0.00470200
v -0.06388600 0.00949800 0.00048600
v -0.06436000 0.00958800 0.00081700
v -0.03628200 -0.00453600 -0.00488100
v -0.07104300 -0.00246600 -0.00667700
v -0.03674300 -0.00437800 -0.00489700
v -0.03627400 -0.00400900 -0.00507600
v -0.07826200 0.00966900 -0.00245600
v -0.07849400 0.00943900 -0.00302200
v -0.03788700 -0.00484900 -0.00470800
v -0.03759900 -0.00445600 -0.00490100
v -0.03722800 -0.00424000 -0.00496100
v -0.06956400 -0.00147300 -0.00668700
v -0.07012500 -0.00140900 -0.00669500
v -0.03679900 -0.00366700 -0.00514000
v -0.07058300 -0.00192000 -0.00670200
v -0.03772600 -0.00404100 -0.00508600
v -0.06995800 -0.00109900 -0.00671600
v -0.07058400 -0.00105600 -0.00675100
v -0.07935200 0.00959400 -0.00283600
v -0.06346800 0.00946600 0.00006100
v -0.07124900 -0.00196000 -0.00676500
v -0.07896900 0.00933200 -0.00332200
v -0.03915800 -0.00513200 -0.00446500
v -0.07986100 0.00946100 -0.00317900
v -0.03856300 -0.00509300 -0.00454600
v -0.03834400 -0.00475800 -0.00480600
v -0.06431000 0.00953600 -0.00001900
v -0.03881700 -0.00485100 -0.00476200
v -0.07102300 -0.00151700 -0.00674500
v -0.07154100 -0.00114700 -0.00677600
v -0.03952000 -0.00468800 -0.00489200
v -0.03819300 -0.00419300 -0.00505200
v -0.07110900 -0.00058500 -0.00679900
v -0.07196300 -0.00050400 -0.00680100
v -0.03625400 -0.00340700 -0.00527700
v -0.07233400 -0.00372200 -0.00639400
v -0.07290200 -0.00392600 -0.00630900
v -0.06193200 -0.00754000 0.00228700
v -0.06228700 -0.00749700 0.00248900
v -0.06232000 -0.00760900 0.00214900
v -0.07350500 -0.00358700 -0.00644900
v -0.06307000 -0.00751300 0.00237700
v -0.07400300 -0.00358900 -0.00644700
v -0.06307100 -0.00768100 0.00180100
v -0.07472500 -0.00440600 -0.00620500
v -0.06175100 -0.00762700 0.00176300
v -0.07440600 -0.00399600 -0.00632800
v -0.07480600 -0.00386900 -0.00644100
v -0.03583000 -0.00314100 -0.00541700
v -0.06266300 -0.00770900 0.00140300
v -0.03518300 -0.00266500 -0.00557200
v -0.07439700 -0.00342100 -0.00653800
v -0.06511300 0.00929700 -0.00206800
v -0.03490900 -0.00189000 -0.00573900
v -0.03578800 -0.00267800 -0.00557200
v -0.06383600 -0.00757700 0.00216100
v -0.07507500 -0.00334400 -0.00663400
v -0.03570700 -0.00217200 -0.00571100
v -0.07161700 -0.00348200 -0.00641900
v -0.06396800 -0.00773200 0.00145300
v -0.06576900 0.00926300 -0.00213900
v -0.07208200 -0.00343500 -0.00647600
v -0.06541500 0.00907100 -0.00257000
v -0.06460400 -0.00767000 0.00191500
v -0.06520300 -0.00775600 0.00171900
v -0.07171600 -0.00307800 -0.00655500
v -0.03522400 -0.00149800 -0.00579600
v -0.06490400 -0.00779200 0.00120500
v -0.03604200 -0.00154700 -0.00580700
v -0.06598300 0.00913400 -0.00238700
v -0.03655600 -0.00197300 -0.00574500
v -0.07252500 -0.00306400 -0.00663900
v -0.07197400 -0.00227900 -0.00675500
v -0.06639400 0.00894100 -0.00275000
v -0.06698700 0.00895500 -0.00288400
v -0.06654600 0.00873200 -0.00320900
v -0.03575800 -0.00066300 -0.00580100
v -0.07254100 -0.00341000 -0.00652000
v -0.07312900 -0.00324000 -0.00657500
v -0.06761300 0.00881000 -0.00313500
v -0.07277400 -0.00232000 -0.00677000
v -0.06554000 -0.00780500 0.00068800
v -0.07346200 -0.00267900 -0.00671600
v -0.06614000 -0.00779600 0.00029900
v -0.06788000 0.00847500 -0.00355300
v -0.06846400 0.00850900 -0.00361800
v -0.04139300 -0.00494300 -0.00475100
v -0.07197700 -0.00163600 -0.00681900
v -0.04194000 -0.00505300 -0.00461300
v -0.04241000 -0.00589300 -0.00398000
v -0.06928000 0.00849600 -0.00372200
v -0.07280600 -0.00166000 -0.00685700
v -0.06857400 0.00808200 -0.00403000
v -0.04295300 -0.00567800 -0.00418600
v -0.04250800 -0.00543100 -0.00443700
v -0.07388500 -0.00327500 -0.00658400
v -0.07355700 -0.00303500 -0.00666100
v -0.04279900 -0.00480200 -0.00486900
v -0.07389300 -0.00273100 -0.00674900
v -0.07445000 -0.00263700 -0.00677900
v -0.04299700 -0.00524300 -0.00455900
v -0.07028200 0.00869800 -0.00356800
v -0.06981200 0.00854600 -0.00374300
v -0.06936000 0.00802900 -0.00418900
v -0.06971000 0.00829700 -0.00397500
v -0.07003900 0.00800500 -0.00428100
v -0.07015900 0.00836200 -0.00391800
v -0.04318700 -0.00444500 -0.00509300
v -0.07044500 0.00813500 -0.00415300
v -0.07058100 0.00860500 -0.00366700
v -0.07932500 -0.00038500 0.00719400
v -0.07102900 0.00821500 -0.00410300
v -0.03730800 -0.00355300 -0.00523500
v -0.07957500 -0.00081900 0.00700300
v -0.07517300 -0.00264800 -0.00681800
v -0.08011700 -0.00059200 0.00711700
v -0.07988900 -0.00032800 0.00722700
v -0.07952500 0.00007700 0.00733700
v -0.03896900 -0.00434300 -0.00503000
v -0.07343600 -0.00193100 -0.00686600
v -0.03810800 -0.00367300 -0.00530500
v -0.03869000 -0.00372600 -0.00532100
v -0.08004300 0.00062700 0.00744300
v -0.07255000 -0.00103100 -0.00684300
v -0.03975400 -0.00400200 -0.00522800
v -0.03972500 -0.00351300 -0.00538300
v -0.03674400 -0.00305800 -0.00546700
v -0.07326500 -0.00125400 -0.00687000
v -0.07088300 0.00782600 -0.00447300
v -0.07135000 0.00789200 -0.00444400
v -0.03628300 -0.00285600 -0.00552600
v -0.06674300 -0.00540100 0.00490600
v -0.07204000 0.00787500 -0.00449300
v -0.07279000 0.00804800 -0.00437100
v -0.07273400 0.00771100 -0.00469900
v -0.03739200 -0.00294900 -0.00553200
v -0.07254700 -0.00031100 -0.00681200
v -0.03771000 -0.00315800 -0.00545300
v -0.07179900 0.00753100 -0.00480200
v -0.07239500 0.00739600 -0.00498200
v -0.07334400 -0.00061600 -0.00686300
v -0.03712100 -0.00237000 -0.00565700
v -0.03786100 -0.00270000 -0.00559700
v -0.03817300 -0.00300900 -0.00553900
v -0.06746100 -0.00550800 0.00481200
v -0.07407100 -0.00206900 -0.00687700
v -0.03716000 -0.00151300 -0.00577600
v -0.07298900 0.00719100 -0.00517600
v -0.07319700 0.00788100 -0.00458400
v -0.07362700 0.00762400 -0.00486400
v -0.03809900 -0.00163200 -0.00579500
v -0.07471800 -0.00208600 -0.00691000
v -0.07453600 -0.00152100 -0.00691900
v -0.03890400 -0.00296000 -0.00555300
v -0.07351900 0.00704600 -0.00530600
v -0.07516400 -0.00179000 -0.00695200
v -0.07417300 0.00701800 -0.00534300
v -0.07410100 0.00737000 -0.00509300
v -0.03863600 -0.00238500 -0.00572600
v -0.07430000 0.00784400 -0.00470700
v -0.03974100 -0.00296200 -0.00558900
v -0.07487400 -0.00075100 -0.00695400
v -0.07513600 -0.00136200 -0.00694100
v -0.03919600 -0.00221500 -0.00578900
v -0.07395600 -0.00137700 -0.00689700
v -0.03634300 -0.00092900 -0.00581000
v -0.03718300 -0.00076500 -0.00582300
v -0.03773500 -0.00114400 -0.00582200
v -0.07409600 -0.00083100 -0.00690100
v -0.07471600 0.00717100 -0.00524800
v -0.07487000 0.00667700 -0.00552400
v -0.07483100 0.00758500 -0.00497200
v -0.07550600 -0.00093100 -0.00701500
v -0.07524100 0.00737800 -0.00514500
v -0.03798200 -0.00046100 -0.00586000
v -0.03842500 -0.00077600 -0.00587100
v -0.03730600 -0.00012100 -0.00579300
v -0.03795000 0.00022000 -0.00580200
v -0.03849100 -0.00021900 -0.00587000
v -0.03903300 -0.00044900 -0.00589400
v -0.07553100 0.00635500 -0.00573600
v -0.03900500 -0.00190100 -0.00585200
v -0.03973100 -0.00219000 -0.00580300
v -0.03952200 -0.00191800 -0.00587200
v -0.03975000 -0.00125400 -0.00589400
v -0.04009100 -0.00152000 -0.00589300
v -0.07234800 0.00017100 -0.00678900
v -0.07277000 0.00029000 -0.00677800
v -0.07629700 0.00603400 -0.00595300
v -0.07360200 0.00024900 -0.00680700
v -0.03899400 -0.00123500 -0.00587300
v -0.07301200 0.00081800 -0.00676000
v -0.07344000 0.00149500 -0.00670200
v -0.07369200 0.00076800 -0.00676900
v -0.03972000 -0.00067200 -0.00592000
v -0.07420900 0.00129300 -0.00677100
v -0.04006700 -0.00483800 -0.00488700
v -0.04003400 -0.00440700 -0.00507200
v -0.04065400 -0.00471000 -0.00496400
v -0.07416800 -0.00011500 -0.00689900
v -0.07471600 0.00016900 -0.00694500
v -0.08205100 0.01017700 0.00156900
v -0.04127600 -0.00440100 -0.00506600
v -0.04215800 -0.00455500 -0.00496700
v -0.08157000 0.01017900 0.00131600
v -0.07435700 0.00046000 -0.00685500
v -0.04047500 -0.00397200 -0.00528100
v -0.08198800 0.01017400 0.00109600
v -0.08254100 0.01014600 0.00171100
v -0.08259300 0.01018500 0.00137800
v -0.07523600 -0.00033200 -0.00700300
v -0.07571900 -0.00042900 -0.00699400
v -0.07540100 0.00027400 -0.00698600
v -0.08253200 0.01017300 0.00063500
v -0.08306900 0.01017000 0.00103900
v -0.08169000 0.01016400 0.00058800
v -0.07452500 0.00090400 -0.00684200
v -0.07502200 0.00073800 -0.00689800
v -0.04051500 -0.00326000 -0.00555200
v -0.07487300 0.00116900 -0.00685800
v -0.04129100 -0.00358000 -0.00547000
v -0.04192700 -0.00393300 -0.00531200
v -0.04131500 -0.00307000 -0.00567200
v -0.07548300 0.00132900 -0.00684100
v -0.07611600 0.00080500 -0.00695700
v -0.08172500 0.01022300 -0.00052900
v -0.08218500 0.01017600 0.00023700
v -0.08260400 0.01023000 0.00006600
v -0.04260100 -0.00402700 -0.00526500
v -0.08314500 0.01023000 0.00007800
v -0.08374800 0.01023300 0.00061900
v -0.08295100 0.01025600 -0.00034600
v -0.07395500 0.00212600 -0.00668300
v -0.07490600 0.00178600 -0.00678000
v -0.04319200 -0.00377500 -0.00543600
v -0.08350700 0.01032500 -0.00057100
v -0.07623000 0.00149500 -0.00690900
v -0.04085100 -0.00261600 -0.00575100
v -0.04183500 -0.00322000 -0.00564200
v -0.07535800 0.00221000 -0.00676200
v -0.07616600 0.00193000 -0.00678400
v -0.04145600 -0.00255100 -0.00581500
v -0.04257300 -0.00333200 -0.00560400
v -0.08101400 0.01019300 -0.00058900
v -0.08150600 0.01018900 -0.00110500
v -0.07542000 0.00287300 -0.00669300
v -0.07596600 0.00247000 -0.00678500
v -0.08228200 0.01022600 -0.00061600
v -0.07651200 0.00221400 -0.00679500
v -0.07641600 0.00258800 -0.00678200
v -0.04227200 -0.00278000 -0.00579600
v -0.04168700 -0.00212000 -0.00590500
v -0.04299800 -0.00274400 -0.00581200
v -0.04325100 -0.00327800 -0.00565900
v -0.08216200 0.01017100 -0.00109900
v -0.07616400 0.00307100 -0.00675200
v -0.08097300 0.01014300 -0.00119400
v -0.04249300 -0.00231000 -0.00589300
v -0.07689100 0.00303100 -0.00678700
v -0.07647900 0.00369200 -0.00667600
v -0.08046300 0.01002800 -0.00195900
v -0.08135100 0.01015400 -0.00152400
v -0.04033400 -0.00246600 -0.00575000
v -0.08184000 0.01007000 -0.00174700
v -0.08149700 0.00999300 -0.00227400
v -0.08236700 0.01004600 -0.00165100
v -0.04056800 -0.00201400 -0.00584500
v -0.04111400 -0.00216500 -0.00584100
v -0.04119600 -0.00162200 -0.00586600
v -0.04073800 -0.00135200 -0.00587600
v -0.06062600 -0.00358500 -0.00607500
v -0.06157900 -0.00378900 -0.00597900
v -0.06111400 -0.00312300 -0.00618200
v -0.08303800 0.01027600 -0.00085100
v -0.08376100 0.01024400 -0.00118100
v -0.08322000 0.01015900 -0.00132600
v -0.06012400 -0.00291400 -0.00626000
v -0.08437900 0.01026700 -0.00092800
v -0.05982500 -0.00260400 -0.00633600
v -0.08412500 0.01024900 -0.00141000
v -0.08277900 0.01011700 -0.00141500
v -0.03913200 0.00032200 -0.00584300
v -0.03836000 0.00118500 -0.00567000
v -0.06009200 -0.00204700 -0.00636100
v -0.08263400 0.01003000 -0.00202300
v -0.08317300 0.01012200 -0.00180600
v -0.06104700 -0.00238600 -0.00635100
v -0.03959700 -0.00003500 -0.00588700
v -0.08372800 0.01020300 -0.00171000
v -0.06193200 -0.00332300 -0.00610900
v -0.06161600 -0.00231000 -0.00635100
v -0.08419200 0.01022700 -0.00196700
v -0.08362500 0.01012900 -0.00214300
v -0.08317500 0.01001700 -0.00225900
v -0.08483700 0.01019400 -0.00167600
v -0.08476000 0.01010000 -0.00221900
v -0.08428300 0.01001300 -0.00250700
v -0.08502600 0.00996900 -0.00273800
v -0.06274100 -0.00323700 -0.00617500
v -0.08522900 0.01011700 -0.00226200
v -0.06245900 -0.00238500 -0.00635200
v -0.06335900 -0.00333500 -0.00620400
v -0.08573600 0.01007700 -0.00260000
v -0.08595800 0.01021000 -0.00225900
v -0.08528500 0.00985200 -0.00305000
v -0.06345000 -0.00242200 -0.00642900
v -0.08632100 0.00982300 -0.00298300
v -0.08627100 0.01013300 -0.00250900
v -0.08691600 0.00970100 -0.00328100
v -0.08685900 0.00981800 -0.00296400
v -0.08645700 0.00965400 -0.00328500
v -0.07853300 0.00607000 -0.00610000
v -0.06122600 -0.00159000 -0.00643900
v -0.07857300 0.00653100 -0.00588500
v -0.07871900 0.00546700 -0.00634600
v -0.07910800 0.00588900 -0.00619600
v -0.07945000 0.00544200 -0.00637800
v -0.07890400 0.00633400 -0.00597400
v -0.07941800 0.00653500 -0.00591700
v -0.06190500 -0.00126200 -0.00648500
v -0.06126100 -0.00084800 -0.00644000
v -0.07970800 0.00598100 -0.00622200
v -0.07851200 0.00717400 -0.00555400
v -0.07917100 0.00698000 -0.00565900
v -0.07969500 0.00696200 -0.00566500
v -0.06265200 -0.00151800 -0.00648900
v -0.07993800 0.00640900 -0.00603100
v -0.06323700 -0.00174300 -0.00647400
v -0.08031200 0.00507600 -0.00658000
v -0.08040100 0.00591400 -0.00630300
v -0.07989900 0.00533000 -0.00643500
v -0.06266800 -0.00099900 -0.00649400
v -0.08072400 0.00497500 -0.00665900
v -0.08092400 0.00536800 -0.00652900
v -0.08110800 0.00474600 -0.00670900
v -0.06330200 -0.00133300 -0.00651000
v -0.06376400 -0.00176200 -0.00650600
v -0.06384900 -0.00124300 -0.00652100
v -0.08148300 0.00583700 -0.00636800
v -0.08152600 0.00537500 -0.00653400
v -0.06328000 -0.00053400 -0.00650900
v -0.08027800 0.00704500 -0.00569300
v -0.08074100 0.00664800 -0.00597400
v -0.06044200 -0.00117700 -0.00640900
v -0.08161500 0.00651700 -0.00610500
v -0.07910300 0.00822500 -0.00478600
v -0.07958100 0.00795900 -0.00503500
v -0.07984600 0.00861500 -0.00442800
v -0.06046800 -0.00043700 -0.00643500
v -0.06100000 -0.00014800 -0.00644500
v -0.08024900 0.00828100 -0.00470200
v -0.08041400 0.00868500 -0.00425900
v -0.08051200 0.00788300 -0.00510300
v -0.08011700 0.00756100 -0.00533600
v -0.06067000 0.00068400 -0.00631500
v -0.07921000 0.00743600 -0.00541100
v -0.06190800 -0.00033400 -0.00645100
v -0.06394300 -0.00301800 -0.00634500
v -0.08068200 0.00735700 -0.00553500
v -0.08113500 0.00767400 -0.00533800
v -0.08109100 0.00711200 -0.00576100
v -0.08159700 0.00758100 -0.00549900
v -0.08190900 0.00723400 -0.00577800
v -0.08098300 0.00803900 -0.00501200
v -0.08095300 0.00840400 -0.00459700
v -0.08151800 0.00839400 -0.00468100
v -0.08158300 0.00792700 -0.00516800
v -0.08189200 0.00769600 -0.00542300
v -0.06452700 -0.00224600 -0.00649800
v -0.08191500 0.00814700 -0.00501300
v -0.08261200 0.00811300 -0.00507500
v -0.06535900 -0.00216000 -0.00648900
v -0.06555500 -0.00301800 -0.00631500
v -0.06507900 -0.00154600 -0.00654800
v -0.06563600 -0.00157900 -0.00656000
v -0.06630100 -0.00187800 -0.00654200
v -0.06441700 -0.00156200 -0.00652700
v -0.08197400 0.00497800 -0.00666000
v -0.08165500 0.00447800 -0.00675100
v -0.08279800 0.00470700 -0.00676400
v -0.06405100 -0.00045800 -0.00648300
v -0.08275400 0.00530600 -0.00661000
v -0.08220600 0.00555100 -0.00648600
v -0.08327200 0.00526300 -0.00661900
v -0.08257400 0.00607200 -0.00633800
v -0.06578100 -0.00250300 -0.00643000
v -0.08319500 0.00629100 -0.00627800
v -0.08390300 0.00615800 -0.00632800
v -0.06657800 -0.00243400 -0.00652900
v -0.08213700 0.00608500 -0.00630200
v -0.06715600 -0.00221000 -0.00662700
v -0.06695900 -0.00187300 -0.00662300
v -0.08309000 0.00442700 -0.00684900
v -0.08366000 0.00405700 -0.00696200
v -0.08372400 0.00444700 -0.00686900
v -0.08334700 0.00473800 -0.00676300
v -0.08397300 0.00498900 -0.00672600
v -0.06288600 -0.00013100 -0.00645900
v -0.08410900 0.00446000 -0.00686200
v -0.08426300 0.00397700 -0.00695300
v -0.08476000 0.00440500 -0.00687200
v -0.08440600 0.00473000 -0.00679800
v -0.06356800 0.00030700 -0.00641200
v -0.06428600 0.00063100 -0.00639400
v -0.06377200 0.00095800 -0.00631800
v -0.08497700 0.00492800 -0.00677500
v -0.08470900 0.00558200 -0.00657300
v -0.06161000 0.00028700 -0.00640300
v -0.08266600 0.00647500 -0.00620400
v -0.08222600 0.00687400 -0.00597800
v -0.08262800 0.00698800 -0.00592600
v -0.06204200 0.00025600 -0.00642500
v -0.06191400 0.00105500 -0.00627200
v -0.06240500 0.00068500 -0.00636100
v -0.08319500 0.00671700 -0.00608100
v -0.08364300 0.00678500 -0.00605000
v -0.08312200 0.00706300 -0.00585000
v -0.06139700 0.00125500 -0.00624800
v -0.06156900 0.00194500 -0.00620200
v -0.08249700 0.00756700 -0.00556900
v -0.08299100 0.00756300 -0.00553600
v -0.06202300 0.00166900 -0.00621600
v -0.06253700 0.00137900 -0.00626100
v -0.08374100 0.00756000 -0.00552800
v -0.08448800 0.00667500 -0.00615800
v -0.06303200 0.00068300 -0.00636100
v -0.08504800 0.00615100 -0.00638900
v -0.08547000 0.00547700 -0.00663900
v -0.08495100 0.00687700 -0.00611300
v -0.08465900 0.00714400 -0.00592300
v -0.08406100 0.00708700 -0.00589700
v -0.08443100 0.00745200 -0.00566100
v -0.06159100 0.00249600 -0.00611400
v -0.08561600 0.00655200 -0.00629100
v -0.08498800 0.00732000 -0.00585900
v -0.08575500 0.00716600 -0.00596200
v -0.08611900 0.00661700 -0.00628000
v -0.06198200 0.00226600 -0.00617600
v -0.06227000 0.00264400 -0.00613200
v -0.06284800 0.00226600 -0.00619500
v -0.06148300 0.00310800 -0.00603000
v -0.08037100 0.00981600 -0.00260900
v -0.06304800 0.00313300 -0.00614400
v -0.06343300 0.00267700 -0.00618500
v -0.06231200 0.00342300 -0.00605300
v -0.06285900 0.00366400 -0.00605600
v -0.08024700 0.00906200 -0.00383600
v -0.08079600 0.00884800 -0.00407500
v -0.08130400 0.00897000 -0.00401200
v -0.08114000 0.00923500 -0.00367700
v -0.08072300 0.00952400 -0.00324800
v -0.06334800 0.00169700 -0.00627700
v -0.08080000 0.00985400 -0.00253800
v -0.08136500 0.00963100 -0.00314200
v -0.08150700 0.00989100 -0.00256400
v -0.06415400 0.00155800 -0.00629200
v -0.08177000 0.00929700 -0.00370700
v -0.08202600 0.00962400 -0.00316300
v -0.06446500 0.00252600 -0.00620400
v -0.08227800 0.00940900 -0.00355300
v -0.08182300 0.00878800 -0.00432000
v -0.08230400 0.00902600 -0.00411300
v -0.08254000 0.00912300 -0.00394700
v -0.08274200 0.00942600 -0.00355200
v -0.08317300 0.00920900 -0.00385800
v -0.08263000 0.00898100 -0.00417900
v -0.08265000 0.00865700 -0.00457200
v -0.08328300 0.00890100 -0.00436100
v -0.06514600 -0.00099700 -0.00656600
v -0.06505100 -0.00002900 -0.00655000
v -0.06544800 -0.00036800 -0.00656900
v -0.06603300 -0.00080600 -0.00657100
v -0.08204700 0.00989100 -0.00253600
v -0.06526200 0.00056000 -0.00648300
v -0.06600800 0.00024200 -0.00650000
v -0.06663400 -0.00019700 -0.00653600
v -0.08212200 0.00999600 -0.00218400
v -0.08264100 0.00994800 -0.00238400
v -0.08246600 0.00967800 -0.00310500
v -0.06698300 -0.00126700 -0.00659000
v -0.08338200 0.00975000 -0.00290300
v -0.06766900 -0.00204100 -0.00667200
v -0.06749100 -0.00125900 -0.00665400
v -0.08327200 0.00953200 -0.00335100
v -0.06697200 -0.00053300 -0.00655900
v -0.06747100 -0.00077700 -0.00661800
v -0.06734700 -0.00006900 -0.00657500
v -0.06795200 -0.00025900 -0.00663400
v -0.06494300 0.00126200 -0.00640000
v -0.06492400 0.00185100 -0.00630800
v -0.06575200 0.00156900 -0.00641200
v -0.08119900 0.00866800 -0.00436000
v -0.06591800 0.00076600 -0.00649400
v -0.08219800 0.00838100 -0.00477900
v -0.06584100 0.00214800 -0.00634800
v -0.06634400 0.00105600 -0.00647400
v -0.06646700 0.00170100 -0.00644000
v -0.06781800 0.00040400 -0.00655700
v -0.06658300 0.00056700 -0.00646900
v -0.06735300 0.00056200 -0.00651100
v -0.06701400 0.00102500 -0.00646500
v -0.08430300 0.00803600 -0.00522700
v -0.08425100 0.00832200 -0.00499000
v -0.08361800 0.00823300 -0.00506100
v -0.08347000 0.00934600 -0.00370000
v -0.08373300 0.00915800 -0.00411000
v -0.08421000 0.00883000 -0.00441400
v -0.08415900 0.00927400 -0.00393900
v -0.08322300 0.00839600 -0.00484400
v -0.08369100 0.00853800 -0.00473600
v -0.08470700 0.00915200 -0.00414200
v -0.08501000 0.00888200 -0.00443300
v -0.06723600 0.00160500 -0.00644300
v -0.06780500 0.00109200 -0.00648000
v -0.08478200 0.00846500 -0.00484800
v -0.06668400 0.00237600 -0.00637600
v -0.06858000 0.00067000 -0.00656300
v -0.08458200 0.00818900 -0.00516300
v -0.06786600 0.00161100 -0.00643400
v -0.08604000 0.00738800 -0.00583600
v -0.08585900 0.00788700 -0.00541800
v -0.08531000 0.00760300 -0.00564400
v -0.08534000 0.00863000 -0.00473000
v -0.08510700 0.00806600 -0.00528000
v -0.08544700 0.00825300 -0.00509100
v -0.06505300 0.00258400 -0.00622400
v -0.08598100 0.00884800 -0.00458200
v -0.08618700 0.00858000 -0.00482100
v -0.08630000 0.00820600 -0.00520400
v -0.08646200 0.00761700 -0.00566500
v -0.08695900 0.00864800 -0.00478900
v -0.08362500 0.00956800 -0.00329100
v -0.08398900 0.00971300 -0.00312900
v -0.08417300 0.00953500 -0.00357100
v -0.06810200 -0.00168100 -0.00671100
v -0.08462300 0.00978000 -0.00306700
v -0.08489300 0.00955200 -0.00354900
v -0.08453900 0.00943500 -0.00376300
v -0.08503600 0.00928500 -0.00401200
v -0.08541800 0.00962900 -0.00351500
v -0.06842400 -0.00128200 -0.00670600
v -0.06812200 -0.00098300 -0.00669100
v -0.06854300 -0.00067100 -0.00667800
v -0.06913100 -0.00148600 -0.00669100
v -0.06913200 -0.00084600 -0.00671500
v -0.08388100 0.00933900 -0.00382600
v -0.06947300 -0.00101500 -0.00669500
v -0.06842400 0.00006400 -0.00661600
v -0.06887300 -0.00006000 -0.00665300
v -0.08589400 0.00915500 -0.00419500
v -0.08621900 0.00928400 -0.00400500
v -0.08642300 0.00907300 -0.00433500
v -0.06951200 -0.00046700 -0.00672600
v -0.08692500 0.00913600 -0.00425600
v -0.08579800 0.00976900 -0.00322600
v -0.08595100 0.00955100 -0.00356200
v -0.07000600 0.00024300 -0.00670500
v -0.08665100 0.00945100 -0.00370000
v -0.06856400 0.00117500 -0.00649000
v -0.06941500 0.00080000 -0.00660000
v -0.06906400 0.00149800 -0.00647800
v -0.08710900 0.00944100 -0.00384200
v -0.08735200 0.00975100 -0.00327300
v -0.07048200 0.00109900 -0.00661700
v -0.07036900 -0.00026700 -0.00675200
v -0.08325200 0.00799700 -0.00522400
v -0.07106900 0.00051000 -0.00674100
v -0.07182800 0.00033200 -0.00680700
v -0.08473900 0.00775800 -0.00544800
v -0.06189100 0.00377700 -0.00594900
v -0.06226500 0.00458300 -0.00577700
v -0.06250200 0.00410000 -0.00592900
v -0.06332500 0.00397900 -0.00601000
v -0.06259500 0.00524200 -0.00556100
v -0.08988100 0.00882500 -0.00456800
v -0.09013800 0.00887900 -0.00441700
v -0.08968000 0.00914100 -0.00411600
v -0.09067600 0.00867600 -0.00456500
v -0.09033000 0.00905600 -0.00415300
v -0.06314300 0.00454900 -0.00587400
v -0.06318400 0.00522300 -0.00565300
v -0.06350600 0.00342400 -0.00611600
v -0.06435000 0.00316800 -0.00612600
v -0.09363000 0.00621700 -0.00591400
v -0.09312300 0.00636400 -0.00603100
v -0.09318900 0.00602600 -0.00622000
v -0.06393800 0.00386000 -0.00603100
v -0.06480200 0.00357200 -0.00602400
v -0.06492800 0.00319100 -0.00613000
v -0.06538000 0.00348400 -0.00607600
v -0.09082300 0.00834300 -0.00499000
v -0.09115200 0.00875300 -0.00448500
v -0.09134900 0.00840100 -0.00479300
v -0.09157200 0.00894500 -0.00425100
v -0.06368500 0.00446200 -0.00590900
v -0.09153500 0.00797900 -0.00514500
v -0.09179000 0.00824400 -0.00487800
v -0.09202800 0.00791100 -0.00523400
v -0.06437300 0.00401100 -0.00596000
v -0.09205400 0.00855100 -0.00442300
v -0.06370000 0.00510000 -0.00572500
v -0.06418100 0.00456900 -0.00585700
v -0.09218500 0.00812100 -0.00490800
v -0.09251200 0.00828800 -0.00463400
v -0.06485900 0.00408800 -0.00589800
v -0.06474700 0.00473800 -0.00581900
v -0.09420700 0.00730000 -0.00495400
v -0.09429500 0.00783100 -0.00438600
v -0.09394700 0.00783800 -0.00466800
v -0.09237400 0.00730300 -0.00562000
v -0.09283900 0.00753800 -0.00533300
v -0.09228300 0.00772900 -0.00535300
v -0.09326300 0.00721600 -0.00540900
v -0.09360500 0.00669300 -0.00559000
v -0.09411100 0.00695800 -0.00526600
v -0.09411100 0.00695800 -0.00526600
v -0.06310200 0.00570000 -0.00543700
v -0.06233100 0.00561000 -0.00536800
v -0.06306400 0.00630300 -0.00510300
v -0.09288400 0.00701700 -0.00573600
v -0.06359200 0.00568800 -0.00544900
v -0.09269200 0.00796900 -0.00501200
v -0.09296200 0.00815600 -0.00467600
v -0.09343900 0.00791800 -0.00486300
v -0.06298000 0.00679100 -0.00484200
v -0.09315900 0.00772700 -0.00509900
v -0.06385900 0.00644700 -0.00507000
v -0.09370900 0.00757100 -0.00503100
v -0.09370900 0.00757100 -0.00503100
v -0.06329400 0.00677300 -0.00485400
v -0.06443600 0.00595700 -0.00536000
v -0.08505000 0.00350300 -0.00701000
v -0.08578300 0.00352400 -0.00699600
v -0.08572200 0.00397800 -0.00694800
v -0.08622800 0.00393000 -0.00693400
v -0.08604200 0.00296700 -0.00706500
v -0.08656000 0.00344400 -0.00704500
v -0.08634700 0.00452300 -0.00685200
v -0.08683100 0.00395300 -0.00699700
v -0.06436600 0.00539800 -0.00559200
v -0.08659200 0.00259200 -0.00720100
v -0.08718400 0.00270900 -0.00727700
v -0.08726000 0.00336200 -0.00716100
v -0.06542700 0.00475800 -0.00584200
v -0.06523700 0.00544300 -0.00566800
v -0.06619100 0.00499100 -0.00584900
v -0.08860800 0.00304700 -0.00727000
v -0.08782600 0.00293500 -0.00727200
v -0.08820200 0.00257300 -0.00734900
v -0.08831400 0.00359000 -0.00715500
v -0.06489400 0.00599000 -0.00539900
v -0.08763400 0.00403500 -0.00702400
v -0.06453600 0.00656900 -0.00506300
v -0.06598400 0.00566500 -0.00562000
v -0.06558400 0.00617700 -0.00535600
v -0.08683000 0.00500000 -0.00675900
v -0.08745600 0.00467200 -0.00687100
v -0.08813300 0.00424800 -0.00703600
v -0.08645700 0.00534400 -0.00668600
v -0.08712800 0.00577900 -0.00660100
v -0.06634300 0.00327800 -0.00621200
v -0.06691200 0.00299100 -0.00630000
v -0.08712100 0.00615100 -0.00649900
v -0.08659300 0.00590200 -0.00655000
v -0.08757100 0.00645100 -0.00640500
v -0.08708700 0.00659100 -0.00631300
v -0.06739600 0.00236800 -0.00637600
v -0.08776500 0.00538500 -0.00672700
v -0.08878400 0.00405800 -0.00708200
v -0.08879400 0.00450400 -0.00700900
v -0.06810500 0.00235700 -0.00638000
v -0.08836500 0.00515100 -0.00681900
v -0.08914300 0.00506800 -0.00688700
v -0.06854900 0.00189400 -0.00643700
v -0.08902800 0.00544500 -0.00680800
v -0.08760300 0.00600900 -0.00658100
v -0.08824300 0.00607500 -0.00656400
v -0.06758300 0.00302200 -0.00632600
v -0.06816600 0.00309200 -0.00628000
v -0.06702200 0.00405600 -0.00608500
v -0.06745700 0.00355300 -0.00623100
v -0.08862400 0.00568500 -0.00671600
v -0.06795300 0.00356500 -0.00617900
v -0.06873100 0.00267600 -0.00635600
v -0.08872300 0.00623900 -0.00653500
v -0.06879800 0.00316200 -0.00627400
v -0.08898300 0.00595700 -0.00668600
v -0.08519700 0.00407300 -0.00691400
v -0.08479500 0.00387100 -0.00694500
v -0.08528800 0.00452600 -0.00684900
v -0.08562000 0.00442200 -0.00685200
v -0.08546000 0.00493300 -0.00677400
v -0.06788000 0.00412100 -0.00607900
v -0.08605500 0.00498100 -0.00676200
v -0.08596600 0.00552300 -0.00661500
v -0.06881800 0.00401500 -0.00613200
v -0.06728200 0.00473800 -0.00597300
v -0.06807100 0.00471100 -0.00595900
v -0.08607000 0.00616500 -0.00643700
v -0.06784700 0.00538200 -0.00578300
v -0.06883400 0.00532900 -0.00582600
v -0.06896500 0.00459500 -0.00602100
v -0.08652800 0.00652200 -0.00632600
v -0.06568800 0.00288300 -0.00622800
v -0.08636000 0.00708700 -0.00600500
v -0.06590700 0.00357400 -0.00609200
v -0.06568900 0.00397300 -0.00598500
v -0.06623000 0.00403200 -0.00603500
v -0.08896900 0.00237300 -0.00734200
v -0.08973100 0.00180400 -0.00739200
v -0.08955200 0.00252700 -0.00731700
v -0.08916300 0.00287300 -0.00728000
v -0.09022800 0.00218200 -0.00734100
v -0.09018000 0.00285400 -0.00728400
v -0.08962200 0.00300700 -0.00729900
v -0.09027200 0.00344900 -0.00725600
v -0.06601800 0.00445900 -0.00594600
v -0.08904200 0.00336300 -0.00723200
v -0.06656600 0.00441300 -0.00598000
v -0.06680800 0.00509400 -0.00585200
v -0.06676300 0.00566300 -0.00565100
v -0.08923800 0.00390300 -0.00714300
v -0.08994500 0.00424000 -0.00713300
v -0.08919700 0.00428800 -0.00707200
v -0.08972600 0.00352900 -0.00722000
v -0.06718600 0.00547400 -0.00575100
v -0.09036200 0.00395500 -0.00721600
v -0.09070800 0.00234400 -0.00733400
v -0.09041900 0.00166100 -0.00742200
v -0.09104100 0.00176200 -0.00742300
v -0.09176700 0.00176400 -0.00745800
v -0.09153000 0.00226100 -0.00740700
v -0.06380000 0.00830600 -0.00357000
v -0.06352600 0.00802700 -0.00386800
v -0.09151300 0.00289400 -0.00738800
v -0.06432100 0.00799600 -0.00390600
v -0.09200900 0.00248100 -0.00742700
v -0.06433600 0.00776900 -0.00407700
v -0.06486600 0.00798600 -0.00387300
v -0.06497500 0.00766900 -0.00421500
v -0.09104400 0.00333100 -0.00729500
v -0.09094400 0.00384200 -0.00725300
v -0.06518900 0.00732900 -0.00455100
v -0.06562600 0.00778200 -0.00413000
v -0.09148600 0.00369100 -0.00727500
v -0.06569300 0.00733200 -0.00459200
v -0.09203000 0.00300600 -0.00737100
v -0.09243800 0.00294400 -0.00737300
v -0.09173000 0.00334700 -0.00733000
v -0.06459100 0.00884000 -0.00293100
v -0.06495900 0.00904500 -0.00253200
v -0.06499600 0.00878700 -0.00299600
v -0.06545700 0.00848400 -0.00345600
v -0.06577200 0.00891200 -0.00282700
v -0.08981500 0.00500100 -0.00698100
v -0.06454000 0.00841800 -0.00347800
v -0.09053200 0.00462500 -0.00711400
v -0.06500900 0.00840800 -0.00352700
v -0.08960700 0.00543900 -0.00686900
v -0.08985700 0.00592200 -0.00672100
v -0.09057900 0.00538900 -0.00694100
v -0.09140900 0.00422500 -0.00725800
v -0.06604600 0.00868200 -0.00322100
v -0.09190300 0.00378400 -0.00729800
v -0.09215800 0.00342200 -0.00734300
v -0.09230200 0.00375900 -0.00727100
v -0.09196500 0.00422500 -0.00722700
v -0.09247900 0.00407300 -0.00715400
v -0.06702700 0.00849500 -0.00347800
v -0.09108400 0.00474600 -0.00709500
v -0.09103200 0.00435100 -0.00719800
v -0.09114900 0.00532300 -0.00689600
v -0.06560400 0.00821900 -0.00372800
v -0.06581500 0.00844000 -0.00352100
v -0.09194100 0.00478000 -0.00701000
v -0.06609500 0.00798900 -0.00395900
v -0.09291100 0.00502800 -0.00667000
v -0.09244700 0.00540300 -0.00662100
v -0.09244000 0.00451600 -0.00700700
v -0.06607000 0.00771200 -0.00425600
v -0.06647100 0.00735700 -0.00459900
v -0.06684800 0.00792700 -0.00410700
v -0.06311900 0.00741800 -0.00439500
v -0.08687500 0.00723200 -0.00592300
v -0.06346500 0.00713000 -0.00464500
v -0.08720000 0.00763000 -0.00571100
v -0.08782100 0.00710000 -0.00602500
v -0.06459700 0.00718600 -0.00465000
v -0.06397200 0.00729800 -0.00448300
v -0.06399000 0.00687600 -0.00485800
v -0.08689600 0.00804100 -0.00536600
v -0.06382800 0.00756200 -0.00421700
v -0.08793900 0.00748800 -0.00578600
v -0.08845100 0.00793500 -0.00541100
v -0.08755700 0.00812300 -0.00530600
v -0.06510000 0.00639200 -0.00519000
v -0.06483200 0.00685200 -0.00492200
v -0.08839700 0.00670900 -0.00626600
v -0.06543300 0.00683800 -0.00497700
v -0.08843300 0.00723500 -0.00594000
v -0.06594900 0.00684200 -0.00501200
v -0.08944200 0.00629100 -0.00655500
v -0.08948700 0.00681100 -0.00623600
v -0.08900000 0.00671600 -0.00628500
v -0.06623400 0.00637300 -0.00530300
v -0.08913700 0.00740200 -0.00589500
v -0.08905400 0.00798400 -0.00536300
v -0.08949800 0.00762700 -0.00570700
v -0.09002300 0.00721000 -0.00598800
v -0.08732300 0.00889900 -0.00459000
v -0.08861500 0.00902300 -0.00440200
v -0.08824800 0.00853400 -0.00492100
v -0.08871200 0.00833100 -0.00505500
v -0.08759400 0.00952000 -0.00383000
v -0.08792600 0.00972100 -0.00345500
v -0.06767300 0.00649900 -0.00523000
v -0.06744800 0.00594400 -0.00553300
v -0.06796900 0.00587200 -0.00560500
v -0.08830800 0.00945200 -0.00393200
v -0.08794500 0.00913800 -0.00435100
v -0.08743700 0.00920200 -0.00427900
v -0.06709400 0.00642300 -0.00527200
v -0.06759300 0.00693100 -0.00495000
v -0.06675800 0.00679700 -0.00506300
v -0.06714700 0.00725700 -0.00472400
v -0.08889300 0.00951500 -0.00365300
v -0.08872300 0.00964000 -0.00349300
v -0.06819300 0.00661900 -0.00524000
v -0.06824200 0.00710000 -0.00493800
v -0.06857200 0.00577300 -0.00568200
v -0.06844000 0.00613700 -0.00550700
v -0.06984700 0.00471100 -0.00603300
v -0.06979300 0.00549100 -0.00584500
v -0.06925900 0.00609800 -0.00560300
v -0.06871900 0.00650200 -0.00536200
v -0.06880100 0.00701100 -0.00504100
v -0.08935100 0.00831400 -0.00507600
v -0.08911800 0.00867800 -0.00475000
v -0.06942700 0.00662300 -0.00533300
v -0.08995000 0.00787000 -0.00554400
v -0.08949000 0.00801900 -0.00535200
v -0.07005200 0.00636000 -0.00548100
v -0.08992300 0.00817800 -0.00524800
v -0.09043100 0.00816800 -0.00520600
v -0.08934300 0.00896900 -0.00442000
v -0.08985900 0.00866800 -0.00472800
v -0.08924600 0.00923400 -0.00408000
v -0.06811300 0.00811500 -0.00396400
v -0.09042200 0.00849600 -0.00480200
v -0.06733300 0.00756000 -0.00444800
v -0.06757700 0.00806300 -0.00395100
v -0.06776700 0.00777300 -0.00429200
v -0.06777200 0.00727500 -0.00470400
v -0.06873000 0.00744200 -0.00472000
v -0.06814500 0.00736700 -0.00465800
v -0.06834600 0.00775500 -0.00439500
v -0.06915600 0.00774000 -0.00451700
v -0.09109200 0.00587300 -0.00664500
v -0.09173400 0.00628600 -0.00632700
v -0.09090400 0.00656500 -0.00629200
v -0.09084300 0.00716700 -0.00587100
v -0.09066800 0.00767200 -0.00564100
v -0.06975100 0.00758000 -0.00469600
v -0.09038500 0.00674200 -0.00626000
v -0.09141200 0.00681800 -0.00604100
v -0.07031300 0.00742900 -0.00480700
v -0.07052000 0.00775700 -0.00453600
v -0.06932500 0.00745300 -0.00478700
v -0.09054500 0.00610000 -0.00663400
v -0.08992600 0.00627600 -0.00655300
v -0.07011100 0.00700000 -0.00506000
v -0.07048300 0.00704100 -0.00506800
v -0.09169200 0.00565700 -0.00665500
v -0.09240100 0.00591200 -0.00637600
v -0.09282600 0.00569600 -0.00641900
v -0.09330000 0.00556600 -0.00635400
v -0.09231600 0.00633400 -0.00616400
v -0.09185500 0.00686000 -0.00591000
v -0.09257400 0.00660100 -0.00600400
v -0.09264500 0.00614300 -0.00621600
v -0.06966700 0.00171300 -0.00646400
v -0.07050200 0.00190300 -0.00652500
v -0.09113500 0.00757800 -0.00560400
v -0.09087800 0.00780300 -0.00550200
v -0.06902900 0.00213500 -0.00640400
v -0.09157900 0.00739000 -0.00563600
v -0.09139800 0.00777000 -0.00538700
v -0.09187500 0.00775900 -0.00536900
v -0.06933600 0.00287800 -0.00636400
v -0.06973400 0.00251300 -0.00640600
v -0.06991500 0.00321200 -0.00636000
v -0.07077700 0.00279300 -0.00648100
v -0.07134000 0.00100500 -0.00672900
v -0.07192500 0.00085700 -0.00676900
v -0.07190200 0.00166500 -0.00666000
v -0.07247900 0.00140100 -0.00671500
v -0.07113700 0.00142900 -0.00663500
v -0.07143900 0.00217600 -0.00654400
v -0.07242200 0.00251900 -0.00656100
v -0.08293100 0.01016200 0.00161200
v -0.06964800 0.00384200 -0.00625400
v -0.08412800 0.01024100 0.00122300
v -0.08454600 0.01030700 0.00073900
v -0.07037200 0.00366800 -0.00634100
v -0.07105000 0.00361800 -0.00639000
v -0.07014500 0.00415700 -0.00619200
v -0.08385600 0.01029500 -0.00000900
v -0.08436400 0.01029600 0.00024500
v -0.07079500 0.00398700 -0.00628500
v -0.08511600 0.01029000 0.00017000
v -0.08414500 0.01030500 -0.00039800
v -0.07171500 0.00290300 -0.00646700
v -0.07229600 0.00327600 -0.00644300
v -0.07162700 0.00352900 -0.00635600
v -0.08588700 0.01031400 0.00041700
v -0.07249200 0.00405800 -0.00632800
v -0.07174600 0.00407400 -0.00626500
v -0.07289600 0.00355300 -0.00645800
v -0.08639300 0.01031300 0.00022400
v -0.07126300 0.00391800 -0.00631000
v -0.07120500 0.00441500 -0.00618100
v -0.08584900 0.01040400 -0.00011900
v -0.08537500 0.01031100 -0.00053500
v -0.08487100 0.01027500 -0.00055400
v -0.08514600 0.01026900 -0.00086000
v -0.07236500 0.00067500 -0.00677300
v -0.08572100 0.01029300 -0.00080500
v -0.08649100 0.01041700 -0.00045000
v -0.08631300 0.01030600 -0.00100400
v -0.08697300 0.01035100 -0.00023100
v -0.07311200 0.00214800 -0.00664800
v -0.08740600 0.01037600 -0.00022800
v -0.07308200 0.00290600 -0.00656100
v -0.08799300 0.01043200 -0.00031400
v -0.08850300 0.01039000 -0.00060500
v -0.08675400 0.01039800 -0.00082700
v -0.08717400 0.01035100 -0.00065900
v -0.07361400 0.00346700 -0.00652600
v -0.08779800 0.01030300 -0.00108000
v -0.08690400 0.01038400 -0.00143100
v -0.07407500 0.00295100 -0.00659100
v -0.07476400 0.00235700 -0.00673000
v -0.07436300 0.00344400 -0.00654400
v -0.07476900 0.00286700 -0.00664500
v -0.08853000 0.01033500 -0.00131000
v -0.08546900 0.01022700 -0.00122600
v -0.08579700 0.01025200 -0.00133500
v -0.08639200 0.01029400 -0.00147300
v -0.08537700 0.01020700 -0.00178700
v -0.07021200 0.00514700 -0.00593600
v -0.08610700 0.01028500 -0.00183700
v -0.07074100 0.00472200 -0.00606600
v -0.07158300 0.00529400 -0.00596900
v -0.07076000 0.00528100 -0.00592100
v -0.07034600 0.00600000 -0.00566600
v -0.07096800 0.00631800 -0.00554600
v -0.07118400 0.00583800 -0.00574700
v -0.08645500 0.01032100 -0.00198300
v -0.08674700 0.01031400 -0.00197400
v -0.08714700 0.01035400 -0.00188400
v -0.08741400 0.01034700 -0.00176900
v -0.08696800 0.01026700 -0.00213200
v -0.07192400 0.00580800 -0.00581500
v -0.08742000 0.01029400 -0.00219600
v -0.07214600 0.00471700 -0.00613600
v -0.08813500 0.01029300 -0.00171300
v -0.07318500 0.00412000 -0.00635800
v -0.07287800 0.00481500 -0.00620700
v -0.08805500 0.01037000 -0.00212100
v -0.08802300 0.01031000 -0.00236200
v -0.08640500 0.01028300 -0.00219000
v -0.08675200 0.01003300 -0.00265600
v -0.07284600 0.00551100 -0.00602700
v -0.07351600 0.00516200 -0.00615200
v -0.08718400 0.00999100 -0.00281600
v -0.07222800 0.00531400 -0.00604300
v -0.08774000 0.01007800 -0.00275400
v -0.07230700 0.00618300 -0.00571100
v -0.07076300 0.00696300 -0.00511600
v -0.07107800 0.00745100 -0.00481200
v -0.07075000 0.00740500 -0.00482000
v -0.08901700 0.01042500 -0.00045200
v -0.07165700 0.00703800 -0.00514200
v -0.07168200 0.00638300 -0.00554900
v -0.07224500 0.00679300 -0.00538200
v -0.08889100 0.01044100 -0.00081400
v -0.08950400 0.01057100 -0.00091300
v -0.08921000 0.01052500 -0.00119200
v -0.07058300 0.00669200 -0.00527800
v -0.07117700 0.00667200 -0.00531800
v -0.08904600 0.01041300 -0.00164100
v -0.08961500 0.01054100 -0.00169800
v -0.07278300 0.00656200 -0.00556100
v -0.07311200 0.00621700 -0.00579500
v -0.09180100 0.00992500 -0.00178200
v -0.09114400 0.01006200 -0.00228900
v -0.09185900 0.00979500 -0.00235500
v -0.08969700 0.01050400 -0.00002000
v -0.07365800 0.00574300 -0.00596000
v -0.07370000 0.00617800 -0.00575800
v -0.07338800 0.00649900 -0.00563400
v -0.08965400 0.01054000 -0.00054600
v -0.09009800 0.01052800 -0.00024800
v -0.09035400 0.01050600 -0.00042000
v -0.08998100 0.01058800 -0.00089900
v -0.07384300 0.00668300 -0.00553800
v -0.08974300 0.01058500 -0.00136200
v -0.09035800 0.01046600 -0.00141900
v -0.09078300 0.01035300 -0.00092300
v -0.08994100 0.01056500 -0.00157000
v -0.08980600 0.01051400 -0.00183200
v -0.09133000 0.01020500 -0.00132800
v -0.07361400 0.00462600 -0.00630300
v -0.07411100 0.00395700 -0.00645900
v -0.07460000 0.00378200 -0.00649600
v -0.07491700 0.00353300 -0.00656600
v -0.07464400 0.00447300 -0.00636400
v -0.07506000 0.00412100 -0.00649500
v -0.09065900 0.01037400 -0.00179700
v -0.09028400 0.01042400 -0.00172100
v -0.07393900 0.00515300 -0.00617200
v -0.07455700 0.00526800 -0.00615200
v -0.07516200 0.00471500 -0.00631300
v -0.07558600 0.00377500 -0.00660700
v -0.08850400 0.01026400 -0.00195200
v -0.08891500 0.01028200 -0.00196100
v -0.08852100 0.01021500 -0.00223500
v -0.08848300 0.01014800 -0.00250500
v -0.08887300 0.01011600 -0.00259300
v -0.08942300 0.01011300 -0.00253100
v -0.08962800 0.01020300 -0.00229000
v -0.08933600 0.01026400 -0.00210500
v -0.07558000 0.00438000 -0.00643700
v -0.07600200 0.00412500 -0.00652000
v -0.08989300 0.01025700 -0.00224100
v -0.07628000 0.00459500 -0.00641000
v -0.08979000 0.01009700 -0.00271300
v -0.08929900 0.00995100 -0.00288100
v -0.07652700 0.00399200 -0.00657700
v -0.07703000 0.00375700 -0.00668100
v -0.07699200 0.00450100 -0.00646600
v -0.08856500 0.00996900 -0.00284000
v -0.07438000 0.00572400 -0.00595600
v -0.08899600 0.00989500 -0.00305100
v -0.07432200 0.00636600 -0.00566900
v -0.08933200 0.00988600 -0.00311600
v -0.08971000 0.00990700 -0.00321000
v -0.08920900 0.00975600 -0.00338100
v -0.07511800 0.00522400 -0.00616800
v -0.08946300 0.00945900 -0.00374400
v -0.07511700 0.00579100 -0.00594300
v -0.07564600 0.00558900 -0.00607200
v -0.07488700 0.00627200 -0.00573200
v -0.09017100 0.01024500 -0.00211500
v -0.09023500 0.01008000 -0.00252400
v -0.09065400 0.01009500 -0.00241700
v -0.09022400 0.00996300 -0.00288900
v -0.07562700 0.00505700 -0.00624400
v -0.09089600 0.00995400 -0.00271900
v -0.07609300 0.00550400 -0.00616300
v -0.09145200 0.00979900 -0.00273800
v -0.09047800 0.00972600 -0.00319600
v -0.09107400 0.00970200 -0.00313200
v -0.09069200 0.00951900 -0.00347000
v -0.09144100 0.00957700 -0.00323600
v -0.09118700 0.00948600 -0.00349000
v -0.07669600 0.00495800 -0.00632800
v -0.07665800 0.00553200 -0.00618400
v -0.07733000 0.00541200 -0.00625700
v -0.07717700 0.00485500 -0.00640300
v -0.08959700 0.00976900 -0.00340600
v -0.09026400 0.00957100 -0.00344800
v -0.09011500 0.00976300 -0.00325900
v -0.09006800 0.00927400 -0.00388300
v -0.08995300 0.00950900 -0.00361400
v -0.09067400 0.00930100 -0.00388500
v -0.09104000 0.00934100 -0.00372800
v -0.09106200 0.00912000 -0.00410600
v -0.07651700 -0.00726300 -0.00322200
v -0.07607100 -0.00706900 -0.00362200
v -0.07701000 -0.00720600 -0.00343200
v -0.07677000 -0.00709200 -0.00368900
v -0.07589400 -0.00683000 -0.00398700
v -0.09227700 0.00957400 -0.00264800
v -0.09254400 0.00967300 -0.00205200
v -0.09287000 0.00935300 -0.00261700
v -0.09178200 0.00967000 -0.00271500
v -0.09318400 0.00944900 -0.00214200
v -0.07660200 -0.00693900 -0.00392500
v -0.07716900 -0.00699400 -0.00387100
v -0.09275300 0.00925900 -0.00293600
v -0.07627000 -0.00668100 -0.00422900
v -0.07569400 -0.00655100 -0.00432800
v -0.07677400 -0.00664200 -0.00430700
v -0.09325000 0.00918900 -0.00299100
v -0.09328100 0.00926100 -0.00256800
v -0.09293700 0.00919700 -0.00320900
v -0.07813600 -0.00729400 -0.00322300
v -0.07770600 -0.00715400 -0.00362400
v -0.09427300 0.00893500 -0.00254700
v -0.09449700 0.00892500 -0.00216600
v -0.09419300 0.00909300 -0.00229400
v -0.09474700 0.00873300 -0.00206500
v -0.09513900 0.00833300 -0.00242100
v -0.09502600 0.00828600 -0.00290700
v -0.09476800 0.00855900 -0.00245300
v -0.09480800 0.00839000 -0.00301800
v -0.09439800 0.00865100 -0.00281900
v -0.07882200 -0.00720700 -0.00339800
v -0.07827800 -0.00708300 -0.00368700
v -0.07784400 -0.00700300 -0.00389500
v -0.07874300 -0.00696200 -0.00385100
v -0.09422800 0.00827100 -0.00374800
v -0.09436100 0.00844900 -0.00329200
v -0.09367900 0.00875500 -0.00334200
v -0.09464400 0.00790600 -0.00393500
v -0.09493600 0.00787800 -0.00342800
v -0.09455900 0.00818500 -0.00349500
v -0.09372600 0.00925000 -0.00224900
v -0.09370300 0.00911100 -0.00275900
v -0.09403700 0.00869700 -0.00306200
v -0.07771400 -0.00665800 -0.00430900
v -0.09358100 0.00903300 -0.00303000
v -0.09339500 0.00876200 -0.00355100
v -0.07700100 -0.00634900 -0.00472900
v -0.09492100 0.00813800 -0.00316000
v -0.07827000 -0.00659500 -0.00437700
v -0.07893100 -0.00664100 -0.00429500
v -0.09255300 0.00980100 -0.00140100
v -0.07522400 -0.00634200 -0.00457200
v -0.09299400 0.00960100 -0.00179300
v -0.07581700 -0.00604500 -0.00494700
v -0.07607500 -0.00633100 -0.00460000
v -0.07649500 -0.00635900 -0.00465800
v -0.07643400 -0.00608900 -0.00492400
v -0.07688400 -0.00607600 -0.00500000
v -0.09402800 0.00917200 -0.00186500
v -0.07543000 -0.00584500 -0.00512900
v -0.07560700 -0.00525400 -0.00568200
v -0.07596800 -0.00559400 -0.00536900
v -0.09194500 0.00910100 -0.00383800
v -0.09212700 0.00921400 -0.00337500
v -0.09151300 0.00941800 -0.00355000
v -0.09255800 0.00862000 -0.00399800
v -0.09201000 0.00879700 -0.00408800
v -0.09250500 0.00884800 -0.00377500
v -0.09226600 0.00910000 -0.00362600
v -0.09251600 0.00905300 -0.00364100
v -0.09272000 0.00898700 -0.00365400
v -0.09286500 0.00863200 -0.00388700
v -0.09306000 0.00873500 -0.00374600
v -0.07741700 -0.00623300 -0.00492000
v -0.07799800 -0.00632700 -0.00485800
v -0.09238800 0.00918000 -0.00320800
v -0.09199900 0.00940900 -0.00308500
v -0.09257400 0.00909800 -0.00345500
v -0.09234400 0.00910200 -0.00340000
v -0.09313500 0.00908200 -0.00337700
v -0.09280200 0.00910300 -0.00349700
v -0.09158800 0.00912000 -0.00396000
v -0.07873000 -0.00641900 -0.00470200
v -0.07699300 -0.00564100 -0.00540300
v -0.07640700 -0.00521800 -0.00574300
v -0.09348800 0.00847600 -0.00392500
v -0.09298900 0.00830500 -0.00434000
v -0.09327900 0.00845400 -0.00407200
v -0.09354700 0.00816500 -0.00451100
v -0.07748900 -0.00575900 -0.00533200
v -0.07792600 -0.00608100 -0.00514500
v -0.09416400 0.00798900 -0.00427200
v -0.07856300 -0.00620900 -0.00496500
v -0.07865500 -0.00577200 -0.00542700
v -0.07817800 -0.00557000 -0.00561800
v -0.07750600 -0.00533800 -0.00566400
v -0.07698900 -0.00504800 -0.00590100
v -0.07749300 -0.00496200 -0.00598400
v -0.07796100 -0.00527800 -0.00579000
v -0.07857100 -0.00532500 -0.00576900
v -0.07779700 -0.00486000 -0.00602600
v -0.07835800 -0.00494300 -0.00605100
v -0.07887900 -0.00498600 -0.00605300
v -0.07867200 -0.00474600 -0.00617300
v -0.07942000 -0.00696400 -0.00391900
v -0.08052500 -0.00690300 -0.00411200
v -0.08107800 -0.00687900 -0.00431600
v -0.08030200 -0.00667400 -0.00442000
v -0.08078300 -0.00650900 -0.00466000
v -0.07953700 -0.00662100 -0.00448800
v -0.07929100 -0.00638600 -0.00484100
v -0.07979300 -0.00640200 -0.00479800
v -0.07950800 -0.00622500 -0.00505000
v -0.08050400 -0.00615800 -0.00502600
v -0.08106800 -0.00597100 -0.00534500
v -0.09554500 -0.00182100 0.00497300
v -0.09581400 -0.00228500 0.00452300
v -0.08180200 -0.00672000 -0.00457800
v -0.09621100 -0.00230000 0.00405300
v -0.08243400 -0.00663600 -0.00475000
v -0.09656400 -0.00148300 0.00416500
v -0.09624400 -0.00108300 0.00457700
v -0.08126000 -0.00647300 -0.00480000
v -0.09662500 -0.00191700 0.00380500
v -0.08157200 -0.00624100 -0.00510900
v -0.09613400 -0.00036300 0.00486600
v -0.08205400 -0.00643400 -0.00497800
v -0.08238500 -0.00623500 -0.00522100
v -0.08294000 -0.00647300 -0.00490600
v -0.08166600 -0.00556400 -0.00572600
v -0.08259200 -0.00556100 -0.00574000
v -0.07902300 -0.00621100 -0.00506500
v -0.07903700 -0.00590300 -0.00535200
v -0.07970500 -0.00580100 -0.00543700
v -0.07993400 -0.00606300 -0.00519000
v -0.07919500 -0.00538800 -0.00574300
v -0.07990900 -0.00533600 -0.00582700
v -0.09690200 -0.00127700 0.00376800
v -0.08041000 -0.00586600 -0.00539900
v -0.09686300 -0.00231400 0.00301100
v -0.09686300 -0.00231400 0.00301100
v -0.08079800 -0.00557300 -0.00567100
v -0.09707600 -0.00165200 0.00322400
v -0.09707600 -0.00165200 0.00322400
v -0.09725500 -0.00200800 0.00253300
v -0.09732100 -0.00096200 0.00327100
v -0.09732100 -0.00096200 0.00327100
v -0.07942300 -0.00507700 -0.00598300
v -0.07994900 -0.00509700 -0.00598800
v -0.07917600 -0.00476000 -0.00618500
v -0.07969300 -0.00466900 -0.00628000
v -0.09744200 -0.00213000 0.00195300
v -0.09762200 -0.00174100 0.00194500
v -0.09759700 -0.00200200 0.00156600
v -0.08044700 -0.00504700 -0.00603500
v -0.09743400 -0.00132300 0.00275300
v -0.08019500 -0.00470900 -0.00627200
v -0.09780800 -0.00097500 0.00210800
v -0.09783900 -0.00132500 0.00163300
v -0.09664000 -0.00018100 0.00427100
v -0.09679300 -0.00077400 0.00402500
v -0.08098700 -0.00499000 -0.00606100
v -0.09665500 0.00046400 0.00459300
v -0.09719700 -0.00052600 0.00365000
v -0.09717900 0.00030100 0.00386400
v -0.09702500 0.00108200 0.00435300
v -0.08021400 -0.00441800 -0.00642100
v -0.08060300 -0.00462000 -0.00633500
v -0.08062200 -0.00431900 -0.00649100
v -0.09759800 0.00000600 0.00327100
v -0.09759800 0.00000600 0.00327100
v -0.08210400 -0.00500800 -0.00617300
v -0.08297600 -0.00511900 -0.00615800
v -0.09767500 -0.00058200 0.00283000
v -0.08132000 -0.00423400 -0.00655900
v -0.09797500 -0.00047000 0.00209200
v -0.08207300 -0.00439100 -0.00656100
v -0.09754000 0.00052200 0.00344000
v -0.09754000 0.00052200 0.00344000
v -0.08281700 -0.00472100 -0.00640400
v -0.09791800 0.00019500 0.00265500
v -0.09794000 0.00068300 0.00281100
v -0.09804100 0.00056700 0.00252800
v -0.08186100 -0.00389500 -0.00672700
v -0.08251000 -0.00413300 -0.00669000
v -0.08273100 -0.00349200 -0.00690200
v -0.09654900 0.00090800 0.00484500
v -0.09681300 0.00142100 0.00467900
v -0.07587700 -0.00475900 -0.00605200
v -0.07537100 -0.00483800 -0.00601700
v -0.09729300 0.00166500 0.00401400
v -0.07542100 -0.00446000 -0.00620100
v -0.07609100 -0.00414600 -0.00639000
v -0.07660200 -0.00463400 -0.00613300
v -0.09674500 0.00235400 0.00457800
v -0.07686500 -0.00412300 -0.00647600
v -0.09752000 0.00126600 0.00364100
v -0.09752000 0.00126600 0.00364100
v -0.07555100 -0.00394600 -0.00645700
v -0.09757200 0.00174900 0.00345800
v -0.09718500 0.00251600 0.00385700
v -0.09688600 0.00285900 0.00414900
v -0.07555400 -0.00331400 -0.00669500
v -0.09756800 0.00234100 0.00336300
v -0.07616500 -0.00368500 -0.00659500
v -0.07612800 -0.00325800 -0.00675300
v -0.09777700 0.00101300 0.00313900
v -0.07682900 -0.00367400 -0.00665800
v -0.09806100 0.00103300 0.00263900
v -0.07651300 -0.00321000 -0.00678800
v -0.09798600 0.00149400 0.00267800
v -0.07739200 -0.00440600 -0.00628000
v -0.09783200 0.00220200 0.00299900
v -0.07769500 -0.00420800 -0.00638600
v -0.07721800 -0.00398300 -0.00653700
v -0.07775400 -0.00359900 -0.00667500
v -0.07797300 -0.00396100 -0.00649800
v -0.07835400 -0.00437000 -0.00632200
v -0.09703200 0.00332500 0.00382600
v -0.07887900 -0.00440300 -0.00633000
v -0.09742400 0.00276700 0.00343000
v -0.07723000 -0.00342500 -0.00673700
v -0.09651400 0.00412700 0.00399400
v -0.07575300 -0.00281200 -0.00683000
v -0.07637100 -0.00277900 -0.00685400
v -0.07708000 -0.00271700 -0.00685900
v -0.09776300 -0.00187700 0.00082200
v -0.07699300 -0.00217900 -0.00698300
v -0.07814300 -0.00337800 -0.00677500
v -0.07863500 -0.00384100 -0.00658300
v -0.07751800 -0.00305300 -0.00682800
v -0.09812000 -0.00049000 0.00101100
v -0.09816800 0.00008200 0.00119400
v -0.07774000 -0.00251300 -0.00695600
v -0.09814900 0.00038300 0.00200100
v -0.09817200 0.00092700 0.00224200
v -0.07925700 -0.00336500 -0.00679300
v -0.07870200 -0.00275700 -0.00697800
v -0.09823900 0.00064300 0.00160000
v -0.09827900 0.00065700 0.00099000
v -0.09826400 0.00121800 0.00127100
v -0.07841000 -0.00187000 -0.00717300
v -0.07894100 -0.00239400 -0.00706800
v -0.09798600 -0.00113900 0.00076500
v -0.09783700 -0.00178300 0.00025100
v -0.07565600 -0.00204800 -0.00696200
v -0.09798900 -0.00146700 -0.00039400
v -0.07608600 -0.00226400 -0.00695400
v -0.09813200 -0.00083900 0.00017600
v -0.07557500 -0.00134500 -0.00698300
v -0.07625000 -0.00168900 -0.00699300
v -0.07607500 -0.00110100 -0.00703300
v -0.07649100 -0.00112500 -0.00701700
v -0.09824200 -0.00029500 0.00001500
v -0.09830000 0.00015600 0.00057900
v -0.07677200 -0.00137200 -0.00703600
v -0.09838700 0.00054800 0.00049000
v -0.09832700 0.00018700 0.00004500
v -0.09843000 0.00099300 0.00063400
v -0.09787700 -0.00161200 -0.00108200
v -0.07773700 -0.00196400 -0.00705200
v -0.07749400 -0.00140000 -0.00707100
v -0.09820400 -0.00063700 -0.00028500
v -0.09810100 -0.00089200 -0.00087000
v -0.09823400 -0.00045900 -0.00072500
v -0.09789700 -0.00141500 -0.00156100
v -0.07936600 -0.00402300 -0.00653200
v -0.09779500 -0.00141800 -0.00219500
v -0.09793300 -0.00102400 -0.00193800
v -0.09799600 -0.00099500 -0.00126500
v -0.07981900 -0.00403300 -0.00656000
v -0.09815700 -0.00050900 -0.00105200
v -0.09796700 -0.00057700 -0.00219200
v -0.09803400 -0.00042800 -0.00156700
v -0.07968500 -0.00358700 -0.00668700
v -0.09834900 -0.00014300 -0.00049200
v -0.08029300 -0.00388600 -0.00660700
v -0.09846900 0.00022000 -0.00047000
v -0.09845400 0.00058400 0.00000300
v -0.09850200 0.00102800 0.00023200
v -0.09862300 0.00066500 -0.00052800
v -0.07994200 -0.00307000 -0.00689500
v -0.08065100 -0.00311500 -0.00695400
v -0.09858800 0.00107100 -0.00018200
v -0.08086800 -0.00371200 -0.00671500
v -0.09832500 -0.00015400 -0.00096800
v -0.09817900 -0.00009200 -0.00146700
v -0.09839700 0.00013800 -0.00118200
v -0.09848000 0.00016700 -0.00090200
v -0.09854100 0.00033600 -0.00118300
v -0.07952100 -0.00257700 -0.00704800
v -0.09859000 0.00049600 -0.00156500
v -0.09869900 0.00063700 -0.00121200
v -0.09872800 0.00084200 -0.00099500
v -0.09877300 0.00085900 -0.00133300
v -0.09870500 0.00076600 -0.00184300
v -0.08033500 -0.00239900 -0.00711800
v -0.09815200 0.00136400 0.00226400
v -0.09797000 0.00227600 0.00259000
v -0.09821400 0.00148600 0.00170700
v -0.09810600 0.00232500 0.00177300
v -0.08165000 -0.00361700 -0.00678700
v -0.08128200 -0.00319200 -0.00695200
v -0.08176500 -0.00294800 -0.00704600
v -0.09778100 0.00255900 0.00293200
v -0.08135900 -0.00266700 -0.00712300
v -0.08091700 -0.00251700 -0.00711500
v -0.08211200 -0.00340800 -0.00690900
v -0.09833800 0.00164900 0.00108300
v -0.09847300 0.00141500 0.00058300
v -0.09838600 0.00176000 0.00075000
v -0.08294000 -0.00679000 -0.00450400
v -0.08327100 -0.00672900 -0.00453900
v -0.09784700 0.00298100 0.00242500
v -0.08345800 -0.00644800 -0.00489100
v -0.08300800 -0.00618200 -0.00520600
v -0.09826700 0.00218400 0.00100100
v -0.08405000 -0.00657400 -0.00475200
v -0.09810800 0.00295900 0.00092000
v -0.09785100 0.00355600 0.00164400
v -0.09720100 0.00364500 0.00336100
v -0.08396200 -0.00602600 -0.00526000
v -0.09759300 0.00329900 0.00280300
v -0.09696900 0.00414500 0.00342500
v -0.09664400 0.00470600 0.00353000
v -0.08461600 -0.00664500 -0.00467500
v -0.08436700 -0.00621900 -0.00506800
v -0.08515200 -0.00646200 -0.00490000
v -0.09687900 0.00503400 0.00297400
v -0.08325300 -0.00565200 -0.00566400
v -0.09720100 0.00421500 0.00294400
v -0.08486400 -0.00592400 -0.00543100
v -0.09767300 0.00376500 0.00219200
v -0.08390800 -0.00549800 -0.00580800
v -0.08456300 -0.00571600 -0.00563500
v -0.09701100 0.00515700 0.00256700
v -0.08431500 -0.00526700 -0.00606700
v -0.09753500 0.00439000 0.00190400
v -0.08561700 -0.00621300 -0.00523800
v -0.08560900 -0.00583400 -0.00564000
v -0.08601600 -0.00616200 -0.00536200
v -0.08672400 -0.00631100 -0.00518300
v -0.09773600 0.00403100 0.00156800
v -0.08667900 -0.00589700 -0.00566100
v -0.08503300 -0.00548300 -0.00586400
v -0.09828200 0.00223100 0.00017200
v -0.09847100 0.00165000 0.00001800
v -0.08473400 -0.00518600 -0.00618600
v -0.09820000 0.00274500 0.00023900
v -0.08589400 -0.00516400 -0.00617500
v -0.08512800 -0.00500500 -0.00628700
v -0.08609600 -0.00568900 -0.00583600
v -0.09834700 0.00230100 -0.00012800
v -0.09839500 0.00293500 -0.00034200
v -0.09819000 0.00324000 0.00007200
v -0.09834400 0.00324900 -0.00042600
v -0.08645000 -0.00540000 -0.00609600
v -0.08670000 -0.00511200 -0.00629800
v -0.09838100 0.00313900 -0.00070000
v -0.09737000 0.00485300 0.00172200
v -0.08352800 -0.00524100 -0.00602500
v -0.08349800 -0.00491200 -0.00630800
v -0.08394700 -0.00514800 -0.00616300
v -0.09800700 0.00367500 0.00070000
v -0.08434000 -0.00502600 -0.00624400
v -0.08410300 -0.00468400 -0.00644100
v -0.08453600 -0.00457600 -0.00650000
v -0.09763800 0.00454200 0.00093500
v -0.08404300 -0.00428200 -0.00665200
v -0.09738100 0.00511900 0.00104900
v -0.08339400 -0.00430800 -0.00665600
v -0.09813400 0.00365100 -0.00017600
v -0.09781500 0.00422400 0.00033900
v -0.08307900 -0.00388000 -0.00682200
v -0.08345700 -0.00399100 -0.00681000
v -0.09791900 0.00412000 -0.00043100
v -0.08346500 -0.00361600 -0.00692300
v -0.08394800 -0.00380600 -0.00688900
v -0.09736500 0.00528700 0.00053900
v -0.09758900 0.00486700 -0.00038200
v -0.08467300 -0.00396100 -0.00685600
v -0.09853300 0.00134400 0.00000100
v -0.09859600 0.00140100 -0.00029900
v -0.08491600 -0.00456300 -0.00654100
v -0.09860400 0.00179000 -0.00058800
v -0.09850700 0.00232200 -0.00060300
v -0.08563200 -0.00441000 -0.00660100
v -0.09858500 0.00213100 -0.00089600
v -0.09845300 0.00268100 -0.00083600
v -0.08607200 -0.00478200 -0.00639600
v -0.08671100 -0.00447400 -0.00661300
v -0.09772900 -0.00096900 -0.00306700
v -0.09810700 -0.00005700 -0.00189100
v -0.09788300 -0.00072300 -0.00247100
v -0.09799900 -0.00034300 -0.00243200
v -0.08725500 -0.00611700 -0.00538000
v -0.08768900 -0.00613600 -0.00531100
v -0.09817300 0.00031100 -0.00243700
v -0.08725800 -0.00579200 -0.00569200
v -0.09754700 -0.00092000 -0.00367500
v -0.09785600 -0.00029700 -0.00326900
v -0.08824600 -0.00610100 -0.00536300
v -0.08783000 -0.00555400 -0.00587700
v -0.09790900 -0.00040000 -0.00293000
v -0.09806000 0.00025200 -0.00311300
v -0.08874400 -0.00574600 -0.00572800
v -0.09780900 0.00011200 -0.00365100
v -0.09826100 0.00027600 -0.00199900
v -0.09858700 0.00065000 -0.00202400
v -0.08723400 -0.00547400 -0.00607600
v -0.09831200 0.00052700 -0.00234300
v -0.09838400 0.00078900 -0.00259200
v -0.09876300 0.00103400 -0.00179300
v -0.08771000 -0.00522700 -0.00622200
v -0.09871300 0.00105900 -0.00200000
v -0.09877700 0.00129100 -0.00130400
v -0.09871200 0.00145600 -0.00150500
v -0.09862400 0.00142300 -0.00190400
v -0.09863300 0.00091100 -0.00225700
v -0.09849100 0.00116100 -0.00262500
v -0.09850500 0.00153900 -0.00234000
v -0.09843500 0.00194100 -0.00202600
v -0.09824700 0.00068400 -0.00275500
v -0.09834000 0.00109400 -0.00298000
v -0.09801900 0.00060500 -0.00357100
v -0.09818900 0.00080500 -0.00313700
v -0.09818300 0.00113900 -0.00335500
v -0.09849700 0.00143400 -0.00283200
v -0.09847600 0.00197600 -0.00258000
v -0.09834900 0.00151200 -0.00326500
v -0.07914500 -0.00155500 -0.00721900
v -0.09852500 0.00181500 -0.00300000
v -0.09744800 -0.00057600 -0.00412700
v -0.07651500 -0.00059400 -0.00700000
v -0.07644400 -0.00009500 -0.00699400
v -0.09719200 -0.00009500 -0.00475200
v -0.07721500 -0.00096700 -0.00708600
v -0.09763700 -0.00013400 -0.00389700
v -0.07690500 -0.00073600 -0.00700500
v -0.09784100 0.00046800 -0.00393400
v -0.09737900 0.00004800 -0.00441000
v -0.07697200 -0.00027100 -0.00710800
v -0.09777900 0.00076100 -0.00430900
v -0.09697700 0.00017800 -0.00520100
v -0.07748400 -0.00047900 -0.00714000
v -0.07712500 0.00028500 -0.00711500
v -0.07760600 0.00019500 -0.00717000
v -0.09741200 0.00055200 -0.00477800
v -0.09728700 0.00089400 -0.00504200
v -0.07616300 0.00037700 -0.00698000
v -0.07654900 0.00049300 -0.00699500
v -0.09762700 0.00084800 -0.00459500
v -0.09795000 0.00085300 -0.00397500
v -0.07692900 0.00086300 -0.00700200
v -0.07743800 0.00062900 -0.00714300
v -0.09811400 0.00136500 -0.00368900
v -0.09778600 0.00100300 -0.00436100
v -0.09788800 0.00139100 -0.00413100
v -0.07836200 -0.00114300 -0.00721600
v -0.07787200 -0.00076600 -0.00718900
v -0.09829100 0.00186200 -0.00360700
v -0.09840400 0.00215400 -0.00337900
v -0.09805600 0.00164900 -0.00389900
v -0.09826400 0.00245500 -0.00356100
v -0.09803900 0.00237100 -0.00378800
v -0.07890900 -0.00114900 -0.00723800
v -0.09758500 0.00119400 -0.00462000
v -0.09731300 0.00166900 -0.00494100
v -0.07823800 -0.00002300 -0.00734800
v -0.07866200 -0.00060200 -0.00731400
v -0.09785900 0.00236500 -0.00400300
v -0.09797300 0.00206300 -0.00399500
v -0.09767100 0.00236000 -0.00437900
v -0.09778200 0.00200200 -0.00430400
v -0.09739200 0.00242900 -0.00478600
v -0.07927500 -0.00116100 -0.00727000
v -0.07919200 -0.00076800 -0.00736900
v -0.07891500 -0.00036500 -0.00741400
v -0.07940700 -0.00044300 -0.00746900
v -0.07858400 0.00034300 -0.00757400
v -0.07896200 0.00032500 -0.00768700
v -0.07946200 0.00005700 -0.00767100
v -0.07985000 -0.00022500 -0.00758000
v -0.07800400 0.00066500 -0.00739300
v -0.09817000 0.00309300 -0.00154400
v -0.09821100 0.00317100 -0.00126800
v -0.09807400 0.00355400 -0.00151900
v -0.09798900 0.00394300 -0.00168600
v -0.09804900 0.00373800 -0.00226200
v -0.07666900 0.00114400 -0.00693100
v -0.07650500 0.00174700 -0.00686300
v -0.07689300 0.00147200 -0.00690400
v -0.09811700 0.00375800 -0.00068700
v -0.07731500 0.00096600 -0.00711800
v -0.09808000 0.00374800 -0.00104600
v -0.07736400 0.00159500 -0.00710600
v -0.09801400 0.00396300 -0.00095200
v -0.09798900 0.00406100 -0.00124000
v -0.07778700 0.00128000 -0.00729900
v -0.09786100 0.00436100 -0.00123000
v -0.09767800 0.00465400 -0.00094100
v -0.07689300 0.00209400 -0.00687000
v -0.07686300 0.00258900 -0.00681300
v -0.09721900 0.00567700 -0.00022900
v -0.07774300 0.00174100 -0.00728200
v -0.07795200 0.00165400 -0.00740500
v -0.07743100 0.00211000 -0.00710400
v -0.07737700 0.00261900 -0.00700700
v -0.07789100 0.00209700 -0.00734000
v -0.09765700 0.00472800 -0.00148000
v -0.09784900 0.00434000 -0.00169800
v -0.09792500 0.00409400 -0.00225000
v -0.09764300 0.00470500 -0.00193500
v -0.09736700 0.00527400 -0.00109000
v -0.07848900 0.00067900 -0.00759900
v -0.07830100 0.00116000 -0.00756500
v -0.09698200 0.00607400 -0.00050100
v -0.09740100 0.00524900 -0.00189000
v -0.07865200 0.00121600 -0.00774900
v -0.09694000 0.00593100 -0.00124000
v -0.07885600 0.00080700 -0.00774500
v -0.07933600 0.00069200 -0.00781300
v -0.07936900 0.00115500 -0.00790200
v -0.09753300 0.00434400 -0.00319800
v -0.09773400 0.00359200 -0.00350100
v -0.09800000 0.00377500 -0.00273100
v -0.07834200 0.00212000 -0.00759800
v -0.07873200 0.00171600 -0.00777300
v -0.09751400 0.00388500 -0.00377800
v -0.07886800 0.00198800 -0.00779800
v -0.09718600 0.00463700 -0.00360000
v -0.09724600 0.00429500 -0.00383600
v -0.07914700 0.00158900 -0.00783200
v -0.07977000 0.00078600 -0.00788300
v -0.07961100 0.00204900 -0.00786800
v -0.07981600 0.00133400 -0.00794600
v -0.09650700 0.00630100 -0.00286700
v -0.09671500 0.00620700 -0.00218600
v -0.09646600 0.00666400 -0.00227600
v -0.09616100 0.00670400 -0.00300400
v -0.09642200 0.00631700 -0.00313600
v -0.08009000 -0.00203700 -0.00717100
v -0.09767300 0.00454000 -0.00254600
v -0.07937400 -0.00196300 -0.00711200
v -0.07982100 -0.00149300 -0.00725700
v -0.09743800 0.00506100 -0.00249700
v -0.09719500 0.00557100 -0.00174300
v -0.08074400 -0.00188000 -0.00722400
v -0.09680900 0.00616100 -0.00170700
v -0.09712800 0.00553200 -0.00242700
v -0.08036700 -0.00153200 -0.00728600
v -0.08119200 -0.00175500 -0.00723900
v -0.08073300 -0.00132100 -0.00731200
v -0.08039500 -0.00087700 -0.00735100
v -0.08122600 -0.00109300 -0.00736000
v -0.08100500 -0.00058200 -0.00739700
v -0.09737400 0.00488400 -0.00301600
v -0.09719300 0.00523100 -0.00295300
v -0.09712800 0.00509300 -0.00330300
v -0.08179900 -0.00255300 -0.00715300
v -0.08211200 -0.00291400 -0.00707000
v -0.09686900 0.00550700 -0.00324300
v -0.08269000 -0.00288200 -0.00705400
v -0.09688900 0.00573100 -0.00273100
v -0.08259500 -0.00240200 -0.00720600
v -0.09657500 0.00598000 -0.00323300
v -0.09869200 0.00167500 -0.00118100
v -0.09858100 0.00200300 -0.00127400
v -0.09844400 0.00208700 -0.00170100
v -0.08129700 -0.00227300 -0.00716800
v -0.09832500 0.00268000 -0.00145700
v -0.08188700 -0.00200200 -0.00720800
v -0.09830800 0.00242000 -0.00191000
v -0.08179300 -0.00143200 -0.00727300
v -0.09825200 0.00268800 -0.00198200
v -0.08205200 -0.00092900 -0.00733500
v -0.08230100 -0.00144000 -0.00728700
v -0.09835600 0.00233800 -0.00233100
v -0.08292100 -0.00185600 -0.00730300
v -0.09847000 0.00215300 -0.00305000
v -0.09830000 0.00290700 -0.00275100
v -0.09814900 0.00321700 -0.00209500
v -0.09812600 0.00345700 -0.00253700
v -0.08130600 -0.00042300 -0.00738800
v -0.08185900 -0.00022500 -0.00734700
v -0.08226800 -0.00065000 -0.00733200
v -0.09833000 0.00254700 -0.00324400
v -0.09819700 0.00298200 -0.00316400
v -0.09808200 0.00343600 -0.00299600
v -0.08258500 -0.00096300 -0.00735800
v -0.09813700 0.00278200 -0.00353000
v -0.08330600 -0.00114700 -0.00738700
v -0.08309900 -0.00040600 -0.00737500
v -0.08235800 0.00009300 -0.00733300
v -0.08287100 0.00004600 -0.00733200
v -0.08248300 0.00037500 -0.00732200
v -0.08290400 0.00075300 -0.00728300
v -0.09787800 0.00252500 -0.00386000
v -0.08349000 0.00052200 -0.00732100
v -0.09794100 0.00276400 -0.00374700
v -0.08355900 -0.00020100 -0.00737600
v -0.09771700 0.00276700 -0.00402000
v -0.09786500 0.00313500 -0.00372400
v -0.07980500 -0.00078400 -0.00738900
v -0.09758700 0.00294400 -0.00418600
v -0.09743400 0.00267500 -0.00459600
v -0.09729600 0.00306300 -0.00450700
v -0.09759100 0.00347400 -0.00392500
v -0.09709500 0.00417000 -0.00434400
v -0.08030500 -0.00019000 -0.00755900
v -0.07979200 0.00034400 -0.00778200
v -0.08039700 0.00058900 -0.00787200
v -0.08086100 -0.00016300 -0.00748500
v -0.09672000 0.00608000 0.00225200
v -0.09700600 0.00573100 0.00172000
v -0.08143200 0.00010600 -0.00746200
v -0.08101100 0.00022400 -0.00758600
v -0.08072400 0.00029100 -0.00769900
v -0.09685100 0.00620300 0.00142600
v -0.08116600 0.00061400 -0.00766200
v -0.08157600 0.00059200 -0.00752200
v -0.08191600 0.00031500 -0.00737500
v -0.08080900 0.00082500 -0.00784000
v -0.08111300 0.00104200 -0.00776000
v -0.08157100 0.00103900 -0.00756900
v -0.09704700 0.00596800 0.00094900
v -0.08020200 0.00086200 -0.00792700
v -0.08038400 0.00112500 -0.00791200
v -0.08047200 0.00180100 -0.00791900
v -0.08073200 0.00130500 -0.00788100
v -0.09663800 0.00645400 0.00100600
v -0.08009800 0.00171700 -0.00792300
v -0.09630500 0.00691800 0.00109700
v -0.08202900 0.00067400 -0.00741400
v -0.09704200 0.00599500 0.00007500
v -0.09675600 0.00639300 0.00051400
v -0.08241100 0.00114500 -0.00731600
v -0.09675800 0.00640500 0.00006500
v -0.09643300 0.00697600 0.00011700
v -0.07731800 0.00334900 -0.00681200
v -0.07781900 0.00257100 -0.00718000
v -0.07822700 0.00245400 -0.00747500
v -0.07806300 0.00301700 -0.00720400
v -0.09672100 0.00632500 -0.00097700
v -0.09658000 0.00659200 -0.00052100
v -0.07847700 0.00273700 -0.00751400
v -0.07736500 0.00396500 -0.00662800
v -0.07783600 0.00368900 -0.00682900
v -0.07750100 0.00436800 -0.00654500
v -0.07789000 0.00419500 -0.00664500
v -0.07839700 0.00364100 -0.00708300
v -0.09619200 0.00745100 -0.00031600
v -0.07861200 0.00320300 -0.00737200
v -0.09642200 0.00682200 -0.00121300
v -0.09634300 0.00722600 -0.00046700
v -0.07823600 0.00412300 -0.00682600
v -0.07868200 0.00403500 -0.00700400
v -0.07869000 0.00248900 -0.00767800
v -0.07917300 0.00231200 -0.00780600
v -0.07980400 0.00248500 -0.00783000
v -0.07923100 0.00266800 -0.00771400
v -0.07882800 0.00374300 -0.00719000
v -0.07906000 0.00337100 -0.00743900
v -0.09660100 0.00650000 -0.00134200
v -0.07919300 0.00384900 -0.00719300
v -0.07950800 0.00366900 -0.00735500
v -0.07948800 0.00301200 -0.00765900
v -0.07989500 0.00309100 -0.00770100
v -0.08029100 0.00258800 -0.00779300
v -0.09654000 0.00666200 -0.00175400
v -0.08023400 0.00316000 -0.00765400
v -0.07991400 0.00330400 -0.00760700
v -0.09635900 0.00709900 -0.00178800
v -0.08043000 0.00350900 -0.00745200
v -0.09620300 0.00737900 -0.00101400
v -0.09597000 0.00767700 -0.00112100
v -0.07805400 0.00462400 -0.00651500
v -0.07755300 0.00482100 -0.00641400
v -0.07842200 0.00501100 -0.00648200
v -0.09563700 0.00790700 -0.00136400
v -0.09608800 0.00758000 -0.00144900
v -0.07865200 0.00454400 -0.00668100
v -0.07924100 0.00455300 -0.00682400
v -0.07796100 0.00551400 -0.00629100
v -0.09604900 0.00740200 -0.00215800
v -0.07895600 0.00499400 -0.00655300
v -0.09625600 0.00683800 -0.00259200
v -0.09616600 0.00719400 -0.00233500
v -0.09597800 0.00718000 -0.00291000
v -0.09590100 0.00751500 -0.00251200
v -0.09582600 0.00774200 -0.00189100
v -0.07969200 0.00413700 -0.00711300
v -0.09568300 0.00780600 -0.00241100
v -0.07985600 0.00466100 -0.00684800
v -0.08003500 0.00374000 -0.00734700
v -0.08040800 0.00409900 -0.00711900
v -0.08021100 0.00452000 -0.00694900
v -0.07951700 0.00507500 -0.00659400
v -0.09567200 0.00029000 -0.00645100
v -0.08100300 0.00426600 -0.00697200
v -0.08076800 0.00466200 -0.00683200
v -0.09543400 0.00103500 -0.00656800
v -0.09612800 0.00057600 -0.00613900
v -0.09612800 0.00057600 -0.00613900
v -0.09604500 0.00120000 -0.00623200
v -0.09604500 0.00120000 -0.00623200
v -0.09560800 0.00182300 -0.00642100
v -0.09610500 0.00170200 -0.00617800
v -0.09610500 0.00170200 -0.00617800
v -0.08326000 0.00098000 -0.00727400
v -0.08392900 0.00088400 -0.00732800
v -0.08351800 0.00149600 -0.00727300
v -0.09595400 0.00205100 -0.00626100
v -0.09618000 0.00200500 -0.00610200
v -0.09618000 0.00200500 -0.00610200
v -0.09641800 0.00237400 -0.00594800
v -0.09605500 0.00249400 -0.00616400
v -0.09605500 0.00249400 -0.00616400
v -0.08392100 0.00153300 -0.00730500
v -0.09659500 0.00263200 -0.00576200
v -0.09628500 0.00312800 -0.00586800
v -0.09663500 0.00301800 -0.00561800
v -0.08139200 0.00163800 -0.00766700
v -0.08174400 0.00146700 -0.00752300
v -0.08185100 0.00187400 -0.00747000
v -0.09270600 0.00172300 -0.00749100
v -0.08220400 0.00242100 -0.00722400
v -0.08164000 0.00242400 -0.00747100
v -0.09331900 0.00160200 -0.00739500
v -0.08213200 0.00279600 -0.00720200
v -0.08162300 0.00294000 -0.00734300
v -0.08011000 0.00222300 -0.00785400
v -0.08083400 0.00202000 -0.00785500
v -0.08066400 0.00231400 -0.00784600
v -0.08095000 0.00241700 -0.00776600
v -0.09330500 0.00239500 -0.00733000
v -0.09260900 0.00235600 -0.00742700
v -0.09384400 0.00206400 -0.00719600
v -0.08126100 0.00224300 -0.00768000
v -0.09352100 0.00253000 -0.00725600
v -0.09295100 0.00294100 -0.00730800
v -0.08078500 0.00270100 -0.00773000
v -0.08127600 0.00259700 -0.00759000
v -0.08105700 0.00317700 -0.00745900
v -0.09461500 0.00108700 -0.00699200
v -0.09485500 0.00074600 -0.00689500
v -0.08057200 0.00299000 -0.00766300
v -0.09398800 0.00138600 -0.00722700
v -0.09455900 0.00158700 -0.00703800
v -0.09504100 0.00128500 -0.00679800
v -0.08285700 0.00120100 -0.00726400
v -0.09471700 0.00207400 -0.00690000
v -0.08269200 0.00154300 -0.00723400
v -0.08239900 0.00196600 -0.00726100
v -0.09558200 0.00234500 -0.00639700
v -0.08313300 0.00149900 -0.00727700
v -0.08259900 0.00243800 -0.00712900
v -0.08283600 0.00206100 -0.00719200
v -0.08298600 0.00237800 -0.00713000
v -0.09440700 0.00238100 -0.00696700
v -0.08325000 0.00201800 -0.00721700
v -0.08373600 0.00197000 -0.00721700
v -0.08388000 0.00237700 -0.00717100
v -0.08173200 0.00330700 -0.00716600
v -0.08235600 0.00354000 -0.00701600
v -0.09338000 0.00349900 -0.00707600
v -0.09421500 0.00312900 -0.00689600
v -0.09391600 0.00384700 -0.00684300
v -0.08228200 0.00406700 -0.00686900
v -0.08181300 0.00389800 -0.00698000
v -0.08282500 0.00389400 -0.00693200
v -0.09355500 0.00404200 -0.00688200
v -0.09369400 0.00435200 -0.00671700
v -0.09301900 0.00445900 -0.00685900
v -0.08122200 0.00378200 -0.00716200
v -0.09458600 0.00355800 -0.00665300
v -0.09487800 0.00390600 -0.00648100
v -0.09449800 0.00413300 -0.00651600
v -0.09421800 0.00440200 -0.00651600
v -0.09483800 0.00261400 -0.00676300
v -0.09521400 0.00289400 -0.00649900
v -0.09483600 0.00316600 -0.00662000
v -0.09582500 0.00311400 -0.00618300
v -0.09582500 0.00311400 -0.00618300
v -0.09541000 0.00334000 -0.00637700
v -0.08279300 0.00293500 -0.00706800
v -0.09534200 0.00378700 -0.00628800
v -0.09568300 0.00381500 -0.00605300
v -0.09568300 0.00381500 -0.00605300
v -0.08350100 0.00282900 -0.00710700
v -0.08333500 0.00311700 -0.00710300
v -0.08289700 0.00345700 -0.00703500
v -0.08334100 0.00354700 -0.00705500
v -0.08390700 0.00307600 -0.00706700
v -0.08445100 0.00299300 -0.00709200
v -0.08386500 0.00362100 -0.00702200
v -0.08436700 0.00341100 -0.00701800
v -0.09655300 0.00013500 -0.00566700
v -0.09664700 0.00054000 -0.00566000
v -0.08307900 -0.00335400 -0.00694000
v -0.09635000 0.00102500 -0.00602700
v -0.09677400 0.00120300 -0.00560600
v -0.08376900 -0.00331400 -0.00703000
v -0.08423400 -0.00344100 -0.00701900
v -0.08419800 -0.00297600 -0.00716000
v -0.08479100 -0.00348400 -0.00700500
v -0.08453600 -0.00298400 -0.00716000
v -0.08533400 -0.00386500 -0.00688400
v -0.09650300 0.00154800 -0.00586600
v -0.08633100 -0.00405600 -0.00681300
v -0.09697900 0.00218600 -0.00533100
v -0.08596100 -0.00342800 -0.00707800
v -0.09709900 0.00300400 -0.00492100
v -0.08542100 -0.00320000 -0.00714600
v -0.09694800 0.00280200 -0.00527900
v -0.09678900 0.00249300 -0.00558000
v -0.09665000 0.00196200 -0.00569800
v -0.08503400 -0.00280200 -0.00724800
v -0.08682000 -0.00338300 -0.00713000
v -0.09681000 0.00277300 -0.00551000
v -0.08583100 -0.00272300 -0.00724500
v -0.08685800 -0.00285000 -0.00727800
v -0.08671500 -0.00202800 -0.00741700
v -0.09691500 0.00340300 -0.00502100
v -0.09713900 0.00350200 -0.00462900
v -0.09673200 0.00402600 -0.00492600
v -0.08741400 -0.00508400 -0.00633200
v -0.08839200 -0.00522600 -0.00617000
v -0.09699000 0.00465600 -0.00398300
v -0.08782700 -0.00497100 -0.00638300
v -0.09672600 0.00467200 -0.00449100
v -0.08836100 -0.00461700 -0.00660900
v -0.09632000 0.00369700 -0.00558900
v -0.09638500 0.00412700 -0.00523400
v -0.08909100 -0.00530600 -0.00612700
v -0.08971400 -0.00560200 -0.00591400
v -0.09586600 0.00441200 -0.00558400
v -0.09641100 0.00454300 -0.00499600
v -0.09584900 0.00508400 -0.00516800
v -0.09633700 0.00499200 -0.00466900
v -0.09012600 -0.00510300 -0.00624900
v -0.08894100 -0.00480200 -0.00651300
v -0.08962700 -0.00491800 -0.00643300
v -0.09612700 0.00643900 -0.00344500
v -0.09580100 0.00702600 -0.00363200
v -0.09584800 0.00636100 -0.00399300
v -0.09617700 0.00605400 -0.00372900
v -0.09565000 0.00600400 -0.00457200
v -0.09604300 0.00575400 -0.00427000
v -0.08957700 -0.00423500 -0.00685000
v -0.09012900 -0.00457100 -0.00664100
v -0.09555700 0.00700400 -0.00404200
v -0.09534500 0.00659300 -0.00454500
v -0.09507300 0.00712300 -0.00441800
v -0.09539400 0.00736100 -0.00391900
v -0.09693000 0.00512400 -0.00368600
v -0.09663200 0.00572100 -0.00351300
v -0.09674700 0.00506300 -0.00410400
v -0.09640900 0.00550000 -0.00410700
v -0.08774700 -0.00441300 -0.00664200
v -0.08716300 -0.00403400 -0.00683900
v -0.08786500 -0.00365000 -0.00705500
v -0.08728800 -0.00323700 -0.00719900
v -0.09589800 0.00549200 -0.00471600
v -0.09537700 0.00565900 -0.00522400
v -0.08887000 -0.00381900 -0.00704900
v -0.09519100 0.00474400 -0.00585200
v -0.09519100 0.00474400 -0.00585200
v -0.09472200 0.00497200 -0.00590600
v -0.09467900 0.00452900 -0.00618200
v -0.08775100 -0.00281300 -0.00737300
v -0.09494100 0.00510500 -0.00572700
v -0.09494100 0.00510500 -0.00572700
v -0.09449900 0.00537500 -0.00586600
v -0.09527700 0.00515500 -0.00557400
v -0.09465600 0.00571400 -0.00564600
v -0.09465600 0.00571400 -0.00564600
v -0.09520200 0.00564500 -0.00538200
v -0.09543100 0.00531300 -0.00539100
v -0.09363500 0.00491400 -0.00654500
v -0.08962400 -0.00374000 -0.00708800
v -0.09405300 0.00474100 -0.00650000
v -0.09433200 0.00503200 -0.00614200
v -0.09388200 0.00531300 -0.00616600
v -0.09423500 0.00548600 -0.00593700
v -0.09384200 0.00578900 -0.00601300
v -0.09405600 0.00624300 -0.00576500
v -0.08732700 -0.00223300 -0.00746600
v -0.08778100 -0.00216100 -0.00752700
v -0.08839500 -0.00303400 -0.00733700
v -0.08918100 -0.00310700 -0.00728700
v -0.08824900 -0.00239200 -0.00748900
v -0.08904700 -0.00257400 -0.00744100
v -0.08837300 -0.00184200 -0.00756900
v -0.09537700 0.00424900 -0.00604200
v -0.09537700 0.00424900 -0.00604200
v -0.09502800 0.00417700 -0.00625800
v -0.09562500 0.00479700 -0.00555200
v -0.08984700 -0.00257200 -0.00748200
v -0.09453400 0.00647300 -0.00532200
v -0.09453400 0.00647300 -0.00532200
v -0.09487500 0.00658500 -0.00503900
v -0.09455400 0.00679500 -0.00508300
v -0.09511400 0.00607200 -0.00516000
v -0.09489200 0.00611200 -0.00531200
v -0.08937300 -0.00182000 -0.00765500
v -0.09459900 0.00722200 -0.00468300
v -0.09474400 0.00759200 -0.00420600
v -0.08887400 -0.00109200 -0.00762700
v -0.08950000 -0.00079500 -0.00768900
v -0.09002800 -0.00123800 -0.00770100
v -0.09082800 0.00057400 -0.00757700
v -0.08314400 -0.00257400 -0.00714600
v -0.08344600 -0.00308000 -0.00706800
v -0.09236600 0.00206200 -0.00745000
v -0.08364100 -0.00263300 -0.00718600
v -0.08340200 -0.00210300 -0.00725900
v -0.08385200 -0.00222100 -0.00728800
v -0.08349300 -0.00167000 -0.00733000
v -0.08446000 -0.00214200 -0.00736400
v -0.08431300 -0.00150300 -0.00737800
v -0.08431000 -0.00256700 -0.00728600
v -0.08465700 -0.00256600 -0.00730100
v -0.09248800 0.00335600 -0.00732500
v -0.08502100 -0.00218800 -0.00739200
v -0.09282400 0.00369500 -0.00712800
v -0.08542500 -0.00230200 -0.00734800
v -0.08388600 -0.00128300 -0.00735000
v -0.08507500 -0.00154800 -0.00742600
v -0.08496000 -0.00104200 -0.00740900
v -0.08375300 -0.00083100 -0.00737300
v -0.08437200 -0.00090100 -0.00740100
v -0.08444700 -0.00026500 -0.00739200
v -0.08408600 0.00025400 -0.00735000
v -0.09582700 0.00750600 -0.00287600
v -0.09553200 0.00778800 -0.00279000
v -0.09531800 0.00779700 -0.00313600
v -0.09515500 0.00797500 -0.00301500
v -0.09564900 0.00760100 -0.00329100
v -0.08498500 -0.00058500 -0.00740600
v -0.08511700 -0.00003500 -0.00739400
v -0.09575500 0.00739500 -0.00334200
v -0.08548600 -0.00184900 -0.00741200
v -0.08607000 -0.00191700 -0.00740700
v -0.09528000 0.00808000 -0.00272300
v -0.08550100 -0.00100000 -0.00742500
v -0.08626600 -0.00097900 -0.00748100
v -0.09557700 0.00748000 -0.00355400
v -0.09536700 0.00764300 -0.00356600
v -0.08694700 -0.00161000 -0.00748500
v -0.09490600 0.00771500 -0.00385500
v -0.08719900 -0.00102400 -0.00747600
v -0.08758000 -0.00178900 -0.00756000
v -0.08817000 -0.00101100 -0.00754100
v -0.08480300 0.00056900 -0.00735700
v -0.08444500 0.00133700 -0.00730300
v -0.08561600 -0.00002100 -0.00744700
v -0.08533400 0.00051300 -0.00737400
v -0.08505200 0.00116400 -0.00732000
v -0.08450200 0.00200600 -0.00723200
v -0.08494600 0.00176500 -0.00723300
v -0.08554400 0.00160100 -0.00725400
v -0.08605600 0.00092500 -0.00735500
v -0.08628400 0.00005200 -0.00746500
v -0.08692900 -0.00011600 -0.00747800
v -0.08662400 0.00051400 -0.00743000
v -0.08760200 -0.00022200 -0.00747900
v -0.08706000 0.00056800 -0.00745900
v -0.08588800 0.00031900 -0.00741400
v -0.08661700 0.00143000 -0.00733900
v -0.08780200 0.00149200 -0.00744600
v -0.08522700 0.00225800 -0.00717500
v -0.08602000 0.00213900 -0.00721100
v -0.08516800 0.00298400 -0.00706200
v -0.08701500 0.00188900 -0.00731100
v -0.08781900 0.00226700 -0.00736700
v -0.08865900 -0.00016300 -0.00755800
v -0.08798500 0.00053200 -0.00750300
v -0.08896400 0.00067600 -0.00753400
v -0.08971400 0.00043300 -0.00756700
v -0.08853400 0.00125900 -0.00747000
v -0.08921500 0.00140900 -0.00747200
v -0.08951600 0.00111000 -0.00750800
v -0.08826000 0.00188800 -0.00742700
v -0.09083300 0.00125000 -0.00749000
v -0.09020600 0.00117700 -0.00746500
v -0.07884800 0.00287200 -0.00759400
v -0.00979000 -0.00297500 0.00461300
v -0.01013800 -0.00471600 0.00405700
v -0.01030000 -0.00458700 0.00443000
v -0.01052500 -0.00490900 0.00389100
v -0.01007400 -0.00345300 0.00453500
v -0.01043800 -0.00347500 0.00472600
v -0.01023200 -0.00312300 0.00458600
v -0.00988100 -0.00232200 0.00515200
v -0.00994900 -0.00265700 0.00482200
v -0.00973100 -0.00029800 0.00573100
v -0.01003200 0.00006400 0.00591000
v -0.00974500 0.00063500 0.00600100
v -0.01016600 0.00049400 0.00598000
v -0.01028400 0.00091200 0.00594600
v -0.00981800 0.00111900 0.00593600
v -0.01049200 0.00070900 0.00595100
v -0.01013800 0.00257800 0.00559200
v -0.00962100 0.00294200 0.00538600
v -0.09431300 -0.00633500 -0.00084700
v -0.00990800 0.00337800 0.00527800
v -0.00985600 0.00379200 0.00508300
v -0.00988700 0.00432500 0.00476400
v -0.09503100 -0.00572200 -0.00128200
v -0.09529000 -0.00558300 -0.00035000
v -0.00960500 0.00446600 0.00451900
v -0.09362800 -0.00667100 -0.00169200
v -0.09362800 -0.00667100 -0.00169200
v -0.00971100 0.00491700 0.00408400
v -0.00994800 0.00580700 0.00294200
v -0.09228800 -0.00724400 -0.00212500
v -0.09272700 -0.00708600 -0.00219600
v -0.09317600 -0.00683500 -0.00219600
v -0.09411600 -0.00642400 -0.00129800
v -0.09456900 -0.00607900 -0.00132000
v -0.09415300 -0.00632800 -0.00173400
v -0.09469000 -0.00598300 -0.00182100
v -0.09532300 -0.00553900 -0.00195600
v -0.09443200 -0.00615200 -0.00227200
v -0.09506200 -0.00577500 -0.00239100
v -0.05823300 -0.00764000 -0.00128500
v -0.01024100 0.00320800 0.00539900
v -0.01032900 0.00367300 0.00527000
v -0.01015600 0.00485400 0.00439900
v -0.01027100 0.00512500 0.00409700
v -0.01025800 0.00548700 0.00352100
v -0.01060500 0.00594200 0.00316000
v -0.07117800 -0.00793100 -0.00090500
v -0.07176200 -0.00789200 -0.00102500
v -0.07274400 -0.00796100 -0.00080600
v -0.07381400 -0.00797000 -0.00061100
v -0.07357300 -0.00795700 -0.00100500
v -0.07405700 -0.00790700 -0.00111800
v -0.07446500 -0.00791000 -0.00068400
v -0.08271400 -0.00810500 -0.00049200
v -0.08379800 -0.00803400 -0.00035900
v -0.08322200 -0.00808900 -0.00058100
v -0.08368300 -0.00806800 -0.00069200
v -0.08000400 -0.00786500 -0.00114200
v -0.08023800 -0.00794300 -0.00075100
v -0.08100100 -0.00793500 -0.00092900
v -0.08141600 -0.00804400 -0.00059500
v -0.08160200 -0.00793300 -0.00109800
v -0.08153900 -0.00773400 -0.00162100
v -0.08225300 -0.00808700 -0.00081000
v -0.08234500 -0.00777000 -0.00169800
v -0.08304100 -0.00806200 -0.00105200
v -0.08354300 -0.00801900 -0.00113300
v -0.08344700 -0.00778900 -0.00181300
v -0.08436100 -0.00798800 -0.00030900
v -0.08510300 -0.00788400 -0.00051800
v -0.08404400 -0.00801100 -0.00076400
v -0.08465700 -0.00787500 -0.00087600
v -0.08511700 -0.00783500 -0.00105400
v -0.08615300 -0.00796800 -0.00078600
v -0.08803700 -0.00805200 -0.00080900
v -0.08662700 -0.00795500 -0.00097100
v -0.08593800 -0.00785200 -0.00149700
v -0.08853400 -0.00807700 -0.00088700
v -0.08929300 -0.00803100 -0.00113100
v -0.08872400 -0.00794800 -0.00142500
v -0.08984400 -0.00781200 -0.00169200
v -0.08451700 -0.00781300 -0.00127100
v -0.08397100 -0.00777500 -0.00168500
v -0.08432100 -0.00766300 -0.00195400
v -0.08493800 -0.00771200 -0.00168600
v -0.08373600 -0.00767800 -0.00208100
v -0.06149500 -0.00785800 -0.00084500
v -0.09872200 0.00125100 -0.00084000
v -0.01523800 -0.00547900 -0.00336700
v -0.01454300 -0.00582000 -0.00317000
v -0.01510100 -0.00592500 -0.00298000
v -0.01457100 -0.00531100 -0.00355000
v -0.01500300 -0.00489900 -0.00389800
v -0.01553800 -0.00582200 -0.00304500
v -0.01578200 -0.00554100 -0.00334200
v -0.01607900 -0.00606700 -0.00284400
v -0.01639800 -0.00554700 -0.00344500
v -0.01574500 -0.00508600 -0.00375800
v -0.01621400 -0.00518500 -0.00373600
v -0.01264700 -0.00528900 -0.00352100
v -0.01219800 -0.00543100 -0.00341100
v -0.01264300 -0.00574900 -0.00319800
v -0.01264300 -0.00574900 -0.00319800
v -0.01329300 -0.00551600 -0.00347200
v -0.01328700 -0.00513200 -0.00376200
v -0.01283100 -0.00485400 -0.00396000
v -0.01210900 -0.00504600 -0.00387000
v -0.01197000 -0.00650200 -0.00186700
v -0.01167000 -0.00633300 -0.00176700
v -0.01195400 -0.00634500 -0.00212600
v -0.01228200 -0.00646000 -0.00220200
v -0.01161100 -0.00606200 -0.00221800
v -0.01386500 -0.00552200 -0.00352100
v -0.01246400 -0.00628800 -0.00248900
v -0.01197400 -0.00600900 -0.00258800
v -0.01365500 -0.00495100 -0.00391500
v -0.01165400 -0.00555700 -0.00294600
v -0.01165400 -0.00555700 -0.00294600
v -0.01195500 -0.00564200 -0.00304200
v -0.01195500 -0.00564200 -0.00304200
v -0.01255500 -0.00598300 -0.00292500
v -0.01321400 -0.00454800 -0.00421700
v -0.00988100 -0.00327500 -0.00399200
v -0.01444600 -0.00487200 -0.00391800
v -0.01016500 -0.00287500 -0.00406100
v -0.00981000 -0.00268600 -0.00400000
v -0.01003400 -0.00359000 -0.00395800
v -0.01006400 -0.00387500 -0.00376400
v -0.01022300 -0.00343000 -0.00401200
v -0.01402000 -0.00456200 -0.00416900
v -0.01104600 -0.00474000 -0.00340300
v -0.01098800 -0.00490400 -0.00316800
v -0.01128400 -0.00511200 -0.00321500
v -0.01157100 -0.00508200 -0.00357100
v -0.01174000 -0.00529800 -0.00352800
v -0.01066900 -0.00437100 -0.00349400
v -0.01062700 -0.00478600 -0.00307600
v -0.01141800 -0.00470800 -0.00370200
v -0.01460300 -0.00439200 -0.00430900
v -0.01064900 -0.00352600 -0.00393900
v -0.01068000 -0.00299500 -0.00403800
v -0.01230200 -0.00458300 -0.00416700
v -0.01175900 -0.00486900 -0.00384100
v -0.01092100 -0.00334400 -0.00398000
v -0.01254800 -0.00416900 -0.00437000
v -0.01281000 -0.00443900 -0.00426600
v -0.01112500 -0.00335400 -0.00410600
v -0.01144400 -0.00344800 -0.00444500
v -0.01133600 -0.00318300 -0.00432900
v -0.01200900 -0.00406200 -0.00439400
v -0.01164200 -0.00325300 -0.00460100
v -0.01086100 -0.00423800 -0.00365800
v -0.01057400 -0.00403300 -0.00369900
v -0.01154500 -0.00380100 -0.00431500
v -0.01182400 -0.00351000 -0.00461300
v -0.01132000 -0.00425600 -0.00387500
v -0.01195400 -0.00318700 -0.00471100
v -0.01211400 -0.00361700 -0.00460700
v -0.01177100 -0.00426100 -0.00420500
v -0.01248300 -0.00331000 -0.00468400
v -0.01221500 -0.00305300 -0.00474900
v -0.01203900 -0.00444400 -0.00421400
v -0.01316100 -0.00398200 -0.00448900
v -0.01112400 -0.00367500 -0.00397800
v -0.01281900 -0.00364500 -0.00460100
v -0.01086000 -0.00380100 -0.00385000
v -0.01379100 -0.00387400 -0.00457100
v -0.01276000 -0.00648700 -0.00225300
v -0.01522300 -0.00448100 -0.00427100
v -0.01511300 -0.00421400 -0.00443900
v -0.01575100 -0.00470500 -0.00411600
v -0.01633500 -0.00478500 -0.00411800
v -0.01296400 -0.00619600 -0.00268100
v -0.01346000 -0.00608700 -0.00291900
v -0.01346000 -0.00608700 -0.00291900
v -0.01703300 -0.00575300 -0.00330600
v -0.01422400 -0.00609600 -0.00287400
v -0.01422400 -0.00609600 -0.00287400
v -0.01749000 -0.00564700 -0.00340900
v -0.01312300 -0.00589600 -0.00311000
v -0.01312300 -0.00589600 -0.00311000
v -0.01376200 -0.00582000 -0.00327500
v -0.01683500 -0.00534900 -0.00363600
v -0.01759200 -0.00517000 -0.00378100
v -0.01671900 -0.00477300 -0.00411200
v -0.01472200 -0.00615500 -0.00278200
v -0.01472200 -0.00615500 -0.00278200
v -0.01557000 -0.00629300 -0.00260300
v -0.00957300 -0.00576800 -0.00121100
v -0.01045900 -0.00581000 -0.00134200
v -0.00981000 -0.00566800 -0.00162500
v -0.01036700 -0.00562300 -0.00174800
v -0.01080100 -0.00562300 -0.00190400
v -0.00977800 -0.00546900 -0.00203500
v -0.00994100 -0.00519300 -0.00247300
v -0.00994100 -0.00519300 -0.00247300
v -0.01037800 -0.00534400 -0.00223700
v -0.01128800 -0.00603500 -0.00163300
v -0.01118900 -0.00576300 -0.00211100
v -0.01075000 -0.00537200 -0.00225300
v -0.01068600 -0.00510300 -0.00263800
v -0.01068600 -0.00510300 -0.00263800
v -0.01110500 -0.00520300 -0.00278000
v -0.01110500 -0.00520300 -0.00278000
v -0.00970800 -0.00441500 -0.00313900
v -0.01018900 -0.00479900 -0.00293000
v -0.01031200 -0.00425200 -0.00345500
v -0.00967000 -0.00405900 -0.00349700
v -0.01032400 -0.00375100 -0.00384300
v -0.01454000 0.00719200 -0.00061300
v -0.01370000 0.00726200 -0.00039300
v -0.01414300 0.00698300 -0.00119600
v -0.02698700 -0.00250100 -0.00537400
v -0.02727900 -0.00324900 -0.00515700
v -0.02781400 -0.00273200 -0.00535000
v -0.01536600 0.00720100 -0.00063100
v -0.01534000 0.00730200 -0.00012800
v -0.01496200 0.00729700 -0.00020400
v -0.02672800 0.00772900 -0.00092600
v -0.02624500 0.00767700 -0.00081900
v -0.01504100 0.00742600 0.00049500
v -0.01551400 0.00744200 0.00039700
v -0.02717800 0.00774900 -0.00082800
v -0.02748700 0.00777300 -0.00073400
v -0.01582400 0.00744800 0.00008300
v -0.02565900 -0.00213900 -0.00538900
v -0.02622300 -0.00263900 -0.00531100
v -0.02676700 -0.00172700 -0.00550400
v -0.01580700 0.00747800 0.00060900
v -0.02629200 0.00753500 -0.00130000
v -0.02693500 0.00762900 -0.00124600
v -0.01588700 0.00734600 -0.00040800
v -0.01638700 0.00747100 0.00015300
v -0.02749800 0.00769600 -0.00117200
v -0.02737100 0.00756100 -0.00152400
v -0.01579300 0.00726500 -0.00069900
v -0.02789000 0.00776000 -0.00096900
v -0.01625400 0.00733600 -0.00055100
v -0.01683600 0.00750700 -0.00012200
v -0.02829800 0.00768000 -0.00106400
v -0.01484400 0.00698800 -0.00112900
v -0.02782600 0.00764100 -0.00137500
v -0.01531500 0.00696900 -0.00124800
v -0.02803100 0.00744000 -0.00179300
v -0.02826200 0.00753800 -0.00156400
v -0.01523300 0.00677100 -0.00172800
v -0.02762300 -0.00193400 -0.00552300
v -0.02834200 -0.00222900 -0.00549800
v -0.02633400 0.00718000 -0.00199300
v -0.02689600 0.00734700 -0.00174700
v -0.01555400 0.00679200 -0.00174500
v -0.02590600 0.00741800 -0.00154900
v -0.01596600 0.00711200 -0.00105200
v -0.01613400 0.00670400 -0.00193000
v -0.02682100 0.00712000 -0.00219800
v -0.01657000 0.00700800 -0.00137400
v -0.02585400 0.00709100 -0.00211800
v -0.02802100 -0.00161500 -0.00555300
v -0.02654100 0.00674100 -0.00263800
v -0.02835500 -0.00185300 -0.00556300
v -0.02836800 -0.00157700 -0.00566300
v -0.01670000 0.00725600 -0.00085300
v -0.02695000 -0.00089000 -0.00551300
v -0.02743500 -0.00128100 -0.00552200
v -0.02750600 -0.00072900 -0.00557300
v -0.02755600 0.00728300 -0.00201000
v -0.02716200 0.00717300 -0.00217400
v -0.02767100 0.00693500 -0.00238800
v -0.02818200 0.00711600 -0.00217400
v -0.02789100 -0.00112300 -0.00559300
v -0.02707400 0.00690600 -0.00250200
v -0.02738600 0.00655600 -0.00283400
v -0.02829900 -0.00102700 -0.00578000
v -0.02492700 -0.00209500 -0.00536100
v -0.02481500 -0.00162200 -0.00542000
v -0.02442000 -0.00176100 -0.00538900
v -0.02454400 -0.00226800 -0.00530900
v -0.02538800 -0.00161800 -0.00547300
v -0.02578700 -0.00151900 -0.00551200
v -0.00995600 0.00514700 -0.00236100
v -0.01011400 0.00465100 -0.00261900
v -0.01089400 0.00511700 -0.00248900
v -0.01037500 0.00502500 -0.00237600
v -0.01045200 0.00463700 -0.00273800
v -0.02455300 -0.00131400 -0.00542500
v -0.02498000 -0.00114000 -0.00546300
v -0.01137300 0.00526500 -0.00278000
v -0.01119500 0.00539500 -0.00239700
v -0.01099600 0.00492500 -0.00273000
v -0.02556000 -0.00126800 -0.00551100
v -0.01062400 0.00448400 -0.00301000
v -0.01114400 0.00483000 -0.00294400
v -0.01097000 0.00437700 -0.00340600
v -0.01118500 0.00562300 -0.00201500
v -0.01146100 0.00566900 -0.00242500
v -0.01130800 0.00588200 -0.00190100
v -0.01160100 0.00590200 -0.00239700
v -0.02438700 -0.00032900 -0.00539900
v -0.02511000 -0.00019900 -0.00544700
v -0.02560300 -0.00060600 -0.00548700
v -0.01163700 0.00635700 -0.00197700
v -0.01173600 0.00667400 -0.00183200
v -0.01144100 0.00651300 -0.00156400
v -0.01192800 0.00682400 -0.00180900
v -0.01169400 0.00682300 -0.00148800
v -0.01152200 0.00715700 -0.00060000
v -0.01147000 0.00701500 -0.00089600
v -0.01178200 0.00718400 -0.00075000
v -0.01149000 0.00683800 -0.00121000
v -0.01117200 0.00686500 -0.00083700
v -0.01187400 0.00696700 -0.00129100
v -0.01229500 0.00698500 -0.00145400
v -0.01227100 0.00720000 -0.00097600
v -0.01172300 0.00727900 -0.00024000
v -0.02600700 -0.00110700 -0.00552800
v -0.01187200 0.00635200 -0.00222100
v -0.01193500 0.00662800 -0.00202200
v -0.02855700 0.00764000 -0.00117200
v -0.02566300 0.00022500 -0.00546400
v -0.02898500 0.00760300 -0.00133300
v -0.01137700 0.00479400 -0.00330900
v -0.02537700 0.00066800 -0.00541300
v -0.02848200 0.00731800 -0.00193400
v -0.02860300 0.00743300 -0.00170300
v -0.02896600 0.00730200 -0.00209300
v -0.01164800 0.00502200 -0.00332500
v -0.01181500 0.00559700 -0.00294300
v -0.01199400 0.00533200 -0.00330700
v -0.02635500 -0.00028600 -0.00549300
v -0.02927900 0.00747800 -0.00180000
v -0.01164000 0.00563600 -0.00270800
v -0.01183500 0.00594200 -0.00254000
v -0.02950800 0.00769600 -0.00131000
v -0.02988700 0.00754300 -0.00170000
v -0.02708700 -0.00036300 -0.00552400
v -0.01207100 0.00564500 -0.00303200
v -0.01245600 0.00561400 -0.00307700
v -0.01210300 0.00582600 -0.00279600
v -0.01214600 0.00600700 -0.00262500
v -0.01252800 0.00593300 -0.00269800
v -0.02940900 0.00724000 -0.00221200
v -0.02997100 0.00741000 -0.00207800
v -0.01249200 0.00517100 -0.00348400
v -0.01289100 0.00573800 -0.00300800
v -0.02808800 0.00669200 -0.00271300
v -0.02876200 0.00693400 -0.00254700
v -0.01356200 0.00421800 -0.00412300
v -0.01378100 0.00463600 -0.00386000
v -0.01327200 0.00476100 -0.00378300
v -0.01402500 0.00381000 -0.00439300
v -0.01420200 0.00423300 -0.00412800
v -0.01481800 0.00399400 -0.00437100
v -0.01459500 0.00446100 -0.00400800
v -0.01426000 0.00468300 -0.00383400
v -0.01342200 0.00534900 -0.00335000
v -0.01386000 0.00520200 -0.00350200
v -0.02792400 0.00625300 -0.00324600
v -0.02886400 0.00648000 -0.00308800
v -0.01325200 0.00585600 -0.00287800
v -0.02802700 -0.00059000 -0.00576200
v -0.01464100 0.00501700 -0.00366700
v -0.01458900 0.00549800 -0.00330100
v -0.01510800 0.00500000 -0.00373300
v -0.02948300 0.00678400 -0.00288100
v -0.02911100 0.00626200 -0.00334600
v -0.01276100 0.00708500 -0.00117400
v -0.01279000 0.00734200 -0.00053000
v -0.01323800 0.00687000 -0.00158200
v -0.01350500 0.00700300 -0.00116400
v -0.01275300 0.00690400 -0.00159600
v -0.02980000 0.00703500 -0.00259300
v -0.01222600 0.00681500 -0.00188700
v -0.01267400 0.00658100 -0.00211600
v -0.01294700 0.00662600 -0.00197000
v -0.01399000 0.00665400 -0.00191000
v -0.01345600 0.00659700 -0.00201900
v -0.01322500 0.00632700 -0.00230900
v -0.01401800 0.00647600 -0.00219500
v -0.03038400 0.00722200 -0.00243500
v -0.03066700 0.00741900 -0.00201600
v -0.01370700 0.00610600 -0.00266000
v -0.01218200 0.00655400 -0.00218800
v -0.01233500 0.00624400 -0.00245300
v -0.03128900 0.00720500 -0.00235100
v -0.01275200 0.00634300 -0.00230200
v -0.03104800 0.00701300 -0.00268100
v -0.03167800 0.00677800 -0.00296700
v -0.03187100 0.00703400 -0.00259100
v -0.02990800 0.00671700 -0.00298700
v -0.01287700 0.00608800 -0.00254400
v -0.02966900 0.00623100 -0.00336200
v -0.01767400 0.00754500 0.00138100
v -0.03004600 0.00572400 -0.00389500
v -0.03031700 0.00639400 -0.00324700
v -0.01698800 0.00749500 0.00110200
v -0.01728400 0.00751800 0.00073000
v -0.01433500 0.00626600 -0.00250900
v -0.03064300 0.00666900 -0.00305600
v -0.03088700 0.00637400 -0.00334200
v -0.01458300 0.00667200 -0.00180500
v -0.01449600 0.00650500 -0.00215900
v -0.01806400 0.00760400 0.00053200
v -0.01857400 0.00756400 0.00125900
v -0.01497400 0.00650800 -0.00219700
v -0.03079900 0.00596500 -0.00376600
v -0.01484000 0.00626000 -0.00263600
v -0.01886000 0.00757400 0.00071900
v -0.01540500 0.00662500 -0.00199600
v -0.01541800 0.00638500 -0.00244000
v -0.01573900 0.00659200 -0.00211900
v -0.01512800 0.00611600 -0.00284100
v -0.01598800 0.00636500 -0.00253700
v -0.01400000 0.00569200 -0.00309000
v -0.01462700 0.00587500 -0.00299900
v -0.03124300 0.00662100 -0.00313800
v -0.03158700 0.00652000 -0.00327600
v -0.01794300 0.00760200 0.00009400
v -0.01760600 0.00759800 0.00034500
v -0.01529000 0.00566800 -0.00323100
v -0.01679900 0.00747600 0.00060900
v -0.01703400 0.00756400 0.00011800
v -0.01763800 0.00760800 -0.00001000
v -0.01559100 0.00592400 -0.00304400
v -0.01164300 0.00472800 -0.00351000
v -0.01157100 0.00437400 -0.00374600
v -0.01198500 0.00466400 -0.00378900
v -0.01862400 0.00757100 0.00012000
v -0.01210300 0.00494200 -0.00361600
v -0.01232800 0.00467100 -0.00387900
v -0.01203400 0.00437700 -0.00398000
v -0.01848400 0.00746700 -0.00035100
v -0.01235700 0.00417000 -0.00414600
v -0.01295100 0.00446400 -0.00400400
v -0.01281300 0.00394100 -0.00426100
v -0.01330000 0.00388300 -0.00434000
v -0.01970400 0.00763600 0.00042800
v -0.01897900 0.00759300 0.00019300
v -0.03171600 0.00739700 -0.00207100
v -0.02029500 0.00766300 0.00058700
v -0.02115600 0.00769500 0.00039400
v -0.02066800 0.00771800 0.00038700
v -0.02046400 0.00769800 0.00008500
v -0.02086000 0.00770300 -0.00001500
v -0.01904000 0.00753000 -0.00024600
v -0.01946900 0.00760300 -0.00001000
v -0.01952900 0.00755100 -0.00041200
v -0.02008600 0.00764300 -0.00020000
v -0.02013900 0.00743800 -0.00088500
v -0.01954200 0.00740600 -0.00080800
v -0.02046500 0.00749700 -0.00076800
v -0.01999400 0.00766000 0.00010400
v -0.02058700 0.00765600 -0.00029300
v -0.01724600 0.00754800 -0.00020100
v -0.01703500 0.00740600 -0.00053900
v -0.01760300 0.00754800 -0.00032800
v -0.02787700 -0.00346600 -0.00506200
v -0.02837800 -0.00295700 -0.00531500
v -0.01749100 0.00731300 -0.00089300
v -0.01691200 0.00720400 -0.00103100
v -0.02935700 -0.00296100 -0.00533900
v -0.01800700 0.00732300 -0.00087700
v -0.01785000 0.00712000 -0.00144600
v -0.01817800 0.00724500 -0.00113100
v -0.01869100 0.00735800 -0.00080000
v -0.02951100 -0.00334300 -0.00519800
v -0.01715100 0.00657200 -0.00222700
v -0.01726100 0.00696900 -0.00179200
v -0.01664200 0.00680200 -0.00185200
v -0.01779600 0.00681500 -0.00200800
v -0.01793900 0.00656900 -0.00244900
v -0.01729500 0.00708300 -0.00157300
v -0.02882100 -0.00248400 -0.00548900
v -0.02988100 -0.00313500 -0.00526400
v -0.01755400 0.00705900 -0.00167700
v -0.01818500 0.00688000 -0.00188000
v -0.02996100 -0.00262000 -0.00546900
v -0.03026600 -0.00287500 -0.00540500
v -0.02936100 -0.00223500 -0.00560500
v -0.02982300 -0.00228400 -0.00561100
v -0.01889200 0.00725100 -0.00120000
v -0.01865000 0.00704500 -0.00153700
v -0.01940000 0.00694000 -0.00159700
v -0.02892500 -0.00200500 -0.00565100
v -0.01992300 0.00672600 -0.00195800
v -0.01990000 0.00691900 -0.00157800
v -0.01815100 0.00670300 -0.00216300
v -0.01858400 0.00676200 -0.00202700
v -0.01853700 0.00654100 -0.00243300
v -0.02918200 -0.00151100 -0.00589000
v -0.02941000 -0.00190600 -0.00577000
v -0.01876700 0.00608400 -0.00299600
v -0.01887900 0.00655900 -0.00240700
v -0.01966300 0.00655100 -0.00238800
v -0.01949600 0.00610100 -0.00303600
v -0.02871300 -0.00099200 -0.00596000
v -0.02936900 -0.00119600 -0.00607200
v -0.03014900 -0.00167200 -0.00597800
v -0.01336400 -0.00345800 -0.00469700
v -0.02990300 -0.00106300 -0.00617500
v -0.01382000 -0.00327100 -0.00481400
v -0.01437200 -0.00342000 -0.00477100
v -0.01488900 -0.00374800 -0.00463900
v -0.03097900 -0.00286500 -0.00543500
v -0.01432200 -0.00296600 -0.00489200
v -0.03052600 -0.00249600 -0.00552900
v -0.01557700 -0.00414700 -0.00447500
v -0.03182500 -0.00268900 -0.00549000
v -0.01604000 -0.00427600 -0.00445700
v -0.01580600 -0.00362300 -0.00467800
v -0.01626500 -0.00379800 -0.00464700
v -0.03062100 -0.00189100 -0.00585200
v -0.01911800 0.00737200 -0.00089300
v -0.03109600 -0.00218100 -0.00568200
v -0.01934900 0.00727400 -0.00107500
v -0.01492900 -0.00301700 -0.00486200
v -0.01981600 0.00717600 -0.00122900
v -0.02035400 0.00724700 -0.00132700
v -0.03228300 -0.00244700 -0.00552800
v -0.03190300 -0.00206100 -0.00568500
v -0.03127700 -0.00160400 -0.00585900
v -0.01680400 -0.00323900 -0.00480800
v -0.01573200 -0.00265300 -0.00500600
v -0.01643900 -0.00260300 -0.00502600
v -0.03043900 -0.00143000 -0.00609100
v -0.01851300 -0.00552300 -0.00341700
v -0.01814300 -0.00525700 -0.00366600
v -0.02844700 -0.00046900 -0.00599700
v -0.02159200 0.00771100 0.00037100
v -0.02116000 0.00766600 -0.00025500
v -0.02168800 0.00767400 -0.00028000
v -0.01807900 -0.00478600 -0.00399900
v -0.02213700 0.00770600 -0.00015600
v -0.01757000 -0.00436200 -0.00427400
v -0.01832500 -0.00416800 -0.00440400
v -0.01899300 -0.00463000 -0.00414600
v -0.02085600 0.00759200 -0.00047800
v -0.01918600 -0.00507700 -0.00387200
v -0.01853800 -0.00507000 -0.00378900
v -0.02140100 0.00764700 -0.00049100
v -0.03296600 -0.00185300 -0.00569400
v -0.02102900 0.00750800 -0.00084000
v -0.01988100 -0.00525400 -0.00381800
v -0.02137300 0.00737800 -0.00130600
v -0.02169800 0.00749900 -0.00085900
v -0.01957800 -0.00483300 -0.00408300
v -0.02199400 0.00764800 -0.00043500
v -0.02245900 0.00761700 -0.00047100
v -0.02288100 0.00774300 -0.00004000
v -0.02223900 0.00749300 -0.00081100
v -0.02938500 -0.00085400 -0.00619700
v -0.02191800 0.00735000 -0.00125400
v -0.02243900 0.00727600 -0.00140500
v -0.03177400 -0.00154700 -0.00580600
v -0.03166800 -0.00122000 -0.00591600
v -0.03228800 -0.00194000 -0.00572700
v -0.03213300 -0.00170100 -0.00573300
v -0.01905600 -0.00387700 -0.00460400
v -0.01930400 -0.00430400 -0.00439500
v -0.03201800 -0.00118600 -0.00584000
v -0.03234800 -0.00146600 -0.00571900
v -0.03224700 -0.00094400 -0.00588100
v -0.02284900 0.00740200 -0.00099800
v -0.02021000 -0.00496400 -0.00405000
v -0.02340000 0.00756400 -0.00056800
v -0.01995700 -0.00438000 -0.00440200
v -0.02379500 0.00738800 -0.00111300
v -0.01966400 -0.00385800 -0.00462600
v -0.02322200 0.00711600 -0.00169400
v -0.03104000 -0.00095700 -0.00618900
v -0.02044000 -0.00389000 -0.00464900
v -0.01670400 -0.00419600 -0.00450100
v -0.03050700 -0.00066800 -0.00634800
v -0.03091800 -0.00026000 -0.00641000
v -0.01705100 -0.00379900 -0.00463500
v -0.02362500 0.00715500 -0.00172800
v -0.02421200 0.00720900 -0.00186200
v -0.02453100 0.00749000 -0.00128500
v -0.03188600 -0.00072000 -0.00602000
v -0.02030700 0.00666600 -0.00209900
v -0.02023900 0.00690800 -0.00178900
v -0.02075700 0.00675200 -0.00214400
v -0.02053200 0.00711700 -0.00170000
v -0.03142500 -0.00050900 -0.00626400
v -0.01768300 -0.00378000 -0.00462000
v -0.01843300 -0.00378000 -0.00461800
v -0.01751300 -0.00328400 -0.00481600
v -0.01850800 -0.00330900 -0.00482500
v -0.03216900 -0.00040900 -0.00604400
v -0.03262900 -0.00078100 -0.00586900
v -0.02040400 0.00567400 -0.00341100
v -0.02055500 0.00599300 -0.00309800
v -0.02003900 0.00596700 -0.00315400
v -0.02017900 0.00626600 -0.00269000
v -0.03279900 -0.00039300 -0.00583700
v -0.03229600 -0.00002900 -0.00598900
v -0.03195400 -0.00009200 -0.00616000
v -0.03150800 -0.00015900 -0.00629600
v -0.02098500 0.00577500 -0.00336900
v -0.02095500 0.00617300 -0.00299400
v -0.02058300 0.00649000 -0.00240600
v -0.01902000 -0.00354500 -0.00481000
v -0.02058200 0.00633400 -0.00266700
v -0.03290700 0.00023900 -0.00575000
v -0.03237300 0.00052300 -0.00593900
v -0.03290100 0.00088500 -0.00570000
v -0.01720800 -0.00270600 -0.00501500
v -0.02125800 0.00651700 -0.00267300
v -0.02134500 0.00615500 -0.00303500
v -0.01695600 -0.00229700 -0.00512700
v -0.02097000 0.00658900 -0.00245400
v -0.01658900 -0.00193300 -0.00516500
v -0.02134400 0.00667800 -0.00252300
v -0.01722500 -0.00183800 -0.00519400
v -0.01768300 -0.00216700 -0.00516700
v -0.02167000 0.00655900 -0.00264300
v -0.03257500 0.00111500 -0.00584500
v -0.03214300 0.00174200 -0.00590100
v -0.03182500 0.00115900 -0.00619000
v -0.01786200 -0.00247600 -0.00509200
v -0.01844900 -0.00283100 -0.00498100
v -0.03262700 0.00162900 -0.00568900
v -0.03299400 0.00135800 -0.00558700
v -0.02875300 -0.00039700 -0.00613600
v -0.00980600 -0.00003200 -0.00444900
v -0.01825300 -0.00198100 -0.00518900
v -0.02146800 0.00518600 -0.00385000
v -0.02080400 0.00552800 -0.00355400
v -0.02937700 -0.00004100 -0.00640300
v -0.02185200 0.00573800 -0.00345900
v -0.01795400 -0.00146900 -0.00523300
v -0.02847400 0.00011000 -0.00608400
v -0.02887000 0.00021800 -0.00626200
v -0.01876700 -0.00166100 -0.00523400
v -0.02215900 0.00488800 -0.00404300
v -0.01903600 -0.00296100 -0.00499000
v -0.02965700 -0.00031600 -0.00638800
v -0.01960400 -0.00333200 -0.00486400
v -0.02255100 0.00547100 -0.00365100
v -0.02017700 -0.00340400 -0.00482600
v -0.02289000 0.00517800 -0.00392900
v -0.02250800 0.00611600 -0.00308800
v -0.02189800 0.00619400 -0.00298400
v -0.01939100 -0.00261400 -0.00506400
v -0.02213600 0.00644100 -0.00275400
v -0.03035500 0.00009200 -0.00651700
v -0.02020200 -0.00283700 -0.00499800
v -0.01036200 -0.00265500 -0.00417700
v -0.00991300 -0.00199500 -0.00441700
v -0.02846600 0.00049400 -0.00613100
v -0.02882800 0.00062800 -0.00630100
v -0.02922700 0.00029300 -0.00642300
v -0.02968000 0.00036700 -0.00653900
v -0.02933900 0.00070200 -0.00648200
v -0.01098400 -0.00282700 -0.00409600
v -0.01050000 -0.00214200 -0.00451300
v -0.01108900 -0.00231500 -0.00439800
v -0.01905100 -0.00231500 -0.00512000
v -0.02316400 0.00586500 -0.00328200
v -0.01087100 -0.00195900 -0.00463300
v -0.02299400 0.00638200 -0.00286800
v -0.02978200 0.00097000 -0.00652900
v -0.03056900 0.00075900 -0.00651500
v -0.01953700 -0.00199700 -0.00521100
v -0.01008700 -0.00177800 -0.00452100
v -0.01071600 -0.00173000 -0.00468600
v -0.01989800 -0.00222300 -0.00519000
v -0.02080800 0.00731700 -0.00130900
v -0.02020800 -0.00184600 -0.00526900
v -0.02036000 -0.00238000 -0.00514800
v -0.02910200 0.00100400 -0.00640400
v -0.02864400 0.00092600 -0.00623800
v -0.01014000 -0.00090000 -0.00451000
v -0.01020500 -0.00131700 -0.00459800
v -0.02877800 0.00150700 -0.00622700
v -0.01005600 -0.00030800 -0.00447000
v -0.02952400 0.00119000 -0.00646400
v -0.01067600 -0.00132700 -0.00468400
v -0.02089700 0.00707500 -0.00181500
v -0.01105100 -0.00149000 -0.00481100
v -0.01077200 -0.00094300 -0.00453600
v -0.01090800 -0.00119400 -0.00469000
v -0.01948500 -0.00129800 -0.00527600
v -0.01103700 -0.00102500 -0.00465500
v -0.01901500 -0.00077100 -0.00524500
v -0.01127100 -0.00295300 -0.00421000
v -0.01124200 -0.00270800 -0.00424000
v -0.01157600 -0.00298100 -0.00449600
v -0.01143100 -0.00270600 -0.00436400
v -0.02173600 0.00709800 -0.00171700
v -0.01174800 -0.00268500 -0.00465200
v -0.02104000 -0.00192600 -0.00526800
v -0.02107600 0.00689900 -0.00210000
v -0.02126300 0.00705600 -0.00184500
v -0.02153300 0.00685500 -0.00231200
v -0.02023200 -0.00105600 -0.00531900
v -0.01157900 -0.00214900 -0.00471000
v -0.01178000 -0.00295300 -0.00464700
v -0.01970600 -0.00054400 -0.00530200
v -0.01261000 -0.00286000 -0.00486300
v -0.01199100 -0.00279100 -0.00477700
v -0.01205300 -0.00216900 -0.00495500
v -0.01235500 -0.00260700 -0.00496200
v -0.03103000 0.00037300 -0.00643400
v -0.02082000 -0.00039600 -0.00534100
v -0.03161500 0.00048400 -0.00630200
v -0.01982700 0.00007400 -0.00527900
v -0.01141400 -0.00200000 -0.00470100
v -0.02052200 0.00041800 -0.00524900
v -0.02121500 0.00056200 -0.00524800
v -0.01114900 -0.00174800 -0.00482500
v -0.02072100 0.00116900 -0.00514300
v -0.01129700 -0.00149400 -0.00497000
v -0.01152800 -0.00177400 -0.00487600
v -0.02141300 0.00162500 -0.00508200
v -0.01179400 -0.00171000 -0.00495500
v -0.01154600 -0.00141900 -0.00511400
v -0.01118400 -0.00128600 -0.00486000
v -0.01303600 -0.00317300 -0.00479800
v -0.01186700 -0.00140900 -0.00517700
v -0.01135500 -0.00117100 -0.00504200
v -0.01293500 -0.00268700 -0.00492100
v -0.01165400 -0.00112300 -0.00517000
v -0.01352700 -0.00282900 -0.00492500
v -0.02262200 0.00694100 -0.00208700
v -0.01230700 -0.00162500 -0.00512900
v -0.01252900 -0.00203400 -0.00504700
v -0.02208900 0.00669900 -0.00246400
v -0.02220000 0.00685700 -0.00221800
v -0.01205000 -0.00123200 -0.00521800
v -0.03062600 0.00133100 -0.00645500
v -0.01272800 -0.00167800 -0.00514000
v -0.02238900 0.00677900 -0.00238900
v -0.02258800 0.00660100 -0.00265400
v -0.02270000 0.00675300 -0.00246500
v -0.01271000 -0.00121200 -0.00518400
v -0.01333300 -0.00243500 -0.00498500
v -0.01305500 -0.00206800 -0.00503000
v -0.02305800 0.00689300 -0.00215900
v -0.02336700 0.00662300 -0.00250000
v -0.02342700 0.00690300 -0.00210900
v -0.03104400 0.00189100 -0.00626600
v -0.03037100 0.00212800 -0.00626700
v -0.02376300 0.00682800 -0.00230400
v -0.01322300 -0.00188400 -0.00509500
v -0.01400600 -0.00228100 -0.00505300
v -0.01406300 -0.00157400 -0.00515700
v -0.03081000 0.00232400 -0.00615700
v -0.01347000 -0.00137000 -0.00515800
v -0.02926000 0.00164300 -0.00632800
v -0.01056000 -0.00064500 -0.00445700
v -0.01021200 0.00014700 -0.00454100
v -0.02341300 0.00632400 -0.00289100
v -0.02389800 0.00645100 -0.00278700
v -0.00994800 0.00054000 -0.00440700
v -0.01090900 -0.00074300 -0.00450600
v -0.01115600 -0.00069400 -0.00461800
v -0.01094500 -0.00040800 -0.00456400
v -0.02909400 0.00197900 -0.00619800
v -0.02967300 0.00186900 -0.00632400
v -0.01076300 -0.00018800 -0.00455300
v -0.03003600 0.00150100 -0.00640400
v -0.03000300 0.00211900 -0.00628000
v -0.01120100 -0.00033200 -0.00469300
v -0.01098400 -0.00002800 -0.00458200
v -0.01042900 0.00046700 -0.00451000
v -0.01298000 -0.00152900 -0.00514100
v -0.01024000 0.00072800 -0.00446700
v -0.01057900 0.00084100 -0.00453600
v -0.01067200 0.00031100 -0.00456100
v -0.01115700 0.00034200 -0.00471200
v -0.01098600 0.00063000 -0.00471600
v -0.01132700 -0.00004300 -0.00479200
v -0.02385900 0.00707600 -0.00204900
v -0.01142700 0.00046800 -0.00484500
v -0.02990700 0.00241000 -0.00617300
v -0.01495600 -0.00237000 -0.00507100
v -0.02930300 0.00253700 -0.00602900
v -0.01481100 -0.00187700 -0.00515300
v -0.01124500 -0.00088100 -0.00481100
v -0.01147700 -0.00078000 -0.00505200
v -0.01136900 -0.00053800 -0.00491000
v -0.01154800 -0.00047400 -0.00502100
v -0.01172600 -0.00069600 -0.00512800
v -0.01487800 -0.00140500 -0.00521300
v -0.01171100 0.00014900 -0.00502900
v -0.01189000 -0.00022700 -0.00512900
v -0.01428400 -0.00100400 -0.00518300
v -0.01229600 -0.00089700 -0.00518700
v -0.01287600 -0.00057200 -0.00514400
v -0.01349600 -0.00077300 -0.00514900
v -0.03127800 0.00105200 -0.00638900
v -0.01330800 -0.00023300 -0.00507700
v -0.01196500 0.00028000 -0.00505300
v -0.01460700 0.00338700 -0.00455400
v -0.01258500 -0.00018500 -0.00512900
v -0.01521100 0.00365000 -0.00450400
v -0.01273700 0.00035400 -0.00504300
v -0.01296900 -0.00001900 -0.00507800
v -0.01405100 -0.00031500 -0.00512800
v -0.01226700 0.00067700 -0.00500100
v -0.01509800 0.00443900 -0.00412000
v -0.01403100 0.00039900 -0.00506600
v -0.01570100 0.00383900 -0.00444100
v -0.01556900 0.00424300 -0.00426400
v -0.01347700 0.00037500 -0.00506100
v -0.01493200 -0.00077100 -0.00518200
v -0.01471200 -0.00001200 -0.00514000
v -0.01542200 0.00326600 -0.00460100
v -0.01607400 0.00343700 -0.00458300
v -0.01561600 -0.00028700 -0.00519700
v -0.03164700 0.00173200 -0.00614100
v -0.01619500 0.00422300 -0.00429300
v -0.01513600 -0.00172300 -0.00519600
v -0.01578200 -0.00207900 -0.00513600
v -0.00990300 0.00098400 -0.00448900
v -0.00983400 0.00152200 -0.00442100
v -0.01022200 0.00119900 -0.00458500
v -0.01538700 -0.00136100 -0.00524700
v -0.03125200 0.00251400 -0.00601300
v -0.01103600 0.00102900 -0.00478000
v -0.01588700 0.00457500 -0.00410200
v -0.01140600 0.00082000 -0.00479700
v -0.01587900 -0.00153800 -0.00524100
v -0.01650100 0.00476200 -0.00399900
v -0.01582800 -0.00105800 -0.00526200
v -0.01185000 0.00065700 -0.00496800
v -0.01686700 0.00438400 -0.00417900
v -0.01673200 -0.00113300 -0.00523400
v -0.01636400 -0.00052500 -0.00524400
v -0.01694000 -0.00050600 -0.00523900
v -0.03322600 -0.00138300 -0.00573700
v -0.01865700 0.00404500 -0.00442100
v -0.01836300 0.00453000 -0.00417800
v -0.01801700 0.00401400 -0.00441100
v -0.03279200 -0.00112400 -0.00578600
v -0.01680600 0.00296800 -0.00474000
v -0.01691300 0.00382800 -0.00445500
v -0.01734200 -0.00114300 -0.00525100
v -0.01763200 0.00247700 -0.00487300
v -0.01752900 0.00342900 -0.00459600
v -0.03388100 -0.00172500 -0.00572400
v -0.01022200 0.00303300 -0.00365400
v -0.01046800 0.00310700 -0.00358900
v -0.01014800 0.00333000 -0.00354400
v -0.01033700 0.00278900 -0.00375300
v -0.01026200 0.00361600 -0.00338000
v -0.01073100 0.00333400 -0.00352700
v -0.01001200 0.00374600 -0.00336000
v -0.01013700 0.00398300 -0.00312800
v -0.00994000 0.00410900 -0.00313000
v -0.01029100 0.00381500 -0.00326800
v -0.01049100 0.00387700 -0.00333100
v -0.01079300 0.00375700 -0.00348700
v -0.01818900 0.00315700 -0.00469800
v -0.01003000 0.00432300 -0.00290300
v -0.01326300 0.00087000 -0.00503500
v -0.01375800 0.00070400 -0.00506000
v -0.01385800 0.00129900 -0.00500000
v -0.01038200 0.00408400 -0.00314900
v -0.01024600 0.00426300 -0.00295100
v -0.01454300 0.00051600 -0.00506700
v -0.01428000 0.00088900 -0.00504900
v -0.03332500 -0.00080100 -0.00576800
v -0.01080700 0.00409500 -0.00345600
v -0.03295300 -0.00060900 -0.00580100
v -0.03349600 -0.00038200 -0.00576100
v -0.01748200 0.00438300 -0.00419500
v -0.03387500 -0.00101800 -0.00576600
v -0.01523900 0.00053300 -0.00510300
v -0.01497200 0.00108400 -0.00503800
v -0.03433800 -0.00136800 -0.00576800
v -0.03434700 -0.00061700 -0.00577500
v -0.01435600 0.00137300 -0.00499500
v -0.01363200 0.00179900 -0.00492900
v -0.01416400 0.00175400 -0.00495300
v -0.01399300 0.00222900 -0.00484700
v -0.01479000 0.00171400 -0.00494900
v -0.01547400 0.00175300 -0.00495200
v -0.01585500 0.00561900 -0.00330200
v -0.01616400 0.00591400 -0.00297300
v -0.01647300 0.00568900 -0.00322900
v -0.01635900 0.00042300 -0.00516100
v -0.01679500 0.00019900 -0.00518600
v -0.01662600 0.00610200 -0.00278000
v -0.01666300 0.00641900 -0.00238700
v -0.01716500 0.00063700 -0.00514200
v -0.03516000 -0.00061700 -0.00578800
v -0.01694800 0.00601400 -0.00293300
v -0.01707300 0.00624400 -0.00258400
v -0.01752000 0.00608400 -0.00284400
v -0.01584600 0.00093900 -0.00506300
v -0.01726100 0.00554100 -0.00336100
v -0.01683500 0.00521800 -0.00366900
v -0.00998200 0.00178300 -0.00441900
v -0.01001500 0.00209300 -0.00422100
v -0.03310900 -0.00015600 -0.00574800
v -0.01652300 0.00167100 -0.00498700
v -0.01591800 0.00520800 -0.00365300
v -0.01500700 0.00212400 -0.00486900
v -0.01436400 0.00303100 -0.00463700
v -0.00990100 0.00242300 -0.00396200
v -0.01004500 0.00265800 -0.00389500
v -0.01017200 0.00239700 -0.00396600
v -0.03378300 0.00014100 -0.00573300
v -0.00993300 0.00312500 -0.00380500
v -0.03495000 0.00022900 -0.00573000
v -0.03418600 0.00058100 -0.00567100
v -0.01573000 0.00213200 -0.00486700
v -0.01497900 0.00313700 -0.00463800
v -0.01560400 0.00275300 -0.00473200
v -0.01604200 0.00272500 -0.00476800
v -0.03496300 0.00081600 -0.00565300
v -0.01731200 0.00498700 -0.00382600
v -0.01798700 0.00539700 -0.00356300
v -0.01753900 0.00153200 -0.00501400
v -0.01681100 0.00219300 -0.00491500
v -0.01808300 0.00499500 -0.00384600
v -0.03325900 0.00018600 -0.00570800
v -0.03314100 0.00071200 -0.00566100
v -0.01606200 0.00203900 -0.00491700
v -0.01855800 0.00482600 -0.00397800
v -0.01863100 0.00530400 -0.00367900
v -0.03351800 0.00073000 -0.00563800
v -0.03325500 0.00107400 -0.00557000
v -0.01815500 0.00621700 -0.00284000
v -0.01818900 0.00585800 -0.00321800
v -0.03340500 0.00159500 -0.00554700
v -0.03390800 0.00116100 -0.00556000
v -0.01865100 0.00580600 -0.00330400
v -0.01905200 0.00509000 -0.00382500
v -0.01912500 0.00559400 -0.00351000
v -0.01725700 -0.00013900 -0.00519000
v -0.01823700 -0.00092200 -0.00525400
v -0.01801500 -0.00019800 -0.00522200
v -0.01044000 0.00247000 -0.00396600
v -0.01063900 0.00275200 -0.00387100
v -0.01853700 -0.00005100 -0.00525000
v -0.01277600 0.00092600 -0.00500800
v -0.03565000 0.00002100 -0.00574900
v -0.01801000 0.00043500 -0.00521000
v -0.01314400 0.00136500 -0.00496000
v -0.01810000 0.00108700 -0.00512300
v -0.01898800 -0.00003100 -0.00526400
v -0.01069200 0.00303900 -0.00367200
v -0.03561100 0.00070800 -0.00570300
v -0.01096500 0.00284600 -0.00404100
v -0.01097600 0.00318600 -0.00367400
v -0.01116100 0.00316200 -0.00384300
v -0.01105000 0.00340000 -0.00361900
v -0.01874000 0.00064400 -0.00520000
v -0.01124500 0.00338400 -0.00378500
v -0.01869600 0.00204400 -0.00497100
v -0.01892900 0.00276900 -0.00482100
v -0.01121100 0.00361200 -0.00371600
v -0.03654100 -0.00005300 -0.00574800
v -0.01866000 0.00341500 -0.00463100
v -0.01105800 0.00405100 -0.00358700
v -0.01925300 0.00349000 -0.00465000
v -0.03628900 0.00064200 -0.00572300
v -0.01936700 0.00221300 -0.00499600
v -0.01958300 0.00300100 -0.00480100
v -0.01992000 0.00260100 -0.00492500
v -0.01035400 0.00158600 -0.00458100
v -0.01042400 0.00185000 -0.00454000
v -0.01069800 0.00140500 -0.00459800
v -0.01047200 0.00207400 -0.00444300
v -0.01077100 0.00178200 -0.00465300
v -0.01084400 0.00199000 -0.00459700
v -0.01116500 0.00162900 -0.00483200
v -0.01143700 0.00116100 -0.00479700
v -0.01948400 0.00070800 -0.00520600
v -0.01137400 0.00157500 -0.00488100
v -0.01120600 0.00192900 -0.00474000
v -0.01174100 0.00156700 -0.00487300
v -0.01150600 0.00184500 -0.00482600
v -0.01923000 0.00142600 -0.00510900
v -0.01064700 0.00242200 -0.00414800
v -0.01090900 0.00235100 -0.00432600
v -0.02012600 0.00346500 -0.00471900
v -0.01090400 0.00259700 -0.00415900
v -0.01107500 0.00266900 -0.00425100
v -0.01124100 0.00228300 -0.00446700
v -0.03244000 0.00194500 -0.00567600
v -0.01161100 0.00221400 -0.00468600
v -0.01990700 0.00408800 -0.00449200
v -0.03257800 0.00233200 -0.00555900
v -0.03214700 0.00238000 -0.00566600
v -0.01188300 0.00212600 -0.00475900
v -0.03295900 0.00191100 -0.00556900
v -0.01149500 0.00248300 -0.00450900
v -0.01138100 0.00289800 -0.00436900
v -0.01162500 0.00292800 -0.00449800
v -0.01176600 0.00242000 -0.00468100
v -0.03231700 0.00279500 -0.00546400
v -0.03283400 0.00275200 -0.00538400
v -0.03310300 0.00242900 -0.00545700
v -0.03335000 0.00213600 -0.00546300
v -0.01198900 0.00111900 -0.00493100
v -0.01244700 0.00123300 -0.00492900
v -0.01245300 0.00175800 -0.00487900
v -0.02047400 0.00245000 -0.00495500
v -0.01997600 0.00213000 -0.00501600
v -0.02056200 0.00189800 -0.00504900
v -0.03258400 0.00329900 -0.00523200
v -0.03320800 0.00299800 -0.00534500
v -0.03357400 0.00256700 -0.00544600
v -0.02067200 0.00285400 -0.00489300
v -0.02095500 0.00248700 -0.00495600
v -0.01247600 0.00214300 -0.00478700
v -0.02000600 0.00145400 -0.00511700
v -0.01197800 0.00279600 -0.00466400
v -0.01221600 0.00261000 -0.00473100
v -0.01307300 0.00214800 -0.00484100
v -0.02018600 0.00299200 -0.00483100
v -0.01347200 0.00261700 -0.00475200
v -0.02175400 0.00219700 -0.00501800
v -0.02133600 0.00288700 -0.00484400
v -0.02069700 -0.00529700 -0.00377200
v -0.01129000 0.00306900 -0.00419700
v -0.03168300 0.00517600 -0.00442200
v -0.03181300 0.00547800 -0.00419100
v -0.03123200 0.00546900 -0.00417900
v -0.01140800 0.00339100 -0.00406900
v -0.01153000 0.00368800 -0.00404500
v -0.02093200 0.00319200 -0.00477300
v -0.02054800 0.00349600 -0.00470900
v -0.01152600 0.00328800 -0.00431100
v -0.03205900 0.00445400 -0.00488300
v -0.03245100 0.00462500 -0.00477300
v -0.03181800 0.00480300 -0.00464900
v -0.03206600 0.00512800 -0.00444100
v -0.03271700 0.00493200 -0.00455700
v -0.01173300 0.00344300 -0.00440600
v -0.03243700 0.00546100 -0.00423600
v -0.02086400 -0.00498800 -0.00403800
v -0.02057500 0.00384800 -0.00460400
v -0.01214800 0.00333500 -0.00461500
v -0.01201500 0.00353500 -0.00450000
v -0.01225000 0.00351500 -0.00455000
v -0.02133100 -0.00498600 -0.00404800
v -0.03288900 0.00387900 -0.00506000
v -0.03252500 0.00376900 -0.00510900
v -0.03250700 0.00408200 -0.00499900
v -0.02153200 0.00343400 -0.00470500
v -0.01192400 0.00376300 -0.00433500
v -0.01199100 0.00401700 -0.00415700
v -0.02204700 0.00310600 -0.00482500
v -0.02178900 -0.00485000 -0.00421000
v -0.03283200 0.00436900 -0.00488100
v -0.02111000 -0.00476900 -0.00417700
v -0.02155600 -0.00467900 -0.00428800
v -0.01209500 0.00374200 -0.00442900
v -0.01240200 0.00388200 -0.00431600
v -0.03324700 0.00359500 -0.00512200
v -0.03371600 0.00308100 -0.00531000
v -0.03377800 0.00361600 -0.00510800
v -0.02076200 -0.00460800 -0.00425100
v -0.03354000 0.00423600 -0.00490000
v -0.01919900 0.00445800 -0.00428600
v -0.01289900 0.00268300 -0.00468100
v -0.01258400 0.00299700 -0.00462100
v -0.01266200 0.00329400 -0.00452400
v -0.01986600 0.00467900 -0.00413100
v -0.01291700 0.00312100 -0.00455600
v -0.03312300 0.00473700 -0.00468200
v -0.01350200 0.00339700 -0.00450800
v -0.03318500 0.00513700 -0.00449200
v -0.03352100 0.00494700 -0.00459500
v -0.01263100 0.00368800 -0.00438200
v -0.02197200 -0.00461400 -0.00433500
v -0.01291700 0.00354300 -0.00441400
v -0.02118000 -0.00436300 -0.00437000
v -0.03411700 0.00430100 -0.00488300
v -0.03443500 0.00467000 -0.00476400
v -0.03407900 0.00488300 -0.00465100
v -0.02075500 0.00457600 -0.00418800
v -0.03354100 0.00461500 -0.00476400
v -0.02030300 0.00508400 -0.00383600
v -0.01976300 0.00553300 -0.00355800
v -0.02128000 -0.00366400 -0.00473100
v -0.02064500 -0.00343200 -0.00484700
v -0.02169400 -0.00417000 -0.00450500
v -0.02992100 0.00299200 -0.00594100
v -0.03027600 0.00353800 -0.00558500
v -0.02955400 0.00342000 -0.00551900
v -0.02240300 -0.00436200 -0.00442800
v -0.02228500 -0.00389300 -0.00464000
v -0.03060200 0.00309900 -0.00589800
v -0.03061800 0.00350100 -0.00562500
v -0.03075700 0.00274600 -0.00606000
v -0.03105700 0.00316700 -0.00578400
v -0.02213300 -0.00316300 -0.00492300
v -0.03173500 0.00279500 -0.00571200
v -0.02093600 0.00495800 -0.00393000
v -0.02285700 -0.00475900 -0.00418200
v -0.03005400 0.00402000 -0.00502200
v -0.03046800 0.00447800 -0.00474200
v -0.02984100 0.00451500 -0.00466000
v -0.02336100 -0.00459200 -0.00430400
v -0.03080900 0.00392900 -0.00522100
v -0.02288700 -0.00421000 -0.00452500
v -0.02120500 0.00393400 -0.00455300
v -0.03106900 0.00367400 -0.00540000
v -0.03140800 0.00388100 -0.00518500
v -0.02382500 -0.00427400 -0.00452800
v -0.03163200 0.00338000 -0.00544200
v -0.02338800 -0.00402900 -0.00460400
v -0.03197900 0.00378800 -0.00516500
v -0.02430700 -0.00447500 -0.00442900
v -0.02206800 0.00382200 -0.00461400
v -0.01044900 0.00616800 0.00280300
v -0.02414600 -0.00395500 -0.00473800
v -0.02265300 0.00353600 -0.00475000
v -0.01107500 0.00678500 0.00283800
v -0.01068000 0.00665100 0.00248600
v -0.01108400 0.00703800 0.00241200
v -0.01128200 0.00710900 0.00266100
v -0.03029800 0.00279900 -0.00606300
v -0.02294500 -0.00390500 -0.00464500
v -0.02284300 -0.00331500 -0.00491300
v -0.02337800 -0.00361400 -0.00481400
v -0.02139800 0.00473300 -0.00414400
v -0.01154100 0.00727300 -0.00001900
v -0.01177700 0.00730100 0.00029100
v -0.01146300 0.00722300 0.00046400
v -0.01158800 0.00726600 0.00079100
v -0.01124800 0.00718900 -0.00008100
v -0.02314100 -0.00281500 -0.00507900
v -0.01216200 0.00728900 -0.00046300
v -0.01231600 0.00731900 0.00005900
v -0.02209700 0.00434400 -0.00437100
v -0.01147300 0.00702200 0.00287300
v -0.01183700 0.00713400 0.00277200
v -0.02098300 -0.00314200 -0.00491600
v -0.01147300 0.00718600 0.00264500
v -0.01165400 0.00722500 0.00255700
v -0.01137000 0.00719700 0.00240300
v -0.01118000 0.00714300 0.00205000
v -0.01160200 0.00723000 0.00196600
v -0.02104000 -0.00260100 -0.00509700
v -0.01218200 0.00718700 0.00257800
v -0.02151800 -0.00305200 -0.00493200
v -0.01259600 0.00722000 0.00248300
v -0.02164500 -0.00216800 -0.00522300
v -0.01232300 0.00724100 0.00214900
v -0.03196500 0.00332700 -0.00540200
v -0.01311700 0.00731800 0.00230200
v -0.01314300 0.00738000 0.00186500
v -0.01357500 0.00734500 0.00228400
v -0.02445900 -0.00474000 -0.00430200
v -0.01163000 0.00728100 0.00121300
v -0.01132500 0.00722100 0.00132900
v -0.01239800 0.00731400 0.00133900
v -0.02467800 -0.00447400 -0.00449000
v -0.03102000 0.00435500 -0.00488600
v -0.02459200 -0.00396000 -0.00477200
v -0.01323300 0.00742200 0.00126700
v -0.03076800 0.00489300 -0.00450200
v -0.03002300 0.00496700 -0.00445100
v -0.02525500 -0.00392500 -0.00476900
v -0.02458700 -0.00363700 -0.00487700
v -0.03130900 0.00472500 -0.00467800
v -0.02526200 -0.00438600 -0.00452900
v -0.02582500 -0.00392000 -0.00476000
v -0.03168200 0.00434800 -0.00496400
v -0.01196100 0.00731000 0.00076900
v -0.01265600 0.00732100 0.00085100
v -0.01313400 0.00737400 0.00057400
v -0.01290200 0.00736700 0.00022600
v -0.03094800 0.00567600 -0.00397600
v -0.02400000 -0.00319000 -0.00501200
v -0.02382100 -0.00259100 -0.00520800
v -0.01446400 0.00736000 0.00203100
v -0.02468500 -0.00287900 -0.00514900
v -0.01527000 0.00742400 0.00179500
v -0.02245100 -0.00232800 -0.00521200
v -0.01483300 0.00743100 0.00147700
v -0.02162600 -0.00172300 -0.00530200
v -0.02220100 -0.00170000 -0.00534500
v -0.01382000 0.00743200 0.00143300
v -0.01426700 0.00742900 0.00124300
v -0.02113500 -0.00137200 -0.00532500
v -0.01387600 0.00742100 0.00086700
v -0.03437900 0.00175900 -0.00550800
v -0.01420300 0.00743700 0.00049400
v -0.03520700 0.00191200 -0.00548900
v -0.03556100 0.00130000 -0.00560200
v -0.01479600 0.00746200 0.00081300
v -0.01514800 0.00745800 0.00081800
v -0.01518000 0.00742700 0.00125000
v -0.02160400 -0.00111400 -0.00535000
v -0.02206000 0.00172800 -0.00509200
v -0.02177700 0.00129000 -0.00515200
v -0.02242600 0.00135100 -0.00516300
v -0.03385200 0.00190500 -0.00549800
v -0.02239100 0.00243400 -0.00501100
v -0.01585200 0.00745100 0.00120100
v -0.01633000 0.00745300 0.00119500
v -0.02190900 -0.00016800 -0.00538000
v -0.02229200 -0.00083300 -0.00537200
v -0.02278100 -0.00142900 -0.00538100
v -0.02280200 0.00086300 -0.00526600
v -0.02308800 0.00146900 -0.00519800
v -0.03436300 0.00246500 -0.00544100
v -0.02285500 0.00190500 -0.00514300
v -0.02258000 -0.00027300 -0.00539700
v -0.02361500 0.00202900 -0.00517800
v -0.02299800 -0.00220300 -0.00525600
v -0.03478900 0.00221400 -0.00544600
v -0.02302900 0.00243200 -0.00507400
v -0.03470100 0.00286600 -0.00542300
v -0.03413600 0.00291200 -0.00538000
v -0.02282900 0.00305800 -0.00493000
v -0.02376200 -0.00187100 -0.00535100
v -0.02343300 0.00292800 -0.00501700
v -0.01694900 0.00747800 0.00173100
v -0.02368900 0.00259700 -0.00510400
v -0.02300800 -0.00091800 -0.00540600
v -0.02378300 -0.00128900 -0.00540600
v -0.02310700 0.00032400 -0.00532800
v -0.02349100 0.00095300 -0.00528100
v -0.02411500 0.00024400 -0.00536400
v -0.02407100 0.00094900 -0.00528700
v -0.03515000 0.00254400 -0.00542800
v -0.02394900 0.00131600 -0.00524000
v -0.01344300 0.00736500 0.00033000
v -0.01315800 0.00732800 -0.00014800
v -0.01424600 0.00734900 -0.00011000
v -0.02477700 0.00065100 -0.00535800
v -0.03628900 0.00125700 -0.00565000
v -0.02471800 0.00125800 -0.00526100
v -0.02232400 0.00041400 -0.00532200
v -0.02528600 0.00124400 -0.00535700
v -0.01329100 0.00724600 -0.00051200
v -0.02345500 -0.00023800 -0.00537900
v -0.03665600 0.00115700 -0.00567100
v -0.02436100 0.00189300 -0.00520700
v -0.03580200 0.00208900 -0.00551900
v -0.02513300 0.00168300 -0.00526500
v -0.03588600 0.00289600 -0.00541500
v -0.03668000 0.00187800 -0.00557600
v -0.02340900 0.00360200 -0.00476800
v -0.02288900 0.00415900 -0.00452500
v -0.02393000 0.00313400 -0.00495900
v -0.02302100 0.00462100 -0.00426900
v -0.02341500 0.00444900 -0.00438000
v -0.02382100 0.00400700 -0.00460700
v -0.03470700 0.00334600 -0.00529300
v -0.03410700 0.00338000 -0.00522300
v -0.02420200 0.00365500 -0.00477500
v -0.03430400 0.00376300 -0.00510500
v -0.03511400 0.00393100 -0.00509300
v -0.02537100 -0.00353800 -0.00491400
v -0.02604100 -0.00319200 -0.00509400
v -0.03512500 0.00310500 -0.00537900
v -0.02450500 0.00301000 -0.00499500
v -0.02559000 -0.00274100 -0.00521600
v -0.03521500 0.00351100 -0.00523500
v -0.03568800 0.00341200 -0.00527600
v -0.02525000 0.00258000 -0.00507400
v -0.03479900 0.00436800 -0.00492400
v -0.03508500 0.00455000 -0.00483900
v -0.02509000 0.00338000 -0.00488400
v -0.02586100 0.00315300 -0.00497500
v -0.03559600 0.00393700 -0.00508200
v -0.03596300 0.00406900 -0.00508100
v -0.03553000 0.00449900 -0.00489300
v -0.02464000 0.00397800 -0.00465200
v -0.02443900 0.00440000 -0.00442700
v -0.02668100 -0.00355600 -0.00502700
v -0.02749600 -0.00386900 -0.00489100
v -0.03668500 0.00281100 -0.00543900
v -0.02557800 0.00374900 -0.00476800
v -0.02652200 -0.00304900 -0.00518800
v -0.03628800 0.00341100 -0.00527500
v -0.03724000 0.00228400 -0.00556000
v -0.03732200 0.00304400 -0.00538300
v -0.03695300 0.00365300 -0.00520900
v -0.02595000 0.00074500 -0.00545200
v -0.02631600 0.00055400 -0.00545300
v -0.02680000 0.00026500 -0.00551400
v -0.03778300 0.00367700 -0.00523900
v -0.02569600 0.00121800 -0.00541700
v -0.02623200 0.00109600 -0.00541000
v -0.02676300 0.00097300 -0.00544200
v -0.02651900 0.00143600 -0.00537300
v -0.02720200 0.00068100 -0.00546700
v -0.02705300 0.00129100 -0.00544300
v -0.02608000 0.00169200 -0.00531900
v -0.02671000 0.00189200 -0.00537800
v -0.02734100 0.00024100 -0.00551300
v -0.02751700 0.00005700 -0.00559200
v -0.02770500 0.00056600 -0.00571900
v -0.03730200 0.00074000 -0.00571900
v -0.02796100 0.00006000 -0.00581200
v -0.02811500 0.00056800 -0.00594400
v -0.02746000 0.00077900 -0.00557000
v -0.02772100 0.00104900 -0.00573000
v -0.02748700 0.00119800 -0.00557800
v -0.02769200 0.00158000 -0.00567400
v -0.02804700 0.00129200 -0.00593000
v -0.03754000 0.00166500 -0.00561300
v -0.03767900 0.00214600 -0.00560100
v -0.03841000 0.00228600 -0.00554000
v -0.03892100 0.00189500 -0.00560900
v -0.03787800 0.00275800 -0.00548700
v -0.02707800 0.00184900 -0.00539000
v -0.02732200 0.00170400 -0.00546500
v -0.02735500 0.00207000 -0.00540700
v -0.02715600 0.00238000 -0.00528100
v -0.02763200 0.00260800 -0.00530200
v -0.02760500 0.00319600 -0.00510200
v -0.02618700 0.00233500 -0.00519800
v -0.03918400 0.00238100 -0.00557400
v -0.03855700 0.00277800 -0.00549800
v -0.03847500 0.00329700 -0.00536500
v -0.02686100 0.00284800 -0.00515000
v -0.03920300 0.00353400 -0.00535300
v -0.03937900 0.00294300 -0.00547900
v -0.02633700 0.00356700 -0.00490700
v -0.02702800 0.00358000 -0.00493700
v -0.02775400 0.00196700 -0.00562500
v -0.02794000 0.00296400 -0.00527800
v -0.02809200 0.00355300 -0.00501900
v -0.02814600 0.00191400 -0.00587500
v -0.02812700 0.00225200 -0.00575500
v -0.03214900 0.00677400 -0.00297200
v -0.02876000 0.00226100 -0.00596600
v -0.03240100 0.00708500 -0.00270900
v -0.03260000 0.00653500 -0.00327100
v -0.03303600 0.00703500 -0.00283900
v -0.03340600 0.00647200 -0.00341900
v -0.03128100 0.00617200 -0.00355000
v -0.03174900 0.00616300 -0.00356100
v -0.02845400 0.00288200 -0.00556900
v -0.03139300 0.00583900 -0.00385100
v -0.03219800 0.00592300 -0.00381300
v -0.02915400 0.00301100 -0.00574600
v -0.03324900 0.00607300 -0.00383500
v -0.03276500 0.00564900 -0.00409700
v -0.03213600 0.00645300 -0.00332200
v -0.02494700 0.00742900 -0.00153600
v -0.02465100 0.00707500 -0.00202100
v -0.02526600 0.00700800 -0.00216200
v -0.02556800 0.00733300 -0.00165500
v -0.02598000 0.00660300 -0.00273300
v -0.02702400 0.00656200 -0.00281700
v -0.03367200 0.00619900 -0.00372800
v -0.03399000 0.00647800 -0.00346800
v -0.03426600 0.00611800 -0.00383500
v -0.03447300 0.00638700 -0.00354000
v -0.03480900 0.00605800 -0.00393100
v -0.03483500 0.00640100 -0.00354400
v -0.02351000 0.00487600 -0.00414100
v -0.03302200 0.00547700 -0.00427100
v -0.03342500 0.00543800 -0.00432200
v -0.03342800 0.00572600 -0.00411100
v -0.03370900 0.00556300 -0.00423500
v -0.02329200 0.00537200 -0.00374900
v -0.02387300 0.00516700 -0.00391700
v -0.02392300 0.00470600 -0.00423100
v -0.02429700 0.00492300 -0.00408700
v -0.02467700 0.00484400 -0.00416400
v -0.03378200 0.00524900 -0.00441400
v -0.03425800 0.00543100 -0.00433500
v -0.03474300 0.00509600 -0.00454600
v -0.03398000 0.00591500 -0.00400000
v -0.02378400 0.00571000 -0.00346600
v -0.02357300 0.00605700 -0.00317200
v -0.02408700 0.00603500 -0.00320500
v -0.02449100 0.00585700 -0.00342100
v -0.03437800 0.00583900 -0.00407500
v -0.02443500 0.00526200 -0.00388900
v -0.03494100 0.00578400 -0.00415000
v -0.02507000 0.00538200 -0.00382900
v -0.03234900 0.00727000 -0.00246500
v -0.03267300 0.00726000 -0.00254900
v -0.03316400 0.00736400 -0.00239700
v -0.02631300 0.00474300 -0.00434400
v -0.02671600 0.00530600 -0.00398600
v -0.02612600 0.00529700 -0.00399600
v -0.02526200 0.00431000 -0.00448100
v -0.03366300 0.00702600 -0.00291000
v -0.02527700 0.00489200 -0.00415600
v -0.03415100 0.00725400 -0.00263400
v -0.02560600 0.00495900 -0.00418600
v -0.02600100 0.00421000 -0.00461000
v -0.02573600 0.00542900 -0.00386700
v -0.02528400 0.00584000 -0.00349700
v -0.03419000 0.00690900 -0.00308000
v -0.03458200 0.00702100 -0.00289300
v -0.03468400 0.00674700 -0.00319400
v -0.03510300 0.00701300 -0.00296700
v -0.02468200 0.00626700 -0.00303800
v -0.03502200 0.00663600 -0.00334300
v -0.03533100 0.00640800 -0.00357000
v -0.02408400 0.00701200 -0.00214600
v -0.02484600 0.00678900 -0.00247900
v -0.02551700 0.00659700 -0.00273200
v -0.03552200 0.00531400 -0.00442300
v -0.03545000 0.00598600 -0.00400900
v -0.03598300 0.00552200 -0.00431500
v -0.03588300 0.00610700 -0.00392100
v -0.03590000 0.00510800 -0.00458900
v -0.02578200 0.00584600 -0.00350100
v -0.03656600 0.00529200 -0.00452300
v -0.03655500 0.00464800 -0.00486100
v -0.02562900 0.00624100 -0.00310700
v -0.02604600 0.00618200 -0.00319000
v -0.03667600 0.00593500 -0.00409600
v -0.03527200 0.00494600 -0.00465300
v -0.02636100 0.00573800 -0.00364200
v -0.02707100 0.00573900 -0.00370300
v -0.02647800 0.00631400 -0.00306100
v -0.02732200 0.00620600 -0.00323800
v -0.03730100 0.00442900 -0.00497600
v -0.03735100 0.00516200 -0.00463700
v -0.03814800 0.00439000 -0.00499300
v -0.02866900 0.00614100 -0.00340200
v -0.03759800 0.00582600 -0.00423200
v -0.02945600 0.00583200 -0.00373900
v -0.03787600 0.00507700 -0.00469500
v -0.03861600 0.00508500 -0.00467900
v -0.03793000 0.00536800 -0.00453200
v -0.02761600 0.00363900 -0.00497300
v -0.02800500 0.00391800 -0.00487500
v -0.02717900 0.00416100 -0.00474500
v -0.02783700 0.00434300 -0.00467500
v -0.02735100 0.00466300 -0.00443900
v -0.02743400 0.00531200 -0.00401400
v -0.03551600 0.00687500 -0.00312100
v -0.02788700 0.00493200 -0.00433400
v -0.02836700 0.00474700 -0.00445600
v -0.02853000 0.00428600 -0.00472400
v -0.02662000 0.00402400 -0.00474600
v -0.03663700 0.00640300 -0.00368100
v -0.02832800 0.00333700 -0.00517800
v -0.02892200 0.00325800 -0.00547600
v -0.02872000 0.00355600 -0.00512400
v -0.02854200 0.00383200 -0.00493400
v -0.03820200 0.00578600 -0.00423400
v -0.02899200 0.00371900 -0.00499800
v -0.02889800 0.00474400 -0.00451700
v -0.02905000 0.00440900 -0.00469900
v -0.02939200 0.00379600 -0.00505400
v -0.02938700 0.00400600 -0.00488600
v -0.02934400 0.00472500 -0.00456800
v -0.02798200 0.00593600 -0.00354000
v -0.02752100 0.00575900 -0.00371300
v -0.02809700 0.00548200 -0.00397700
v -0.03886700 0.00385500 -0.00521200
v -0.03892800 0.00455000 -0.00497100
v -0.02842800 0.00566900 -0.00381400
v -0.02868900 0.00549700 -0.00400600
v -0.02866600 0.00519600 -0.00418600
v -0.03939800 0.00413500 -0.00514200
v -0.03915000 0.00491200 -0.00479800
v -0.02891000 0.00585100 -0.00371800
v -0.03950100 0.00530800 -0.00461600
v -0.02917600 0.00499500 -0.00440200
v -0.02916700 0.00540900 -0.00410700
v -0.02960600 0.00496400 -0.00442500
v -0.02968400 0.00531100 -0.00420900
v -0.03018100 0.00542300 -0.00415200
v -0.03871700 0.00550000 -0.00443900
v -0.03911800 0.00530400 -0.00461000
v -0.02355300 0.00770000 0.00013700
v -0.02390700 0.00763400 -0.00001100
v -0.02468300 0.00765900 -0.00031100
v -0.02414700 0.00752900 -0.00063300
v -0.02466000 0.00757000 -0.00070500
v -0.02532000 0.00760400 -0.00078000
v -0.02505400 0.00754500 -0.00121600
v -0.02547200 0.00746900 -0.00134800
v -0.02569400 0.00757000 -0.00102300
v -0.01030000 0.00637300 0.00242000
v -0.00990700 0.00639000 0.00200000
v -0.00969100 0.00644400 0.00161100
v -0.01019100 0.00663300 0.00155900
v -0.01035700 0.00660500 0.00199000
v -0.01065000 0.00678700 0.00197700
v -0.01075700 0.00690100 0.00146000
v -0.01015500 0.00667900 0.00118000
v -0.00989100 0.00661700 0.00063200
v -0.01040500 0.00674800 0.00056000
v -0.01066500 0.00686400 0.00100200
v -0.01116500 0.00710700 0.00083300
v -0.01093400 0.00697100 0.00052500
v -0.01019300 0.00663400 0.00006700
v -0.01066400 0.00681100 -0.00010800
v -0.00997100 0.00651000 -0.00035700
v -0.01043000 0.00655300 -0.00053200
v -0.01102900 0.00695900 -0.00053800
v -0.01019900 0.00623700 -0.00105100
v -0.00993300 0.00598700 -0.00163300
v -0.01063400 0.00538400 -0.00202800
v -0.01082300 0.00569600 -0.00169800
v -0.01039900 0.00581300 -0.00162100
v -0.01006800 0.00593800 -0.00162300
v -0.01052500 0.00618300 -0.00112700
v -0.01100300 0.00606400 -0.00145100
v -0.01017300 0.00550700 -0.00200800
v -0.01080300 0.00649000 -0.00091800
v -0.01114800 0.00650400 -0.00120000
f 1 2 3
f 4 5 6
f 7 6 5
f 2 8 9
f 10 4 6
f 9 3 2
f 11 12 10
f 13 5 4
f 14 15 16
f 14 16 17
f 18 4 12
f 12 19 18
f 20 3 9
f 21 22 14
f 10 12 4
f 23 3 24
f 23 24 25
f 21 14 17
f 20 24 3
f 26 27 28
f 13 29 28
f 24 20 30
f 29 13 31
f 32 33 34
f 35 28 36
f 36 28 29
f 34 33 37
f 38 35 36
f 29 39 36
f 39 29 40
f 40 29 31
f 35 26 28
f 20 9 41
f 34 37 22
f 20 41 42
f 43 32 34
f 34 44 43
f 30 20 46
f 40 31 47
f 44 34 48
f 47 31 50
f 46 20 42
f 51 28 27
f 51 13 28
f 13 51 5
f 21 52 22
f 18 13 4
f 31 13 18
f 48 34 22
f 50 31 18
f 48 22 52
f 54 49 53
f 53 55 54
f 56 46 42
f 57 46 56
f 57 56 58
f 59 46 60
f 60 46 57
f 57 58 61
f 60 57 62
f 63 59 60
f 63 60 64
f 64 60 62
f 62 57 61
f 62 61 65
f 65 61 66
f 62 65 64
f 64 65 67
f 68 69 70
f 69 68 71
f 72 47 73
f 66 67 65
f 74 75 76
f 76 75 70
f 70 77 76
f 73 78 79
f 76 80 74
f 76 77 81
f 77 70 69
f 82 81 77
f 82 77 83
f 69 83 77
f 84 72 85
f 86 76 81
f 86 81 87
f 86 80 76
f 87 81 82
f 73 85 72
f 69 71 88
f 69 88 89
f 83 69 89
f 85 73 79
f 90 83 89
f 63 91 16
f 92 89 88
f 64 91 63
f 93 94 95
f 93 96 94
f 97 98 95
f 35 38 97
f 85 79 99
f 98 97 38
f 38 100 98
f 94 101 97
f 35 97 101
f 102 64 67
f 95 94 97
f 103 95 98
f 74 98 75
f 91 64 102
f 74 103 98
f 104 95 103
f 79 1 23
f 23 99 79
f 105 74 80
f 84 88 72
f 100 36 39
f 100 38 36
f 100 39 68
f 68 39 40
f 84 85 106
f 75 98 100
f 100 70 75
f 70 100 68
f 92 88 84
f 92 84 107
f 67 66 108
f 109 92 107
f 68 40 71
f 107 84 106
f 40 47 71
f 71 47 72
f 67 110 102
f 85 111 106
f 110 67 108
f 111 85 99
f 111 99 112
f 113 111 114
f 114 111 112
f 72 88 71
f 107 106 115
f 115 106 111
f 115 111 113
f 115 116 107
f 116 115 113
f 117 87 82
f 117 82 90
f 118 87 117
f 119 117 90
f 83 90 82
f 110 108 120
f 121 122 123
f 121 123 124
f 124 123 125
f 126 90 89
f 119 90 126
f 126 89 92
f 127 125 128
f 128 125 129
f 7 51 130
f 125 131 129
f 123 131 125
f 132 119 126
f 124 125 127
f 133 132 126
f 7 130 129
f 21 17 134
f 119 132 135
f 112 99 25
f 16 91 17
f 112 25 136
f 137 135 132
f 26 138 139
f 17 91 140
f 132 133 141
f 26 139 27
f 137 132 141
f 142 137 141
f 138 26 35
f 101 138 35
f 101 94 138
f 133 143 141
f 25 99 23
f 134 17 140
f 91 144 140
f 25 24 30
f 145 146 147
f 146 145 148
f 148 121 124
f 146 124 149
f 127 149 124
f 124 146 148
f 144 91 102
f 144 102 150
f 94 151 149
f 30 46 59
f 11 152 12
f 139 127 128
f 152 19 12
f 149 139 138
f 139 149 127
f 139 128 130
f 130 27 139
f 27 130 51
f 128 129 130
f 150 154 144
f 138 94 149
f 155 156 8
f 136 25 30
f 157 152 155
f 155 152 156
f 30 59 136
f 134 158 21
f 51 7 5
f 52 21 158
f 73 47 50
f 73 50 78
f 78 50 157
f 55 53 159
f 19 50 18
f 50 19 157
f 114 112 160
f 152 157 19
f 136 160 112
f 140 161 134
f 161 158 134
f 55 159 163
f 163 159 162
f 157 155 1
f 78 157 1
f 114 160 15
f 1 155 2
f 160 136 164
f 164 136 59
f 144 161 140
f 161 144 154
f 15 160 164
f 15 164 16
f 79 78 1
f 23 1 3
f 2 155 8
f 165 9 8
f 9 165 41
f 166 163 162
f 166 162 153
f 42 41 167
f 164 59 63
f 63 16 164
f 150 102 110
f 154 150 169
f 169 150 110
f 126 92 109
f 169 110 171
f 171 110 120
f 133 126 109
f 133 109 172
f 173 153 168
f 168 174 173
f 133 175 143
f 172 175 133
f 176 153 173
f 172 32 175
f 32 177 175
f 168 170 174
f 174 170 178
f 109 107 116
f 113 33 116
f 172 109 116
f 116 33 172
f 33 32 172
f 33 113 37
f 37 113 114
f 114 15 14
f 37 114 14
f 37 14 22
f 179 180 181
f 181 180 86
f 182 183 179
f 182 179 184
f 184 179 181
f 185 183 182
f 185 182 186
f 186 182 184
f 187 185 188
f 188 185 186
f 186 189 188
f 87 118 86
f 118 181 86
f 191 192 147
f 118 117 193
f 117 119 193
f 119 135 193
f 184 181 193
f 193 181 118
f 186 184 194
f 194 184 193
f 194 193 135
f 137 194 135
f 189 186 195
f 195 186 194
f 195 194 137
f 142 195 137
f 197 196 198
f 197 198 199
f 199 200 197
f 200 183 201
f 201 197 200
f 200 199 180
f 180 179 200
f 200 179 183
f 146 149 151
f 191 147 146
f 151 191 146
f 203 202 204
f 207 206 191
f 192 206 205
f 205 190 192
f 206 192 191
f 207 204 202
f 202 206 207
f 196 208 209
f 203 209 208
f 86 180 80
f 203 204 210
f 210 204 96
f 210 96 93
f 95 104 93
f 104 210 93
f 207 191 151
f 207 151 96
f 151 94 96
f 96 204 207
f 209 203 210
f 209 210 104
f 104 211 209
f 196 209 198
f 211 199 209
f 209 199 198
f 211 104 105
f 104 103 105
f 103 74 105
f 180 199 105
f 105 199 211
f 105 80 180
f 201 183 212
f 183 185 212
f 185 187 212
f 213 214 215
f 215 214 216
f 217 218 219
f 220 219 218
f 221 213 215
f 213 221 222
f 222 223 213
f 224 226 228
f 228 226 230
f 231 232 227
f 221 233 222
f 222 233 234
f 234 235 222
f 236 237 217
f 238 239 240
f 241 215 242
f 215 243 242
f 217 237 218
f 240 244 245
f 246 217 219
f 217 246 236
f 247 245 244
f 241 221 215
f 245 248 249
f 250 236 246
f 245 238 240
f 238 245 249
f 241 251 252
f 253 250 246
f 251 241 242
f 238 249 254
f 249 248 254
f 254 255 238
f 241 233 221
f 252 233 241
f 257 258 259
f 260 261 257
f 257 261 258
f 262 257 259
f 263 262 259
f 262 260 257
f 230 226 239
f 230 239 264
f 266 267 268
f 269 270 260
f 260 270 261
f 264 239 238
f 271 272 266
f 266 272 267
f 273 269 260
f 274 275 272
f 274 272 271
f 276 277 278
f 279 267 272
f 280 277 281
f 281 277 276
f 282 265 256
f 283 284 285
f 275 279 272
f 269 286 270
f 284 286 269
f 273 285 269
f 269 285 284
f 287 288 289
f 282 231 265
f 290 279 275
f 281 276 291
f 289 284 283
f 292 286 284
f 293 275 274
f 294 286 292
f 295 281 291
f 296 292 297
f 297 292 284
f 288 298 297
f 295 291 299
f 284 289 297
f 297 289 288
f 290 275 300
f 300 275 293
f 296 297 298
f 232 231 282
f 220 301 280
f 302 220 280
f 264 238 255
f 267 303 268
f 304 305 303
f 304 303 267
f 306 255 254
f 308 256 307
f 302 219 220
f 306 254 309
f 279 304 267
f 281 302 280
f 281 295 302
f 282 256 308
f 310 311 312
f 276 278 313
f 314 313 315
f 316 317 318
f 319 317 320
f 319 318 317
f 310 312 305
f 316 318 321
f 321 318 322
f 314 276 313
f 310 305 304
f 323 324 325
f 326 327 328
f 310 304 329
f 330 262 327
f 327 262 263
f 262 330 260
f 315 331 314
f 326 330 327
f 332 330 326
f 333 319 320
f 334 333 335
f 335 333 320
f 319 333 336
f 336 318 319
f 247 337 338
f 318 336 322
f 326 336 333
f 328 322 336
f 328 336 326
f 290 304 279
f 339 340 341
f 325 334 335
f 291 276 314
f 337 339 338
f 334 325 324
f 334 326 333
f 291 314 342
f 341 338 339
f 326 334 332
f 332 334 324
f 329 304 290
f 341 346 338
f 347 290 300
f 342 299 291
f 347 329 290
f 340 348 349
f 349 348 350
f 331 351 314
f 314 351 342
f 352 353 354
f 355 356 353
f 357 310 329
f 351 331 358
f 356 355 359
f 360 355 352
f 352 355 353
f 349 350 361
f 362 350 363
f 363 350 348
f 355 360 364
f 359 355 364
f 362 361 350
f 365 310 357
f 351 358 366
f 341 340 349
f 351 367 342
f 347 357 329
f 341 349 368
f 369 370 371
f 372 370 369
f 357 373 365
f 369 371 374
f 346 341 368
f 323 375 374
f 323 374 324
f 375 369 374
f 376 372 369
f 376 369 375
f 361 368 349
f 368 361 377
f 368 378 346
f 379 332 324
f 378 368 377
f 380 379 371
f 371 379 324
f 379 273 260
f 379 260 330
f 381 219 302
f 332 379 330
f 381 302 295
f 370 380 371
f 379 380 285
f 382 219 381
f 383 346 378
f 382 381 384
f 283 380 370
f 285 380 283
f 273 379 285
f 324 374 371
f 382 246 219
f 385 293 386
f 381 295 387
f 388 289 283
f 283 370 388
f 388 370 372
f 389 300 293
f 293 385 389
f 299 387 295
f 359 287 390
f 390 356 359
f 381 387 384
f 388 390 289
f 363 391 362
f 289 390 287
f 392 387 299
f 388 372 390
f 390 372 356
f 353 372 376
f 362 377 361
f 354 353 376
f 389 393 394
f 377 362 395
f 372 353 356
f 396 362 391
f 391 397 396
f 253 246 398
f 398 246 382
f 384 398 382
f 376 399 354
f 362 396 395
f 400 395 396
f 401 398 384
f 395 402 377
f 403 404 405
f 404 403 406
f 406 407 404
f 400 408 395
f 395 408 402
f 401 384 387
f 409 347 300
f 410 401 387
f 377 402 378
f 411 347 409
f 412 413 414
f 415 416 403
f 263 415 417
f 417 415 403
f 417 403 405
f 389 409 300
f 367 299 342
f 263 259 415
f 409 389 394
f 416 406 403
f 411 409 418
f 419 396 397
f 392 299 367
f 258 420 259
f 420 415 259
f 419 421 396
f 415 420 416
f 412 420 261
f 261 420 258
f 412 416 420
f 347 411 357
f 421 400 396
f 414 406 416
f 414 416 412
f 411 373 357
f 422 421 419
f 423 424 414
f 366 367 351
f 425 367 366
f 400 421 426
f 424 427 406
f 373 411 428
f 406 414 424
f 394 418 409
f 425 392 367
f 429 392 425
f 427 424 430
f 430 431 427
f 430 432 431
f 432 430 433
f 425 434 429
f 435 408 400
f 434 425 436
f 437 418 394
f 433 438 432
f 438 433 439
f 387 392 410
f 429 410 392
f 337 247 244
f 423 440 424
f 411 418 428
f 441 410 429
f 245 247 248
f 338 248 247
f 442 443 440
f 338 444 248
f 440 430 424
f 445 428 418
f 443 433 430
f 428 445 446
f 430 440 443
f 444 338 346
f 447 433 443
f 447 439 433
f 448 447 442
f 442 447 443
f 449 450 451
f 450 449 452
f 444 346 383
f 452 453 454
f 451 455 456
f 309 444 383
f 254 248 309
f 457 449 456
f 456 458 457
f 456 449 451
f 412 294 413
f 444 309 248
f 460 309 383
f 457 453 449
f 461 413 294
f 462 461 294
f 463 464 457
f 453 457 464
f 261 270 412
f 412 270 294
f 452 449 453
f 294 270 286
f 465 414 413
f 465 423 414
f 464 454 453
f 466 423 465
f 467 468 469
f 465 413 461
f 470 471 454
f 462 294 292
f 296 462 292
f 378 472 383
f 462 473 474
f 462 474 461
f 475 311 310
f 473 462 296
f 463 476 464
f 477 460 383
f 475 479 311
f 383 472 477
f 480 481 476
f 474 465 461
f 466 465 474
f 464 470 454
f 476 470 464
f 476 481 470
f 467 479 475
f 482 474 473
f 482 483 474
f 481 471 470
f 466 474 483
f 306 309 460
f 484 485 480
f 485 486 480
f 308 307 487
f 480 486 481
f 481 488 471
f 488 481 486
f 450 489 490
f 469 243 479
f 491 466 483
f 492 493 490
f 492 490 489
f 467 469 479
f 491 494 466
f 491 495 496
f 489 497 498
f 496 494 491
f 475 310 365
f 499 448 494
f 500 492 501
f 499 494 496
f 365 467 475
f 501 492 489
f 501 489 498
f 502 499 496
f 503 496 495
f 503 502 496
f 504 502 503
f 487 307 459
f 459 505 487
f 423 442 440
f 468 467 365
f 494 442 423
f 494 423 466
f 506 498 507
f 508 505 459
f 506 509 501
f 448 510 447
f 501 498 506
f 448 442 494
f 478 508 459
f 511 512 469
f 513 514 407
f 515 405 404
f 515 404 514
f 404 407 514
f 516 512 511
f 507 517 506
f 519 514 513
f 520 508 478
f 519 515 514
f 521 522 523
f 524 517 507
f 122 513 123
f 507 526 524
f 527 508 520
f 523 522 122
f 523 122 121
f 242 512 528
f 505 508 527
f 522 529 519
f 530 251 528
f 321 322 521
f 251 530 531
f 529 521 322
f 522 521 529
f 122 522 519
f 122 519 513
f 532 527 520
f 516 528 512
f 513 407 131
f 131 407 533
f 131 533 129
f 534 451 450
f 123 513 131
f 427 533 407
f 427 431 533
f 535 530 528
f 535 528 516
f 431 7 533
f 533 7 129
f 490 536 450
f 407 406 427
f 489 450 497
f 402 537 378
f 468 511 469
f 538 263 417
f 450 452 497
f 538 417 515
f 472 378 537
f 515 417 405
f 538 327 263
f 511 468 539
f 540 538 515
f 515 519 540
f 328 327 538
f 328 538 540
f 537 402 408
f 541 542 454
f 454 542 452
f 537 408 543
f 529 322 540
f 519 529 540
f 540 322 328
f 452 542 497
f 542 498 497
f 544 321 145
f 145 523 148
f 521 145 321
f 521 523 145
f 544 145 147
f 545 511 539
f 121 148 523
f 546 545 539
f 507 498 547
f 408 435 543
f 541 547 542
f 548 516 511
f 541 454 471
f 471 549 541
f 548 535 516
f 432 6 431
f 7 431 6
f 498 542 547
f 526 547 541
f 526 507 547
f 545 548 511
f 6 432 10
f 432 438 10
f 488 549 471
f 537 550 472
f 438 11 10
f 477 472 550
f 549 488 552
f 512 242 243
f 554 537 543
f 469 512 243
f 550 537 554
f 549 526 541
f 555 549 552
f 555 556 526
f 526 549 555
f 528 251 242
f 558 287 559
f 298 560 296
f 543 561 554
f 558 298 288
f 561 543 563
f 288 287 558
f 556 524 526
f 373 564 365
f 525 557 565
f 298 558 560
f 564 373 566
f 558 567 560
f 551 520 478
f 568 560 567
f 569 520 551
f 559 567 558
f 569 532 520
f 567 559 570
f 564 539 468
f 571 532 569
f 564 468 365
f 572 485 484
f 569 551 553
f 485 572 573
f 571 569 553
f 564 566 574
f 575 485 573
f 539 564 574
f 575 486 485
f 576 532 571
f 488 486 552
f 552 486 575
f 575 577 552
f 577 575 578
f 573 572 579
f 580 581 579
f 567 582 583
f 579 581 573
f 573 584 575
f 584 573 581
f 574 566 585
f 578 575 584
f 586 583 582
f 584 581 587
f 359 364 588
f 553 562 571
f 589 566 590
f 562 591 571
f 580 587 581
f 566 589 585
f 592 593 594
f 580 595 587
f 596 597 588
f 594 588 597
f 595 598 587
f 597 600 594
f 592 594 600
f 600 601 592
f 602 576 571
f 287 359 603
f 603 359 604
f 595 605 606
f 373 446 566
f 603 604 607
f 603 559 287
f 559 603 607
f 609 595 606
f 588 604 359
f 373 428 446
f 604 588 594
f 570 559 607
f 610 593 570
f 610 570 607
f 578 611 577
f 446 590 566
f 594 610 604
f 577 613 555
f 555 552 577
f 607 604 610
f 556 555 613
f 613 577 611
f 610 594 593
f 570 582 567
f 612 615 614
f 616 612 617
f 592 619 593
f 620 619 592
f 621 619 620
f 622 225 229
f 622 229 623
f 578 618 611
f 624 227 232
f 578 584 618
f 618 584 587
f 625 592 601
f 625 620 592
f 574 546 539
f 626 627 628
f 628 627 629
f 630 622 623
f 631 545 546
f 632 628 629
f 620 626 633
f 621 620 634
f 565 557 635
f 631 636 545
f 614 635 557
f 634 620 633
f 637 623 638
f 640 641 634
f 634 641 621
f 635 614 615
f 642 640 634
f 634 633 642
f 643 640 642
f 626 628 633
f 615 612 616
f 633 628 644
f 645 635 615
f 632 644 628
f 642 633 644
f 645 615 646
f 644 643 642
f 546 647 648
f 649 645 646
f 593 650 570
f 650 582 570
f 616 617 651
f 647 546 574
f 637 630 623
f 652 582 650
f 619 650 593
f 574 585 647
f 619 652 650
f 618 587 598
f 652 619 621
f 653 654 630
f 599 651 617
f 648 631 546
f 653 630 637
f 598 595 609
f 655 631 648
f 582 652 656
f 657 652 621
f 657 656 652
f 608 651 599
f 641 658 657
f 657 621 641
f 608 659 651
f 656 657 658
f 658 641 660
f 656 658 661
f 662 637 638
f 664 586 582
f 582 656 664
f 665 616 651
f 649 646 666
f 646 615 616
f 646 616 665
f 661 664 656
f 665 666 646
f 651 667 665
f 664 668 586
f 624 232 669
f 664 661 668
f 670 671 672
f 667 659 673
f 669 232 282
f 665 667 674
f 669 282 675
f 640 660 641
f 669 639 624
f 482 676 483
f 667 651 659
f 677 672 678
f 677 678 679
f 680 681 676
f 308 675 282
f 296 560 473
f 682 683 684
f 685 458 683
f 682 685 683
f 685 682 686
f 560 568 473
f 458 685 687
f 688 639 669
f 689 685 686
f 689 687 685
f 690 691 670
f 487 675 308
f 687 689 692
f 693 654 653
f 680 482 473
f 686 682 694
f 676 482 680
f 695 693 653
f 568 680 473
f 696 693 697
f 697 693 695
f 695 698 697
f 689 686 699
f 568 567 583
f 690 670 700
f 698 695 701
f 702 699 694
f 686 694 699
f 670 672 677
f 677 700 670
f 703 680 568
f 703 681 680
f 703 704 681
f 677 705 700
f 583 703 568
f 695 653 706
f 637 706 653
f 683 456 455
f 456 683 458
f 705 677 679
f 683 455 707
f 701 695 706
f 708 483 676
f 708 491 483
f 708 709 495
f 687 457 458
f 708 495 491
f 662 706 637
f 457 687 463
f 710 700 705
f 712 706 662
f 708 676 713
f 705 714 710
f 713 709 708
f 716 697 698
f 504 503 717
f 709 503 495
f 463 687 692
f 718 719 692
f 503 709 717
f 720 717 709
f 713 720 709
f 721 719 718
f 676 681 713
f 713 681 722
f 484 721 723
f 722 720 713
f 505 724 487
f 681 704 722
f 725 487 724
f 720 722 726
f 726 722 704
f 719 721 484
f 724 505 727
f 699 718 689
f 728 718 699
f 726 729 730
f 728 721 718
f 717 720 730
f 699 702 728
f 726 730 720
f 721 728 731
f 692 689 718
f 731 723 721
f 727 505 527
f 732 723 731
f 733 734 583
f 731 735 732
f 532 736 527
f 719 476 463
f 463 692 719
f 527 736 727
f 719 480 476
f 480 719 484
f 737 738 739
f 583 586 733
f 694 682 740
f 703 583 734
f 741 694 740
f 736 742 727
f 734 704 703
f 738 679 739
f 741 740 743
f 744 724 727
f 745 705 679
f 746 744 727
f 694 747 702
f 747 748 702
f 741 747 694
f 749 747 741
f 714 705 745
f 748 747 749
f 750 751 741
f 704 734 752
f 750 741 743
f 714 745 754
f 746 727 742
f 752 734 755
f 751 749 741
f 756 749 751
f 734 733 755
f 745 738 757
f 757 738 737
f 746 742 758
f 754 745 757
f 759 728 702
f 702 748 759
f 754 757 761
f 762 763 726
f 762 726 704
f 728 759 731
f 576 736 532
f 726 763 729
f 738 745 679
f 764 736 576
f 764 742 736
f 765 572 484
f 766 762 752
f 723 765 484
f 767 763 762
f 768 572 765
f 767 762 766
f 769 767 766
f 770 764 576
f 762 704 752
f 768 579 572
f 579 768 771
f 576 602 770
f 772 765 723
f 773 672 671
f 772 723 732
f 774 672 773
f 775 766 752
f 776 768 772
f 768 765 772
f 776 771 768
f 777 774 773
f 777 778 774
f 668 733 586
f 778 779 774
f 780 733 668
f 770 781 764
f 774 678 672
f 758 742 764
f 758 764 781
f 779 678 774
f 782 771 783
f 580 579 782
f 771 782 579
f 777 773 784
f 785 777 784
f 786 744 787
f 783 788 782
f 789 785 784
f 746 787 744
f 790 786 787
f 643 660 640
f 791 792 643
f 605 782 793
f 787 794 790
f 644 632 795
f 644 791 643
f 793 782 788
f 746 794 787
f 795 791 644
f 796 797 791
f 777 785 268
f 791 795 796
f 783 771 798
f 777 268 778
f 799 800 797
f 797 796 799
f 801 799 796
f 783 798 802
f 803 799 801
f 783 802 788
f 788 802 804
f 658 805 661
f 806 805 658
f 782 605 595
f 595 580 782
f 807 668 661
f 661 805 807
f 779 778 808
f 809 779 808
f 810 807 805
f 809 811 779
f 811 809 812
f 813 812 809
f 678 779 811
f 814 758 781
f 810 815 807
f 817 818 820
f 679 678 811
f 679 811 739
f 660 643 792
f 811 821 739
f 660 822 658
f 501 818 500
f 818 501 509
f 792 822 660
f 823 770 602
f 822 792 797
f 658 822 806
f 824 770 823
f 792 791 797
f 811 812 821
f 781 770 824
f 509 506 826
f 806 810 805
f 818 509 820
f 797 800 822
f 827 821 812
f 828 810 806
f 820 509 826
f 822 800 806
f 823 829 824
f 830 828 800
f 800 828 806
f 831 818 817
f 799 830 800
f 303 808 268
f 268 808 778
f 803 833 830
f 834 813 809
f 803 830 799
f 809 808 834
f 835 837 832
f 838 746 758
f 828 830 839
f 794 746 838
f 839 830 833
f 835 832 840
f 840 832 816
f 840 816 841
f 790 794 842
f 843 810 828
f 843 815 810
f 842 794 844
f 845 815 843
f 828 839 843
f 843 839 846
f 816 819 841
f 843 846 845
f 844 794 838
f 847 819 825
f 841 819 848
f 848 819 847
f 844 838 849
f 850 851 852
f 850 852 853
f 854 846 839
f 517 826 506
f 839 833 854
f 525 855 518
f 739 821 856
f 857 852 842
f 858 825 518
f 857 842 844
f 844 859 857
f 860 856 861
f 858 518 855
f 856 737 739
f 844 849 862
f 859 844 862
f 863 845 846
f 863 846 854
f 853 852 857
f 863 864 845
f 525 565 865
f 855 525 865
f 858 855 866
f 856 860 867
f 866 855 868
f 866 868 869
f 868 855 865
f 838 758 814
f 848 847 870
f 838 814 871
f 872 848 870
f 873 814 781
f 781 874 873
f 871 814 873
f 858 847 825
f 875 858 866
f 876 873 874
f 870 847 875
f 875 847 858
f 838 871 849
f 860 878 867
f 870 879 872
f 875 866 880
f 860 881 878
f 871 862 849
f 870 875 880
f 880 866 869
f 871 873 876
f 871 882 862
f 882 871 876
f 737 883 757
f 879 870 880
f 737 867 883
f 880 885 879
f 775 752 755
f 885 880 869
f 874 781 824
f 886 766 775
f 761 757 883
f 876 874 887
f 755 888 775
f 884 889 760
f 890 835 891
f 891 835 892
f 887 874 824
f 892 835 840
f 840 841 892
f 887 824 829
f 889 884 893
f 829 894 887
f 887 895 876
f 896 890 891
f 882 876 895
f 891 897 896
f 897 891 892
f 769 766 886
f 883 867 898
f 895 887 894
f 900 841 848
f 901 886 775
f 892 841 900
f 872 900 848
f 872 902 900
f 903 900 902
f 901 775 888
f 904 896 905
f 905 896 897
f 906 862 882
f 899 893 884
f 907 904 905
f 905 908 907
f 909 893 899
f 910 859 862
f 910 862 906
f 856 867 737
f 901 911 886
f 912 886 911
f 900 903 897
f 903 905 897
f 903 913 905
f 878 898 867
f 914 911 901
f 882 915 906
f 915 882 895
f 894 916 895
f 902 872 917
f 918 906 915
f 915 919 918
f 915 895 916
f 917 872 879
f 917 879 920
f 878 921 922
f 911 914 924
f 920 879 885
f 925 926 927
f 878 881 921
f 927 716 928
f 929 925 927
f 807 780 668
f 929 927 928
f 733 780 755
f 930 903 902
f 930 902 917
f 903 930 931
f 235 933 223
f 780 807 934
f 935 925 929
f 929 928 936
f 780 934 755
f 935 929 936
f 755 934 888
f 933 922 223
f 223 922 921
f 936 928 937
f 938 937 928
f 939 917 920
f 930 917 940
f 940 917 939
f 899 877 941
f 937 942 936
f 942 937 943
f 807 815 934
f 944 945 815
f 946 865 947
f 909 899 941
f 865 565 947
f 941 948 909
f 888 934 945
f 937 938 949
f 948 941 950
f 868 865 946
f 869 868 946
f 869 946 951
f 951 946 947
f 952 888 945
f 934 815 945
f 953 947 954
f 951 947 953
f 955 956 950
f 954 957 953
f 943 937 949
f 953 957 958
f 959 925 935
f 960 959 935
f 961 869 951
f 952 901 888
f 961 951 962
f 962 951 953
f 960 935 936
f 960 936 963
f 869 961 885
f 941 877 923
f 963 936 942
f 964 959 960
f 962 953 958
f 964 960 963
f 955 923 932
f 965 961 962
f 950 941 923
f 950 923 955
f 965 962 958
f 955 932 966
f 952 945 967
f 968 945 944
f 635 947 565
f 954 947 635
f 954 635 645
f 945 968 967
f 954 645 649
f 969 967 968
f 970 963 942
f 827 856 821
f 827 861 856
f 815 845 944
f 861 827 971
f 861 971 972
f 957 973 958
f 864 944 845
f 864 968 944
f 957 954 649
f 957 649 666
f 974 666 665
f 970 942 943
f 957 666 973
f 973 666 974
f 975 970 943
f 864 976 968
f 972 860 861
f 860 972 881
f 974 665 674
f 977 864 863
f 977 978 864
f 979 949 981
f 864 978 976
f 974 674 982
f 881 972 214
f 969 968 976
f 949 983 943
f 973 984 958
f 979 983 949
f 984 973 974
f 974 985 984
f 986 969 976
f 987 969 986
f 988 958 984
f 213 881 214
f 986 976 978
f 213 921 881
f 989 986 978
f 990 987 986
f 982 985 974
f 990 991 987
f 986 989 990
f 975 943 983
f 901 952 914
f 992 985 982
f 921 213 223
f 993 952 967
f 952 993 914
f 222 235 223
f 961 994 885
f 994 961 965
f 885 994 920
f 994 995 920
f 975 983 996
f 975 997 998
f 995 994 999
f 997 975 996
f 994 965 999
f 993 967 1000
f 969 1000 967
f 1000 1001 993
f 979 981 1003
f 1000 987 1001
f 1004 889 1005
f 979 1003 1006
f 914 993 1001
f 909 1005 889
f 889 893 909
f 1001 924 914
f 939 920 995
f 939 995 1007
f 909 948 1005
f 1001 1008 924
f 1009 939 1007
f 996 983 979
f 995 1010 1007
f 1005 1011 1004
f 979 1012 996
f 995 999 1013
f 1013 1010 995
f 1003 1014 1006
f 1013 999 1016
f 1006 1014 1017
f 987 1000 969
f 1013 1019 1010
f 1012 979 1006
f 948 950 1020
f 1012 1006 1021
f 1021 1006 1017
f 948 1022 1005
f 1022 1011 1005
f 958 988 965
f 999 965 988
f 1022 948 1020
f 1018 1015 1023
f 1022 1020 1024
f 1019 1013 1025
f 1026 1019 1025
f 1027 1008 1001
f 988 984 1028
f 1029 950 956
f 1018 1023 1030
f 988 1016 999
f 1017 1031 1021
f 1020 950 1029
f 1032 1018 1030
f 1027 1001 987
f 1016 988 1028
f 987 991 1027
f 985 1028 984
f 1033 996 1012
f 1020 1029 1024
f 992 1028 985
f 997 996 1033
f 1034 1028 992
f 991 1035 1027
f 1025 1013 1016
f 1025 1016 1036
f 1036 1016 1028
f 1033 1012 1037
f 1038 1039 1027
f 1037 1012 1021
f 1027 1035 1038
f 1040 1022 1024
f 1026 1025 1036
f 1041 1036 1028
f 1026 1036 1041
f 1042 1038 1035
f 1041 1028 1034
f 1041 1034 1043
f 1040 1024 1044
f 1044 1024 1045
f 1045 1024 1029
f 1021 1031 1037
f 632 1046 795
f 1044 1047 1040
f 1048 1037 1031
f 1044 1045 1049
f 1050 1037 1048
f 1051 795 1046
f 1051 796 795
f 1052 606 1054
f 609 606 1052
f 1055 1056 1057
f 1058 271 785
f 1059 1053 1061
f 1051 1062 796
f 785 789 1058
f 1063 1064 964
f 1062 801 796
f 1061 1066 1067
f 1062 1068 801
f 271 266 785
f 1069 803 801
f 608 1053 1059
f 1069 1070 803
f 801 1068 1069
f 1071 964 963
f 1072 271 1058
f 1056 1062 1051
f 1073 964 1071
f 1067 1059 1061
f 1073 1063 964
f 1056 1055 1062
f 1068 1062 1055
f 659 608 1059
f 1074 1068 1055
f 659 1059 1075
f 266 268 785
f 1057 1076 1055
f 1077 1057 1078
f 1079 1073 1071
f 1077 1076 1057
f 1067 1066 1080
f 1067 1080 1081
f 1071 963 970
f 1067 1075 1059
f 1067 1082 1075
f 1083 274 1072
f 1084 1069 1068
f 1084 1070 1069
f 274 271 1072
f 1070 1084 1085
f 673 659 1075
f 1084 1068 1074
f 1084 1074 1086
f 1087 1086 1074
f 1086 1085 1084
f 1071 970 1088
f 673 1075 1089
f 1079 1071 1088
f 1090 673 1089
f 1091 1092 1086
f 1086 1092 1085
f 274 1083 386
f 1088 970 1093
f 1093 970 975
f 1093 1094 1088
f 1077 1087 1076
f 1089 1075 1082
f 1095 1087 1077
f 1077 1096 1095
f 1097 1089 1082
f 1079 1088 1098
f 1098 1088 1094
f 1097 1082 1099
f 1089 1097 1100
f 1101 1095 1096
f 1076 1074 1055
f 1087 1074 1076
f 1087 1091 1086
f 1082 1067 1081
f 1095 1102 1087
f 1087 1102 1091
f 1103 1082 1081
f 1103 1081 1104
f 1102 1105 1091
f 1103 1104 1106
f 1105 1092 1091
f 1107 1073 1108
f 1101 1102 1095
f 1108 1073 1109
f 1099 1082 1103
f 1110 1083 1111
f 1099 1103 1112
f 1110 1113 1114
f 1112 1103 1106
f 1110 385 386
f 386 1083 1110
f 1115 1092 1105
f 1100 1097 1116
f 1116 1097 1099
f 1114 385 1110
f 1107 1108 1117
f 1116 1099 1112
f 1118 1105 1102
f 1116 1112 1119
f 1120 1102 1101
f 1120 1118 1102
f 386 293 274
f 1105 1118 1115
f 1119 1112 1106
f 1119 1106 1121
f 393 389 385
f 1079 1109 1073
f 1070 833 803
f 1122 854 833
f 833 1070 1122
f 1122 1070 1085
f 1123 788 804
f 1122 1124 854
f 1123 804 1125
f 1114 393 385
f 863 854 1124
f 1126 1127 1123
f 793 788 1123
f 1128 1108 1109
f 1129 1122 1085
f 1125 1126 1123
f 1130 1108 1128
f 1085 1092 1129
f 1131 1126 1125
f 1132 1109 1079
f 1127 1126 1065
f 1132 1079 1098
f 1133 863 1124
f 1134 1124 1129
f 1129 1124 1122
f 1065 1126 1135
f 1115 1129 1092
f 1129 1115 1134
f 1126 1131 1135
f 1124 1134 1133
f 1125 804 1136
f 1137 1098 1138
f 1128 1109 1132
f 1139 1130 1128
f 393 1140 1141
f 1136 1131 1125
f 1132 1139 1128
f 1114 1140 393
f 1135 1131 1142
f 1133 977 863
f 393 1141 394
f 1143 1139 1132
f 1132 1098 1137
f 793 1054 605
f 1123 1127 1054
f 1054 793 1123
f 606 605 1054
f 1143 1132 1137
f 1144 1133 1134
f 1137 1145 1143
f 1060 1054 1127
f 1146 977 1133
f 1146 1133 1144
f 1052 1054 1060
f 1060 1127 1065
f 1144 1134 1115
f 1093 975 998
f 1147 1144 1115
f 1094 1093 998
f 1080 1066 1148
f 1150 1151 531
f 1152 1115 1118
f 1152 1147 1115
f 1150 1153 1151
f 1147 1154 1144
f 1094 998 1138
f 1065 1135 1149
f 1149 1135 1155
f 1138 998 1156
f 1138 1098 1094
f 234 233 252
f 1149 1155 1158
f 997 1156 998
f 1155 1159 1158
f 1160 1096 1161
f 1162 234 1163
f 1164 1096 1160
f 235 234 1162
f 1165 1101 1096
f 1167 1168 1157
f 1164 1165 1096
f 1169 1165 1164
f 1142 1155 1135
f 1155 1142 1170
f 1155 1170 1159
f 1165 1169 1171
f 1163 1172 1162
f 1165 1120 1101
f 1173 1172 1163
f 1174 1118 1120
f 1175 1120 1165
f 1176 1174 1175
f 1175 1174 1120
f 1159 1170 1177
f 1173 1178 1172
f 1179 1152 1174
f 1174 1152 1118
f 1171 1175 1165
f 1158 1159 1166
f 1180 1176 1171
f 1171 1176 1175
f 252 251 531
f 1181 1174 1176
f 531 1182 252
f 1181 1179 1174
f 1180 1181 1176
f 1183 1148 1157
f 1184 1171 1169
f 1185 1171 1184
f 1185 1180 1171
f 1182 234 252
f 1080 1148 1183
f 234 1182 1163
f 1186 1181 1180
f 1186 1187 1181
f 1151 1173 1163
f 1183 1157 1168
f 1188 1186 1185
f 1185 1186 1180
f 1186 1188 1189
f 1182 531 1151
f 1163 1182 1151
f 1152 1190 1147
f 1156 997 1191
f 1191 997 1050
f 1173 1151 1153
f 1179 1190 1152
f 1187 1179 1181
f 1050 997 1033
f 1050 1033 1037
f 1081 1080 1104
f 1192 1191 1050
f 989 978 977
f 1104 1080 1183
f 1193 1194 1153
f 1195 989 977
f 1104 1183 1196
f 1146 1195 977
f 1196 1183 1197
f 1197 1183 1168
f 1106 1104 1196
f 1106 1196 1121
f 1197 1121 1196
f 1198 1050 1048
f 1198 1048 1199
f 1192 1050 1198
f 1200 1178 1201
f 1166 1159 1177
f 1154 1146 1144
f 1166 1177 1203
f 1199 1204 1198
f 1201 1205 1207
f 1168 1167 1208
f 1209 1138 1156
f 1209 1156 1210
f 1146 1154 1211
f 1137 1138 1209
f 1167 1202 1212
f 1213 1211 1154
f 1194 1178 1173
f 1173 1153 1194
f 1210 1156 1191
f 1214 1212 1202
f 1217 1218 1214
f 1178 1194 1205
f 1212 1214 1218
f 1210 1191 1219
f 1189 1187 1186
f 1212 1208 1167
f 1218 1220 1212
f 1221 1220 1218
f 1145 1137 1209
f 1222 1189 1188
f 1209 1223 1145
f 1205 1201 1178
f 1147 1190 1154
f 1209 1210 1224
f 1224 1210 1219
f 1225 1154 1190
f 1224 1219 1226
f 1223 1209 1224
f 1227 1190 1179
f 1227 1179 1187
f 1228 1224 1226
f 1229 1168 1208
f 1197 1168 1229
f 1227 1230 1190
f 1219 1191 1192
f 1190 1230 1225
f 1219 1192 1226
f 1193 1231 1205
f 1205 1194 1193
f 1232 1229 1208
f 1231 1193 1233
f 1234 1213 1225
f 1225 1213 1154
f 1231 1207 1205
f 1226 1235 1228
f 1220 1208 1212
f 1234 1225 1230
f 1192 1198 1236
f 1226 1192 1236
f 1234 1237 1213
f 1189 1227 1187
f 1238 1227 1189
f 1236 1198 1239
f 1239 1198 1204
f 1238 1230 1227
f 1218 1240 1241
f 1241 1221 1218
f 1235 1226 1236
f 1242 1238 1222
f 1222 1238 1189
f 1243 1230 1238
f 1238 1242 1243
f 1230 1243 1244
f 1245 1244 1243
f 1243 1242 1245
f 1244 1234 1230
f 1235 1236 1239
f 1241 1246 1247
f 1221 1241 1247
f 1244 1237 1234
f 1030 1023 850
f 1248 1237 1244
f 1231 1233 1249
f 1249 1233 1251
f 1232 1208 1220
f 1232 1220 1252
f 1231 1249 1207
f 1221 1253 1220
f 1252 1220 1253
f 1253 1221 1247
f 1255 1032 1030
f 1256 1253 1247
f 1048 1031 1254
f 1257 990 989
f 1249 1251 1258
f 1199 1048 1254
f 1260 1255 1262
f 1258 1251 1263
f 1195 1264 989
f 1265 1241 1240
f 1263 1266 1258
f 1241 1265 1246
f 989 1264 1257
f 1268 1257 1264
f 1199 1254 1261
f 1267 1269 1259
f 1211 1195 1146
f 1270 1195 1211
f 1121 1197 1271
f 1272 1266 1263
f 1270 1211 1213
f 1197 1229 1271
f 1271 1229 1274
f 1232 1274 1229
f 1195 1270 1264
f 1275 1271 1274
f 1121 1271 1275
f 1276 1264 1270
f 1276 1268 1264
f 1235 1239 1277
f 1278 1277 1239
f 1279 1232 1252
f 1280 1276 1270
f 1269 1267 1281
f 1279 1252 1253
f 1281 1267 1273
f 1282 1253 1256
f 1283 1277 1284
f 1280 1285 1276
f 1286 1282 1256
f 1287 1282 1286
f 1288 990 1257
f 1288 991 990
f 1268 1288 1257
f 1288 1035 991
f 1289 1290 1287
f 1290 1289 1291
f 1292 1273 1294
f 1295 1288 1268
f 1295 1035 1288
f 1296 1292 1294
f 982 674 1090
f 1030 850 1297
f 1090 1100 1298
f 1299 1295 1268
f 1300 1295 1299
f 1297 850 853
f 1281 1273 1292
f 1301 1299 1268
f 1100 1090 1089
f 1042 1035 1295
f 1300 1042 1295
f 1300 1302 1042
f 1303 1302 1300
f 1298 982 1090
f 992 982 1298
f 1304 1300 1299
f 853 857 859
f 1304 1303 1300
f 1303 1304 1305
f 1276 1301 1268
f 1298 1306 992
f 1307 853 859
f 1308 1299 1301
f 1298 1100 1309
f 1310 1311 1312
f 1285 1301 1276
f 1297 1262 1030
f 1309 1100 1313
f 1255 1030 1262
f 1308 1301 1285
f 1262 1297 1314
f 1308 1304 1299
f 1315 1316 1310
f 1310 1316 1311
f 1308 1317 1304
f 1260 1262 1318
f 1319 1315 1320
f 1321 1116 1119
f 1316 1315 1319
f 1318 1262 1314
f 1313 1100 1116
f 1313 1116 1321
f 1314 1322 1318
f 1321 1119 1323
f 1317 1305 1304
f 1324 1305 1317
f 1325 1297 853
f 1314 1297 1325
f 1326 1327 1328
f 1329 1321 1323
f 1317 1308 1330
f 1325 853 1307
f 1317 1330 1324
f 1331 1321 1329
f 1325 1307 1332
f 1326 1333 1327
f 1321 1331 1313
f 1213 1334 1270
f 1325 1335 1314
f 1335 1325 1332
f 1331 1336 1313
f 1322 1314 1335
f 1334 1280 1270
f 1337 1280 1334
f 1326 1328 655
f 1338 1334 1213
f 1338 1213 1237
f 1307 859 910
f 1339 1337 1338
f 1338 1337 1334
f 910 1340 1307
f 1341 1331 1329
f 906 918 910
f 1340 910 918
f 1342 1326 655
f 1337 1343 1280
f 1034 992 1306
f 1343 1285 1280
f 1344 1326 1342
f 1343 1337 1345
f 1339 1345 1337
f 1332 1307 1340
f 1346 1347 1343
f 1343 1345 1346
f 1338 1237 1348
f 1339 1338 1348
f 1333 1312 1327
f 1306 1298 1309
f 1309 1349 1306
f 1350 1312 1333
f 1248 1348 1237
f 1348 1248 1351
f 1034 1306 1349
f 1350 1310 1312
f 918 1352 1340
f 1353 1339 1348
f 1352 918 919
f 1351 1353 1348
f 1354 1350 1333
f 1355 1345 1339
f 1043 1034 1356
f 1355 1346 1345
f 1353 1355 1339
f 1350 1354 1357
f 1340 1358 1332
f 1359 1355 1353
f 1352 1358 1340
f 1320 1350 1357
f 1350 1315 1310
f 1343 1347 1285
f 1335 1332 1360
f 1347 1308 1285
f 1360 1332 1358
f 1361 1360 1358
f 1320 1315 1350
f 1361 1358 1362
f 1034 1349 1363
f 1346 1364 1347
f 1356 1034 1363
f 1363 1349 1365
f 1366 1356 1363
f 919 1367 1352
f 1352 1367 1362
f 1362 1358 1352
f 1366 1363 1368
f 1369 1366 1368
f 1370 1354 1344
f 1371 1370 1344
f 1309 1336 1349
f 1336 1309 1313
f 1372 1349 1336
f 1199 1261 1373
f 1326 1354 1333
f 1374 1260 1318
f 1372 1336 1375
f 1204 1199 1373
f 1375 1336 1331
f 1347 1330 1308
f 1365 1349 1372
f 1364 1330 1347
f 1376 1330 1364
f 1354 1326 1344
f 1376 1324 1330
f 1377 1372 1375
f 1374 1318 1378
f 1378 1318 1322
f 1375 1331 1341
f 1379 1380 1320
f 1379 1320 1357
f 1239 1204 1278
f 1278 1204 1373
f 1370 1357 1354
f 1377 1375 1381
f 1374 1378 1383
f 1381 1375 1341
f 1384 1346 1355
f 1278 1373 1382
f 1384 1364 1346
f 1364 1384 1385
f 1386 1381 1341
f 1370 1387 1357
f 1359 1384 1355
f 1384 1359 1388
f 1377 1365 1372
f 1363 1365 1368
f 1384 1388 1389
f 1368 1365 1377
f 1390 1364 1385
f 1378 1322 1391
f 1390 1376 1364
f 1392 1368 1377
f 1391 1322 1335
f 1393 531 530
f 1391 1335 1394
f 1394 1335 1360
f 1395 1368 1392
f 1389 1385 1384
f 1392 1377 1381
f 1383 1378 1396
f 531 1393 1150
f 1390 1385 1389
f 1396 1378 1391
f 1397 1390 1389
f 535 1393 530
f 1397 1398 1390
f 1399 1391 1394
f 1391 1399 1396
f 1400 1150 1393
f 1329 1401 1341
f 1150 1400 1402
f 1404 1278 1382
f 1150 1402 1153
f 1405 1153 1402
f 1278 1284 1277
f 1284 1278 1404
f 1403 1383 1406
f 1393 1407 1400
f 1383 1396 1406
f 636 548 545
f 1408 1407 636
f 636 1407 548
f 1396 1399 1406
f 1409 1392 1381
f 1409 1381 1386
f 1410 1411 1412
f 1284 1404 1414
f 1407 535 548
f 1415 1416 1410
f 1416 1411 1410
f 1417 1392 1409
f 535 1407 1393
f 1413 1403 1406
f 1413 1406 1418
f 1420 1409 1386
f 1417 1409 1420
f 1408 1400 1407
f 1406 1421 1418
f 1329 1323 1422
f 1416 1423 1411
f 1424 1402 1400
f 1424 1425 1402
f 1416 1426 1423
f 1400 1408 1424
f 1426 1427 1423
f 1422 1275 1428
f 1327 1424 1408
f 1312 1425 1424
f 1312 1424 1327
f 1399 1394 1361
f 1399 1361 1429
f 1430 1422 1428
f 1431 1432 1433
f 1394 1360 1361
f 1434 1435 1431
f 1436 1329 1422
f 1401 1329 1436
f 1435 1432 1431
f 1436 1422 1437
f 1422 1430 1437
f 1425 1405 1402
f 1432 1438 1439
f 1432 1440 1438
f 1441 1436 1437
f 1442 1361 1362
f 1443 1428 1444
f 1434 1445 1435
f 1193 1153 1405
f 1445 1446 1435
f 1428 1443 1430
f 1429 1361 1442
f 1447 1435 1446
f 1291 1444 1290
f 1443 1444 1448
f 1448 1444 1291
f 1435 1449 1432
f 1435 1447 1449
f 1193 1405 1450
f 1451 1448 1291
f 1452 1450 1405
f 1405 1311 1452
f 1447 1453 1449
f 1451 1291 1289
f 1443 1454 1430
f 1455 1446 1445
f 1454 1437 1430
f 1406 1399 1421
f 1233 1193 1450
f 1443 1456 1454
f 1456 1443 1448
f 1421 1399 1429
f 1454 1457 1437
f 1421 1429 1458
f 1441 1437 1457
f 1446 1459 1447
f 1457 1454 1460
f 1460 1454 1456
f 1405 1425 1311
f 1461 1446 1455
f 1456 1448 1462
f 1459 1446 1461
f 1462 1460 1456
f 1425 1312 1311
f 1462 1448 1451
f 1459 1453 1447
f 1463 1462 1451
f 1458 1429 1464
f 1465 1453 1459
f 1452 1311 1316
f 1466 1458 1464
f 1462 1467 1460
f 1461 1468 1459
f 1463 1469 1462
f 1467 1462 1469
f 1452 1316 1470
f 1466 1464 1471
f 1470 1316 1319
f 1386 1341 1401
f 1401 1436 1441
f 1401 1441 1472
f 1473 1474 1461
f 1442 1464 1429
f 1442 1475 1464
f 1386 1401 1476
f 1474 1468 1461
f 1328 636 631
f 1476 1401 1472
f 1468 1477 1459
f 1328 1408 636
f 1477 1468 1478
f 1474 1478 1468
f 1472 1441 1479
f 1480 1472 1479
f 1117 1108 1130
f 1327 1408 1328
f 1481 1117 1130
f 1440 1482 1438
f 1483 1130 1139
f 1449 1440 1432
f 1328 631 655
f 1440 1449 1484
f 1420 1386 1476
f 1484 1485 1440
f 1485 1484 1486
f 1487 1485 1486
f 1488 1481 1483
f 1489 1420 1476
f 1489 1476 1472
f 1481 1130 1483
f 1412 1482 1485
f 1488 1483 1490
f 1485 1482 1440
f 1489 1472 1480
f 1453 1491 1449
f 1492 1484 1491
f 1491 1484 1449
f 1139 1143 1493
f 1483 1139 1493
f 1493 1143 1494
f 1145 1494 1143
f 1489 1480 1495
f 1480 1496 1495
f 1497 1495 1496
f 1495 1498 1489
f 1486 1484 1492
f 1499 1500 1501
f 1486 1492 1502
f 1503 1483 1493
f 1486 1502 1504
f 1504 1487 1486
f 1479 1441 1457
f 1319 1320 1505
f 1479 1457 1506
f 1505 1501 1319
f 1507 1479 1506
f 1506 1457 1460
f 1506 1460 1508
f 1509 1502 1492
f 1501 1505 1499
f 1507 1506 1508
f 1507 1508 1510
f 1511 1500 1499
f 1496 1479 1507
f 1512 1488 1490
f 1496 1507 1513
f 1510 1513 1507
f 1514 1511 1499
f 1515 1512 1490
f 1508 1460 1467
f 1503 1490 1483
f 1467 1510 1508
f 1516 1517 1518
f 1519 1510 1467
f 1519 1467 1469
f 1520 1518 1517
f 1521 1519 1469
f 1513 1510 1522
f 1519 1522 1510
f 1487 1410 1485
f 1410 1487 1415
f 1518 1415 1487
f 1412 1485 1410
f 1480 1479 1496
f 1496 1513 1523
f 1511 1524 1525
f 1524 1526 1525
f 1523 1513 1522
f 1415 1527 1416
f 1528 1426 1416
f 1527 1528 1416
f 1527 1415 1518
f 1523 1497 1496
f 1511 1514 1524
f 1497 1523 1529
f 1145 1530 1494
f 1531 1526 1524
f 1503 1493 1494
f 1504 1518 1487
f 1519 1521 1532
f 1533 1503 1494
f 1519 1532 1522
f 1516 1504 1502
f 1516 1518 1504
f 1529 1523 1522
f 1534 1494 1530
f 1533 1494 1534
f 1520 1527 1518
f 1527 1520 1528
f 1533 1534 1535
f 1536 1537 1529
f 1536 1529 1522
f 1536 1522 1532
f 1536 1532 1538
f 1539 1490 1503
f 1540 1536 1538
f 1515 1490 1539
f 1465 1491 1453
f 1515 1541 1512
f 1509 1491 1465
f 1492 1491 1509
f 1542 1541 1515
f 1477 1465 1459
f 1543 1544 1379
f 1465 1477 1545
f 1545 1509 1465
f 1542 1515 1546
f 1547 1544 1548
f 1549 1550 907
f 1551 1552 1509
f 1509 1545 1551
f 1549 907 908
f 908 1553 1549
f 1539 1503 1533
f 908 1554 1553
f 1555 1545 1477
f 905 913 908
f 1478 1555 1477
f 913 903 1556
f 1539 1533 1557
f 1558 1548 1544
f 1556 903 931
f 1559 913 1556
f 913 1554 908
f 1478 1560 1555
f 1554 913 1559
f 1561 1554 1559
f 1562 1557 1535
f 1535 1557 1533
f 1563 1499 1505
f 1559 1556 1564
f 1380 1505 1320
f 1380 1563 1505
f 1561 1559 1565
f 1565 1559 1564
f 1565 1564 1566
f 1549 1567 1568
f 1546 1515 1539
f 1545 1555 1551
f 1567 1549 1553
f 1557 1546 1539
f 1555 1569 1551
f 1551 1569 1570
f 1571 1551 1570
f 1552 1516 1502
f 1572 1517 1516
f 1572 1516 1552
f 1573 1557 1562
f 1574 1553 1575
f 1574 1567 1553
f 1563 1514 1499
f 1553 1554 1575
f 1561 1575 1554
f 1546 1557 1573
f 1514 1563 1576
f 1577 1572 1552
f 1575 1561 1578
f 1578 1561 1565
f 1565 1566 1579
f 1572 1580 1517
f 1547 1563 1380
f 1578 1565 1579
f 1580 1520 1517
f 1578 1574 1575
f 1547 1576 1563
f 1581 1574 1578
f 1581 1582 1574
f 1579 1581 1578
f 1583 1572 1577
f 1584 1573 1562
f 1583 1580 1572
f 1573 1584 1585
f 1551 1571 1552
f 1380 1379 1544
f 1571 1577 1552
f 1530 1145 1223
f 1586 931 930
f 940 1586 930
f 1228 1223 1224
f 1587 1577 1588
f 1543 1379 1387
f 1387 1379 1357
f 931 1564 1556
f 1589 1223 1228
f 1571 1588 1577
f 1564 931 1586
f 1583 1587 1590
f 1586 1566 1564
f 1534 1530 1589
f 1223 1589 1530
f 1587 1583 1577
f 1380 1544 1547
f 1535 1534 1589
f 1591 1586 940
f 1591 1566 1586
f 1502 1509 1552
f 1009 940 939
f 1592 940 1009
f 1592 1009 1593
f 940 1592 1591
f 1228 1235 1594
f 1535 1589 1595
f 1592 1593 1596
f 1595 1589 1228
f 1595 1228 1594
f 1597 1595 1594
f 1426 1598 1427
f 1579 1566 1599
f 1599 1566 1591
f 1600 1601 1598
f 1548 1576 1547
f 1576 1548 1602
f 1579 1603 1604
f 1579 1599 1603
f 1605 1602 1606
f 1607 1591 1592
f 1599 1591 1607
f 1548 1558 1608
f 1548 1608 1602
f 1609 1607 1610
f 1607 1592 1596
f 1610 1607 1596
f 1606 1602 1608
f 1611 1601 1600
f 1603 1599 1609
f 1609 1599 1607
f 1611 1612 1613
f 1614 1609 1610
f 1562 1535 1595
f 1614 1610 1615
f 1613 1616 1617
f 1606 1608 1618
f 1611 1617 1601
f 1606 1618 1619
f 1611 1613 1617
f 1597 1562 1595
f 1620 1567 1574
f 1613 1612 1621
f 1620 1574 1582
f 1619 1605 1606
f 1622 1597 1594
f 1597 1622 1623
f 1624 1620 1582
f 1625 1616 1621
f 1613 1621 1616
f 1597 1584 1562
f 1626 1625 1621
f 1576 1602 1531
f 1514 1576 1524
f 1531 1524 1576
f 1582 1627 1628
f 1627 1582 1581
f 1627 1581 1604
f 1625 1626 1629
f 1579 1604 1581
f 1629 1630 1625
f 1605 1531 1602
f 1542 1631 1541
f 1630 1629 1632
f 1633 1542 1546
f 1526 1531 1634
f 1635 1627 1604
f 1630 1632 1636
f 1605 1634 1531
f 1636 1632 1637
f 1634 1638 1526
f 1639 1640 1637
f 1637 1640 1636
f 1624 1628 1641
f 1628 1624 1582
f 1639 1642 1640
f 1641 1628 1643
f 1642 1639 1644
f 1645 1624 1641
f 1646 1633 1546
f 1633 1647 1542
f 1648 1641 1643
f 1470 1450 1452
f 1450 1470 1649
f 1628 1627 1643
f 1649 1650 1450
f 1651 1652 1653
f 1654 1643 1627
f 1649 1501 1500
f 1655 1647 1633
f 1633 1656 1655
f 1657 1650 1649
f 1657 1649 1500
f 1633 1646 1656
f 1650 1233 1450
f 1656 1646 1585
f 1648 1643 1658
f 1658 1643 1654
f 1659 1660 1661
f 1650 1251 1233
f 1546 1573 1646
f 1646 1573 1585
f 1662 1604 1603
f 1653 1652 1659
f 1614 1603 1609
f 1603 1614 1662
f 1663 1662 1614
f 1664 1659 1652
f 1635 1604 1662
f 1511 1657 1500
f 1635 1662 1663
f 1664 1660 1659
f 1251 1657 1665
f 1657 1511 1665
f 1666 1660 1664
f 1657 1251 1650
f 1655 1667 1668
f 1656 1667 1655
f 1654 1627 1635
f 1470 1319 1501
f 1470 1501 1649
f 1669 1670 1671
f 1671 1672 1669
f 1673 1670 1528
f 1520 1673 1528
f 1658 1654 1674
f 1674 1654 1675
f 1580 1673 1520
f 1658 1674 1676
f 1677 1663 1614
f 1670 1673 1678
f 1679 1663 1677
f 1670 1678 1671
f 1677 1614 1615
f 1594 1235 1680
f 1681 1671 1678
f 1283 1235 1277
f 1283 1680 1235
f 1679 1677 1682
f 1677 1683 1682
f 1684 1426 1528
f 1685 1665 1525
f 1683 1677 1615
f 1684 1598 1426
f 1263 1251 1665
f 1686 1682 1683
f 1263 1665 1272
f 1687 1683 1615
f 1670 1684 1528
f 1683 1687 1686
f 1272 1665 1685
f 1654 1635 1675
f 1675 1635 1663
f 1688 1594 1680
f 1674 1675 1689
f 1679 1675 1663
f 1600 1684 1669
f 1600 1598 1684
f 1689 1675 1679
f 1689 1679 1682
f 1688 1680 1690
f 1669 1684 1670
f 1680 1283 1690
f 1690 1283 1691
f 1685 1525 1692
f 1526 1692 1525
f 1689 1693 1674
f 1676 1674 1693
f 1685 1692 1694
f 1695 1693 1689
f 1293 1272 1685
f 1682 1695 1689
f 1695 1682 1686
f 1293 1685 1694
f 1691 1696 1690
f 1672 1697 1698
f 1698 1612 1672
f 1612 1698 1699
f 1695 1700 1693
f 1698 1701 1699
f 1622 1594 1688
f 1511 1525 1665
f 1702 1697 1681
f 1703 1686 1687
f 1697 1672 1671
f 1622 1688 1704
f 1705 1695 1686
f 1700 1695 1705
f 1705 1686 1703
f 1697 1671 1681
f 1623 1584 1597
f 1703 1706 1705
f 1707 1698 1702
f 1622 1708 1623
f 1707 1702 1709
f 1007 1593 1009
f 1708 1622 1704
f 1708 1704 1710
f 1697 1702 1698
f 1708 1710 1711
f 1007 1712 1593
f 1712 1007 1010
f 1669 1672 1600
f 1672 1611 1600
f 933 235 1713
f 1596 1593 1712
f 1715 1688 1690
f 1611 1672 1612
f 1704 1688 1715
f 966 932 1714
f 1621 1612 1699
f 1019 1716 1010
f 1699 1626 1621
f 1712 1010 1716
f 1714 1717 966
f 1596 1712 1718
f 1713 1162 1719
f 1580 1590 1721
f 1610 1596 1718
f 1690 1696 1715
f 1717 1714 1722
f 1720 1722 1714
f 1723 1721 1590
f 1653 1721 1723
f 1722 1720 1724
f 1721 1673 1580
f 1678 1673 1721
f 1580 1583 1590
f 1715 1696 1726
f 1726 1710 1715
f 1727 1681 1678
f 1721 1727 1678
f 1019 1728 1716
f 955 966 1729
f 1653 1730 1727
f 1710 1704 1715
f 956 955 1729
f 1727 1721 1653
f 1731 1716 1728
f 1729 1717 1732
f 1718 1712 1733
f 1717 1729 966
f 1723 1587 1734
f 1723 1590 1587
f 1615 1610 1718
f 1732 956 1729
f 1718 1733 1735
f 1716 1731 1712
f 1712 1731 1733
f 1651 1723 1734
f 1696 1736 1726
f 1651 1653 1723
f 1722 1737 1717
f 1730 1681 1727
f 1661 1702 1730
f 1730 1702 1681
f 1738 1733 1731
f 1738 1735 1733
f 1659 1661 1730
f 1726 1736 1739
f 1737 1732 1717
f 1709 1661 1660
f 1728 1019 1026
f 1709 1702 1661
f 1728 1026 1740
f 1740 1026 1041
f 1730 1653 1659
f 1728 1740 1741
f 1742 1739 1736
f 1742 1743 1739
f 1740 1041 1744
f 1744 1041 1043
f 1722 1724 1745
f 1737 1722 1745
f 1743 1742 1746
f 1746 1742 1748
f 1749 1750 1745
f 1740 1744 1751
f 1043 1752 1744
f 1753 1737 1745
f 1667 1656 1754
f 1755 1709 1756
f 1757 1756 1709
f 1750 1758 1745
f 1709 1660 1757
f 1741 1731 1728
f 1585 1584 1759
f 1585 1759 1760
f 1741 1740 1751
f 1761 1756 1757
f 1738 1731 1741
f 1738 1741 1762
f 1763 1761 1757
f 1764 1738 1762
f 1765 1763 1766
f 1162 1713 235
f 1760 1656 1585
f 1762 1741 1751
f 1767 1765 1766
f 1768 1762 1751
f 1757 1660 1766
f 1656 1760 1754
f 1766 1660 1666
f 1763 1757 1766
f 1751 1744 1769
f 1766 1666 1767
f 1768 1751 1769
f 1768 1769 1770
f 1752 1769 1744
f 1769 1752 1771
f 1770 1769 1771
f 1772 1761 1763
f 1754 1760 1773
f 1770 1771 1774
f 1775 1772 1763
f 1760 1759 1776
f 1172 1719 1162
f 1773 1760 1776
f 1777 1768 1770
f 1200 1725 1719
f 1778 1770 1774
f 1773 1776 1779
f 1178 1200 1172
f 1172 1200 1719
f 1780 1615 1718
f 1781 1782 1783
f 1781 1783 1784
f 1780 1718 1735
f 1785 1786 1667
f 1787 1761 1788
f 1687 1615 1780
f 1725 1200 1790
f 1791 1792 1788
f 1754 1785 1667
f 1687 1780 1793
f 1793 1780 1735
f 1791 1788 1761
f 1735 1794 1793
f 1201 1790 1200
f 1795 1796 1792
f 1749 1724 1789
f 1797 1792 1791
f 1795 1792 1797
f 1749 1745 1724
f 1764 1735 1738
f 1798 1785 1799
f 1799 1785 1754
f 1761 1772 1791
f 1794 1735 1764
f 1798 1799 1800
f 1781 1791 1772
f 1775 1801 1772
f 1790 1201 1207
f 1798 1786 1785
f 1772 1801 1781
f 1206 1749 1789
f 1802 1786 1798
f 1781 1801 1782
f 1794 1764 1803
f 1798 1804 1802
f 1749 1206 1805
f 1781 1797 1791
f 1806 1795 1797
f 1703 1687 1793
f 1784 1797 1781
f 1807 1703 1793
f 1754 1773 1799
f 1706 1703 1807
f 1784 1806 1797
f 1749 1805 1808
f 1749 1808 1750
f 1807 1793 1794
f 1799 1773 1809
f 1809 1773 1779
f 1794 1810 1807
f 1809 1800 1799
f 1811 1701 1812
f 1811 1812 1813
f 1807 1810 1706
f 1809 1779 1814
f 1813 1812 1815
f 1813 1815 1816
f 1813 1816 1817
f 1759 1584 1623
f 1818 1750 1808
f 1815 1812 1755
f 1759 1623 1711
f 1711 1623 1708
f 1707 1709 1755
f 1819 1764 1762
f 1707 1701 1698
f 1707 1812 1701
f 1762 1768 1819
f 1812 1707 1755
f 1819 1768 1777
f 1732 1820 956
f 1787 1816 1815
f 1821 1820 1732
f 1756 1815 1755
f 1029 956 1820
f 1764 1819 1803
f 1756 1787 1815
f 1710 1822 1711
f 1761 1787 1756
f 1045 1029 1820
f 1823 1820 1821
f 1626 1699 1811
f 1701 1811 1699
f 1824 1822 1710
f 1711 1776 1759
f 1811 1629 1626
f 1776 1711 1822
f 1813 1629 1811
f 1822 1779 1776
f 1629 1813 1632
f 1817 1632 1813
f 1777 1770 1778
f 1825 1821 1753
f 1817 1637 1632
f 1726 1824 1710
f 1737 1821 1732
f 1753 1821 1737
f 1826 1827 1817
f 1817 1816 1826
f 1803 1810 1794
f 1828 1829 1827
f 1827 1826 1828
f 1816 1787 1830
f 1831 1810 1832
f 1810 1833 1832
f 1049 1045 1823
f 1803 1834 1833
f 1803 1833 1810
f 1788 1830 1787
f 1045 1820 1823
f 1835 1830 1792
f 1788 1792 1830
f 1836 1804 1798
f 1830 1826 1816
f 1835 1826 1830
f 1837 1833 1838
f 1798 1800 1836
f 1803 1819 1834
f 1839 1835 1796
f 1840 1819 1777
f 1049 1823 1841
f 1840 1834 1819
f 1842 1049 1841
f 1835 1792 1796
f 1835 1828 1826
f 1840 1777 1843
f 1804 1836 1844
f 1823 1821 1825
f 1777 1845 1843
f 1637 1817 1827
f 1827 1639 1637
f 1814 1800 1809
f 1800 1814 1846
f 1842 1841 1847
f 1846 1814 1848
f 1845 1849 1843
f 1639 1827 1829
f 1841 1823 1825
f 1847 1841 1825
f 1846 1836 1800
f 1846 1844 1836
f 1829 1644 1639
f 1644 1829 1850
f 1834 1840 1851
f 1804 1844 1852
f 1833 1834 1853
f 1854 1753 1758
f 1851 1840 1843
f 1758 1753 1745
f 1855 1844 1856
f 1853 1834 1851
f 1833 1853 1838
f 1848 1857 1846
f 1858 1853 1851
f 1838 1853 1858
f 1856 1857 1859
f 1860 1838 1858
f 1851 1843 1861
f 1856 1844 1857
f 1857 1844 1846
f 1862 1474 1863
f 1861 1843 1849
f 1862 1478 1474
f 1861 1849 1864
f 1865 1866 1862
f 1750 1867 1758
f 1864 1868 1861
f 1865 1869 1866
f 1858 1851 1861
f 1854 1758 1867
f 1858 1861 1868
f 1854 1867 1870
f 1871 1824 1739
f 1555 1560 1569
f 1860 1858 1868
f 1847 1825 1872
f 1872 1825 1873
f 1814 1779 1874
f 1871 1874 1822
f 1822 1874 1779
f 1862 1560 1478
f 1875 1876 1868
f 1824 1871 1822
f 1866 1560 1862
f 1750 1818 1877
f 1560 1866 1878
f 1848 1874 1879
f 1879 1874 1871
f 1877 1818 1880
f 1569 1560 1878
f 1641 1648 1881
f 1569 1878 1882
f 1805 1206 1250
f 1824 1726 1739
f 1882 1570 1569
f 1881 1648 1883
f 1648 1658 1883
f 1884 1885 1805
f 1805 1250 1884
f 1808 1805 1885
f 1871 1739 1886
f 1887 1881 1883
f 1848 1879 1888
f 1885 1818 1808
f 1871 1886 1879
f 1887 1883 1889
f 1889 1883 1890
f 1879 1886 1891
f 1892 1891 1886
f 1869 1893 1878
f 1893 1882 1878
f 1884 1250 1259
f 1884 1259 1269
f 1888 1879 1891
f 1888 1891 1894
f 1895 1882 1893
f 1884 1896 1885
f 1883 1658 1676
f 1896 1884 1269
f 1883 1676 1890
f 1897 1891 1892
f 1898 1895 1893
f 1878 1866 1869
f 1897 1894 1891
f 1892 1886 1739
f 1818 1885 1896
f 1743 1892 1739
f 1892 1743 1899
f 1571 1570 1588
f 1818 1896 1900
f 1588 1570 1901
f 1890 1676 1902
f 1587 1588 1903
f 1889 1890 1904
f 1902 1904 1890
f 1874 1848 1814
f 1588 1901 1905
f 1857 1848 1888
f 1903 1588 1905
f 1906 1887 1889
f 1859 1888 1894
f 1888 1859 1857
f 1907 1906 1889
f 1908 1905 1901
f 1907 1889 1904
f 1909 1907 1910
f 315 1906 1907
f 1911 1905 1908
f 1902 1912 1904
f 1904 1910 1907
f 1570 1882 1901
f 1283 1284 1691
f 1691 1284 1414
f 1882 1895 1901
f 1691 1414 1419
f 1908 1901 1895
f 1898 1908 1895
f 1902 1676 1700
f 1676 1693 1700
f 1913 1818 1900
f 1914 1700 1915
f 1691 1419 1917
f 1914 1902 1700
f 1917 1696 1691
f 1918 1919 1869
f 1896 1269 1920
f 1700 1705 1915
f 1919 1893 1869
f 1900 1896 1920
f 1893 1919 1898
f 1418 1421 1916
f 1921 1919 1922
f 1898 1919 1921
f 1916 1421 1923
f 1923 1421 1458
f 315 1907 1909
f 315 1909 331
f 1269 1281 1920
f 1925 1921 1922
f 1696 1917 1736
f 1909 1910 1926
f 1924 1736 1917
f 1912 1927 1904
f 1910 1904 1927
f 1920 1928 1929
f 1930 1911 1908
f 1281 1928 1920
f 1928 1281 1292
f 1928 1292 1931
f 1923 1458 1466
f 1929 1928 1932
f 1933 1934 1930
f 1926 1910 1927
f 1932 1928 1931
f 1935 1927 1912
f 1926 1927 1935
f 1466 1471 1936
f 1937 1930 1908
f 1898 1937 1908
f 358 1909 1926
f 1939 1736 1924
f 1940 358 1926
f 1937 1898 1921
f 1938 1923 1466
f 1940 1926 1935
f 1938 1466 1936
f 1941 1900 1920
f 1942 1930 1937
f 1942 1933 1930
f 1900 1941 1913
f 358 1940 1943
f 1944 1937 1921
f 1944 1942 1937
f 1940 1935 1945
f 1945 1943 1940
f 1944 1921 1925
f 1912 1902 1914
f 1946 1944 1925
f 1912 1914 1947
f 1929 1941 1920
f 1742 1736 1939
f 1915 1948 1949
f 1915 1705 1706
f 1915 1706 1948
f 1939 1748 1742
f 1944 1950 1951
f 1951 1933 1942
f 1949 1914 1915
f 1914 1949 1947
f 1942 1944 1951
f 1949 1948 1952
f 1867 1750 1877
f 1949 1952 1947
f 1944 1946 1950
f 1948 1953 1952
f 1954 1955 1956
f 1952 1953 1957
f 1955 1954 1958
f 1958 1954 1959
f 1935 1912 1947
f 1959 1960 1958
f 1960 1961 1962
f 1963 1950 1946
f 1935 1947 1964
f 1962 1961 1965
f 1844 1855 1852
f 1945 1935 1964
f 1965 1966 1967
f 1962 1965 1967
f 1963 1968 1950
f 1968 1969 1950
f 1964 1970 1945
f 1964 1947 1952
f 1971 1967 1972
f 1973 1964 1952
f 1970 1964 1973
f 1952 1957 1973
f 1974 1973 1957
f 1957 1975 1974
f 1976 1962 1967
f 1977 1943 1945
f 1651 1978 1652
f 1979 1980 1981
f 1978 1982 1983
f 1652 1984 1985
f 1652 1985 1664
f 1986 437 394
f 1984 1652 1978
f 1983 1984 1978
f 1977 1945 1970
f 1987 437 1986
f 1988 1767 1985
f 1989 1988 1985
f 1985 1666 1664
f 1990 1977 1970
f 1985 1767 1666
f 1991 1970 1973
f 1990 1970 1991
f 1985 1984 1989
f 1992 1993 1994
f 1991 1973 1974
f 437 445 418
f 1995 1991 1974
f 1994 1996 1992
f 1997 1984 1983
f 1990 1991 1995
f 1998 1990 1995
f 1999 437 1987
f 2000 437 1999
f 2000 445 437
f 1977 1990 2001
f 2002 2003 1989
f 2004 2005 2006
f 2005 1977 2001
f 2006 2005 2001
f 2006 2001 2007
f 1984 1997 1989
f 2001 1990 1998
f 2008 1989 1997
f 2001 1998 2007
f 2002 1989 2008
f 2009 2010 2011
f 2007 1998 2012
f 2013 1999 1987
f 2014 2015 2016
f 2017 2018 1997
f 2018 2008 1997
f 2018 2019 2020
f 1909 358 331
f 2019 2021 2020
f 2022 2011 2010
f 2022 2010 2014
f 2023 1999 2013
f 2024 2025 2026
f 2024 2026 2027
f 2027 2002 2024
f 2028 2010 2009
f 2020 2024 2008
f 2008 2018 2020
f 2010 2029 2014
f 2002 2008 2024
f 2024 2020 2021
f 2010 2028 2029
f 2028 2030 2029
f 1943 366 358
f 2031 2021 2019
f 2031 2032 2021
f 2032 2031 2033
f 2032 2033 2034
f 2035 2036 2011
f 2037 2025 2038
f 2037 2038 2039
f 2009 2011 2036
f 2040 366 1943
f 2025 2024 2021
f 2032 2025 2021
f 2032 2038 2025
f 2034 2038 2032
f 590 2041 589
f 2042 2028 2009
f 2040 436 366
f 366 436 425
f 2043 585 589
f 585 2043 647
f 1993 1992 2036
f 2041 2043 589
f 1734 1587 1903
f 2044 2045 436
f 2036 2042 2009
f 2046 2042 2036
f 1992 2046 2036
f 2047 2043 2041
f 2045 434 436
f 2040 1943 1977
f 2048 2047 2041
f 2005 2040 1977
f 1734 1982 1651
f 436 2040 2044
f 2044 2040 2005
f 1734 1903 1982
f 2049 1982 1903
f 1982 1978 1651
f 2050 446 445
f 2050 590 446
f 1911 1903 1905
f 2050 2041 590
f 1903 1911 2049
f 2000 2050 445
f 2051 2028 2042
f 2051 2042 2052
f 2052 2042 2046
f 1706 1831 1948
f 1831 1706 1810
f 2050 2053 2041
f 2054 2051 2052
f 1948 1831 1953
f 2055 1982 2049
f 1982 2055 1983
f 2030 2028 2051
f 2055 2049 2056
f 1953 1831 1832
f 1953 1832 2057
f 2051 2054 2058
f 2051 2058 2030
f 1997 1983 2055
f 2050 2000 2053
f 2049 1911 2056
f 2058 2059 2030
f 1957 1953 2060
f 1957 2060 1975
f 2053 2061 2048
f 2060 1953 2057
f 1911 1930 1934
f 2060 2057 2062
f 1911 1934 2056
f 1833 1837 1832
f 1837 2057 1832
f 1999 2023 2000
f 2023 2053 2000
f 2063 1934 1933
f 1838 2064 1837
f 2056 1934 2065
f 1934 2063 2065
f 2066 2057 1837
f 2023 2061 2053
f 2064 2066 1837
f 2041 2053 2048
f 2015 2067 2016
f 2056 2068 2055
f 2066 2062 2057
f 2065 2068 2056
f 2067 2015 2069
f 1838 1860 2064
f 2067 2070 2071
f 2048 2061 2072
f 2063 2073 2065
f 2062 1975 2060
f 2070 2074 2071
f 1975 2062 2075
f 2069 2070 2067
f 2065 2076 2068
f 2066 2064 2077
f 647 2043 2078
f 648 647 2078
f 2069 2079 2070
f 2065 2073 2080
f 2065 2080 2076
f 2076 2080 2081
f 2075 2062 2082
f 2082 2062 2066
f 2047 2078 2043
f 2075 2082 2083
f 2083 2082 2084
f 2070 2085 2074
f 2082 2066 2077
f 2070 2079 2085
f 2082 2077 2084
f 1951 2063 1933
f 2063 1951 2086
f 2047 2087 2078
f 2063 2086 2073
f 2017 1997 2055
f 2055 2068 2017
f 2068 2088 2017
f 2083 2084 2089
f 2017 2019 2018
f 2019 2017 2088
f 1995 1974 1975
f 2090 648 2078
f 1995 1975 2075
f 2091 2088 2068
f 2068 2076 2091
f 2031 2019 2088
f 2090 2078 2092
f 2031 2088 2091
f 2091 2076 2081
f 2091 2081 2033
f 2031 2091 2033
f 2075 1998 1995
f 2075 2093 1998
f 2075 2083 2093
f 2047 2048 2094
f 2012 1998 2093
f 2095 2012 2093
f 2093 2083 2095
f 2087 2047 2094
f 2096 2097 2098
f 2099 2100 2101
f 2099 2101 2102
f 2103 2097 2102
f 2104 2105 2106
f 2101 2103 2102
f 2094 2107 2087
f 2108 1765 1767
f 1860 2077 2064
f 2109 2077 1860
f 1988 2108 1767
f 2110 2105 2104
f 1775 1763 1765
f 2109 2084 2077
f 2096 1775 1765
f 2096 2098 1775
f 2087 2092 2078
f 2111 1860 1868
f 2096 1765 2108
f 2112 2096 2108
f 2109 1860 2111
f 2087 2107 2092
f 1876 2111 1868
f 2003 1988 1989
f 2113 2108 1988
f 1988 2003 2113
f 2113 2112 2108
f 2114 2109 2115
f 2071 2104 2106
f 2116 2113 2003
f 2002 2116 2003
f 2048 2072 2094
f 2116 2099 2113
f 2071 2074 2104
f 2100 2099 2116
f 2084 2109 2114
f 2115 2117 2114
f 2099 2112 2113
f 2089 2084 2114
f 2096 2112 2097
f 2097 2112 2102
f 2102 2112 2099
f 2118 2114 2117
f 2115 2109 2111
f 1876 2115 2111
f 2119 1876 2120
f 1876 2119 2115
f 2098 1782 1801
f 2061 2023 2121
f 2061 2121 2122
f 2117 2115 2119
f 2123 2110 2104
f 2123 2104 2074
f 2124 1782 2098
f 2085 2123 2074
f 1782 2125 1783
f 1752 1043 2126
f 1043 1356 2126
f 2127 2126 1356
f 2072 2061 2128
f 2129 2123 2085
f 2124 2098 2097
f 2130 1752 2126
f 2103 2131 2132
f 2103 2132 2097
f 2127 2133 2126
f 2126 2133 2130
f 2097 2132 2124
f 2122 2128 2061
f 2127 1356 1366
f 2127 1366 1369
f 2125 1782 2124
f 2127 1369 2134
f 2135 2125 2124
f 2135 2136 2125
f 2110 2123 2137
f 2132 2135 2124
f 2134 1369 2138
f 2139 2135 2132
f 2136 2135 2140
f 2140 2135 2139
f 2127 2134 2133
f 2098 1801 1775
f 2141 2133 2134
f 2138 2141 2134
f 2129 2137 2123
f 1771 1752 2130
f 2142 1771 2130
f 1774 1771 2142
f 2130 2133 2142
f 2026 2143 2144
f 2144 2100 2027
f 2133 2141 2142
f 2145 2128 2122
f 2146 2147 2101
f 1395 1369 1368
f 2146 2100 2144
f 2101 2100 2146
f 1369 1395 2138
f 2147 2103 2101
f 2148 2137 2129
f 2149 2147 2146
f 2026 2037 2143
f 2144 2143 2146
f 2037 2150 2143
f 2151 2092 2107
f 2029 2015 2014
f 2143 2152 2149
f 2153 2015 2029
f 2154 2147 2149
f 2155 2154 2152
f 2152 2154 2149
f 2150 2152 2143
f 2150 2156 2152
f 2157 2141 2138
f 2156 2155 2152
f 2143 2149 2146
f 2153 2079 2069
f 2153 2069 2015
f 2094 2158 2107
f 1774 2142 2159
f 2030 2153 2029
f 1778 1774 2159
f 2116 2002 2027
f 2160 1778 2159
f 2027 2100 2116
f 2151 2107 2161
f 2144 2027 2026
f 2159 2142 2141
f 2159 2141 2162
f 2026 2025 2037
f 2162 2141 2157
f 2160 2159 2162
f 2163 2153 2030
f 2107 2158 2161
f 2154 2131 2147
f 2154 2164 2131
f 2103 2147 2131
f 2165 2079 2153
f 2139 2132 2131
f 2163 2165 2153
f 2164 2139 2131
f 2166 2161 2158
f 2167 2140 2139
f 2168 2138 1395
f 2139 2164 2167
f 1417 1395 1392
f 1395 1417 2168
f 2157 2138 2168
f 2169 2157 2168
f 2157 2169 2170
f 2169 2168 1417
f 2158 2094 2072
f 2072 2128 2158
f 2165 2085 2079
f 2171 2085 2165
f 2170 2169 2172
f 2154 2155 2173
f 2174 2173 2155
f 2173 2174 2175
f 2173 2164 2154
f 2173 2167 2164
f 2145 2158 2128
f 2176 2167 2173
f 2177 1417 1420
f 2177 2169 1417
f 2176 2173 2175
f 2169 2177 2172
f 2166 2158 2145
f 2178 2172 2177
f 2178 2177 2179
f 2030 2059 2163
f 2170 2162 2157
f 2163 2180 2165
f 2039 2038 2181
f 2059 2180 2163
f 2172 2182 2170
f 2162 2170 2183
f 2184 2181 2038
f 2183 2185 2162
f 2038 2034 2184
f 2183 2182 2186
f 2187 2188 2181
f 2182 2189 2186
f 2190 2187 2181
f 2181 2184 2190
f 2183 2170 2182
f 2172 2191 2182
f 2189 2182 2191
f 2192 2190 2184
f 2171 2129 2085
f 2193 2145 2122
f 2194 2190 2192
f 2187 2190 2195
f 2196 2178 2197
f 2194 2195 2190
f 2198 2195 2194
f 2191 2172 2178
f 2191 2178 2196
f 2199 2191 2196
f 2200 2161 2166
f 2201 2199 2196
f 1778 1845 1777
f 1845 1778 2160
f 2080 2073 2202
f 2202 2073 2203
f 2202 2204 2080
f 2080 2204 2081
f 2205 2059 2058
f 2205 2206 2059
f 2160 2207 1845
f 2206 2180 2059
f 2208 2204 2202
f 2209 2165 2180
f 2208 2202 2210
f 2211 2207 2160
f 2211 2160 2162
f 2185 2211 2162
f 1969 2086 1951
f 1969 2203 2086
f 2145 2193 2212
f 1951 1950 1969
f 2073 2086 2203
f 2213 2212 2193
f 1849 1845 2207
f 2207 2214 1849
f 1969 2215 2203
f 2193 2216 2213
f 2180 2206 2209
f 1864 1849 2214
f 1864 2214 2217
f 2211 2218 2207
f 2185 2183 2186
f 2218 2211 2185
f 2166 2145 2212
f 2166 2212 2219
f 1968 2215 1969
f 2220 2209 2206
f 2218 2185 2221
f 2221 2185 2186
f 2214 2207 2218
f 2214 2218 2222
f 2214 2222 2217
f 1968 2223 2215
f 2222 2224 2217
f 2221 2222 2218
f 2200 2166 2219
f 1968 2225 2223
f 1968 1963 2225
f 2148 2129 2171
f 2215 2202 2203
f 2226 2202 2215
f 2215 2223 2226
f 2210 2202 2226
f 2212 2213 2227
f 1875 1868 1864
f 2209 2171 2165
f 2228 2210 2226
f 2217 1875 1864
f 2228 2226 2223
f 2229 2034 2033
f 2034 2229 2230
f 2204 2229 2081
f 2033 2081 2229
f 2229 2204 2231
f 2232 2171 2209
f 2230 2229 2231
f 2232 2148 2171
f 2230 2231 2233
f 2230 2184 2034
f 2189 2221 2186
f 2234 2221 2189
f 2227 2219 2212
f 2231 2204 2208
f 2208 2233 2231
f 2192 2184 2230
f 2235 2219 2227
f 2230 2233 2192
f 2236 2192 2233
f 2221 2224 2222
f 2210 2233 2208
f 2232 2237 2148
f 2238 2233 2210
f 2238 2236 2233
f 1875 2239 2240
f 2241 2227 2213
f 2227 2241 2242
f 2210 2228 2238
f 2237 2243 2148
f 2244 2243 2237
f 2225 2245 2223
f 2217 2239 1875
f 2239 2217 2224
f 2245 2246 2223
f 2242 2235 2227
f 2223 2247 2228
f 2248 2239 2224
f 2247 2249 2228
f 2220 2232 2209
f 2223 2246 2247
f 1876 1875 2240
f 1876 2240 2120
f 2120 2240 2250
f 2240 2239 2250
f 2251 2232 2220
f 2248 2250 2239
f 2249 2247 2252
f 2251 2237 2232
f 2250 2253 2254
f 2253 2250 2248
f 2255 2253 2248
f 2256 2236 2238
f 2189 2191 2257
f 2189 2257 2234
f 2236 2258 2194
f 2236 2194 2192
f 1140 1114 1113
f 2234 2224 2221
f 2259 1140 1113
f 2260 2237 2251
f 2258 2198 2194
f 2261 2198 2258
f 2237 2260 2244
f 2257 2191 2199
f 2258 2236 2256
f 2199 2262 2257
f 2257 2262 2234
f 1140 2259 2263
f 2264 2244 2260
f 2251 2265 2260
f 2256 2266 2258
f 2261 2258 2266
f 2264 2260 2265
f 2266 2267 2261
f 1140 2263 1141
f 2238 2228 2249
f 2249 2256 2238
f 2262 2268 2234
f 2262 2269 2268
f 2269 2262 2270
f 2270 2271 2269
f 2272 2273 2259
f 2248 2224 2234
f 2274 2256 2249
f 2268 2248 2234
f 2274 2275 2256
f 2273 2263 2259
f 2249 2252 2274
f 2274 2252 2276
f 2277 2278 2279
f 2274 2276 2280
f 2255 2248 2268
f 2281 2279 2278
f 2263 2282 1141
f 2275 2266 2256
f 2280 2275 2274
f 2268 2269 2283
f 2284 2282 2263
f 2275 2285 2266
f 2283 2255 2268
f 2285 2267 2266
f 2271 2286 2269
f 2280 2285 2275
f 2177 1420 2287
f 1489 2287 1420
f 2263 2273 2288
f 2263 2288 2284
f 2289 2290 2150
f 2039 2150 2037
f 2188 2289 2039
f 2291 2277 2279
f 2289 2150 2039
f 2292 2291 2279
f 2179 2177 2287
f 2156 2290 2293
f 2293 2294 2156
f 2287 2295 2179
f 2290 2156 2150
f 2295 2296 2179
f 2297 2290 2289
f 2293 2290 2297
f 1498 2287 1489
f 394 1141 1986
f 2298 1495 1497
f 2299 2297 2289
f 2299 2289 2188
f 1141 2282 1986
f 2287 1498 2295
f 2299 2300 2297
f 2301 2295 1498
f 2302 2303 2304
f 2301 1498 2298
f 1987 1986 2282
f 2296 2295 2301
f 1495 2298 1498
f 2305 2306 2303
f 2298 2307 2301
f 2308 2293 2297
f 2293 2308 2309
f 2277 2302 2304
f 2305 2303 2302
f 2308 2297 2300
f 2284 1987 2282
f 2197 2178 2179
f 2310 2308 2300
f 2039 2181 2188
f 2196 2197 2311
f 2197 2179 2296
f 2197 2296 2311
f 2312 2305 2302
f 1987 2284 2013
f 2187 2313 2188
f 2301 2314 2296
f 2313 2187 2195
f 2299 2188 2313
f 2299 2313 2315
f 2299 2315 2300
f 2294 2155 2156
f 2304 2278 2277
f 2155 2294 2174
f 2316 2298 1497
f 2294 2293 2317
f 1497 1529 2316
f 2317 2174 2294
f 2298 2316 2318
f 2317 2175 2174
f 2175 2319 2176
f 2319 2175 2320
f 2317 2320 2175
f 2321 2319 2320
f 2302 2277 2322
f 2307 2298 2318
f 2288 2323 2284
f 2311 2296 2314
f 2317 2293 2309
f 2311 2314 2324
f 2201 2196 2311
f 2325 2317 2309
f 2309 2308 2310
f 2309 2310 2326
f 2201 2311 2324
f 2327 2323 2288
f 2326 2325 2309
f 2291 2322 2277
f 2324 2328 2201
f 2307 2314 2301
f 2314 2329 2324
f 2329 2314 2307
f 2330 2320 2325
f 2325 2320 2317
f 2320 2330 2321
f 2322 2291 2331
f 2318 2329 2307
f 2288 2273 2332
f 2333 2288 2332
f 2328 2324 2329
f 2334 2302 2322
f 2312 2302 2334
f 2195 2335 2313
f 2336 2328 2329
f 2313 2335 2315
f 2336 2329 2337
f 1529 1537 2316
f 2338 2315 2335
f 2339 2312 2334
f 2340 2316 1537
f 2335 2195 2198
f 2288 2333 2327
f 2334 2322 2341
f 2318 2316 2340
f 2318 2340 2342
f 2343 2300 2315
f 1537 1536 1540
f 2315 2338 2343
f 2344 2310 2343
f 2343 2310 2300
f 2345 1537 1540
f 2346 2344 2343
f 2343 2338 2346
f 2345 1540 2347
f 2340 1537 2345
f 2348 2335 2198
f 2342 2340 2345
f 2348 2338 2335
f 2338 2348 2349
f 2333 2350 2327
f 2351 2349 2348
f 2331 2341 2322
f 2347 2352 2345
f 2334 2341 2339
f 2338 2349 2346
f 2352 2347 2353
f 2354 2346 2349
f 2355 2356 2341
f 2356 2339 2341
f 2329 2318 2337
f 2357 2339 2356
f 2358 2323 2327
f 2344 2326 2310
f 2359 2325 2326
f 2356 2360 2357
f 2359 2326 2344
f 2359 2330 2325
f 2330 2359 2361
f 2337 2318 2342
f 2362 2337 2342
f 2013 2284 2363
f 2337 2364 2336
f 2365 2366 2367
f 2337 2362 2364
f 2359 2344 2368
f 2344 2369 2368
f 2365 2370 2366
f 2352 2342 2345
f 2363 2284 2323
f 2342 2352 2371
f 2372 2363 2323
f 2368 2373 2359
f 2361 2359 2373
f 2013 2363 2374
f 2371 2352 2353
f 2369 2344 2346
f 2371 2353 2375
f 2371 2362 2342
f 2013 2374 2023
f 2371 2376 2362
f 2346 2354 2369
f 2368 2369 2377
f 2378 2379 2380
f 2201 2381 2199
f 2381 2262 2199
f 2382 2369 2354
f 2023 2374 2121
f 2377 2369 2382
f 2328 2381 2201
f 2378 2383 2379
f 2368 2384 2373
f 2373 2384 2385
f 2378 2386 2383
f 2270 2262 2381
f 2270 2381 2387
f 2387 2381 2328
f 2388 2384 2377
f 2377 2384 2368
f 2328 2389 2387
f 2379 2365 2367
f 2384 2390 2385
f 2388 2390 2384
f 2387 2271 2270
f 2379 2383 2365
f 2383 2370 2365
f 2389 2271 2387
f 2261 2348 2198
f 2383 2391 2370
f 2261 2351 2348
f 2363 2372 2374
f 2261 2267 2351
f 2392 2121 2374
f 2393 2389 2336
f 2336 2389 2328
f 2392 2374 2372
f 2394 2349 2351
f 2394 2354 2349
f 2383 2386 2395
f 2395 2391 2383
f 2119 2120 2396
f 2396 2120 2254
f 2395 2397 2391
f 2254 2120 2250
f 2366 2398 2399
f 2400 2401 2402
f 2398 2403 2399
f 2404 2405 2406
f 2407 2403 2398
f 11 438 2408
f 2121 2392 2122
f 2409 2408 439
f 439 2408 438
f 2409 2410 2408
f 2411 2407 2398
f 2366 2370 2398
f 2405 2404 2412
f 2410 156 2408
f 2413 2412 2414
f 2415 2412 2404
f 2414 2412 2415
f 2370 2416 2398
f 2415 2417 2414
f 2398 2416 2411
f 2418 2409 439
f 2407 1981 2403
f 510 2418 447
f 1981 2407 1979
f 439 447 2418
f 2417 2415 2419
f 2420 2327 2350
f 2350 2421 2420
f 2422 2423 2424
f 2423 2422 2425
f 2410 2409 2426
f 1979 2407 2411
f 2400 2426 2409
f 2418 2427 2400
f 2400 2409 2418
f 2414 2428 2413
f 2414 2422 2428
f 2391 2416 2370
f 2429 2416 2391
f 2417 2422 2414
f 2327 2420 2358
f 2430 2402 2431
f 2416 2429 2411
f 2430 2431 2432
f 2433 1979 2411
f 2422 2434 2435
f 2410 2436 156
f 2410 2426 2436
f 2417 2434 2422
f 2437 2358 2420
f 2358 2437 2438
f 2417 2419 2439
f 2429 2440 2411
f 2411 2440 2433
f 2441 167 2436
f 167 2441 2442
f 2443 2439 2419
f 2444 2437 2420
f 2426 2400 2430
f 2441 2436 2426
f 2430 2441 2426
f 2400 2402 2430
f 2391 2397 2429
f 2445 2434 2417
f 2445 2417 2439
f 2437 2446 2438
f 2441 2430 2447
f 2442 2441 2447
f 2448 2429 2397
f 2437 2449 2446
f 2432 2447 2430
f 2439 2450 2445
f 2372 2323 2451
f 2429 2448 2440
f 2452 2427 510
f 2452 448 499
f 2452 510 448
f 2453 2427 2452
f 2427 2401 2400
f 2434 2445 2454
f 2451 2455 2372
f 2456 2401 2453
f 2453 2401 2427
f 2392 2372 2455
f 2445 2457 2454
f 2458 2397 2395
f 2459 2460 2461
f 2462 2455 2451
f 2397 2463 2448
f 2461 2452 499
f 2448 2463 2464
f 2452 2461 2460
f 2452 2460 2453
f 2461 499 502
f 2461 502 504
f 2465 2440 2448
f 2453 2460 2466
f 2467 2460 2459
f 2468 2460 2467
f 2440 2465 2469
f 2468 2466 2460
f 2470 2471 2472
f 2390 2473 2472
f 2456 2453 2466
f 2455 2462 2474
f 2448 2464 2465
f 2418 510 2427
f 2472 2473 2470
f 2475 2474 2462
f 2323 2358 2451
f 2476 2465 2464
f 2456 2466 2477
f 2478 2476 2464
f 2401 2456 2402
f 2451 2358 2438
f 2473 2479 2480
f 2481 2470 2480
f 2477 2402 2456
f 2477 2431 2402
f 2481 2482 2470
f 2473 2480 2470
f 2482 2471 2470
f 2483 2380 2306
f 2483 2378 2380
f 2451 2438 2462
f 2483 2484 2378
f 2471 2482 2485
f 2486 2487 2432
f 2486 2431 2477
f 2486 2432 2431
f 2306 2305 2483
f 1433 2477 2466
f 2488 2489 2462
f 2488 2462 2438
f 2481 2490 2482
f 2466 2468 1433
f 1439 2477 1433
f 1432 1439 1433
f 2491 2488 2446
f 2446 2488 2438
f 2486 2477 1439
f 2378 2484 2386
f 1438 2486 1439
f 2484 2492 2386
f 2484 2483 2493
f 2483 2305 2312
f 2483 2312 2493
f 2494 2406 2495
f 2496 2406 2494
f 2497 2493 2312
f 2408 156 11
f 2497 2484 2493
f 152 11 156
f 2446 2449 2491
f 2497 2492 2484
f 2492 2497 2498
f 2496 2494 2499
f 2500 2498 2497
f 2485 2501 2499
f 2502 2395 2386
f 2498 2502 2492
f 2492 2502 2386
f 2499 2501 2496
f 2496 2501 2503
f 8 156 2436
f 167 165 2436
f 2488 2491 2504
f 2503 2501 2505
f 2436 165 8
f 2499 2471 2485
f 2488 2504 2489
f 2497 2312 2339
f 2506 2504 2491
f 2507 2504 2506
f 2508 167 2442
f 2489 2504 2509
f 2507 2509 2504
f 2510 2485 2482
f 2511 2462 2489
f 167 41 165
f 2501 2485 2512
f 2508 42 167
f 2511 2475 2462
f 2513 2502 2498
f 2502 2458 2395
f 2509 2511 2489
f 2502 2513 2458
f 2514 2432 2487
f 2515 2458 2513
f 2482 2490 2510
f 2516 2514 2487
f 2498 2500 2513
f 2509 2016 2511
f 2517 2513 2500
f 2518 2515 2513
f 2517 2518 2513
f 2510 2512 2485
f 2514 2442 2447
f 2519 2442 2514
f 2447 2432 2514
f 2512 2510 2520
f 2520 2510 2521
f 2514 2522 2519
f 2501 2512 2505
f 2497 2339 2500
f 2520 2505 2512
f 2516 2522 2514
f 2522 2516 2523
f 2520 2524 2505
f 2357 2500 2339
f 2519 2522 2525
f 2525 2522 2526
f 2520 2527 2524
f 2421 2444 2420
f 2523 2528 2529
f 2421 2530 2444
f 2500 2357 2517
f 2531 2444 2530
f 2532 2517 2357
f 2533 2527 2520
f 2437 2444 2449
f 2533 2520 2521
f 2526 2522 2523
f 2534 2535 2526
f 2449 2444 2531
f 2529 2534 2523
f 2360 2532 2357
f 2534 2529 2536
f 2526 2523 2534
f 2479 2537 2480
f 2538 2525 2526
f 2538 2526 2535
f 2539 2481 2480
f 2539 2537 2540
f 2537 2539 2480
f 2534 2536 2541
f 2532 2360 2542
f 2543 2541 2536
f 2541 2535 2534
f 2541 2543 2544
f 2545 2535 2541
f 2545 2541 2544
f 2449 2531 2546
f 2538 2535 2547
f 2490 2481 2539
f 2539 2548 2490
f 2547 2535 2545
f 2549 2539 2540
f 2530 2550 2531
f 2549 2548 2539
f 2517 2532 2551
f 2550 2552 2531
f 2553 2487 2486
f 2553 2554 2487
f 2552 2546 2531
f 2517 2551 2518
f 2516 2487 2554
f 2548 2549 2555
f 2518 2551 2556
f 2551 2557 2556
f 2546 2552 2558
f 2490 2548 2559
f 2560 2559 2548
f 2490 2559 2510
f 2561 2528 2562
f 2532 2542 2551
f 2554 2528 2516
f 2551 2542 2557
f 2491 2449 2546
f 2528 2523 2516
f 2463 2397 2458
f 2562 2528 2554
f 2458 2515 2463
f 2486 1438 2553
f 1482 2553 1438
f 2546 2506 2491
f 2563 2559 2560
f 2555 2560 2548
f 2564 2506 2546
f 2515 2565 2463
f 1482 2562 2553
f 2554 2553 2562
f 2565 2464 2463
f 2464 2565 2478
f 2565 2566 2478
f 2560 2567 2563
f 1482 1412 2562
f 1412 2561 2562
f 2540 2568 2549
f 1411 2561 1412
f 2518 2566 2515
f 2549 2568 2555
f 2515 2566 2565
f 2569 2528 2561
f 2476 2478 2570
f 2558 2564 2546
f 2571 2572 2555
f 2571 2555 2568
f 2573 2478 2566
f 1993 2035 2564
f 2569 2529 2528
f 2529 2569 2536
f 1423 2574 2569
f 2555 2572 2560
f 2518 2556 2566
f 2536 2569 2574
f 2550 2575 2552
f 2576 2572 2571
f 2575 2558 2552
f 2567 2560 2572
f 2566 2556 2573
f 2543 2536 2574
f 2577 2572 2576
f 2556 2578 2573
f 2510 2559 2521
f 1411 2569 2561
f 2478 2573 2570
f 2575 2579 2558
f 2559 2563 2521
f 2569 1411 1423
f 2580 2533 2521
f 2580 2521 2563
f 2570 2573 2581
f 2508 2442 2519
f 1994 2558 2579
f 2567 2580 2563
f 2519 2582 2508
f 2578 2581 2573
f 2583 2533 2580
f 56 2508 2582
f 2584 1994 2579
f 2582 2519 2525
f 2558 1993 2564
f 2585 2404 2406
f 2406 2496 2585
f 2558 1994 1993
f 2556 2557 2586
f 2556 2586 2578
f 2503 2585 2496
f 2508 56 42
f 2404 2585 2587
f 58 56 2582
f 2585 2503 2588
f 2585 2588 2587
f 2587 2588 2589
f 58 2582 2590
f 2505 2588 2503
f 61 58 2590
f 2415 2404 2587
f 2415 2587 2419
f 2589 2419 2587
f 2525 2538 2591
f 2035 2506 2564
f 2592 2591 2538
f 2035 2507 2506
f 2590 2582 2591
f 2590 2591 2593
f 2582 2525 2591
f 2594 2557 2542
f 2022 2509 2507
f 2022 2507 2011
f 2593 2591 2592
f 2595 2592 2547
f 2596 2588 2505
f 2589 2588 2596
f 2593 2592 2595
f 2597 2598 2578
f 2595 2547 2599
f 2581 2578 2598
f 2524 2596 2505
f 2596 2524 2600
f 2600 2601 2596
f 2596 2601 2589
f 2602 2603 2598
f 2598 2603 2581
f 2547 2592 2538
f 2589 2443 2419
f 2011 2507 2035
f 2602 2598 2597
f 2509 2022 2016
f 2443 2601 2604
f 2443 2589 2601
f 2593 2605 2590
f 2022 2014 2016
f 2606 61 2590
f 2578 2586 2597
f 2606 2590 2605
f 2557 2607 2586
f 2586 2607 2597
f 1993 2036 2035
f 2594 2607 2557
f 2601 2600 2608
f 2605 2593 2609
f 2601 2608 2604
f 2610 2122 2392
f 2609 2593 2595
f 2609 2595 2599
f 2610 2392 2455
f 2609 2611 2605
f 2612 2613 2608
f 2122 2610 2193
f 2614 2615 2607
f 2614 2607 2594
f 504 2459 2461
f 2616 504 717
f 2616 2459 504
f 2524 2527 2600
f 730 2616 717
f 2617 2608 2600
f 2617 2600 2527
f 2615 2597 2607
f 2467 2459 2616
f 2597 2615 2602
f 1434 2467 2616
f 2608 2617 2612
f 2610 2474 2193
f 2474 2216 2193
f 2618 2616 730
f 2604 2450 2439
f 2604 2439 2443
f 2455 2474 2610
f 2615 2619 2602
f 2618 730 729
f 2618 1434 2616
f 1445 1434 2618
f 2613 2450 2604
f 2457 2450 2613
f 1431 2468 2467
f 1431 1433 2468
f 2620 2619 2615
f 2604 2608 2613
f 2620 2615 2614
f 1431 2467 1434
f 2445 2450 2457
f 2621 2281 2105
f 729 2622 2618
f 2110 2621 2105
f 2623 729 763
f 2281 2621 2279
f 2621 2292 2279
f 2622 1445 2618
f 2577 2567 2572
f 2577 2624 2567
f 1445 2622 1455
f 2622 729 2623
f 2622 2623 2625
f 2622 2625 1455
f 2626 2624 2577
f 2623 763 767
f 2627 2623 767
f 2624 2580 2567
f 2623 2627 2625
f 767 769 2627
f 2628 2474 2475
f 2583 2629 2533
f 2621 2110 2630
f 2216 2628 2241
f 2630 2292 2621
f 2631 2241 2628
f 2628 2216 2474
f 1455 2625 1461
f 2632 2580 2624
f 1473 1461 2625
f 2633 2331 2291
f 2292 2633 2291
f 2634 2624 2626
f 2632 2624 2634
f 2635 2632 2634
f 2632 2583 2580
f 2583 2632 2636
f 2635 2636 2632
f 2137 2630 2110
f 2628 2637 2631
f 2631 2637 2071
f 2638 2636 2635
f 66 61 2606
f 66 2606 2639
f 2639 108 66
f 2475 2511 2640
f 2475 2640 2628
f 2639 2606 2605
f 2639 2605 2611
f 2641 2633 2292
f 2642 2633 2641
f 2629 2617 2527
f 108 2639 2643
f 2629 2527 2533
f 2630 2641 2292
f 2016 2067 2640
f 2644 2645 2641
f 2644 2641 2630
f 2640 2067 2637
f 2629 2646 2617
f 2617 2646 2612
f 2640 2511 2016
f 2612 2646 2647
f 2641 2645 2642
f 2648 2642 2645
f 2649 2647 2646
f 2628 2640 2637
f 2137 2650 2630
f 2651 120 2653
f 2637 2067 2071
f 2644 2630 2650
f 171 120 2651
f 2613 2612 2654
f 2652 178 170
f 2650 2137 2148
f 2241 2213 2216
f 2243 2650 2148
f 173 174 2655
f 176 173 2655
f 2650 2243 2656
f 2654 2457 2613
f 2656 2657 2644
f 2656 2644 2650
f 2654 2658 2457
f 2659 174 178
f 2655 174 2659
f 2644 2657 2645
f 2631 2660 2241
f 2655 2659 2661
f 2242 2241 2660
f 2654 2662 2658
f 2661 2659 2663
f 2664 2544 2665
f 2545 2544 2664
f 2612 2647 2654
f 2664 2666 2545
f 2654 2647 2662
f 2106 2660 2631
f 2547 2545 2667
f 2657 2648 2645
f 2667 2545 2666
f 2668 2648 2657
f 2664 2669 2666
f 2670 2657 2656
f 2668 2657 2670
f 2671 2666 2669
f 2672 2662 2647
f 2672 2647 2649
f 2671 2669 2673
f 2671 2673 2674
f 2106 2631 2071
f 2675 2662 2672
f 2676 2668 2670
f 2355 2331 2633
f 2242 2660 2677
f 2355 2633 2642
f 2678 2574 1427
f 2355 2341 2331
f 2662 2679 2658
f 2677 2660 2106
f 2105 2677 2106
f 2574 2665 2543
f 2680 2662 2675
f 2544 2543 2665
f 2662 2680 2679
f 2665 2574 2678
f 2665 2678 2681
f 2680 2682 2679
f 2642 2648 2355
f 2683 2684 2678
f 2684 2683 2685
f 2681 2678 2684
f 2684 2673 2681
f 2686 2629 2583
f 2356 2355 2687
f 2673 2684 2688
f 2649 2629 2686
f 2649 2646 2629
f 2574 1423 1427
f 1598 2678 1427
f 1342 2090 2689
f 2583 2636 2686
f 1598 2683 2678
f 2683 1598 1601
f 2648 2690 2355
f 1601 2685 2683
f 2687 2355 2690
f 2664 2665 2681
f 2669 2664 2681
f 2691 2686 2636
f 2669 2681 2673
f 2692 2686 2691
f 2686 2692 2649
f 2684 2685 2688
f 2685 2693 2688
f 2685 1617 2693
f 2356 2687 2360
f 2689 2090 2694
f 2692 2695 2672
f 2692 2672 2649
f 2696 2697 2688
f 2698 2687 2699
f 2687 2698 2360
f 2693 2696 2688
f 2695 2692 2700
f 2689 2701 2702
f 2702 1342 2689
f 2696 2693 2703
f 2696 2703 2704
f 2687 2690 2699
f 2638 2691 2636
f 2699 2690 2705
f 2706 2689 2694
f 2703 2707 2704
f 2701 2689 2708
f 2691 2700 2692
f 2685 1601 1617
f 1616 2693 1617
f 2693 1616 2703
f 2703 1616 1625
f 2700 2691 2638
f 2709 2700 2638
f 2648 2668 2690
f 2673 2688 2697
f 2710 2695 2700
f 2674 2673 2697
f 2711 2697 2696
f 2674 2697 2711
f 2705 2690 2668
f 2702 1371 1344
f 2674 2711 2712
f 2695 2675 2672
f 2675 2695 2713
f 2711 2696 2704
f 2701 1371 2702
f 2668 2676 2714
f 2711 2704 2715
f 2668 2714 2705
f 2702 1344 1342
f 2712 2711 2716
f 2716 2711 2715
f 1371 1387 1370
f 2695 2710 2717
f 2718 2656 2243
f 1371 2719 1387
f 2710 2700 2720
f 2244 2718 2243
f 2599 2547 2667
f 2599 2667 2721
f 2721 2667 2666
f 2718 2670 2656
f 2720 2722 2710
f 2723 2670 2718
f 2666 2671 2721
f 2724 1371 2701
f 2717 2713 2695
f 2721 2671 2725
f 2599 2721 2726
f 2726 2721 2727
f 2675 2713 2680
f 2727 2721 2725
f 2728 2682 2680
f 2728 2680 2713
f 2609 2599 2729
f 2676 2670 2723
f 2730 2609 2729
f 2713 2731 2728
f 2724 2719 1371
f 2730 2729 2732
f 2729 2599 2726
f 2729 2726 2733
f 2718 2734 2723
f 2732 2729 2733
f 2732 2733 2735
f 2735 2733 2736
f 2722 2717 2710
f 2722 2737 2717
f 2734 2718 2244
f 2738 2726 2727
f 2738 2733 2726
f 2264 2734 2244
f 2736 2733 2738
f 2736 2738 2739
f 2740 2737 2722
f 2689 2706 2708
f 2725 2671 2674
f 2725 2674 2712
f 2727 2725 2741
f 2742 2708 2706
f 2737 2713 2717
f 2737 2731 2713
f 2741 2725 2712
f 2743 2731 2737
f 2744 2741 2712
f 2742 2745 2708
f 2698 2746 2360
f 2360 2746 2542
f 2744 2712 2747
f 2747 2748 2744
f 2748 2747 2749
f 2739 2738 2727
f 2739 2727 2741
f 2724 2701 2750
f 2739 2741 2751
f 2744 2751 2741
f 2752 2736 2739
f 2752 2739 2753
f 2701 2708 2750
f 2753 2739 2751
f 2754 2755 2756
f 2757 2698 2699
f 2698 2757 2746
f 2756 2755 2758
f 2748 2751 2744
f 2753 2751 2759
f 2748 2759 2751
f 2760 2759 2748
f 2755 2761 2762
f 2763 2705 2714
f 2724 2750 2764
f 2757 2699 2705
f 2747 2712 2716
f 2762 2761 2765
f 2766 2764 2750
f 2707 2703 2767
f 2768 2769 2425
f 2767 2770 2707
f 2435 2425 2422
f 2435 2768 2425
f 2435 2771 2768
f 2772 2757 2705
f 2763 2772 2705
f 2703 1625 2767
f 2768 2773 2769
f 2757 2772 2746
f 2767 1625 1630
f 2774 2708 2745
f 2775 2770 2767
f 2767 1630 2775
f 2775 1630 1636
f 2771 2773 2768
f 2775 1636 2776
f 2750 2708 2774
f 2770 2775 2776
f 2766 2750 2774
f 2715 2704 2707
f 2715 2707 2770
f 2777 2723 2734
f 2715 2770 2778
f 2779 2766 2774
f 2723 2780 2676
f 2723 2777 2780
f 2778 2716 2715
f 2771 2435 2781
f 2771 2781 2782
f 2090 655 648
f 2778 2770 2783
f 2784 2785 2734
f 2784 2734 2264
f 2090 1342 655
f 2786 2778 2783
f 2786 2783 2787
f 2788 2785 2784
f 2435 2434 2781
f 2783 2770 2776
f 2789 2773 2754
f 2776 1636 1640
f 2785 2777 2734
f 2776 1640 2790
f 2771 2754 2773
f 2092 2694 2090
f 2790 1640 1642
f 2791 2780 2777
f 2755 2754 2761
f 2694 2092 2151
f 2754 2792 2761
f 2790 1642 2793
f 2793 1642 1644
f 2754 2771 2792
f 2791 2777 2785
f 2793 1644 2794
f 2795 2791 2785
f 2771 2782 2792
f 2793 2796 2790
f 2787 2783 2797
f 2694 2151 2706
f 2787 2797 2798
f 2782 2781 2799
f 2763 2714 2800
f 2783 2776 2797
f 2797 2776 2790
f 2780 2714 2676
f 2797 2790 2796
f 2801 2714 2780
f 2802 2803 2782
f 2742 2151 2161
f 2801 2800 2714
f 2781 2434 2799
f 2804 2800 2801
f 2434 2454 2799
f 2798 2797 2796
f 2798 2796 2805
f 2799 2454 2806
f 2706 2151 2742
f 2805 2796 2807
f 2808 2809 2747
f 2749 2747 2809
f 2749 2809 2810
f 2782 2799 2802
f 2811 2742 2161
f 2760 2748 2749
f 2811 2812 2742
f 2760 2749 2810
f 2810 2813 2760
f 2814 2772 2763
f 2814 2815 2772
f 2800 2814 2763
f 2816 2760 2813
f 2457 2817 2454
f 2806 2454 2817
f 2806 2817 2818
f 2816 2813 2819
f 2806 2802 2799
f 2808 2716 2778
f 2820 2821 2814
f 2820 2814 2800
f 2747 2716 2808
f 2822 2823 2808
f 2778 2822 2808
f 2824 2802 2806
f 2802 2824 2825
f 2823 2809 2808
f 2822 2826 2823
f 2810 2809 2823
f 2822 2778 2786
f 2780 2791 2801
f 2824 2806 2818
f 2826 2822 2786
f 2827 2801 2791
f 2826 2786 2828
f 2827 2804 2801
f 2742 2812 2745
f 2828 2786 2787
f 2826 2829 2823
f 2782 2803 2792
f 2829 2826 2830
f 2830 2826 2828
f 2795 2827 2791
f 2792 2803 2831
f 2810 2823 2829
f 2765 2761 2792
f 2813 2810 2829
f 2813 2829 2819
f 2792 2831 2765
f 2830 2819 2829
f 2765 2831 2832
f 2819 2830 2833
f 1544 1543 2834
f 2835 2836 2719
f 2719 2836 1543
f 2836 2834 1543
f 2804 2820 2800
f 2828 2787 2837
f 2787 2798 2838
f 2825 2839 2803
f 2825 2803 2802
f 2840 2820 2804
f 2837 2787 2838
f 2839 2831 2803
f 2841 2828 2837
f 2830 2828 2841
f 1558 1544 2834
f 2838 2842 2837
f 2841 2837 2842
f 2843 2832 2831
f 2844 2820 2840
f 2840 2804 2827
f 2838 2798 2805
f 2845 1558 2834
f 2842 2838 2846
f 2846 2838 2805
f 2839 2843 2831
f 2847 2842 2846
f 2848 2844 2840
f 2846 2805 2849
f 2849 2850 2846
f 2833 2830 2851
f 2851 2830 2841
f 2852 2853 2854
f 2855 2836 2835
f 2834 2836 2845
f 2845 2836 2855
f 2842 2851 2841
f 2856 2851 2842
f 2724 2835 2719
f 2851 2857 2833
f 2857 2851 2856
f 2858 2855 2835
f 2762 2859 2758
f 2856 2842 2847
f 2859 2860 2758
f 2861 2847 2846
f 2859 2762 2862
f 2861 2846 2850
f 2758 2755 2762
f 2861 2856 2847
f 2863 2864 2845
f 2861 2865 2856
f 2852 2854 2860
f 2859 2852 2860
f 2862 2852 2859
f 2855 2858 2863
f 2845 2855 2863
f 2611 2609 2730
f 2719 1543 1387
f 2866 2611 2730
f 2643 2639 2611
f 2643 2611 2866
f 2746 2867 2542
f 2867 2594 2542
f 2866 2730 2868
f 2730 2732 2868
f 2852 2862 2869
f 2870 2852 2869
f 2871 2868 2735
f 2735 2868 2732
f 2866 2868 2871
f 2872 2873 1608
f 2869 2862 2874
f 2871 2735 2875
f 2876 2594 2867
f 2735 2736 2752
f 2752 2875 2735
f 120 108 2643
f 2853 2877 2878
f 2866 2653 2643
f 2870 2853 2852
f 2653 2866 2871
f 1608 1558 2872
f 120 2643 2653
f 2877 2853 2870
f 2815 2867 2746
f 2872 1558 2845
f 2879 2653 2871
f 750 2880 2881
f 2873 1618 1608
f 2878 2877 750
f 2882 2871 2875
f 2877 2870 2880
f 2880 750 2877
f 2879 2871 2884
f 2815 2886 2867
f 2869 2887 2870
f 2882 2884 2871
f 2888 1618 2873
f 2772 2815 2746
f 2889 2888 2873
f 2881 2880 2890
f 2752 2753 2891
f 2887 2880 2870
f 2887 2892 2880
f 2864 2872 2845
f 2815 2821 2886
f 2892 2890 2880
f 2864 2893 2872
f 2875 2752 2891
f 2875 2891 2894
f 2892 2887 2895
f 2891 2753 2759
f 2892 2895 2896
f 2891 2759 2897
f 2897 2759 2898
f 2886 2899 2867
f 2867 2899 2876
f 2900 2893 2864
f 2897 2894 2891
f 2893 2873 2872
f 2893 2889 2873
f 2832 2901 2765
f 2765 2901 2762
f 2901 2862 2762
f 2899 2886 2902
f 2903 2893 2900
f 2882 2875 2894
f 2889 2893 2903
f 2894 2904 2882
f 2906 2883 2905
f 2907 2869 2874
f 2897 2908 2894
f 2835 2724 2764
f 2764 2858 2835
f 2862 2901 2874
f 2904 2894 2908
f 2910 2874 2901
f 2764 2911 2858
f 2905 2909 2912
f 2874 2910 2913
f 2766 2911 2764
f 2914 2912 2909
f 2876 2614 2594
f 2653 2916 2651
f 2916 2653 2879
f 2832 2910 2901
f 178 2652 2917
f 2913 2910 2918
f 2917 2652 2915
f 2919 2910 2832
f 2917 2915 2920
f 2921 2876 2899
f 2918 2910 2919
f 2921 2922 2876
f 2916 2879 2884
f 2863 2858 2911
f 2863 2911 2923
f 2924 2915 2885
f 2924 2885 2925
f 2863 2923 2926
f 2920 2915 2924
f 2927 2896 2895
f 2922 2620 2614
f 2922 2614 2876
f 2928 2924 2925
f 2911 2929 2930
f 2659 178 2917
f 2931 2930 2929
f 2659 2917 2932
f 2932 2917 2920
f 2869 2907 2887
f 2923 2911 2930
f 2907 2874 2913
f 2663 2659 2932
f 2663 2932 2933
f 2899 2902 2921
f 2926 2923 2934
f 2923 2930 2935
f 2933 2932 2920
f 2895 2887 2907
f 2936 2920 2924
f 2895 2907 2937
f 2895 2937 2927
f 2938 2935 2930
f 2930 2931 2938
f 2938 2939 2935
f 2940 2907 2913
f 2933 2920 2936
f 2913 2918 2940
f 2936 2924 2928
f 2941 2940 2918
f 2942 2922 2921
f 2907 2940 2937
f 2911 2766 2929
f 2943 2936 2944
f 2927 2937 2945
f 2946 2945 2937
f 2946 2937 2940
f 2944 2936 2947
f 2925 2885 2883
f 2942 2620 2922
f 2779 2929 2766
f 2929 2779 2948
f 2931 2929 2948
f 2949 2620 2942
f 2928 2925 2906
f 2906 2925 2883
f 2906 2950 2928
f 2950 2906 2951
f 2926 2864 2863
f 2926 2900 2864
f 2921 2952 2942
f 2905 2951 2906
f 2952 2921 2902
f 2951 2905 2912
f 2919 2832 2843
f 2914 2953 2912
f 2950 2951 2954
f 2951 2955 2954
f 2912 2955 2951
f 2928 2950 2956
f 2942 2957 2949
f 2936 2928 2947
f 2947 2928 2956
f 2825 2824 2958
f 2959 2957 2942
f 2818 2960 2824
f 2934 2935 2961
f 2934 2900 2926
f 2960 2958 2824
f 2947 2956 2962
f 2959 2942 2952
f 2963 2947 2962
f 2956 2950 2954
f 2964 2956 2954
f 2964 2954 2965
f 2966 2957 2959
f 2923 2935 2934
f 2960 2967 2958
f 2954 2955 2965
f 2955 2968 2965
f 2969 2958 2967
f 2956 2964 2962
f 2935 2939 2961
f 2970 2971 2900
f 2900 2934 2970
f 2961 2970 2934
f 2970 2961 2972
f 2970 2973 2971
f 2973 2970 2972
f 2815 2814 2821
f 2843 2839 2974
f 2975 2965 2968
f 2964 2965 2975
f 2976 2962 2964
f 2976 2964 2977
f 2964 2975 2977
f 2977 2975 2978
f 2975 2979 2978
f 2980 2821 2820
f 2839 2825 2981
f 2958 2981 2825
f 2898 2759 2760
f 2898 2760 2816
f 2839 2981 2974
f 2898 2816 2982
f 2983 2774 2745
f 2980 2984 2821
f 2897 2898 2982
f 2986 2897 2982
f 2816 2819 2987
f 2984 2886 2821
f 2982 2816 2987
f 2988 2886 2984
f 2989 2982 2987
f 2886 2988 2902
f 2991 2779 2774
f 2981 2958 2992
f 2958 2969 2992
f 2981 2992 2993
f 2908 2897 2986
f 2994 2993 2992
f 2844 2980 2820
f 2985 2914 2909
f 2974 2981 2993
f 2974 2993 2995
f 2914 2985 2996
f 2997 2984 2980
f 2997 2980 2844
f 2986 2982 2989
f 2774 2983 2991
f 2996 2985 2990
f 2996 2998 2914
f 2999 2844 2848
f 2999 3000 2844
f 2995 2993 3001
f 3000 2997 2844
f 2987 2819 2833
f 3002 2991 2983
f 3003 3002 2983
f 2989 2987 3004
f 2991 3002 3005
f 3007 2989 3004
f 3008 3005 3002
f 3009 2993 2994
f 3002 3003 3010
f 3002 3010 3008
f 3011 2988 2984
f 2996 2990 3006
f 3010 3012 3008
f 3013 2998 2996
f 3006 3014 2996
f 3013 2996 3014
f 3010 3015 3012
f 2919 3016 2918
f 2857 2987 2833
f 2918 3016 2941
f 3004 2987 2857
f 3017 2941 3016
f 3018 2857 2856
f 3004 2857 3018
f 2997 3011 2984
f 3004 3020 3007
f 3020 3004 3018
f 2941 2946 2940
f 3020 3018 3022
f 3021 3023 3019
f 3018 2856 2865
f 2200 2811 2161
f 3024 2865 2861
f 2946 2941 3025
f 3022 3018 2865
f 3026 3011 2997
f 3024 3028 2865
f 2200 3029 2811
f 3022 2865 3028
f 3000 3026 2997
f 3026 3030 3011
f 2946 3031 2945
f 3025 3031 2946
f 3032 3006 3019
f 3019 3023 3032
f 3014 3006 3032
f 2988 3033 2902
f 3034 3014 3032
f 3033 2952 2902
f 2812 2811 3035
f 3032 3023 3036
f 3034 3032 3036
f 3033 2959 2952
f 3021 3037 3023
f 3037 3021 3027
f 3037 3027 3038
f 3038 3027 3040
f 3038 3041 3037
f 3042 3031 3025
f 3036 3023 3037
f 3036 3037 3041
f 3030 3033 2988
f 2988 3011 3030
f 3043 3033 3030
f 3044 3042 3025
f 3045 3041 3038
f 3045 3046 3041
f 3043 2959 3033
f 3043 2966 2959
f 2955 2912 2953
f 2968 2955 2953
f 3029 3035 2811
f 2843 2974 3047
f 2919 2843 3047
f 2919 3047 3016
f 3029 3048 3035
f 2953 2914 2998
f 3047 3049 3016
f 3016 3049 3017
f 3050 2968 2953
f 3050 2953 2998
f 3050 2998 3051
f 2219 3029 2200
f 2998 3013 3051
f 2995 3047 2974
f 3013 3014 3052
f 3052 3014 3034
f 3051 3013 3052
f 3053 3047 2995
f 3054 3053 2995
f 3055 3056 3030
f 2219 2235 3029
f 3051 3052 3057
f 3026 3055 3030
f 3058 3017 3049
f 3059 3058 3049
f 3049 3047 3053
f 3056 3043 3030
f 2745 2812 2983
f 3060 2975 2968
f 3053 3059 3049
f 3060 2968 3050
f 3057 3050 3051
f 3060 3050 3057
f 2983 2812 3035
f 2979 2975 3060
f 3043 3056 3061
f 2995 3001 3054
f 2979 3060 3057
f 2979 3057 3062
f 3063 3064 3061
f 3025 2941 3017
f 3017 3058 3025
f 3003 2983 3035
f 3055 3063 3056
f 3056 3063 3061
f 3057 3052 3065
f 3052 3066 3065
f 3067 3064 3063
f 3068 1980 3069
f 3062 3057 3070
f 3071 3003 3035
f 3059 3053 3054
f 3065 3070 3057
f 3072 3059 3054
f 3070 3065 3073
f 3074 3058 3059
f 3075 3070 3073
f 3072 3074 3059
f 3074 3072 3076
f 3052 3034 3066
f 3077 3078 3069
f 3034 3036 3066
f 3079 3054 3001
f 3079 3080 3054
f 3081 3066 3036
f 2993 3009 3001
f 3001 3009 3079
f 3066 3081 3082
f 3065 3066 3082
f 3071 3035 3048
f 3054 3080 3072
f 3081 3036 3041
f 3072 3080 3083
f 3046 3081 3041
f 3084 3081 3046
f 3085 3086 3087
f 3071 2278 3088
f 3072 3083 3076
f 3046 3089 3084
f 3086 3085 3090
f 3091 3082 3081
f 3091 3081 3084
f 3086 3090 3092
f 3009 3093 3079
f 3091 3084 3094
f 3093 3080 3079
f 3048 3029 2235
f 3089 3094 3084
f 3095 3076 3083
f 3096 3090 3085
f 3097 3048 2235
f 2235 2242 3097
f 3073 3065 3082
f 3098 3073 3082
f 3099 3083 3080
f 3080 3093 3099
f 3090 3096 3100
f 3101 3100 3096
f 3083 3099 3095
f 3075 3073 3102
f 3102 3073 3098
f 3101 3103 3100
f 3102 3098 3104
f 3044 3025 3058
f 3082 3091 3098
f 3105 3044 3058
f 3104 3098 3091
f 3104 3091 3094
f 3104 3094 3106
f 3071 3048 3097
f 2278 3071 3097
f 3076 3105 3074
f 3074 3105 3058
f 3044 3107 3042
f 3108 3107 3044
f 3044 3105 3108
f 2281 3097 2242
f 3109 3110 3111
f 3109 3111 3112
f 2242 2677 2281
f 3102 3104 3106
f 3097 2281 2278
f 3105 3076 3113
f 3114 3113 3076
f 3114 3115 3113
f 3116 3115 3114
f 3106 3117 3118
f 3090 3119 3092
f 3119 3111 3110
f 3105 3113 3108
f 3113 3115 3108
f 769 3120 2627
f 3108 3115 3121
f 2625 3122 1473
f 3119 3090 3100
f 3114 3076 3095
f 2625 2627 3122
f 3122 2627 3120
f 3120 912 3123
f 3003 3071 3124
f 3120 3123 3122
f 3125 2818 2817
f 2457 2658 2817
f 2817 2658 3125
f 3123 912 3126
f 3071 3088 3124
f 3125 2960 2818
f 3123 3126 3127
f 3126 912 3128
f 3119 3100 3129
f 3124 3010 3003
f 769 886 3120
f 3124 3130 3010
f 912 3120 886
f 3131 3125 2658
f 3103 3129 3100
f 2658 2679 3131
f 3125 3131 2967
f 3132 2967 3131
f 3129 3111 3119
f 3130 3124 3133
f 3129 3134 3111
f 3015 3010 3130
f 3015 3130 3135
f 2960 3125 2967
f 3129 3103 3134
f 3132 2969 2967
f 3136 3134 3103
f 3134 3137 3138
f 1473 1863 1474
f 3134 3136 3137
f 3137 3136 3139
f 3122 1863 1473
f 3124 3088 3133
f 2682 3131 2679
f 1862 1863 1865
f 2278 2304 3088
f 3133 3088 2304
f 3127 3140 3123
f 3123 3140 3122
f 3122 3140 1863
f 3112 3111 3134
f 3141 3140 3127
f 3112 3142 3143
f 3132 3144 2969
f 3133 3135 3130
f 3134 3138 3112
f 3135 3133 3145
f 3145 3133 2303
f 1863 3140 1865
f 3138 3142 3112
f 2303 2306 3145
f 3141 1865 3140
f 1865 3141 1918
f 1865 1918 1869
f 3146 3147 3142
f 3133 2304 2303
f 2682 3132 3131
f 3142 3148 3146
f 3149 3132 2682
f 3126 3150 3127
f 2682 2728 3149
f 3138 3148 3142
f 912 911 3128
f 3151 3128 911
f 3128 3151 3152
f 3149 3144 3132
f 3153 3154 3155
f 911 924 3151
f 3156 3148 3138
f 3157 3151 924
f 2931 2948 3158
f 3158 2938 2931
f 3155 2939 3159
f 3159 2939 2938
f 3128 3152 3126
f 3137 3156 3138
f 3159 2938 3158
f 3126 3152 3150
f 3160 3158 3161
f 3160 3153 3159
f 3150 3152 3162
f 3163 3164 3149
f 3155 3159 3153
f 3159 3158 3160
f 2969 2994 2992
f 2969 3144 2994
f 3165 2994 3144
f 3166 3167 3161
f 3009 2994 3165
f 3168 3169 3153
f 3153 3169 3154
f 3157 3152 3151
f 3157 3162 3152
f 3156 3170 3171
f 3148 3156 3171
f 3148 3171 3172
f 3144 3164 3165
f 3171 3173 3172
f 3169 3174 3175
f 3176 3169 3168
f 3176 3174 3169
f 3009 3165 3177
f 3160 3161 3168
f 3153 3160 3168
f 3176 3168 3167
f 3164 3178 3165
f 3168 3161 3167
f 3150 3141 3127
f 3165 3178 3177
f 3177 3178 3179
f 2991 3180 2779
f 3178 3181 3179
f 3182 1918 3141
f 3183 1918 3182
f 3184 3158 2948
f 2948 2779 3180
f 3164 3144 3149
f 2948 3180 3184
f 3184 3180 3185
f 3150 3182 3141
f 2991 3005 3180
f 3186 3182 3150
f 3187 3178 3164
f 3136 3103 3188
f 3187 3164 3163
f 3189 3190 3185
f 3161 3184 3190
f 3184 3185 3190
f 3186 3191 3182
f 3136 3188 3192
f 3012 3193 3189
f 3161 3190 3166
f 3191 3194 3182
f 3166 3190 3189
f 3166 3189 3193
f 3005 3185 3180
f 3005 3008 3189
f 3185 3005 3189
f 3186 3150 3162
f 3012 3189 3008
f 3162 3195 3186
f 3158 3184 3161
f 2939 3196 2961
f 2939 3155 3196
f 3163 2728 2731
f 3197 3196 3155
f 924 1008 3157
f 3163 3149 2728
f 3198 3157 1008
f 3197 3155 3154
f 3199 3200 3163
f 3196 3201 2961
f 3201 2972 2961
f 3202 3203 3171
f 2972 3201 3204
f 3203 3173 3171
f 3183 1919 1918
f 3201 3205 3204
f 3199 3163 2731
f 3205 3201 3196
f 3205 3196 3197
f 3206 3199 2731
f 1922 1919 3183
f 2743 3206 2731
f 3207 3203 3202
f 3194 1922 3183
f 3194 3183 3182
f 3175 3154 3169
f 3197 3154 3175
f 3200 3187 3163
f 3170 3137 3139
f 3208 3175 3174
f 3170 3156 3137
f 3009 3177 3093
f 1925 1922 3209
f 3192 3139 3136
f 3210 3139 3192
f 3177 3179 3093
f 3211 3212 3166
f 3170 3139 3210
f 3213 3093 3179
f 3157 3198 3162
f 3162 3198 3195
f 3202 3171 3170
f 3214 3174 3176
f 3176 3215 3214
f 3215 3216 3214
f 3099 3217 3095
f 3167 3212 3176
f 3210 3202 3170
f 3212 3167 3166
f 3176 3212 3215
f 3211 3215 3212
f 3116 3114 3218
f 3195 3219 3191
f 3218 3114 3095
f 3095 3217 3218
f 3195 3191 3186
f 3219 3220 3191
f 3221 3116 3218
f 3222 3207 3202
f 3223 3218 3217
f 3221 3218 3223
f 3202 3210 3222
f 3224 3216 3215
f 3225 3207 3222
f 3226 3215 3211
f 3215 3226 3224
f 3216 3224 2366
f 3207 3225 3227
f 3228 3219 3195
f 3116 3221 3229
f 3224 3226 2367
f 2366 3224 2367
f 3219 3230 3220
f 3228 3231 3219
f 3232 3192 3233
f 3234 3211 3166
f 3219 3231 3230
f 3166 3193 3234
f 3211 3234 3226
f 3235 3229 3221
f 3236 3230 3231
f 3012 3015 3193
f 3210 3192 3232
f 1039 3198 1008
f 1008 1027 1039
f 3237 3178 3187
f 3193 3015 3234
f 3232 3222 3210
f 3237 3181 3178
f 3135 3234 3015
f 3238 3239 3232
f 3240 3237 3187
f 3241 3226 3234
f 3239 3225 3222
f 3242 3195 3198
f 2367 3226 3241
f 3198 1039 3242
f 3135 3241 3234
f 3243 3225 3244
f 2379 3241 3145
f 3222 3232 3239
f 2380 2379 3145
f 3245 3199 3206
f 2379 2367 3241
f 3244 3225 3239
f 3246 3242 1039
f 3240 3187 3200
f 3247 3242 3246
f 3174 3214 3248
f 3208 3174 3248
f 3216 3248 3214
f 1302 3249 1038
f 1038 3249 1039
f 3249 3246 1039
f 3238 3244 3239
f 3250 3246 3249
f 1038 1042 1302
f 3251 3237 3240
f 3244 3238 3252
f 3216 2399 3248
f 3253 3249 1302
f 3248 2399 3254
f 3250 3249 3253
f 3255 3240 3256
f 3255 3251 3240
f 3257 3251 3255
f 3216 2366 2399
f 3258 3246 3250
f 3258 3247 3246
f 3254 2399 2403
f 3256 3240 3200
f 3245 3200 3199
f 3200 3245 3259
f 3260 3256 3259
f 3256 3200 3259
f 3242 3228 3195
f 3261 3228 3242
f 3147 3146 3262
f 3241 3135 3145
f 3146 3263 3262
f 3264 3228 3261
f 2306 2380 3145
f 3260 3265 3256
f 3247 3261 3242
f 3265 3255 3256
f 2677 2105 2281
f 3266 3261 3247
f 3261 3266 3264
f 3267 3268 3269
f 3264 3231 3228
f 3270 3271 3267
f 3267 3269 3270
f 3231 3264 3272
f 3271 3270 3273
f 3269 3268 3262
f 3181 3213 3179
f 3263 3270 3269
f 3269 3262 3263
f 3181 3274 3213
f 3275 3276 3277
f 3099 3093 3213
f 3213 3278 3099
f 3279 3258 3250
f 3280 3277 3276
f 3278 3217 3099
f 3280 3281 3277
f 3282 3217 3278
f 3274 3278 3213
f 3282 3278 3274
f 3283 3264 3266
f 3263 3284 3270
f 3284 3273 3270
f 3272 3236 3231
f 3285 3236 3272
f 3286 3287 3284
f 3264 3283 3272
f 3237 3288 3181
f 3289 3272 3283
f 3289 3283 3290
f 3287 3273 3284
f 3291 3282 3274
f 3288 3274 3181
f 3291 3274 3288
f 3289 3285 3272
f 3237 3251 3288
f 3292 3288 3251
f 3293 3266 3247
f 3293 3247 3258
f 3292 3291 3288
f 3294 3295 3296
f 3290 3283 3266
f 3290 3266 3293
f 3297 3298 3299
f 3279 3293 3258
f 3300 3293 3279
f 3301 3282 3291
f 3300 3302 3290
f 3300 3290 3293
f 3295 3294 3303
f 3304 3303 3294
f 3305 3282 3301
f 3290 3302 3289
f 3267 3306 3307
f 3308 3289 3302
f 3309 3301 3291
f 3309 3291 3292
f 3310 3311 3306
f 3301 3312 3305
f 3310 3299 3311
f 3271 3306 3267
f 3309 3312 3301
f 3310 3306 3271
f 3308 3285 3289
f 3223 3217 3282
f 3310 3271 3313
f 3314 3308 3302
f 3315 3302 3300
f 3315 3314 3302
f 3223 3316 3221
f 3209 1922 3194
f 3317 3318 3319
f 3299 3310 3297
f 3305 3223 3282
f 3220 3194 3191
f 3194 3220 3320
f 3223 3305 3316
f 3194 3320 3209
f 3271 3273 3313
f 3310 3313 3297
f 3221 3316 3235
f 3321 3322 3313
f 3321 3313 3273
f 3235 3316 3323
f 3209 3324 1925
f 3325 2888 3326
f 3209 3327 3324
f 3316 3305 3323
f 3273 3287 3321
f 3209 3320 3327
f 3323 3328 3235
f 3320 3329 3327
f 3330 3331 3325
f 3325 3331 2888
f 3332 3298 3297
f 3297 3322 3332
f 3329 3320 3220
f 3297 3313 3322
f 3333 3331 3330
f 3334 3332 3322
f 3327 3329 3335
f 3336 3305 3312
f 3324 3327 3335
f 3326 2888 2889
f 3336 3323 3305
f 3337 3335 3329
f 3338 3326 2889
f 3326 3338 3339
f 3326 3340 3325
f 3230 3329 3220
f 3339 3340 3326
f 3328 3341 3235
f 3287 3286 3342
f 3343 3287 3342
f 3344 3345 3340
f 3236 3337 3230
f 3230 3337 3329
f 3342 3346 3343
f 3347 3337 3236
f 3336 3328 3323
f 3340 3330 3325
f 3340 3345 3330
f 3336 3348 3328
f 3349 3348 3336
f 1925 3324 1946
f 3343 3322 3321
f 3343 3321 3287
f 3350 3322 3343
f 1946 3324 1963
f 3324 3335 1963
f 3292 3251 3351
f 3351 3309 3292
f 3350 3343 3346
f 3257 3351 3251
f 3335 3352 1963
f 3353 3275 3333
f 3354 3351 3257
f 3275 3353 3276
f 3351 3355 3309
f 3333 3330 3353
f 3356 3276 3353
f 3355 3312 3309
f 3350 3334 3322
f 3357 1963 3352
f 3334 3350 3358
f 3354 3355 3351
f 3359 3280 3276
f 3352 3335 3337
f 3265 3257 3255
f 3265 3354 3257
f 3360 3354 3265
f 3337 3361 3352
f 3337 3347 3361
f 3362 3352 3361
f 3363 3362 3361
f 3354 3364 3355
f 3365 3353 3345
f 3365 3356 3353
f 3345 3366 3365
f 3347 3363 3361
f 3365 3366 3367
f 3365 3367 3356
f 3368 3350 3346
f 3350 3368 3358
f 3353 3330 3345
f 3369 3358 3368
f 3364 3354 3370
f 3359 3276 3356
f 3362 3371 3352
f 3359 3356 3372
f 3357 2225 1963
f 3349 3336 3312
f 3357 2245 2225
f 3367 3372 3356
f 3357 3373 2245
f 3148 3172 3146
f 3357 3352 3371
f 3349 3312 3374
f 3263 3146 3172
f 3172 3284 3263
f 3357 3371 3373
f 3375 3348 3349
f 3284 3172 3286
f 3286 3172 3173
f 3338 3376 3339
f 3374 3312 3355
f 3374 3355 3364
f 3377 3349 3374
f 3377 3378 3349
f 3376 2973 3379
f 3380 3374 3364
f 3379 3339 3376
f 3381 3371 3362
f 3374 3380 3377
f 3381 3362 3363
f 3382 3286 3173
f 3383 3344 3340
f 3377 3384 3378
f 3385 3344 3383
f 3386 3381 3363
f 3386 3387 3381
f 3388 3384 3377
f 3383 3340 3339
f 3389 3371 3381
f 3173 3203 3382
f 3389 3373 3371
f 3387 3389 3381
f 2973 3390 3379
f 3391 2576 2571
f 3382 3342 3286
f 3342 3382 3392
f 3379 3390 3393
f 2973 2972 3390
f 3236 3394 3347
f 3393 3390 3395
f 3285 3394 3236
f 3396 3391 3397
f 3391 3396 2576
f 3398 2576 3396
f 3385 3383 3393
f 3227 3382 3203
f 3385 3393 3399
f 3227 3203 3207
f 3400 3394 3285
f 2626 2577 2576
f 3382 3227 3401
f 3398 2626 2576
f 3379 3383 3339
f 3383 3379 3393
f 3402 3347 3394
f 3399 3393 3403
f 3402 3394 3400
f 3347 3402 3363
f 3404 2626 3398
f 3405 3363 3402
f 3392 3382 3401
f 3406 3402 3400
f 3402 3406 3405
f 3407 3398 3396
f 3408 3407 3396
f 3401 3409 3392
f 3410 3411 3412
f 3413 3407 3408
f 3412 3411 3414
f 3415 3407 3413
f 3416 3414 3411
f 3417 3285 3308
f 3417 3400 3285
f 3400 3417 3406
f 3418 3415 3413
f 3243 3409 3401
f 3419 3398 3407
f 3398 3419 3404
f 3415 3419 3407
f 3420 3417 3308
f 3420 3308 3314
f 3421 3420 3314
f 3422 3417 3420
f 3411 3423 3424
f 3425 3426 3404
f 3419 3425 3404
f 3346 3342 3392
f 3417 3422 3406
f 3366 3345 3344
f 3427 3425 3419
f 3428 3425 3427
f 3429 3366 3344
f 3430 3346 3392
f 3392 3409 3430
f 3368 3346 3430
f 3363 3405 3386
f 3426 2634 2626
f 3385 3429 3344
f 3405 3431 3386
f 3426 3432 2634
f 3412 3366 3429
f 3404 3426 2626
f 3433 3434 3299
f 3412 3367 3366
f 3435 3432 3426
f 1303 3253 1302
f 3434 3433 3436
f 3414 3372 3367
f 2634 3432 2635
f 3367 3412 3414
f 3437 2638 2635
f 3432 3437 2635
f 3438 3253 1303
f 3438 1303 1305
f 3299 3298 3433
f 3438 3250 3253
f 3385 3439 3429
f 3435 3437 3432
f 3410 3412 3429
f 3429 3439 3410
f 3440 3441 3436
f 3442 3438 1305
f 3440 3436 3443
f 3439 3385 3399
f 3425 3435 3426
f 3423 3410 3439
f 3279 3250 3438
f 3443 3436 3433
f 3433 3444 3443
f 3435 3425 3428
f 3428 3445 3435
f 3411 3410 3423
f 3438 3446 3279
f 3442 3446 3438
f 3435 3447 3437
f 3332 3444 3298
f 3444 3433 3298
f 3445 3447 3435
f 1305 1324 3442
f 3448 3449 3444
f 3447 3445 3450
f 3451 3443 3444
f 3452 3442 1324
f 3443 3451 3453
f 3454 3455 3456
f 3453 3457 3443
f 3444 3449 3451
f 3458 3453 3451
f 3452 3446 3442
f 3452 3459 3446
f 3460 3418 3413
f 3461 3459 3452
f 3462 3418 3460
f 3427 3415 3418
f 3463 3464 3465
f 3332 3448 3444
f 3332 3334 3448
f 3427 3419 3415
f 3463 3466 3464
f 3467 3428 3427
f 3468 3300 3279
f 3469 3467 3427
f 3427 3418 3469
f 3470 3471 3440
f 3279 3446 3468
f 3457 3470 3440
f 3440 3443 3457
f 3359 3472 3473
f 3315 3300 3468
f 3280 3473 3474
f 3474 3473 3475
f 3470 3476 3477
f 3478 3479 3462
f 3468 3446 3480
f 3359 3473 3280
f 3481 3315 3468
f 3482 3479 3478
f 3480 3481 3468
f 3483 3481 3480
f 3472 3475 3473
f 3479 3418 3462
f 3469 3418 3479
f 3476 3470 3457
f 3421 3314 3315
f 3477 3484 3470
f 3481 3421 3315
f 3485 422 3477
f 3486 3481 3483
f 3486 3421 3481
f 3487 3469 3479
f 3487 3479 3482
f 3485 3477 3476
f 3475 3296 3474
f 3487 3488 3469
f 3489 3488 3487
f 3490 3296 3475
f 3475 3472 3490
f 3459 3480 3446
f 3491 3480 3459
f 3453 3476 3457
f 3467 3492 3428
f 3491 3483 3480
f 3359 3372 3465
f 3493 3491 3459
f 3459 3461 3493
f 3494 3453 3458
f 3492 3467 3495
f 3359 3465 3472
f 3494 3476 3453
f 3491 3493 3496
f 3492 3445 3428
f 3488 3467 3469
f 3488 3495 3467
f 3496 3483 3491
f 3495 3489 3497
f 3483 3496 3486
f 3498 3489 3487
f 3465 3464 3472
f 3488 3489 3495
f 3499 1324 1376
f 3499 3452 1324
f 3485 3500 422
f 3472 3464 3490
f 3501 3452 3499
f 3466 3490 3464
f 3502 3499 1376
f 1376 1390 3502
f 3502 3501 3499
f 3503 3497 3489
f 3504 3445 3492
f 3501 3461 3452
f 3504 3450 3445
f 3505 3504 3492
f 3505 3492 3495
f 3506 3485 3476
f 3506 3476 3494
f 3507 3504 3505
f 3508 3461 3501
f 3497 3505 3495
f 3461 3508 3509
f 3510 3511 3466
f 3510 3512 3511
f 3513 3505 3497
f 1398 3502 1390
f 1398 3508 3502
f 3503 3513 3497
f 3514 3513 3503
f 3466 3463 3515
f 2709 2638 3437
f 3516 3508 1398
f 3466 3515 3510
f 3508 3501 3502
f 2720 2700 2709
f 3512 3510 3517
f 3437 3518 2709
f 3517 3519 3512
f 3520 3509 3508
f 3521 2709 3518
f 3508 3516 3520
f 3522 3510 3523
f 3522 3517 3510
f 3524 3517 3522
f 3525 3449 3448
f 3521 2720 2709
f 3448 3334 3525
f 3512 3294 3511
f 3526 2722 2720
f 3521 3526 2720
f 3296 3490 3511
f 3493 3461 3509
f 3527 3493 3509
f 3447 3518 3437
f 3451 3449 3528
f 3450 3518 3447
f 3451 3528 3458
f 3450 3529 3518
f 3530 3496 3493
f 3521 3518 3529
f 3493 3527 3530
f 3296 3511 3294
f 3525 3334 3358
f 3531 3509 3520
f 3532 3449 3525
f 3531 3527 3509
f 3450 3533 3529
f 3531 3534 3527
f 3535 3531 3520
f 3536 3525 3358
f 3358 3369 3536
f 3526 3521 3529
f 3525 3536 3537
f 3537 3532 3525
f 3538 3534 3531
f 3538 3531 3535
f 3534 3530 3527
f 3534 3539 3530
f 3538 3539 3534
f 3294 3512 3304
f 3449 3532 3528
f 3526 3529 3540
f 3541 3528 3532
f 3529 3533 3540
f 3466 3511 3490
f 3542 3539 3538
f 3542 3538 3543
f 3526 2740 2722
f 3544 3458 3528
f 3544 3528 3541
f 3545 3420 3421
f 3422 3420 3545
f 3532 3537 3541
f 3486 3545 3421
f 3546 2740 3526
f 3414 3547 3372
f 3548 3465 3547
f 3416 3547 3414
f 2737 3549 2743
f 3550 3547 3416
f 2740 3549 2737
f 2246 2245 3551
f 3548 3463 3465
f 3544 3494 3458
f 3552 3526 3540
f 3552 3546 3526
f 3548 3553 3463
f 2245 3373 3551
f 3554 3551 3373
f 3555 3548 3547
f 3556 3546 3552
f 3553 3548 3555
f 3550 3555 3547
f 3557 3553 3555
f 3546 3556 3558
f 3494 3559 3506
f 3549 2740 3546
f 3558 3549 3546
f 3373 3560 3554
f 3506 3559 3561
f 3424 3416 3411
f 3416 3424 3550
f 2246 3551 2247
f 3562 3558 3556
f 2247 3551 2252
f 3424 3563 3550
f 3564 3551 3554
f 3551 3565 2252
f 3450 3504 3533
f 3565 3551 3564
f 3507 3533 3504
f 3373 3389 3560
f 3566 3557 3555
f 3567 3533 3507
f 3568 3533 3567
f 3544 3569 3494
f 3570 3569 3544
f 3566 3563 3571
f 3570 3544 3572
f 3541 3572 3544
f 2276 2252 3565
f 3563 3555 3550
f 3566 3555 3563
f 3569 3559 3494
f 3568 3540 3533
f 3573 3559 3569
f 3540 3568 3574
f 3547 3465 3372
f 3575 2280 2276
f 3507 3505 3567
f 3576 2267 2285
f 3577 2285 2280
f 3513 3567 3505
f 3577 3576 2285
f 3578 3576 3577
f 3573 3569 3570
f 3579 3567 3513
f 3577 2280 3575
f 3514 3579 3513
f 3570 3580 3573
f 3579 3581 3567
f 3582 3578 3577
f 3579 3583 3581
f 3577 3575 3582
f 3584 3523 3585
f 3586 3573 3580
f 3587 3585 3553
f 3581 3588 3568
f 3581 3568 3567
f 3587 3584 3585
f 3589 2377 2382
f 3553 3515 3463
f 3581 3583 3588
f 3585 3515 3553
f 3523 3510 3515
f 3589 2388 2377
f 3585 3523 3515
f 2479 2473 2388
f 2479 2388 3589
f 2473 2390 2388
f 3590 3591 3583
f 3583 3591 3588
f 3584 3522 3523
f 3574 3568 3588
f 3369 3592 3593
f 3574 3552 3540
f 3574 3594 3552
f 3595 2351 2267
f 3369 3593 3536
f 3595 3596 2351
f 3594 3556 3552
f 3456 3597 3584
f 3598 3536 3593
f 3597 3522 3584
f 3596 2394 2351
f 3599 3556 3594
f 3599 3562 3556
f 3557 3587 3553
f 3600 3587 3557
f 3601 3602 2394
f 3596 3601 2394
f 3587 3603 3584
f 3562 3599 3604
f 3587 3600 3603
f 2267 3576 3595
f 3605 3604 3599
f 3243 3401 3227
f 3606 3595 3576
f 3566 3600 3557
f 3576 3578 3606
f 3606 3578 3607
f 3600 3566 3608
f 3609 3603 3600
f 3454 3603 3609
f 3608 3609 3600
f 3409 3610 3430
f 3611 3606 3607
f 3591 3574 3588
f 3612 3594 3574
f 3607 3578 3582
f 3603 3456 3584
f 3454 3456 3603
f 3595 3606 3596
f 3574 3591 3612
f 3601 3596 3611
f 3611 3596 3606
f 3409 3243 3610
f 3612 3599 3594
f 3605 3599 3612
f 3613 3607 3582
f 3614 3611 3607
f 3615 3612 3616
f 3615 3605 3612
f 3607 3613 3614
f 3243 3617 3610
f 3601 3611 3618
f 3601 3618 3619
f 3620 3617 3243
f 2972 3621 3390
f 3611 3614 3618
f 3390 3621 3395
f 3622 3395 3621
f 3623 3618 3614
f 3622 3624 3395
f 3625 3621 3204
f 3618 3623 3626
f 3627 3621 3625
f 3227 3225 3243
f 3621 3627 3622
f 3628 3629 3630
f 3629 3628 3631
f 2354 2394 2382
f 3602 2382 2394
f 3622 3627 3632
f 3622 3632 3624
f 3631 3633 3629
f 3634 2382 3602
f 2382 3634 3589
f 3399 3403 3635
f 3589 3634 2479
f 3243 3244 3620
f 3636 3637 3638
f 3639 3399 3635
f 3601 3619 3602
f 3635 3640 3639
f 3393 3395 3403
f 3395 3624 3403
f 3631 3628 3637
f 3403 3624 3635
f 3244 3252 3620
f 3641 3624 3632
f 3641 3635 3624
f 3642 3631 3637
f 3638 3637 3628
f 3602 3619 3634
f 3634 3619 3643
f 3644 3642 3637
f 3637 3645 3644
f 3634 2537 2479
f 3634 3643 2537
f 3642 3646 3633
f 3633 3631 3642
f 3646 3642 3647
f 3648 3632 3627
f 3649 3632 3648
f 3644 3647 3642
f 3617 3620 3650
f 3651 3647 3644
f 3651 3652 3647
f 3653 3632 3649
f 3653 3635 3641
f 3641 3632 3653
f 3653 3640 3635
f 3617 3650 3654
f 3619 3618 3643
f 3655 3653 3649
f 3656 3646 3647
f 3618 3626 3643
f 3430 3592 3368
f 3647 3652 3657
f 3657 3656 3647
f 3658 3656 3657
f 3430 3610 3592
f 3369 3368 3592
f 3657 3652 3659
f 3660 3592 3610
f 3661 3424 3423
f 3423 3662 3661
f 3657 3663 3658
f 3663 3657 3664
f 3592 3660 3665
f 3662 3666 3661
f 2540 2537 3643
f 3667 3666 3662
f 3668 3657 3659
f 3668 3664 3657
f 3664 3668 3669
f 3670 3643 3626
f 3592 3665 3593
f 3593 3665 3598
f 3626 3623 3671
f 3439 3399 3639
f 3671 3670 3626
f 3439 3639 3662
f 3670 3671 3672
f 3610 3617 3660
f 3643 3670 2540
f 2568 2540 3670
f 3670 3672 2568
f 3660 3654 3673
f 3667 3662 3639
f 3660 3617 3654
f 3664 3669 3674
f 3664 3674 3675
f 3662 3423 3439
f 3674 3676 3675
f 3674 3677 3676
f 3678 3672 3679
f 3673 3665 3660
f 3678 2568 3672
f 2568 3678 2571
f 3675 3676 3680
f 3681 3682 3680
f 3680 3676 3681
f 3682 3683 3684
f 3682 3681 3683
f 3685 3665 3673
f 3387 3686 3389
f 3685 3598 3665
f 3687 3639 3640
f 3688 3689 3690
f 3690 3689 3683
f 3688 3691 3689
f 3640 3653 3692
f 3689 3693 3683
f 3689 3694 3693
f 3695 3405 3406
f 3694 3689 3691
f 3696 3406 3422
f 3687 3667 3639
f 3406 3696 3695
f 3694 3697 3698
f 3687 3699 3667
f 3691 3697 3694
f 3696 3700 3695
f 3701 3702 3697
f 3697 3691 3703
f 3697 3703 3701
f 3704 3620 3252
f 3699 3666 3667
f 3699 3705 3666
f 3706 3387 3386
f 3707 3482 3478
f 3386 3431 3706
f 3707 3478 3708
f 3709 3648 3710
f 3431 3711 3706
f 3712 3648 3709
f 3712 3649 3648
f 3712 3709 3713
f 3710 3714 3709
f 3715 3686 3387
f 3715 3387 3706
f 3716 3709 3714
f 3707 3717 3482
f 3706 3711 3718
f 3712 3655 3649
f 3706 3718 3715
f 3713 3655 3712
f 3482 3498 3487
f 3719 3692 3655
f 3655 3692 3653
f 3713 3719 3655
f 3717 3498 3482
f 3620 3704 3650
f 3720 3405 3695
f 3711 3431 3720
f 3720 3431 3405
f 3721 3708 3722
f 3723 3711 3720
f 3724 3719 3713
f 3723 3725 3711
f 3707 3708 3721
f 3695 3700 3720
f 3700 3723 3720
f 3726 3723 3700
f 3721 3722 3727
f 3709 3716 3713
f 3727 3728 3721
f 3068 3713 3716
f 3725 3718 3711
f 3729 3721 3728
f 3729 3717 3707
f 3729 3707 3721
f 3730 3650 3704
f 3731 3717 3729
f 3068 3069 3078
f 3732 3733 3730
f 3728 3731 3729
f 3724 3713 3068
f 3734 3718 3725
f 3734 3725 3735
f 3735 3725 3723
f 3736 3732 3730
f 3737 3719 3724
f 3717 3731 3738
f 3739 3673 3654
f 3738 3740 3498
f 3078 3724 3068
f 3724 3741 3737
f 3489 3498 3740
f 3486 3496 3742
f 3078 3741 3724
f 3717 3738 3498
f 3496 3530 3743
f 3503 3489 3740
f 3685 3673 3739
f 3539 3743 3530
f 3740 3744 3503
f 3692 3719 3745
f 3640 3692 3745
f 3746 3685 3739
f 3745 3719 3747
f 3746 3748 3685
f 3640 3745 3687
f 3745 3747 3687
f 3744 3514 3503
f 3514 3744 3749
f 3750 3746 3739
f 3719 3737 3747
f 3751 3687 3747
f 3752 3422 3545
f 3753 3738 3731
f 3754 3545 3486
f 3687 3751 3699
f 3755 3756 3753
f 3753 3756 3738
f 3754 3752 3545
f 3757 3746 3750
f 3758 3752 3754
f 3752 3696 3422
f 3759 3696 3752
f 3740 3738 3760
f 3759 3700 3696
f 3758 3759 3752
f 3654 3650 3733
f 3760 3738 3756
f 3759 3758 3761
f 3654 3733 3739
f 3759 3761 3726
f 3699 3751 3092
f 3762 3760 3763
f 3744 3740 3760
f 3762 3749 3744
f 3760 3762 3744
f 3754 3486 3742
f 3763 3760 3756
f 3758 3754 3742
f 3730 3733 3650
f 3737 3751 3747
f 3750 3739 3733
f 3750 3733 3764
f 3765 3758 3742
f 3742 3766 3765
f 3737 3741 3087
f 3737 3087 3751
f 3767 3761 3758
f 3727 3722 3768
f 3629 3727 3768
f 3769 3728 3727
f 3769 3727 3629
f 3767 3758 3765
f 3770 3733 3732
f 3633 3769 3629
f 3771 3767 3765
f 3767 3771 3772
f 3773 3761 3767
f 3772 3773 3767
f 3774 3770 3732
f 3733 3770 3764
f 3764 3770 3775
f 3769 3776 3728
f 3777 3776 3769
f 3770 3778 3775
f 3779 3753 3776
f 3779 3776 3777
f 3700 3759 3726
f 3728 3776 3731
f 3776 3753 3731
f 3086 3092 3751
f 3750 3780 3757
f 3633 3777 3769
f 3646 3777 3633
f 3726 3781 3782
f 3086 3751 3087
f 3656 3777 3646
f 3750 3764 3780
f 3735 3723 3726
f 3782 3735 3726
f 3764 3775 3780
f 3783 3757 3780
f 3784 3785 3734
f 3735 3784 3734
f 3755 3753 3779
f 3735 3782 3784
f 3786 3784 3782
f 3787 3784 3786
f 3656 3779 3777
f 3761 3781 3726
f 3755 3779 3656
f 3788 3789 3790
f 3790 3789 3791
f 3788 3454 3789
f 3755 3656 3658
f 3792 3537 3536
f 3773 3781 3761
f 3788 3793 3454
f 3794 3782 3781
f 3794 3786 3782
f 3756 3755 3795
f 3536 3598 3792
f 3796 3781 3773
f 3795 3797 3756
f 3798 3537 3792
f 3796 3794 3781
f 3795 3755 3658
f 3790 3799 3800
f 3800 3788 3790
f 3797 3795 3801
f 3802 3788 3800
f 3541 3798 3572
f 3803 3786 3794
f 3794 3804 3803
f 3797 3763 3756
f 3541 3537 3798
f 3786 3803 3805
f 3806 3805 3803
f 3807 3802 3800
f 3496 3743 3742
f 3742 3743 3766
f 3808 3572 3798
f 3663 3795 3658
f 3809 3766 3743
f 3539 3809 3743
f 3663 3801 3795
f 3801 3663 3664
f 3809 3810 3766
f 3809 3811 3810
f 3765 3766 3771
f 3792 3598 3812
f 3792 3812 3798
f 3800 3799 3807
f 3810 3771 3766
f 3813 3798 3812
f 3814 3771 3810
f 3814 3772 3771
f 3815 3807 3799
f 3807 3815 3816
f 3798 3813 3808
f 3811 3814 3810
f 3817 3814 3811
f 3808 3813 3818
f 3542 3809 3539
f 3819 3749 3762
f 3749 3819 3820
f 3570 3572 3821
f 3542 3822 3809
f 3424 3661 3563
f 3822 3811 3809
f 3820 3819 3823
f 3572 3808 3821
f 3763 3819 3762
f 3824 3563 3661
f 3819 3763 3825
f 3821 3580 3570
f 3819 3825 3823
f 3823 3825 3826
f 3827 3811 3822
f 3823 3828 3820
f 3827 3817 3811
f 3829 3828 3823
f 3830 3821 3808
f 3824 3571 3563
f 3826 3829 3823
f 3831 3829 3826
f 3832 3827 3822
f 3833 3791 3608
f 3608 3566 3571
f 3831 3834 3829
f 3833 3608 3571
f 3835 3571 3824
f 3817 3772 3814
f 3836 3772 3817
f 3837 3838 3834
f 3834 3831 3837
f 3839 3838 3837
f 3571 3835 3833
f 3836 3796 3772
f 3772 3796 3773
f 3821 3840 3580
f 3836 3804 3796
f 3796 3804 3794
f 3841 3579 3514
f 3821 3830 3840
f 3842 3580 3840
f 3842 3586 3580
f 3579 3841 3583
f 3583 3841 3843
f 3749 3841 3514
f 3824 3661 3666
f 3841 3749 3820
f 3820 3843 3841
f 3844 3803 3804
f 3804 3836 3844
f 3818 3830 3808
f 3803 3844 3806
f 3830 3818 3845
f 3705 3824 3666
f 3846 3844 3836
f 3847 3806 3844
f 3844 3846 3847
f 3848 3840 3830
f 3843 3590 3583
f 3705 3849 3824
f 3840 3848 3842
f 3843 3828 3590
f 3843 3820 3828
f 3850 3590 3828
f 3817 3827 3851
f 3850 3828 3829
f 3824 3849 3835
f 3598 3685 3812
f 3851 3846 3817
f 3829 3834 3850
f 3852 3846 3851
f 3853 3846 3852
f 3748 3812 3685
f 3854 3853 3852
f 3748 3813 3812
f 3817 3846 3836
f 3591 3590 3855
f 3616 3612 3591
f 3855 3616 3591
f 3856 3855 3590
f 3857 3855 3856
f 3791 3609 3608
f 3789 3609 3791
f 3790 3791 3833
f 3855 3858 3616
f 3859 3564 3554
f 3855 3857 3858
f 3858 3857 3860
f 3861 3813 3748
f 3860 3862 3858
f 3863 3862 3860
f 3789 3454 3609
f 3864 3565 3564
f 3858 3615 3616
f 3865 3790 3833
f 3615 3858 3862
f 3835 3865 3833
f 3790 3865 3799
f 3813 3861 3818
f 3686 3560 3389
f 3856 3590 3850
f 3866 3560 3686
f 3560 3859 3554
f 3866 3859 3560
f 3838 3856 3850
f 3867 3859 3866
f 3838 3868 3856
f 3856 3868 3857
f 3850 3834 3838
f 3686 3869 3866
f 3839 3868 3838
f 3830 3845 3848
f 3870 3857 3868
f 3871 3842 3848
f 3866 3869 3872
f 3848 3873 3871
f 3867 3564 3859
f 3870 3860 3857
f 3564 3867 3864
f 3874 3860 3870
f 3874 3863 3860
f 3873 3848 3845
f 3870 3868 3839
f 3867 3875 3864
f 3876 3874 3870
f 3876 3870 3839
f 3877 3871 3873
f 3878 3876 3839
f 3872 3867 3866
f 3849 3705 3879
f 3880 3877 3873
f 3875 3867 3872
f 3881 3872 3869
f 3881 3875 3872
f 3801 3882 3797
f 3849 3883 3835
f 3883 3865 3835
f 3881 3884 3875
f 3885 3886 3882
f 3887 2276 3565
f 3575 2276 3887
f 3885 3888 3886
f 3849 3879 3883
f 3889 3748 3746
f 3890 3575 3887
f 3763 3797 3891
f 3891 3825 3763
f 3891 3797 3882
f 3575 3890 3892
f 3883 3879 3893
f 3565 3864 3887
f 3886 3826 3891
f 3891 3826 3825
f 3887 3864 3890
f 3886 3891 3882
f 3894 3883 3893
f 3886 3831 3826
f 3831 3886 3895
f 3861 3748 3889
f 3896 3890 3864
f 3886 3888 3895
f 3890 3896 3892
f 3879 3110 3893
f 3897 3882 3801
f 3893 3110 3109
f 3801 3664 3897
f 3897 3664 3675
f 3892 3582 3575
f 3675 3898 3897
f 3899 3582 3892
f 3898 3885 3897
f 3882 3897 3885
f 3757 3889 3746
f 3109 3894 3893
f 3898 3900 3885
f 3898 3675 3680
f 3898 3680 3900
f 3889 3757 3901
f 3900 3684 3888
f 3902 3899 3892
f 3885 3900 3888
f 3901 3861 3889
f 3705 3699 3879
f 3682 3900 3680
f 3900 3682 3684
f 3896 3864 3875
f 3861 3901 3903
f 3884 3896 3875
f 3699 3092 3879
f 3895 3888 3904
f 3904 3905 3895
f 3904 3906 3905
f 3879 3092 3110
f 3757 3907 3901
f 3884 3908 3896
f 3884 3909 3908
f 3896 3908 3892
f 3910 3911 3905
f 3110 3092 3119
f 3905 3837 3895
f 3895 3837 3831
f 3892 3908 3902
f 3911 3839 3837
f 3837 3905 3911
f 3908 3912 3902
f 3757 3783 3907
f 3910 3905 3906
f 3910 3906 3913
f 3865 3883 3914
f 3878 3839 3911
f 3901 3915 3903
f 3878 3911 3910
f 3901 3907 3916
f 3914 3799 3865
f 3799 3914 3815
f 3917 3918 3878
f 3914 3883 3894
f 3912 3908 3909
f 3878 3910 3919
f 3913 3919 3910
f 3919 3913 3920
f 3915 3901 3916
f 3921 3917 3919
f 3815 3914 3143
f 3919 3920 3921
f 3921 3920 3922
f 3919 3917 3878
f 3715 3869 3686
f 3923 3869 3715
f 3924 3925 3684
f 3698 3925 3924
f 3926 3818 3861
f 3698 3927 3925
f 3684 3904 3888
f 3684 3925 3904
f 3815 3143 3928
f 3926 3845 3818
f 3927 3913 3906
f 3906 3925 3927
f 3904 3925 3906
f 3929 3881 3869
f 3929 3869 3923
f 3683 3924 3684
f 3924 3683 3693
f 3698 3924 3693
f 3698 3693 3694
f 3845 3926 3930
f 3931 3929 3923
f 3718 3931 3923
f 3718 3923 3715
f 3932 3930 3926
f 3698 3697 3933
f 3927 3698 3933
f 3143 3914 3894
f 3697 3934 3933
f 3934 3697 3702
f 3927 3933 3913
f 3935 3881 3929
f 3903 3926 3861
f 3913 3933 3920
f 3931 3935 3929
f 3920 3933 3934
f 3934 3922 3920
f 3932 3926 3903
f 3922 3934 3936
f 3142 3928 3143
f 3935 3937 3881
f 3937 3884 3881
f 3930 3873 3845
f 3143 3894 3109
f 3112 3143 3109
f 3938 3937 3935
f 3930 3932 3939
f 3873 3930 3880
f 3816 3815 3928
f 3939 3880 3930
f 3940 3880 3939
f 3734 3931 3718
f 3876 3878 3918
f 3147 3816 3928
f 3142 3147 3928
f 3785 3931 3734
f 3549 3941 2743
f 3941 3206 2743
f 3785 3935 3931
f 3942 3938 3935
f 3935 3785 3942
f 3785 3943 3942
f 3944 3932 3903
f 3945 3549 3558
f 3604 3946 3562
f 3932 3944 3939
f 3947 3939 3944
f 3604 3605 3948
f 3948 3605 3949
f 3950 3951 3952
f 3455 3950 3952
f 3953 3938 3942
f 3605 3615 3949
f 3954 3455 3793
f 3955 3944 3903
f 3954 3950 3455
f 3956 3948 3949
f 3956 3957 3948
f 3937 3909 3884
f 3955 3903 3915
f 3938 3958 3937
f 3937 3958 3909
f 3950 3959 3951
f 3959 3950 3960
f 3958 3912 3909
f 3961 3912 3958
f 3960 3950 3954
f 3962 3947 3944
f 3963 3961 3958
f 3964 3963 3958
f 3965 3959 3966
f 3967 250 3968
f 250 253 3968
f 3953 3958 3938
f 3968 253 3969
f 3953 3964 3958
f 3968 3970 3971
f 3972 3962 3955
f 3955 3962 3944
f 3969 3970 3968
f 3973 3974 3966
f 3975 3953 3942
f 3974 3976 3977
f 3978 3971 3979
f 3973 3976 3974
f 3980 3953 3975
f 3778 3770 3774
f 3981 3982 3983
f 3983 3984 3981
f 3979 3971 3970
f 3979 3970 3985
f 3980 3964 3953
f 3981 3966 3959
f 3966 3981 3973
f 3984 3973 3981
f 3986 3987 3964
f 3982 3981 3959
f 3783 3780 3775
f 3959 3960 3982
f 3988 3783 3775
f 3582 3899 3613
f 3989 3990 3991
f 3992 3613 3899
f 3783 3988 3993
f 3701 3703 3991
f 3990 3701 3991
f 3994 3614 3613
f 3994 3613 3992
f 3902 3992 3899
f 3990 3989 3995
f 3995 3996 3990
f 3973 3984 3976
f 3993 3907 3783
f 3994 3623 3614
f 3990 3997 3998
f 3996 3997 3990
f 3996 3999 3997
f 3907 3993 4000
f 4001 3997 3999
f 4002 3976 3984
f 4003 3994 3992
f 3978 3979 4004
f 3979 4005 4004
f 4006 4004 3995
f 3907 4000 3916
f 3916 4000 4007
f 4004 4008 3995
f 4003 3623 3994
f 4005 4009 4004
f 4007 3915 3916
f 3979 3985 4005
f 4010 3519 4011
f 4012 4005 3985
f 4013 3955 3915
f 3915 4007 4013
f 3524 3519 3517
f 4012 3985 4014
f 3996 3995 4008
f 3519 3524 4011
f 3999 3996 4008
f 4015 4011 3524
f 4009 4016 4008
f 4008 4016 3999
f 4016 4009 4017
f 4008 4004 4009
f 4005 4017 4009
f 4018 4003 3992
f 3965 4019 4015
f 3992 3902 3912
f 4016 4020 3999
f 4016 4021 4020
f 1980 1979 3069
f 4001 3999 4020
f 1979 4022 3069
f 4017 4023 4016
f 4019 4024 4011
f 4011 4024 4010
f 4018 4025 4003
f 3077 3069 4022
f 4017 4005 4012
f 3912 4018 3992
f 4014 4026 4012
f 4023 4017 4012
f 4023 4012 4026
f 4019 4027 4024
f 4021 4016 4023
f 3961 4018 3912
f 4018 3961 4028
f 4023 4029 4021
f 4015 4019 4011
f 4029 4023 4026
f 4030 4025 4028
f 4028 4025 4018
f 3078 3077 4031
f 3078 4031 3741
f 3965 4027 4019
f 398 401 4032
f 4003 4033 4034
f 398 3969 253
f 4032 3969 398
f 4035 4031 3077
f 3512 3519 3304
f 4031 4035 4036
f 4033 4003 4025
f 3969 4032 4037
f 4010 4038 3304
f 1979 2433 4022
f 4039 3077 4022
f 4040 4041 4033
f 4040 4033 4025
f 4040 4025 4030
f 3303 3304 4042
f 4032 401 4043
f 3623 4003 3671
f 4044 4039 4022
f 3970 3969 4037
f 4003 4034 3671
f 3985 3970 4037
f 3679 3671 4034
f 3318 4038 4045
f 4044 4022 2433
f 4038 4010 4024
f 2433 2440 4044
f 3985 4037 4046
f 3671 3679 3672
f 4047 4039 4044
f 4046 4037 4048
f 4049 4047 4044
f 4045 4024 4027
f 4024 4045 4038
f 4035 3077 4039
f 4048 4032 4050
f 4050 4032 4043
f 4042 3304 4038
f 4048 4037 4032
f 4038 3318 4042
f 4036 4035 4051
f 3391 3678 3679
f 4047 4035 4039
f 3678 3391 2571
f 3304 3519 4010
f 4052 441 429
f 4051 4035 4047
f 4052 429 434
f 4051 4047 4053
f 3397 3391 3679
f 4054 4052 434
f 4041 4034 4033
f 4055 441 4052
f 4056 4055 4057
f 4057 4055 4052
f 3741 4031 3087
f 3087 4031 3085
f 4031 4036 3085
f 4056 4057 4058
f 4059 4027 3965
f 4058 4057 4060
f 401 410 441
f 4061 3085 4036
f 401 441 4043
f 4034 3397 3679
f 4041 3397 4034
f 441 4055 4043
f 4041 3408 3397
f 3085 4061 3096
f 4059 4062 4027
f 4063 4028 3961
f 4050 4043 4055
f 3963 4063 3961
f 4063 4030 4028
f 4064 4065 4062
f 4065 4064 4066
f 3987 4063 3963
f 4056 4050 4055
f 4067 4030 4063
f 4036 4051 4061
f 4062 4059 4064
f 4067 4040 4030
f 4046 4014 3985
f 4045 4027 4062
f 4067 4063 4068
f 3319 4045 4069
f 4046 4070 4014
f 4062 4069 4045
f 4071 4070 4048
f 3964 3987 3963
f 4071 4048 4050
f 3318 4045 3319
f 4071 4072 4070
f 4063 3987 4068
f 4069 4074 3319
f 4046 4048 4070
f 2469 4044 2440
f 4068 3987 3986
f 4026 4075 4029
f 4026 4076 4075
f 4069 4062 4065
f 4077 4076 4078
f 4075 4076 4077
f 4014 4076 4026
f 4053 4047 4049
f 4079 4067 4068
f 4067 4079 4080
f 4076 4014 4070
f 4053 4081 4051
f 4065 4082 4069
f 4083 4079 4068
f 4070 4078 4076
f 4070 4072 4078
f 4079 4083 4084
f 4085 4084 4083
f 4040 4067 4041
f 4074 4069 4086
f 4077 4078 4088
f 4082 4086 4069
f 4080 4041 4067
f 4088 4078 4072
f 2469 2465 4089
f 4090 4049 2469
f 2469 4049 4044
f 4091 2469 4089
f 4058 4060 4092
f 4058 4092 4093
f 2469 4091 4090
f 2465 2476 4089
f 4094 4089 2476
f 4094 4091 4089
f 4093 4092 4095
f 3408 3396 3397
f 4096 3524 3522
f 3597 4096 3522
f 3951 4015 4096
f 4096 4015 3524
f 4049 4090 4053
f 4097 4071 4056
f 4056 4071 4050
f 4093 4056 4058
f 4098 4081 4053
f 4071 4097 4072
f 3952 4096 3597
f 4053 4090 4098
f 4096 3952 3951
f 4097 4056 4093
f 4080 4099 4041
f 4100 4099 4080
f 3965 4015 3951
f 4099 3408 4041
f 4072 4097 4101
f 4088 4072 4101
f 2570 4094 2476
f 4097 4102 4101
f 3460 3413 3408
f 3460 3408 4099
f 4103 4088 4101
f 2570 4104 4094
f 4102 4105 4101
f 4098 4090 4091
f 4104 4098 4091
f 4094 4104 4091
f 4100 3460 4099
f 3965 3951 3959
f 4102 4097 4093
f 4106 4102 4095
f 4095 4102 4093
f 3462 3460 4100
f 3455 3952 3597
f 4107 4100 4080
f 4108 4104 4109
f 4107 4080 4079
f 3597 3456 3455
f 4110 4081 4098
f 4111 4100 4107
f 4084 4107 4079
f 4107 4084 4112
f 4112 4111 4107
f 4111 3462 4100
f 4104 4108 4098
f 4098 4108 4110
f 3862 3949 3615
f 4111 4112 4113
f 4114 3956 3949
f 4114 3949 3862
f 4111 4113 3462
f 3966 4059 3965
f 4115 4110 4108
f 4116 4114 3862
f 4117 4114 4116
f 3863 4116 3862
f 3943 3785 3784
f 4118 3096 4061
f 3966 3974 4059
f 3974 4064 4059
f 3957 3956 4119
f 4117 3956 4114
f 4118 4051 4081
f 3956 4117 4119
f 3957 4119 4120
f 3977 4064 3974
f 4061 4051 4118
f 4121 4119 4117
f 4117 4116 4121
f 4121 4122 4119
f 4122 4120 4119
f 4081 4110 4118
f 3805 3787 3786
f 3787 3805 4123
f 4124 4118 4110
f 4125 4126 3863
f 3876 4125 3874
f 3096 4118 3101
f 3918 4125 3876
f 4127 4126 4125
f 4128 4127 4125
f 3943 3784 3787
f 3863 3874 4125
f 4124 3101 4118
f 3977 3976 4129
f 3101 4130 3188
f 3101 4124 4130
f 4131 3942 3943
f 4132 4133 4134
f 4135 4132 4127
f 4126 4127 4136
f 4137 3943 3787
f 4127 4132 4136
f 3943 4137 4131
f 4132 4134 4136
f 4131 4137 4138
f 4139 4138 4137
f 4132 4135 4140
f 4140 4133 4132
f 4126 4116 3863
f 4116 4126 4136
f 4141 4002 4142
f 4136 4121 4116
f 4124 4110 4143
f 4144 4137 3787
f 4121 4136 4134
f 3787 4123 4144
f 4134 4122 4121
f 4144 4139 4137
f 4145 4139 4144
f 4141 4129 3976
f 3976 4002 4141
f 4144 4123 4145
f 3942 4131 3975
f 4146 4120 4122
f 4138 3975 4131
f 3975 4138 4147
f 4146 4148 4120
f 4147 3980 3975
f 4146 4149 4148
f 4146 4150 4149
f 4129 4141 4151
f 4143 4130 4124
f 4152 4147 4138
f 4153 4154 4149
f 4143 4155 4130
f 4156 3964 3980
f 4157 4151 4158
f 4147 4156 3980
f 4159 4156 4147
f 4160 4151 4141
f 4142 4160 4141
f 3964 4156 3986
f 4133 4140 4161
f 4161 4140 4162
f 4160 4158 4151
f 4163 3986 4156
f 4161 4162 4164
f 4156 4159 4163
f 4110 4115 4143
f 4165 4164 4166
f 4165 4166 4167
f 4139 4152 4138
f 4168 4146 4122
f 4168 4122 4134
f 4133 4168 4134
f 4169 4152 4139
f 4168 4150 4146
f 4170 4150 4168
f 4145 4169 4139
f 4168 4133 4161
f 4161 4170 4168
f 4171 4160 4172
f 4170 4161 4164
f 4158 4160 4171
f 4147 4152 4159
f 4173 4159 4152
f 4170 4174 4150
f 4175 4174 4176
f 4158 4171 4177
f 4150 4153 4149
f 4153 4150 4174
f 4171 4178 4177
f 4169 4173 4152
f 4175 4179 4153
f 4153 4174 4175
f 4104 2570 4180
f 4180 2570 2581
f 4165 4174 4170
f 4170 4164 4165
f 4167 4176 4165
f 4165 4176 4174
f 4181 4177 4178
f 4109 4104 4180
f 4182 3805 3806
f 4182 4123 3805
f 4183 4182 3847
f 4183 4123 4182
f 4184 3918 3917
f 4128 3918 4184
f 3847 4182 3806
f 4066 4064 4185
f 4128 4184 4186
f 3103 3101 3188
f 3921 4184 3917
f 4184 3921 4187
f 3921 3922 4188
f 4187 3921 4188
f 3936 4189 4188
f 4183 4145 4123
f 4187 4188 4189
f 4190 4145 4183
f 4187 4186 4184
f 4189 4191 4187
f 4185 4192 4066
f 4191 4189 4193
f 3847 3846 3853
f 4194 3847 3853
f 4191 4193 4195
f 4195 4193 4196
f 4191 4186 4187
f 4191 4197 4186
f 4194 4183 3847
f 4197 4191 4195
f 4195 4198 4197
f 4194 4199 4183
f 4200 3188 4130
f 4201 3853 3854
f 4202 4192 4185
f 4201 4194 3853
f 3922 3936 4188
f 4199 4194 4201
f 3936 3934 3702
f 4203 4201 4204
f 3936 3702 4205
f 4203 4199 4201
f 4130 4155 4200
f 4205 4206 3936
f 4192 4202 4207
f 3701 4205 3702
f 4205 3701 3990
f 4205 3990 3998
f 4208 4190 4183
f 4183 4199 4208
f 4082 4065 4066
f 3998 4206 4205
f 4206 3998 4209
f 4203 4210 4199
f 4209 4211 4206
f 3188 4200 3192
f 3233 3192 4200
f 4210 4208 4199
f 4211 4209 4001
f 4209 3998 3997
f 4209 3997 4001
f 4212 4190 4208
f 4208 4213 4212
f 4214 4216 4082
f 4208 4210 4213
f 4189 3936 4206
f 4216 4214 4217
f 4189 4206 4193
f 4193 4206 4211
f 4213 4210 4219
f 4193 4211 4196
f 4219 4220 4213
f 4221 4108 4109
f 4221 4222 4108
f 4195 4196 4223
f 4223 4224 4225
f 4145 4190 4226
f 4223 4227 4198
f 4223 4198 4195
f 4082 4066 4214
f 4214 4066 4192
f 4223 4225 4228
f 4228 4225 4229
f 4230 4217 4214
f 4214 4192 4230
f 4226 4169 4145
f 4223 4228 4227
f 4230 4192 4207
f 4169 4226 4173
f 4231 4228 4229
f 4229 4232 4231
f 4232 4233 4231
f 4020 4234 4001
f 4224 4196 4211
f 4235 4236 4226
f 4237 4115 4222
f 4211 4001 4224
f 4001 4234 4224
f 4236 4173 4226
f 4115 4108 4222
f 4224 4234 4225
f 4238 4173 4236
f 4021 4234 4020
f 4212 4226 4190
f 4021 4029 4234
f 4029 4239 4234
f 4235 4226 4212
f 4212 4213 4235
f 4222 4240 4237
f 4234 4239 4225
f 4235 4213 4220
f 4217 4230 4242
f 4143 4115 4237
f 4243 4143 4237
f 4143 4243 4155
f 4224 4223 4196
f 4244 4236 4245
f 4243 4237 4246
f 4245 4236 4235
f 4235 4220 4245
f 4230 4207 4247
f 4229 4225 4239
f 4248 4245 4220
f 4125 3918 4128
f 4249 4245 4248
f 4250 4247 4207
f 4186 4127 4128
f 3986 4163 4251
f 4127 4186 4135
f 4251 4068 3986
f 4251 4083 4068
f 4197 4135 4186
f 4252 4247 4250
f 4135 4197 4198
f 4247 4242 4230
f 4242 4247 4252
f 4242 4252 4253
f 4255 4251 4163
f 4246 4237 4240
f 4240 4256 4246
f 4140 4135 4257
f 4257 4162 4140
f 4198 4257 4135
f 4257 4198 4227
f 4085 4083 4251
f 4243 4246 4258
f 4162 4257 4227
f 4250 4259 4252
f 4162 4227 4228
f 4260 4085 4251
f 4251 4255 4260
f 4253 4252 224
f 4085 4260 4261
f 224 4252 226
f 4162 4228 4262
f 4166 4262 4263
f 4159 4264 4163
f 4262 4228 4231
f 4231 4263 4262
f 4263 4231 4233
f 4264 4255 4163
f 4164 4162 4262
f 4159 4173 4264
f 4166 4164 4262
f 4264 4260 4255
f 3977 4185 4064
f 4265 3977 4129
f 4185 3977 4265
f 4266 4258 4246
f 4267 4260 4264
f 4268 4260 4267
f 2603 4180 2581
f 4269 4167 4166
f 2603 4109 4180
f 4167 4269 4270
f 4271 4272 4273
f 4129 4202 4265
f 4260 4268 4261
f 4202 4129 4274
f 4275 4179 4175
f 4275 4276 4179
f 4176 4275 4175
f 4277 4261 4268
f 2603 4278 4109
f 4275 4176 4279
f 4280 4276 4275
f 4280 4281 4276
f 4275 4279 4280
f 4268 4267 4282
f 4151 4274 4129
f 4176 4167 4279
f 4274 4151 4157
f 4265 4202 4185
f 4279 4167 4270
f 2602 4283 2603
f 4280 4279 4284
f 4274 4207 4202
f 4281 4280 4285
f 2603 4283 4278
f 4286 4287 4285
f 4288 4286 4284
f 4284 4285 4280
f 4285 4284 4286
f 4284 4279 4272
f 4272 4288 4284
f 4279 4270 4272
f 4272 4270 4273
f 4289 4288 4272
f 4109 4278 4221
f 4238 4264 4173
f 4289 4272 4271
f 4238 4290 4264
f 4291 4290 4238
f 4157 4292 4274
f 4291 4293 4290
f 4292 4157 4177
f 4259 4292 4294
f 4177 4294 4292
f 4295 4296 4297
f 4292 4250 4274
f 4274 4250 4207
f 4297 4298 4295
f 4283 4299 4278
f 4290 4267 4264
f 4267 4290 4300
f 4250 4292 4259
f 4301 4278 4299
f 4288 4302 4286
f 4302 4288 4303
f 4301 4221 4278
f 4293 4300 4290
f 4289 4271 4296
f 4304 4300 4293
f 4304 4282 4300
f 4300 4282 4267
f 4301 4305 4221
f 4303 4289 4296
f 4296 4295 4303
f 4288 4289 4303
f 4238 4236 4244
f 4303 4295 4306
f 4252 4259 4307
f 4244 4291 4238
f 4308 4309 4306
f 4244 4245 4249
f 4295 4308 4306
f 4259 4294 4307
f 4244 4249 4310
f 4295 4298 4308
f 4308 4298 4311
f 4307 4294 240
f 4291 4244 4310
f 4312 4291 4310
f 240 239 4307
f 4313 4293 4291
f 4314 4304 4293
f 4314 4293 4313
f 4158 4177 4157
f 2619 4283 2602
f 4315 4316 4317
f 4312 4313 4291
f 4299 4283 2619
f 4294 4177 4181
f 4314 4313 4318
f 4239 4319 4229
f 4318 4313 4312
f 4232 4229 4319
f 4320 4321 4319
f 4322 4299 2619
f 4233 4232 4323
f 4321 4323 4232
f 4232 4319 4321
f 240 4294 4181
f 4321 4324 4323
f 244 240 4181
f 4321 4320 4317
f 244 4181 4178
f 2619 2620 4322
f 4321 4317 4325
f 337 244 4178
f 4326 4268 4282
f 4317 4316 4325
f 4321 4325 4324
f 4316 4327 4325
f 4328 4326 4304
f 4304 4326 4282
f 4075 4329 4029
f 4075 4330 4329
f 4329 4239 4029
f 4301 4299 4331
f 4268 4326 3768
f 4330 4075 4077
f 3630 3768 4326
f 226 4307 239
f 4319 4239 4329
f 4307 226 4252
f 3630 3629 3768
f 4330 4320 4329
f 4319 4329 4320
f 4328 3630 4326
f 4077 4088 4330
f 4240 4222 4221
f 4088 4315 4330
f 4305 4240 4221
f 4332 3630 4328
f 4332 3628 3630
f 4320 4330 4315
f 4314 4333 4304
f 4317 4320 4315
f 4315 4088 4103
f 4103 4316 4315
f 4334 4333 4314
f 4334 4314 4318
f 4333 4334 4335
f 4336 4335 4334
f 4240 4305 4256
f 4337 4256 4305
f 4336 4338 4335
f 3454 3793 3455
f 3638 4335 4338
f 4331 4305 4301
f 4105 4339 4103
f 3636 3638 4338
f 4103 4340 4316
f 4333 4328 4304
f 4340 4103 4339
f 3954 3793 4341
f 4102 4106 4105
f 4105 4342 4339
f 4106 4342 4105
f 3802 3793 3788
f 4335 4328 4333
f 4335 4332 4328
f 4343 4339 4342
f 3802 4341 3793
f 4342 4344 4343
f 4341 4345 3960
f 4345 3982 3960
f 3638 3628 4332
f 3638 4332 4335
f 4341 4346 4347
f 4327 4316 4348
f 4348 4316 4340
f 4341 4347 4345
f 4349 4327 4348
f 4349 4348 4350
f 3960 3954 4341
f 4261 4084 4085
f 4350 4351 4349
f 4352 4351 4350
f 4331 4299 4353
f 4340 4350 4348
f 4261 4112 4084
f 4350 4340 4343
f 4340 4339 4343
f 4343 4352 4350
f 4353 4354 4331
f 4352 4343 4344
f 4322 4353 4299
f 3478 3462 4113
f 4105 4103 4101
f 3478 4113 4355
f 4355 4113 4112
f 4346 4341 3802
f 4261 4355 4112
f 4356 4353 4322
f 3802 3807 4357
f 3478 4355 3708
f 4346 3802 4357
f 4166 4263 4269
f 4263 4233 4269
f 4277 4355 4261
f 4269 4233 4323
f 4358 4353 4356
f 4323 4324 4359
f 4323 4359 4269
f 4360 4361 4347
f 4360 4347 4346
f 4277 3708 4355
f 3722 3708 4277
f 4359 4270 4269
f 4270 4359 4273
f 3768 4277 4268
f 4357 4360 4346
f 4331 4337 4305
f 4360 4357 4362
f 4325 4363 4324
f 4324 4363 4359
f 3722 4277 3768
f 4362 4361 4360
f 4273 4359 4363
f 4327 4364 4325
f 4325 4364 4363
f 4354 4337 4331
f 4363 4364 4271
f 4365 4256 4337
f 4271 4273 4363
f 4354 4365 4337
f 4256 4266 4246
f 4256 4365 4266
f 4327 4349 4364
f 4366 4367 4368
f 4364 4349 4297
f 4369 4370 4266
f 4364 4296 4271
f 4371 4368 4372
f 4296 4364 4297
f 4369 4266 4365
f 4373 4365 4354
f 4351 4374 4297
f 4365 4373 4369
f 4351 4297 4349
f 4375 3982 4345
f 4376 3983 4375
f 4375 3983 3982
f 749 4377 748
f 4297 4374 4298
f 756 4377 749
f 4374 4311 4298
f 4376 4375 4378
f 4378 4375 4345
f 4378 4345 4347
f 4379 4380 4369
f 4381 4376 4378
f 4382 759 748
f 4373 4379 4369
f 735 731 759
f 3983 4376 4383
f 3984 3983 4383
f 4384 4354 4353
f 4383 4002 3984
f 4377 4382 748
f 4353 4358 4384
f 3941 4385 4386
f 4377 4387 4382
f 4381 4378 4361
f 4361 4378 4347
f 4388 3206 3941
f 4388 3245 3206
f 4389 4390 4387
f 4391 3245 4388
f 4372 4381 4361
f 4361 4362 4372
f 4390 759 4382
f 4391 3259 3245
f 4373 4354 4384
f 4390 735 759
f 4386 4388 3941
f 4368 4381 4372
f 4387 4390 4382
f 4388 4386 4392
f 4392 4391 4388
f 4368 4383 4376
f 4376 4381 4368
f 4385 3941 3549
f 3945 4385 3549
f 4383 4368 4367
f 4393 4373 4384
f 4394 772 732
f 4395 4386 4385
f 3558 3562 3945
f 3946 4395 3945
f 4395 4385 3945
f 4396 772 4394
f 776 772 4396
f 4397 4379 4373
f 4398 4392 4386
f 4386 4395 4398
f 798 771 776
f 4399 4379 4397
f 4398 4395 4400
f 3816 4401 3807
f 4398 4402 4403
f 4393 4397 4373
f 4404 3259 4391
f 4401 4357 3807
f 4405 802 798
f 3259 4404 3260
f 4406 4357 4401
f 4397 4393 4407
f 802 4405 4408
f 4407 4399 4397
f 4409 3260 4404
f 4391 4392 4404
f 4406 4362 4357
f 4410 4404 4392
f 4410 4409 4404
f 4394 732 735
f 3260 4409 3265
f 3265 4409 4411
f 4412 4409 4410
f 4412 4411 4409
f 4396 4394 4413
f 4155 4414 4415
f 4403 4410 4392
f 4416 776 4396
f 4392 4398 4403
f 3233 4200 4415
f 4417 4410 4403
f 4200 4155 4415
f 4418 4417 4403
f 4390 4419 4420
f 4390 4420 4394
f 3262 3816 3147
f 4421 4417 4418
f 4389 4419 4390
f 3816 3262 4401
f 4419 4422 4420
f 4417 4412 4410
f 4423 3233 4415
f 3233 4423 3232
f 4424 3232 4423
f 4394 735 4390
f 4425 4413 4420
f 4412 4417 4426
f 3268 4406 4401
f 4406 3268 3307
f 4420 4413 4394
f 4426 4411 4412
f 3267 3307 3268
f 4422 4425 4420
f 4427 4425 4422
f 4415 4414 4428
f 4401 3262 3268
f 3946 3945 3562
f 4429 4395 3946
f 4429 4400 4395
f 3604 4429 3946
f 4430 4431 4371
f 4432 4433 4434
f 4434 4433 4425
f 4429 3604 3948
f 4431 4430 4435
f 4436 4429 3948
f 4428 4423 4415
f 4428 4424 4423
f 4436 4400 4429
f 4437 4438 4439
f 4436 4402 4400
f 4398 4400 4402
f 4371 4366 4368
f 4439 4433 4432
f 4440 4366 4371
f 4441 4437 4439
f 4442 4443 4416
f 4444 4402 4436
f 4431 4440 4371
f 4442 4416 4413
f 4413 4416 4396
f 4425 4442 4413
f 4444 4445 4402
f 4416 798 776
f 4155 4243 4414
f 4436 3948 4444
f 798 4416 4443
f 4243 4258 4414
f 3311 4431 4435
f 4405 4443 4446
f 3948 3957 4444
f 4405 4447 4408
f 4446 4447 4405
f 4258 4428 4414
f 4448 4408 4447
f 4433 4446 4442
f 4438 4446 4433
f 4446 4443 4442
f 4418 4403 4402
f 4438 4447 4446
f 3299 4431 3311
f 4438 4448 4447
f 4445 4418 4402
f 4405 798 4443
f 4431 3299 4449
f 4450 4421 4418
f 4372 4362 4430
f 4433 4442 4425
f 4450 4418 4445
f 4372 4430 4371
f 4451 4450 4445
f 4421 4450 4452
f 4406 4430 4362
f 4430 4406 4435
f 4439 4438 4433
f 4421 4426 4417
f 4453 4426 4421
f 4406 3307 4435
f 804 802 4408
f 804 4408 1136
f 4444 4454 4451
f 1136 4408 4455
f 4444 4451 4445
f 4456 4450 4451
f 4120 4454 3957
f 3957 4454 4444
f 4457 1131 1136
f 3232 4424 3238
f 1131 4457 1142
f 1142 4457 4458
f 3311 4435 3307
f 3307 3306 3311
f 4456 4451 4454
f 4120 4148 4454
f 4454 4148 4456
f 4459 4456 4148
f 4450 4456 4452
f 4460 3238 4424
f 1142 4458 1170
f 4459 4461 4456
f 4456 4461 4452
f 4462 1170 4458
f 4463 4461 4459
f 3265 4411 3360
f 3360 3370 3354
f 1170 4462 1177
f 4464 4448 4437
f 4465 4466 4367
f 4464 4467 4448
f 4467 4464 4468
f 4469 4466 4465
f 4367 4366 4465
f 4438 4437 4448
f 4426 4470 4411
f 4411 4470 3360
f 4471 4465 4366
f 3360 4470 4472
f 4428 4258 4473
f 4474 4472 4470
f 4475 4474 4470
f 4475 4470 4426
f 4453 4475 4426
f 4476 4464 4437
f 4258 4266 4370
f 4465 4471 4469
f 4477 4478 4469
f 4258 4370 4473
f 4479 4478 4477
f 4468 4464 4480
f 4002 4383 4466
f 4481 4474 4475
f 4002 4466 4142
f 4464 4476 4480
f 4370 4482 4473
f 4473 4483 4428
f 4367 4466 4383
f 4484 4483 4473
f 4408 4448 4455
f 3370 4485 3364
f 4486 4142 4466
f 4485 3380 3364
f 4472 3370 3360
f 4472 4485 3370
f 4474 4485 4472
f 4448 4467 4455
f 4487 4488 4485
f 4486 4489 4142
f 4160 4142 4489
f 4457 4455 4490
f 4487 4485 4474
f 4455 4467 4490
f 4486 4466 4469
f 4468 4490 4467
f 4457 1136 4455
f 4481 4487 4474
f 4487 4481 4491
f 4490 4458 4457
f 4492 4489 4486
f 4488 3380 4485
f 4488 3377 3380
f 4490 4468 4493
f 4494 4495 4493
f 4496 4488 4487
f 4473 4482 4484
f 4494 4493 4497
f 3377 4488 3388
f 4497 4498 4494
f 4497 4499 4498
f 4478 4486 4469
f 4478 4492 4486
f 4500 4484 4482
f 4496 3388 4488
f 4501 3388 4496
f 4493 4468 4480
f 3388 4501 4502
f 3384 3388 4503
f 4504 4493 4480
f 4483 4424 4428
f 4483 4460 4424
f 4491 4496 4487
f 4479 4505 4478
f 4506 4497 4504
f 4506 4507 4497
f 4479 4508 4505
f 4505 4508 4509
f 4509 4508 4510
f 4484 4460 4483
f 4511 4510 4508
f 4493 4504 4497
f 4493 4495 4490
f 4501 4496 4512
f 4510 4511 4513
f 4495 4458 4490
f 4460 3252 3238
f 4491 4512 4496
f 4160 4489 4172
f 4514 4501 4512
f 4495 4494 4498
f 4492 4172 4489
f 4495 4462 4458
f 4498 4462 4495
f 4515 4498 4499
f 4516 3252 4460
f 4515 4462 4498
f 4516 3704 3252
f 4517 4518 4172
f 4172 4492 4517
f 4519 4518 4517
f 4452 4453 4421
f 4520 4475 4453
f 4518 4178 4171
f 4171 4172 4518
f 4460 4521 4516
f 4522 4453 4452
f 4523 4453 4522
f 4523 4520 4453
f 4520 4481 4475
f 4521 3704 4516
f 4178 4518 4524
f 4523 4525 4520
f 1177 4462 4526
f 4526 1215 1203
f 339 337 4524
f 4525 4481 4520
f 4524 337 4178
f 4481 4525 4527
f 1177 4526 1203
f 4519 4524 4518
f 4528 4524 4519
f 4461 4522 4452
f 339 4524 4528
f 4529 4522 4461
f 1215 4526 4530
f 4463 4529 4461
f 340 339 4528
f 1215 4530 1216
f 4505 4492 4478
f 4517 4492 4505
f 1218 1217 1240
f 4517 4505 4509
f 4509 4519 4517
f 4507 4499 4497
f 4531 4499 4532
f 4522 4529 4523
f 4523 4529 4533
f 4533 4525 4523
f 4531 4532 4534
f 4519 4509 4535
f 4535 4528 4519
f 4536 4534 4532
f 4536 4537 4534
f 4484 4538 4460
f 4528 4535 348
f 340 4528 348
f 4539 4532 4507
f 4510 4535 4509
f 4525 4533 4527
f 4535 4510 363
f 4527 4533 4540
f 4541 4540 4533
f 4510 4513 363
f 4542 4538 4484
f 348 4535 363
f 4481 4527 4491
f 4507 4532 4499
f 4532 4539 4536
f 4543 4544 4536
f 4545 4527 4546
f 4484 4500 4542
f 4543 4536 4539
f 4547 4545 4546
f 4460 4538 4521
f 4515 4499 4531
f 4462 4515 4526
f 4449 4440 4431
f 4521 4538 4548
f 4531 4526 4515
f 4549 4471 4440
f 4440 4471 4366
f 4526 4531 4530
f 4550 4549 4440
f 4550 4440 4449
f 4540 4546 4527
f 4540 4551 4546
f 4477 4469 4471
f 4549 4477 4471
f 4552 4477 4549
f 4530 4534 4537
f 4537 1216 4530
f 4534 4530 4531
f 4552 4479 4477
f 4553 4554 4547
f 4553 4547 4546
f 4546 4551 4553
f 4554 4553 4555
f 4380 4370 4369
f 4536 4556 4537
f 4370 4380 4482
f 4545 4512 4491
f 4557 4558 4380
f 4527 4545 4491
f 4550 4449 3434
f 4559 4544 4543
f 4449 3299 3434
f 4514 4512 4545
f 3436 4550 3434
f 4560 4561 4514
f 4562 4556 4544
f 4544 4556 4536
f 4547 4514 4545
f 4557 4380 4379
f 3441 4549 4550
f 3441 4552 4549
f 4514 4547 4560
f 4380 4558 4482
f 4560 4547 4554
f 3471 4552 3441
f 4562 4544 4563
f 690 4562 4563
f 4550 3436 3441
f 690 4564 4562
f 4482 4558 4500
f 4562 4566 4556
f 3440 3471 3441
f 4568 4500 4558
f 4566 4562 4570
f 4570 4562 4564
f 4537 4572 1216
f 4557 4568 4558
f 4556 4572 4537
f 4572 4556 4566
f 4571 1240 1217
f 4379 4399 4573
f 4154 4459 4148
f 4379 4573 4557
f 1240 4571 1265
f 4552 4574 4479
f 4459 4154 4463
f 4574 4508 4479
f 4508 4574 4511
f 4567 1265 4571
f 4148 4149 4154
f 4569 4575 4567
f 4575 1265 4567
f 4154 4153 4179
f 4576 4511 4574
f 4577 4574 4552
f 4574 4577 4576
f 4578 4579 4463
f 1246 1265 4580
f 4578 4581 4579
f 4575 4580 1265
f 4579 4529 4463
f 4579 4582 4529
f 4511 4576 4513
f 2620 2949 4583
f 4529 4582 4533
f 4579 4581 4582
f 4584 4582 4581
f 4585 4576 4586
f 4463 4154 4578
f 4179 4578 4154
f 4583 4322 2620
f 4276 4581 4578
f 4276 4578 4179
f 4585 4586 4587
f 4276 4281 4581
f 4585 4587 397
f 4356 4322 4583
f 4552 3471 4577
f 4582 4588 4533
f 4588 4582 4584
f 4589 4590 4591
f 4592 4541 4588
f 4593 4583 2949
f 4589 4591 4594
f 2957 4593 2949
f 4595 4589 4594
f 4581 4281 4584
f 4584 4281 4287
f 4287 4592 4584
f 4596 4583 4593
f 4592 4287 4597
f 4588 4584 4592
f 4596 4356 4583
f 4592 4598 4541
f 4577 3471 3470
f 4590 4599 4387
f 3484 4577 3470
f 4377 4591 4590
f 4533 4588 4541
f 4590 4387 4377
f 4586 4576 4577
f 4387 4599 4389
f 397 4587 419
f 419 4587 4586
f 4600 4601 4389
f 4600 4389 4599
f 3484 4586 4577
f 4281 4285 4287
f 4287 4286 4597
f 422 419 3484
f 3484 419 4586
f 4599 4590 4602
f 3477 422 3484
f 4358 4356 4596
f 4598 4603 4541
f 4602 4590 4589
f 363 4513 391
f 4597 4598 4592
f 4598 4597 4604
f 4585 4513 4576
f 4589 4605 4602
f 4606 4358 4596
f 4513 4585 391
f 397 391 4585
f 4604 4603 4598
f 4607 4600 4599
f 4608 4603 4604
f 4606 4609 4358
f 4605 4610 4607
f 4603 4611 4551
f 4607 4599 4602
f 4608 4611 4603
f 4605 4607 4602
f 4611 4608 4612
f 4611 4612 4613
f 4603 4540 4541
f 4603 4551 4540
f 4614 4553 4551
f 4605 4589 4595
f 4614 4555 4553
f 4615 4596 4593
f 4616 4605 4595
f 4605 4616 4617
f 4610 4605 4617
f 4614 4551 4611
f 4618 2957 2966
f 4614 4611 4613
f 4618 4593 2957
f 4597 4286 4302
f 4302 4604 4597
f 4618 4615 4593
f 4604 4302 4619
f 4620 4615 4618
f 4604 4619 4608
f 4619 4302 4303
f 4620 4618 4621
f 1296 4622 4623
f 1292 1296 1931
f 4306 4608 4619
f 4619 4303 4306
f 4624 4625 4616
f 4615 4606 4596
f 4306 4612 4608
f 4612 4306 4309
f 4626 4606 4615
f 1931 1296 4623
f 4617 4616 4625
f 4627 4628 4617
f 4617 4625 4627
f 4625 4624 4629
f 4625 4629 4630
f 4622 4631 4623
f 4620 4626 4615
f 4627 4625 4630
f 4620 4632 4626
f 4633 4427 4422
f 4634 4626 4632
f 751 750 4635
f 2881 4635 750
f 751 4635 756
f 4591 756 4635
f 4636 4637 4638
f 4358 4609 4384
f 4635 2881 2890
f 4639 4638 4637
f 4601 4419 4389
f 4601 4422 4419
f 4591 4377 756
f 4609 4640 4393
f 4609 4393 4384
f 4633 4601 4600
f 1638 1692 1526
f 1692 1638 4641
f 4642 4635 2890
f 2892 2896 2890
f 4606 4640 4609
f 4643 4641 4644
f 4633 4422 4601
f 4642 2890 2896
f 4645 4640 4606
f 4646 4641 1638
f 4646 4644 4641
f 4642 4591 4635
f 4633 4600 4636
f 4644 4646 4647
f 4607 4610 4600
f 4393 4648 4407
f 4640 4648 4393
f 2896 4594 4642
f 4644 4647 4649
f 4600 4610 4636
f 4642 4594 4591
f 4633 4636 4638
f 4643 4644 4650
f 4650 4644 4649
f 4626 4645 4606
f 2896 2927 4651
f 4427 4434 4425
f 4652 4434 4427
f 4633 4652 4427
f 4653 4434 4652
f 4653 4652 4654
f 2966 4621 4618
f 2896 4651 4594
f 3061 4621 2966
f 2966 3043 3061
f 4653 4655 4441
f 4432 4441 4439
f 4653 4441 4432
f 4653 4432 4434
f 4656 4620 4621
f 4651 4657 4594
f 4650 4649 4658
f 4638 4652 4633
f 4654 4652 4638
f 4656 4621 3064
f 4651 2927 4660
f 4638 4639 4654
f 4661 4658 4649
f 2945 4660 2927
f 4656 4632 4620
f 4663 4664 4659
f 4660 4657 4651
f 4665 4662 4661
f 4655 4653 4654
f 4661 4662 4658
f 4660 4666 4657
f 4662 4665 4668
f 4669 4655 4654
f 4670 4632 4656
f 4671 4663 4667
f 4670 4634 4632
f 3064 4621 3061
f 4672 4656 3064
f 1605 4673 1634
f 4674 4639 4637
f 4657 4595 4594
f 4616 4595 4657
f 4610 4617 4628
f 4675 4672 3064
f 4628 4676 4610
f 4676 4636 4610
f 4616 4657 4624
f 4666 4624 4657
f 4677 4678 4679
f 4680 4676 4628
f 4672 4670 4656
f 4636 4676 4637
f 4674 4637 4676
f 4676 4680 4674
f 4681 4670 4672
f 4660 2945 3031
f 4682 1619 1618
f 4682 4677 1619
f 4677 4682 4683
f 4684 4680 4628
f 1619 4673 1605
f 4660 4685 4666
f 1619 4679 4673
f 4677 4679 1619
f 4660 3031 4685
f 4628 4627 4684
f 4674 4680 4686
f 4680 4684 4686
f 4687 4686 4684
f 3275 4678 4683
f 4688 3704 4521
f 4677 4683 4678
f 4689 4654 4639
f 1638 1634 4646
f 4690 4639 4674
f 4674 4686 4690
f 4673 4646 1634
f 4690 4689 4639
f 4679 4647 4646
f 4548 4691 4521
f 4521 4691 4688
f 3042 4692 3031
f 4693 4694 4669
f 4693 4695 4694
f 4646 4673 4679
f 4669 4654 4689
f 4669 4689 4693
f 4693 4689 4690
f 4688 4691 3736
f 3704 4688 3730
f 3031 4692 4696
f 4678 4647 4679
f 4685 3031 4696
f 3730 4688 3736
f 4697 4693 4690
f 4686 4687 4697
f 4697 4690 4686
f 3732 3736 3774
f 4629 4624 4666
f 4698 4629 4666
f 4647 4678 4699
f 4695 4693 4697
f 4700 4695 4697
f 4666 4685 4698
f 4701 4699 4678
f 4630 4629 4702
f 4630 4702 4703
f 4698 4702 4629
f 4702 4698 4704
f 4665 4705 4706
f 4707 3972 3955
f 4708 4698 4685
f 4701 4705 4699
f 4708 4704 4698
f 4685 4696 4708
f 4706 4705 4709
f 4704 4708 4710
f 4627 4630 4711
f 4701 4678 3275
f 4702 4704 4712
f 4712 4703 4702
f 4711 4684 4627
f 4711 4630 4703
f 4713 4712 4704
f 4704 4710 4713
f 4711 4687 4684
f 3277 4701 3275
f 4687 4711 4714
f 3281 4709 4705
f 3042 3107 4692
f 4715 4711 4703
f 3277 4705 4701
f 4716 4717 4692
f 4692 3107 4716
f 3277 3281 4705
f 4718 4691 4548
f 4692 4719 4696
f 4538 4720 4548
f 4721 4548 4720
f 4721 4718 4548
f 4711 4715 4714
f 4542 4720 4538
f 4661 4649 4647
f 4661 4647 4699
f 4692 4717 4719
f 4542 4722 4720
f 4723 4714 4715
f 4661 4699 4665
f 4724 4720 4722
f 4705 4665 4699
f 4720 4724 4721
f 4725 4721 4724
f 4726 4717 4716
f 4710 4708 4719
f 4727 4728 4700
f 4729 4730 4568
f 4732 1694 4643
f 4733 4710 4719
f 4734 4728 4727
f 4735 4568 4557
f 1293 1694 4736
f 4712 4713 4738
f 4739 4568 4735
f 4732 4736 1694
f 4687 4700 4697
f 4710 4740 4713
f 4741 4568 4739
f 4731 4622 4737
f 4568 4741 4729
f 4700 4687 4742
f 4742 4727 4700
f 4710 4733 4740
f 4713 4740 4738
f 4738 4740 4743
f 4744 4573 4399
f 4687 4714 4742
f 4732 4643 4746
f 4573 4735 4557
f 4747 4735 4573
f 4748 4742 4714
f 4747 4573 4744
f 4746 4643 4650
f 4727 4742 4749
f 4746 4650 4751
f 4740 4733 4752
f 4740 4752 4743
f 4742 4748 4749
f 4744 4399 4407
f 4714 4723 4748
f 4753 4743 4752
f 4696 4719 4708
f 4622 4731 4754
f 4755 4747 4744
f 4727 4749 4734
f 4719 4717 4733
f 4731 4745 4754
f 4754 4745 4750
f 4641 1694 1692
f 4715 4756 4723
f 1694 4641 4643
f 4735 4747 4739
f 4757 4741 4739
f 4757 4739 4747
f 4733 4717 4758
f 4752 4733 4758
f 4737 1296 1294
f 4759 4757 4747
f 4737 4622 1296
f 4755 4759 4747
f 4749 4748 4760
f 4761 4741 4757
f 4760 4748 4723
f 3121 3107 3108
f 4760 4723 4762
f 4763 4761 4757
f 4754 4631 4622
f 4764 4716 3121
f 3121 4716 3107
f 4749 4760 4765
f 4730 4500 4568
f 4730 4542 4500
f 4734 4749 4766
f 4749 4767 4766
f 4768 4730 4729
f 4722 4542 4730
f 4730 4768 4722
f 4716 4764 4769
f 4716 4769 4726
f 4770 4722 4768
f 4760 4762 4771
f 4750 4772 4754
f 4715 4703 4712
f 4771 4765 4760
f 4773 4729 4741
f 4729 4773 4768
f 4738 4715 4712
f 4765 4767 4749
f 4773 4770 4768
f 4772 4750 4774
f 4715 4738 4756
f 4765 4775 4767
f 4772 4774 4776
f 4765 4771 4777
f 4770 4778 4724
f 4770 4724 4722
f 4775 4765 4777
f 4738 4743 4756
f 4751 4650 4658
f 4762 4723 4756
f 4774 4750 4659
f 4756 4743 4779
f 4774 4659 4664
f 4780 4781 4782
f 4783 4725 4724
f 4778 4783 4724
f 4783 4784 4725
f 4753 4785 4743
f 4785 4779 4743
f 4786 4664 4671
f 4787 4788 4789
f 4664 4663 4671
f 4762 4756 4779
f 4776 4774 4786
f 4786 4774 4664
f 4778 4790 4783
f 4762 4779 4791
f 4788 4787 4792
f 4782 4793 4792
f 4793 4788 4792
f 4794 4788 4793
f 4631 4754 4772
f 4795 4773 4741
f 4793 4796 4794
f 4762 4791 4771
f 4761 4795 4741
f 4788 4794 4789
f 4794 4797 4789
f 4798 4631 4772
f 4799 4794 4796
f 4795 4770 4773
f 4800 4770 4795
f 4801 4800 4795
f 4802 4800 4801
f 4761 4801 4795
f 4726 4758 4717
f 4803 4781 4780
f 4780 4804 4803
f 4805 4761 4763
f 4805 4801 4761
f 4726 4806 4758
f 4807 4776 4786
f 4808 4803 4804
f 4808 4809 4803
f 4802 4801 4805
f 4806 4726 4810
f 4811 4802 4805
f 4753 4752 4758
f 4790 4778 4800
f 4800 4778 4770
f 4753 4758 4812
f 4781 4793 4782
f 4796 4793 4781
f 4753 4812 4785
f 4776 4798 4772
f 4812 4758 4806
f 4802 4790 4800
f 4802 4813 4790
f 4798 4776 4814
f 4815 4783 4790
f 4815 4790 4813
f 4814 4776 4807
f 4781 4809 4796
f 4809 4781 4803
f 4816 4796 4809
f 4816 4817 4796
f 4817 4799 4796
f 4818 4813 4802
f 4812 4806 4819
f 4819 4806 4820
f 4671 4667 4821
f 4808 4822 4809
f 4645 4626 4634
f 4823 4816 4809
f 4809 4822 4823
f 4824 4823 4822
f 3115 4825 3121
f 3121 4825 4764
f 3115 3116 4825
f 4826 4825 3116
f 4827 4825 4826
f 4827 4764 4825
f 4827 4769 4764
f 4823 4817 4816
f 4823 4828 4817
f 4648 4829 4407
f 4437 4441 4476
f 4830 4441 4655
f 4640 4831 4648
f 4832 4476 4441
f 4832 4441 4830
f 4726 4769 4833
f 4829 4648 4831
f 4769 4834 4833
f 4827 4834 4769
f 4835 4480 4476
f 4706 4709 4836
f 4831 4640 4645
f 4835 4476 4832
f 4827 4838 4834
f 4839 4838 4827
f 4840 4830 4655
f 4841 4833 4834
f 4834 4838 4841
f 4645 4634 4842
f 4843 4841 4838
f 4844 4645 4842
f 4840 4655 4669
f 3229 4826 3116
f 4845 4836 4709
f 4846 4830 4840
f 4845 4847 4836
f 4847 4845 4849
f 4848 4850 4837
f 4839 4826 3229
f 4844 4829 4831
f 4850 4848 4851
f 4832 4792 4835
f 4645 4844 4831
f 4839 4827 4826
f 4782 4792 4832
f 4846 4832 4830
f 4709 3281 3474
f 4782 4832 4846
f 4782 4846 4780
f 4787 4504 4480
f 3281 3280 3474
f 4787 4480 4835
f 3229 4852 4839
f 4787 4835 4792
f 4852 4853 4839
f 4853 4838 4839
f 4854 4838 4853
f 4789 4504 4787
f 4843 4838 4854
f 4855 4856 4844
f 4504 4789 4506
f 4709 3474 4845
f 4833 4810 4726
f 3296 4845 3474
f 4694 4857 4840
f 4694 4840 4669
f 4857 4846 4840
f 4810 4833 4841
f 4841 4820 4810
f 4810 4820 4806
f 4706 4668 4665
f 4780 4846 4857
f 4836 4668 4706
f 4843 4820 4841
f 4780 4857 4804
f 4857 4694 4695
f 4681 4858 4670
f 4804 4857 4695
f 4837 4821 4667
f 4859 4804 4695
f 4860 4819 4820
f 4821 4837 4850
f 4695 4700 4859
f 4861 4821 4850
f 4819 4860 4862
f 4861 4850 4851
f 4808 4804 4859
f 4863 4844 4842
f 4808 4859 4864
f 4865 4842 4634
f 4865 4863 4842
f 4866 4854 4853
f 4867 4854 4866
f 4797 4506 4789
f 4868 4539 4506
f 4863 4855 4844
f 4869 4851 4848
f 4847 4849 4870
f 4871 4860 4820
f 4843 4871 4820
f 4506 4797 4868
f 4872 4856 4855
f 4870 3295 4874
f 4539 4868 4875
f 4875 4543 4539
f 4876 4869 4873
f 4863 4877 4855
f 4875 4559 4543
f 4878 4875 4868
f 3296 4849 4845
f 4878 4879 4875
f 4849 3296 3295
f 4880 4860 4871
f 4881 4880 4871
f 4634 4670 4865
f 4799 4797 4794
f 4882 4868 4797
f 4882 4797 4799
f 4883 4843 4854
f 4870 4849 3295
f 4843 4883 4871
f 4884 4863 4865
f 4885 4883 4867
f 4886 4879 4878
f 4885 4871 4883
f 4858 4865 4670
f 4887 4878 4882
f 4854 4867 4883
f 4858 4884 4865
f 4858 4681 4888
f 4886 4878 4887
f 4882 4878 4868
f 4888 4884 4858
f 4867 4889 4885
f 4881 4871 4885
f 4884 4877 4863
f 4877 4884 4890
f 4890 4891 4877
f 4889 4892 4885
f 4861 4851 4893
f 4894 4895 4879
f 4879 4559 4875
f 4559 4879 4895
f 4876 4893 4851
f 4896 4890 4884
f 4559 4895 4563
f 4892 4881 4885
f 4563 4544 4559
f 4897 4881 4892
f 4876 4851 4869
f 4890 4896 4898
f 4894 691 4895
f 4407 4755 4744
f 690 4563 691
f 4755 4407 4829
f 4563 4895 691
f 4899 4785 4900
f 4886 4901 4894
f 4899 4791 4779
f 4894 4879 4886
f 4902 4759 4755
f 4779 4785 4899
f 4903 4893 4876
f 671 691 4894
f 4755 4829 4902
f 691 671 670
f 4901 671 4894
f 4904 4899 4900
f 4899 4904 4905
f 4904 4906 4905
f 4904 4907 4906
f 4908 4909 4910
f 4785 4812 4911
f 4900 4785 4911
f 4912 4913 4909
f 4671 4821 4914
f 4915 4799 4817
f 4763 4757 4759
f 4763 4759 4916
f 4915 4882 4799
f 4917 4900 4911
f 4914 4786 4671
f 4916 4759 4902
f 4817 4908 4915
f 4918 4916 4902
f 4919 4917 4911
f 4812 4819 4911
f 4911 4819 4862
f 4920 4807 4914
f 4916 4921 4763
f 4915 4887 4882
f 4922 4921 4916
f 4908 4910 4887
f 4919 4911 4862
f 4908 4887 4915
f 4904 4900 4917
f 4914 4821 4920
f 4861 4920 4821
f 4856 4829 4844
f 4856 4902 4829
f 4907 4904 4917
f 4817 4912 4908
f 4791 4923 4771
f 4771 4923 4777
f 4899 4923 4791
f 4924 4912 4817
f 4905 4923 4899
f 4905 4925 4923
f 4923 4925 4777
f 4909 4908 4912
f 4926 4902 4856
f 4910 4927 4901
f 4928 4927 4910
f 671 4901 4927
f 4926 4918 4902
f 4927 773 671
f 4918 4922 4916
f 4925 4905 4906
f 784 4927 4928
f 784 773 4927
f 4929 4918 4926
f 4925 4930 4931
f 4932 4910 4909
f 4929 4922 4918
f 4910 4932 4928
f 4933 4928 4932
f 4934 4807 4935
f 4934 4935 4936
f 4937 4922 4929
f 4914 4807 4786
f 4932 4909 4913
f 4925 4906 4930
f 4938 4933 4932
f 4921 4805 4763
f 789 784 4933
f 4933 784 4928
f 4939 4940 4919
f 4862 4941 4919
f 4807 4920 4935
f 4919 4941 4939
f 789 4933 4938
f 4940 4917 4919
f 4910 4886 4887
f 4910 4901 4886
f 4907 4917 4940
f 4907 4940 4942
f 4811 4805 4921
f 4811 4921 4922
f 4893 4920 4861
f 4507 4506 4539
f 4942 4940 4939
f 4943 4942 4939
f 4818 4802 4811
f 4944 4920 4893
f 4945 4943 4939
f 4808 4864 4822
f 4946 4822 4864
f 4947 4818 4811
f 4944 4893 4903
f 4944 4903 4948
f 4949 4930 4906
f 4937 4811 4922
f 4950 4811 4937
f 4951 4931 4930
f 4828 4823 4824
f 4947 4811 4950
f 4948 4903 4952
f 4952 4903 4953
f 4946 4824 4822
f 4954 4930 4949
f 4824 4946 4955
f 4936 4935 4944
f 4956 4950 4937
f 4954 4951 4930
f 4935 4920 4944
f 4957 4958 4828
f 4959 4951 4954
f 4828 4824 4957
f 4942 4949 4907
f 4906 4907 4949
f 4960 4949 4942
f 4954 4949 4960
f 4942 4943 4960
f 4961 4955 4946
f 4947 4962 4818
f 4824 4955 4957
f 4955 4963 4957
f 4903 4876 4953
f 4955 4961 4963
f 4964 4950 4956
f 4958 4957 4965
f 4965 4957 4963
f 4966 4960 4943
f 4967 4962 4947
f 4968 4963 4961
f 4968 4965 4963
f 4964 4947 4950
f 4969 4965 4968
f 4966 4954 4960
f 4959 4954 4966
f 1931 4623 4970
f 4967 4947 4964
f 4971 4967 4964
f 4972 4959 4966
f 4973 1929 1932
f 4728 4859 4700
f 1932 1931 4970
f 4974 4941 4862
f 4973 1932 4970
f 4862 4860 4974
f 4877 4872 4855
f 4975 4941 4974
f 4976 4859 4728
f 4975 4939 4941
f 4977 4856 4872
f 4977 4926 4856
f 4860 4880 4974
f 4631 4970 4623
f 4978 4974 4880
f 4978 4975 4974
f 4880 4881 4978
f 4979 4631 4798
f 4939 4975 4945
f 4891 4977 4872
f 4979 4970 4631
f 4872 4877 4891
f 4976 4864 4859
f 4980 4975 4978
f 4891 4981 4977
f 4980 4945 4975
f 4981 4929 4977
f 4977 4929 4926
f 4976 4728 4734
f 4981 4956 4929
f 4982 1929 4973
f 4983 4943 4945
f 4983 4945 4984
f 4985 4976 4734
f 4980 4984 4945
f 4986 4956 4981
f 4864 4987 4946
f 4987 4864 4976
f 4985 4987 4976
f 4988 4973 4970
f 4989 4980 4978
f 4989 4978 4881
f 4881 4897 4989
f 4988 4970 4979
f 4990 4980 4989
f 4990 4984 4980
f 4990 4991 4984
f 4992 4897 4993
f 4994 4891 4995
f 4897 4992 4989
f 4992 4990 4989
f 4995 4891 4890
f 4961 4946 4987
f 4890 4898 4995
f 4996 4979 4798
f 4943 4983 4966
f 4734 4766 4985
f 4985 4766 4997
f 4994 4981 4891
f 4998 4997 4766
f 4981 4994 4986
f 4999 4986 4994
f 4985 5000 4987
f 4988 4996 5001
f 5002 4994 4995
f 4997 5000 4985
f 4972 4966 5003
f 4994 5002 4999
f 5004 5001 4996
f 5005 5006 4972
f 5004 5007 5001
f 4999 5008 5009
f 4956 4937 4929
f 4991 4983 4984
f 4998 5010 4997
f 5010 5000 4997
f 5011 5000 5010
f 1972 4982 5012
f 5010 4998 5013
f 5014 4990 4992
f 5015 5011 5010
f 1972 5012 5016
f 5013 5015 5010
f 5017 5012 5018
f 5016 5012 5017
f 4766 4767 4998
f 5019 4991 4990
f 4767 4775 4998
f 5012 4982 5018
f 4999 5009 4986
f 5020 4991 5019
f 5021 5020 5019
f 4986 5009 5022
f 4998 4775 5023
f 5024 5022 5009
f 5018 4988 5025
f 5003 4966 4983
f 5018 5025 5017
f 5013 4998 5023
f 4983 4991 5026
f 4987 5027 4961
f 4983 5026 5003
f 5005 5003 5026
f 5009 5028 5024
f 4961 5027 4968
f 5029 5024 5028
f 5025 5030 5017
f 4987 5000 5027
f 5011 5027 5000
f 5003 5005 4972
f 5031 4968 5027
f 5011 5031 5027
f 1971 1972 5016
f 4968 5031 4969
f 5032 5031 5011
f 5022 5033 4956
f 4956 4986 5022
f 5034 5035 5005
f 4964 4956 5033
f 4964 5033 4971
f 5011 5015 5032
f 5017 5036 5016
f 1971 5016 5036
f 5037 4971 5033
f 5020 5026 4991
f 5038 5005 5026
f 5031 5039 4969
f 5039 5031 5032
f 5022 5037 5033
f 5040 5039 5032
f 5038 5026 5020
f 5041 5020 5021
f 5041 5038 5020
f 5042 4969 5039
f 5036 5017 5030
f 4913 4912 5043
f 5038 5034 5005
f 5044 5043 5045
f 5046 5037 5022
f 5022 5024 5046
f 5036 5030 5047
f 5043 5044 5048
f 5025 4988 5001
f 5025 5001 5049
f 5038 5050 5034
f 5024 5029 5046
f 4817 4828 4924
f 5051 5046 5029
f 3229 3235 4852
f 5030 5025 5052
f 5052 5025 5049
f 4958 4924 4828
f 4958 5045 4924
f 5045 5043 4924
f 5043 4912 4924
f 3341 4852 3235
f 5053 4853 4852
f 5049 5001 5007
f 4965 5045 4958
f 5054 3774 3736
f 5007 5055 5049
f 3341 5053 4852
f 5056 5044 5045
f 5057 5053 3341
f 5045 4965 5056
f 5054 5058 3774
f 5053 4866 4853
f 5059 3736 4691
f 5059 5054 3736
f 5060 4866 5053
f 5060 4867 4866
f 5044 5056 5061
f 5062 5054 5059
f 5048 4932 4913
f 5063 5060 5053
f 5063 5053 5057
f 5048 4913 5043
f 5048 4938 4932
f 5047 5030 5052
f 5054 5062 5058
f 5064 4938 5048
f 5048 5044 5065
f 5065 5064 5048
f 3348 3341 3328
f 789 5064 1072
f 5057 3341 3348
f 5065 1072 5064
f 5066 4691 4718
f 1072 1058 789
f 5067 5057 3348
f 4725 5066 4718
f 5066 5059 4691
f 789 4938 5064
f 5068 5059 5066
f 3375 5067 3348
f 5055 5069 5049
f 4725 4718 4721
f 5052 5049 5069
f 5069 5055 5070
f 5044 5061 5065
f 5065 5061 1111
f 4725 5071 5066
f 5067 5063 5057
f 5066 5071 5068
f 5070 5055 5072
f 1083 1072 5065
f 5068 5062 5059
f 5073 5074 5063
f 5065 1111 1083
f 5075 5063 5067
f 5075 5073 5063
f 5060 4889 4867
f 5074 4889 5060
f 5076 4892 4889
f 5076 4889 5074
f 5077 5062 5068
f 5063 5074 5060
f 4969 5042 4965
f 5078 5068 5071
f 4965 5042 5079
f 4993 4897 4892
f 5080 4993 4892
f 5080 4892 5076
f 5068 5078 5077
f 4996 4798 4814
f 4965 5079 5056
f 5081 5077 5078
f 5079 5061 5056
f 5058 3778 3774
f 4996 4814 5004
f 3778 5058 5082
f 5080 5083 4993
f 5074 5073 5076
f 5076 5073 5084
f 5085 5086 5042
f 5086 5079 5042
f 4814 4807 5087
f 5062 5088 5058
f 5089 5084 5073
f 5090 5091 5079
f 5088 5082 5058
f 5076 5084 5080
f 5079 5086 5090
f 5072 5092 5093
f 3778 5082 3775
f 3775 5082 3988
f 5092 5094 5093
f 3375 5075 5067
f 3375 3349 3378
f 5091 1111 5061
f 3378 5095 3375
f 5082 5096 3988
f 5089 5073 5075
f 1113 1110 1111
f 5095 5075 3375
f 5097 5072 5093
f 5098 5075 5095
f 1111 5091 1113
f 5098 5089 5075
f 5082 5088 5096
f 5099 3988 5096
f 5100 5070 5072
f 5101 5102 5096
f 5101 5096 5088
f 5100 5072 5097
f 5096 5102 5099
f 5103 5095 3378
f 3988 5099 5104
f 3384 5103 3378
f 5105 5099 5102
f 5095 5103 5106
f 4503 5103 3384
f 5093 5107 5097
f 5108 5103 4503
f 5108 5106 5103
f 5091 5109 1113
f 5062 5077 5088
f 5095 5106 5098
f 5061 5079 5091
f 5110 5097 5107
f 5111 5098 5106
f 5100 5097 5110
f 5077 5101 5088
f 5112 5113 5108
f 5108 5113 5106
f 5113 5111 5106
f 5093 5114 5115
f 5116 5115 5114
f 5098 5117 5089
f 5116 5114 5118
f 5111 5117 5098
f 5119 5101 5077
f 5077 5081 5119
f 5042 5039 5085
f 5014 4992 4993
f 5115 5116 5120
f 5120 5116 5121
f 5121 5116 5122
f 5014 4993 5083
f 4775 4777 5123
f 5124 5101 5119
f 5125 5084 5089
f 5124 5102 5101
f 5123 4777 4925
f 5126 5083 5080
f 5084 5126 5080
f 5127 5083 5126
f 5124 5119 5128
f 5129 5121 5122
f 5124 5105 5102
f 5123 4925 4931
f 5130 5105 5124
f 5107 5093 5115
f 5131 5130 5124
f 5084 5125 5126
f 5107 5115 5120
f 5132 5107 5120
f 5133 5126 5125
f 5133 5127 5126
f 5132 5120 5134
f 5110 5107 5132
f 5132 5135 5110
f 5117 5125 5089
f 5135 5132 5134
f 5123 5023 4775
f 5123 5136 5023
f 5023 5136 5013
f 4725 4784 5071
f 5134 5120 5121
f 5137 5013 5136
f 5134 5121 5138
f 5123 4931 5136
f 5139 5125 5117
f 4815 4784 4783
f 5140 5135 5134
f 5140 5134 5138
f 5133 5125 5139
f 5141 5142 5139
f 5139 5142 5133
f 5137 5143 5013
f 5144 5139 5117
f 5144 5117 5111
f 4815 5145 4784
f 5146 5144 5111
f 5138 5121 5129
f 5146 5111 5113
f 5147 5136 4931
f 4784 5078 5071
f 5148 5078 4784
f 5149 5139 5144
f 5144 5146 5149
f 5136 5147 5137
f 5078 5148 5081
f 5139 5149 5141
f 4784 5145 5148
f 4874 3295 3303
f 5150 5141 5149
f 5148 5151 5081
f 4874 3303 3317
f 5152 4874 3317
f 5019 4990 5014
f 5154 5019 5014
f 5155 4815 4813
f 4042 3317 3303
f 5155 5145 4815
f 3317 4042 3318
f 5083 5154 5014
f 5032 5015 5156
f 5083 5127 5154
f 5143 5015 5013
f 4818 5155 4813
f 5153 5157 4873
f 5154 5158 5019
f 5159 5154 5127
f 5143 5160 5156
f 5156 5015 5143
f 5159 5158 5154
f 5156 5040 5032
f 3317 5162 5152
f 5040 5085 5039
f 5021 5019 5158
f 5040 5163 5164
f 5021 5158 5165
f 5156 5160 5163
f 5166 5119 5081
f 5040 5156 5163
f 5021 5165 5041
f 5081 5151 5166
f 5167 5041 5165
f 5161 5157 5153
f 5168 5164 5163
f 5166 5128 5119
f 5168 5163 5169
f 5170 5159 5127
f 5169 5163 5160
f 4876 4873 5171
f 5160 5172 5169
f 5159 5165 5158
f 5171 4873 5157
f 5173 5165 5159
f 5173 5167 5165
f 5174 5143 5137
f 5143 5174 5160
f 5171 5175 4953
f 5176 5173 5159
f 5174 5172 5160
f 5170 5176 5159
f 5171 4953 4876
f 5174 5137 5177
f 5148 5178 5179
f 5180 5173 5176
f 5179 5151 5148
f 5147 5177 5137
f 5171 5157 5181
f 5171 5181 5175
f 5182 5178 5155
f 5155 5178 5145
f 5167 5183 5041
f 5147 5184 5177
f 5155 4818 5182
f 5178 5148 5145
f 5041 5183 5038
f 5183 5050 5038
f 5185 5177 5184
f 5161 5181 5157
f 5179 5178 5186
f 5161 5187 5181
f 5050 5183 5188
f 5189 5169 5172
f 5186 5178 5182
f 5167 5173 5190
f 5162 3317 3319
f 5162 3319 4074
f 5190 5183 5167
f 5190 5191 5183
f 5174 5177 5172
f 5192 5172 5177
f 5180 5190 5173
f 5193 5190 5180
f 5193 5191 5190
f 5188 5183 5191
f 5194 5191 5193
f 5195 5161 4073
f 5195 4073 5196
f 5179 5197 5151
f 5197 5166 5151
f 5198 5050 5188
f 5172 5192 5189
f 5199 5128 5166
f 5128 5131 5124
f 5194 5200 5191
f 5200 5188 5191
f 5201 5192 5185
f 5185 5192 5177
f 5133 5142 5170
f 5133 5170 5127
f 5166 5197 5199
f 5195 5196 5202
f 5128 5199 5131
f 5203 5192 5201
f 5204 5131 5199
f 5189 5192 5205
f 5196 5206 5202
f 5203 5205 5192
f 5170 5142 5207
f 5197 5179 5208
f 5187 5209 5210
f 5207 5176 5170
f 5211 5180 5176
f 5203 5212 5205
f 5213 5176 5207
f 5179 5186 5208
f 5213 5211 5176
f 5085 5214 5086
f 5187 5161 5195
f 5142 5141 5215
f 5216 5086 5214
f 5217 5199 5197
f 5209 5187 5195
f 5216 5090 5086
f 5218 5215 5150
f 5150 5215 5141
f 5199 5217 5204
f 5219 5220 5215
f 5221 5216 5214
f 5218 5219 5215
f 5222 5223 5216
f 5224 5204 5217
f 5217 5225 5224
f 5220 5207 5215
f 5215 5207 5142
f 5197 5208 5225
f 5225 5217 5197
f 5216 5221 5222
f 5220 5213 5207
f 5213 5220 5226
f 5227 5224 5225
f 5228 5209 5195
f 5228 5195 5202
f 5220 5219 5229
f 5220 5229 5226
f 1113 5109 2259
f 5109 2272 2259
f 5211 5193 5180
f 5230 5193 5211
f 5193 5230 5231
f 4952 4953 5232
f 3993 3988 5104
f 5226 5211 5213
f 5226 5230 5211
f 5226 5233 5230
f 5234 5090 5223
f 5233 5231 5230
f 3993 5104 4000
f 5193 5231 5194
f 5090 5216 5223
f 5091 5090 5109
f 5235 5231 5233
f 5090 5234 5109
f 4007 4000 5236
f 5232 4953 5175
f 5109 5234 2272
f 5237 5234 5223
f 5233 5226 5238
f 4000 5239 5236
f 5229 5238 5226
f 5240 5175 5210
f 5223 5222 5237
f 5241 5238 5229
f 5210 5175 5181
f 5242 5235 5233
f 5232 5175 5240
f 5242 5243 5235
f 5236 5244 5245
f 5245 5244 5246
f 5242 5233 5238
f 5242 5238 5247
f 5248 2273 2272
f 5248 2272 5234
f 5234 5237 5248
f 5249 5243 5242
f 5249 5242 5247
f 2273 5248 2332
f 5200 5194 5250
f 5187 5210 5181
f 5239 4000 5104
f 5250 5194 5231
f 5235 5250 5231
f 5105 5104 5099
f 5251 5237 5222
f 5240 5210 5252
f 5244 5236 5239
f 5237 5251 5253
f 5147 4931 5254
f 5255 5244 5239
f 5254 4931 4951
f 5248 5237 5253
f 5248 5253 2332
f 2333 2332 5253
f 5252 5256 5257
f 5256 5252 5210
f 5147 5254 5184
f 5258 5184 5254
f 5209 5256 5210
f 5259 5104 5105
f 5256 5209 5260
f 5261 5258 4951
f 5259 5239 5104
f 4951 5258 5254
f 5262 5258 5261
f 5253 5263 2333
f 5264 5259 5265
f 5228 5260 5209
f 4951 4959 5261
f 5105 5130 5265
f 5265 5259 5105
f 2333 5263 2350
f 5266 5262 5261
f 5267 5261 4959
f 5202 5206 5268
f 5040 5164 5085
f 5246 5244 5255
f 5258 5262 5185
f 5184 5258 5185
f 5214 5085 5164
f 5268 5206 5269
f 5270 5214 5164
f 5264 5255 5259
f 5259 5255 5239
f 5214 5270 5221
f 5270 5164 5168
f 5228 5202 5268
f 5270 5271 5221
f 5270 5168 5271
f 5272 5271 5168
f 5273 5264 5274
f 5275 5255 5264
f 5271 5272 5276
f 5168 5169 5272
f 5273 5275 5264
f 5268 5277 5278
f 5269 5277 5268
f 5279 5201 5185
f 5268 5278 5228
f 4007 5236 4013
f 4013 5236 5245
f 5185 5262 5279
f 5245 4707 4013
f 4707 3955 4013
f 5280 4707 5245
f 5267 5266 5261
f 5281 4707 5280
f 5272 5282 5276
f 5169 5189 5272
f 5262 5266 5279
f 5245 5246 5280
f 5277 5283 5284
f 5272 5189 5282
f 5285 5279 5266
f 5286 5279 5285
f 5287 5280 5246
f 5276 5221 5271
f 5276 5288 5221
f 5289 5266 5267
f 5276 5282 5288
f 5221 5288 5222
f 5281 3972 4707
f 5290 5278 5277
f 5288 5251 5222
f 5284 5291 5277
f 5282 5292 5288
f 5288 5292 5251
f 5290 5277 5291
f 4959 4972 5267
f 5006 5289 5267
f 5006 5267 4972
f 5293 5291 5284
f 5189 5205 5282
f 5006 5294 5289
f 5295 5291 5293
f 5287 5281 5280
f 5282 5205 5296
f 5266 5297 5285
f 5266 5289 5297
f 5286 5285 5298
f 5035 5294 5006
f 5299 5228 5278
f 5260 5228 5299
f 5300 5285 5297
f 5285 5300 5298
f 5282 5296 5292
f 5301 5298 5300
f 5292 5296 5302
f 5299 5278 5290
f 5294 5297 5289
f 5294 5300 5297
f 5300 5294 5303
f 5287 5304 5281
f 5303 5301 5300
f 5305 5201 5279
f 5305 5306 5201
f 5279 5286 5305
f 5290 5291 5295
f 5304 5287 5307
f 5308 5306 5305
f 5309 5304 5307
f 5295 5293 5310
f 5292 5263 5251
f 5286 5311 5305
f 5305 5311 5308
f 5253 5251 5263
f 5308 5312 5306
f 5313 5314 5295
f 5310 5313 5295
f 5315 5287 5246
f 5316 5312 5317
f 5318 5319 5263
f 5292 5318 5263
f 5246 5255 5275
f 5315 5246 5275
f 5298 5311 5286
f 5287 5315 5307
f 5320 5311 5298
f 5321 5313 5322
f 5323 5307 5315
f 5317 5312 5308
f 5324 5317 5308
f 5325 5326 5327
f 5324 5328 5317
f 5306 5203 5201
f 5324 5308 5311
f 5306 5212 5203
f 5329 5326 5325
f 5311 5320 5324
f 5312 5212 5306
f 5316 5212 5312
f 5319 2350 5263
f 2421 2350 5319
f 5301 5320 5298
f 5330 5331 5332
f 5333 5334 5320
f 5302 5296 5335
f 5325 5327 5336
f 5337 5265 5130
f 5301 5338 5333
f 5301 5333 5320
f 5265 5337 5274
f 5336 5339 5330
f 5274 5264 5265
f 5212 5316 5205
f 5334 5324 5320
f 5316 5296 5205
f 5335 5296 5316
f 5302 5335 5340
f 5333 5341 5334
f 5122 5342 5343
f 5344 5343 5342
f 5317 5345 5316
f 5345 5335 5316
f 5315 5275 5346
f 5347 5335 5345
f 5348 5275 5273
f 5348 5346 5275
f 5129 5122 5343
f 5335 5347 5340
f 5343 5349 5129
f 5323 5315 5346
f 5035 5006 5005
f 5303 5294 5035
f 5350 5349 5343
f 5351 5347 5345
f 5352 5303 5035
f 5345 5353 5351
f 5344 5326 5329
f 5354 5346 5348
f 5343 5344 5350
f 5354 5323 5346
f 5351 5355 5347
f 5350 5344 5329
f 5356 5323 5354
f 5292 5302 5318
f 5357 5307 5323
f 5329 5358 5350
f 5318 5302 5340
f 5359 5350 5358
f 5318 5340 5360
f 5338 5303 5352
f 5360 2421 5319
f 5034 5352 5035
f 5319 5318 5360
f 5361 5034 5050
f 5357 5323 5356
f 5138 5129 5362
f 5362 5129 5349
f 5361 5352 5034
f 5349 5359 5362
f 5363 5356 5354
f 5364 5138 5362
f 5362 5365 5364
f 5366 5360 5340
f 5338 5301 5303
f 5360 2530 2421
f 5365 5362 5367
f 5356 5363 5368
f 5350 5359 5349
f 5368 5357 5356
f 5360 5369 2530
f 5360 5366 5369
f 5370 5369 5366
f 5359 5358 5371
f 2550 2530 5369
f 5372 5363 5373
f 5372 5374 5368
f 5372 5368 5363
f 5362 5359 5367
f 5359 5375 5367
f 5376 5130 5131
f 5376 5337 5130
f 5361 5377 5352
f 5355 5340 5347
f 5131 5204 5376
f 5352 5377 5338
f 5375 5359 5371
f 5340 5355 5366
f 5378 5377 5361
f 5358 5329 5379
f 5379 5329 5325
f 5380 5376 5204
f 5381 5377 5378
f 5380 5337 5376
f 5382 5355 5351
f 5358 5379 5383
f 5384 5273 5274
f 5370 2550 5369
f 5338 5385 5333
f 5337 5384 5274
f 5371 5358 5383
f 5273 5384 5386
f 5380 5384 5337
f 5338 5387 5385
f 5382 5388 5355
f 5389 5386 5384
f 5388 5366 5355
f 5386 5348 5273
f 5333 5385 5341
f 5390 5341 5385
f 5366 5388 5370
f 5204 5224 5380
f 2550 5370 2575
f 5380 5224 5391
f 5370 5388 2575
f 5379 5325 5336
f 5379 5336 5392
f 5388 2579 2575
f 5391 5224 5227
f 5387 5338 5377
f 5393 5385 5387
f 5394 5388 5382
f 5394 2579 5388
f 5384 5380 5389
f 2584 2579 5394
f 5381 5387 5377
f 5395 5386 5389
f 5330 5392 5336
f 5396 5395 5389
f 5387 5397 5393
f 5387 5381 5397
f 5391 5389 5380
f 5392 5330 5398
f 5396 5389 5391
f 5399 5392 5400
f 5400 5392 5398
f 5379 5392 5399
f 5383 5379 5399
f 5401 5399 5400
f 5393 5390 5385
f 5402 5395 5396
f 5403 5393 5397
f 5371 5383 5404
f 5403 5405 5393
f 5348 5386 5395
f 5406 5407 5408
f 5345 5317 5328
f 5375 5371 5409
f 5409 5371 5404
f 5406 5408 5410
f 5409 5404 5411
f 5395 5354 5348
f 5353 5345 5328
f 5334 5328 5324
f 5363 5354 5395
f 5399 5404 5383
f 5363 5395 5402
f 5404 5399 5401
f 1784 5412 1806
f 5412 5413 1806
f 5413 5412 5414
f 5415 5401 5400
f 5416 5328 5334
f 5417 5413 5418
f 5411 5404 5401
f 5418 5413 5414
f 5416 5353 5328
f 5419 5353 5416
f 5418 5414 5420
f 5421 5411 5401
f 5422 5351 5353
f 5373 5363 5423
f 5421 5401 5415
f 1795 1806 5424
f 5351 5422 5382
f 5425 5382 5422
f 5353 5419 5422
f 5424 5426 1795
f 1796 1795 5426
f 5425 5422 5419
f 5331 5427 5332
f 5332 5427 5428
f 5429 5425 5430
f 5417 5431 5424
f 5416 5334 5341
f 5426 5424 5431
f 5432 5332 5433
f 5416 5434 5419
f 5416 5341 5434
f 4962 5182 4818
f 5432 5433 5435
f 5413 5424 1806
f 5435 5433 5436
f 5437 5341 5390
f 5437 5434 5341
f 5417 5424 5413
f 5435 5436 5438
f 5438 5436 5439
f 5430 5419 5434
f 5419 5430 5425
f 4962 5440 5182
f 5441 5330 5332
f 5440 5186 5182
f 5441 5332 5432
f 5442 5434 5437
f 5443 5444 5445
f 5446 5445 5418
f 5418 5445 5417
f 5398 5330 5441
f 5446 5443 5445
f 5447 5443 5446
f 5398 5441 5448
f 5449 5430 5442
f 5442 5430 5434
f 5441 5432 5450
f 5451 5452 5447
f 5186 5440 5453
f 5452 5454 5443
f 5432 5435 5455
f 5447 5452 5443
f 5450 5432 5455
f 5429 5382 5425
f 5456 5417 5445
f 5455 5457 5450
f 5417 5456 5431
f 4967 5458 4962
f 5440 4962 5458
f 5407 5431 5456
f 5394 5382 5429
f 5455 5435 5438
f 5408 5456 5444
f 5407 5456 5408
f 5438 5459 5455
f 4971 5458 4967
f 5457 5455 5459
f 5444 5443 5454
f 5454 5460 5444
f 5461 5457 5459
f 5410 5408 5460
f 5408 5444 5460
f 5439 5436 5462
f 5410 5460 5463
f 5463 5464 5410
f 5465 5453 5440
f 5465 5466 5453
f 2584 5394 5467
f 5439 5462 5468
f 5456 5445 5444
f 5469 5465 5458
f 5458 5465 5440
f 5467 5394 5429
f 5470 5467 5429
f 5454 5471 5460
f 5439 5472 5438
f 5470 5430 5449
f 5473 5439 5468
f 5474 1829 1828
f 5430 5470 5429
f 1839 5474 1828
f 5472 5439 5473
f 5474 1839 5475
f 5475 1839 5476
f 5475 5476 5477
f 5468 5478 5473
f 5453 5208 5186
f 5478 5468 925
f 1839 5426 5479
f 1839 1796 5426
f 5453 5480 5208
f 1828 1835 1839
f 5481 5442 5437
f 5390 5481 5437
f 5480 5453 5466
f 5476 1839 5479
f 5476 5479 5482
f 5459 5438 5472
f 5479 5426 5431
f 5480 5225 5208
f 5473 5483 5472
f 5405 5481 5390
f 5484 5225 5480
f 5483 5485 5472
f 5407 5479 5431
f 5486 5481 5405
f 5484 5227 5225
f 5485 5459 5472
f 5487 5442 5481
f 5461 5459 5488
f 5487 5449 5442
f 5488 5459 5485
f 5489 5449 5487
f 5482 5477 5476
f 5485 5490 5488
f 5490 5485 5483
f 5486 5487 5481
f 5487 5486 5491
f 1850 5474 5475
f 5405 5390 5393
f 5475 5492 1850
f 5492 2794 1850
f 5474 1850 1829
f 2794 1644 1850
f 5483 5473 5478
f 5493 5483 5478
f 5494 5405 5403
f 5494 5486 5405
f 5493 5478 959
f 959 5478 925
f 5486 5494 5495
f 5496 5497 5484
f 5496 5484 5480
f 5495 5494 5498
f 5499 5490 5483
f 5499 5483 5493
f 5493 1064 5499
f 5489 5470 5449
f 1064 5493 959
f 5492 5475 5500
f 5198 5361 5050
f 5400 5398 5448
f 5448 5501 5400
f 5378 5361 5198
f 5450 5448 5441
f 5482 5479 5407
f 5502 5378 5198
f 5482 5407 5406
f 5502 5198 5188
f 5482 5503 5477
f 5480 5466 5496
f 5504 5400 5501
f 5505 5496 5466
f 5506 5503 5482
f 5507 5466 5465
f 5508 5381 5378
f 5410 5506 5406
f 5508 5509 5381
f 5464 5506 5410
f 5501 5510 5504
f 5482 5406 5506
f 5507 5505 5466
f 5508 5378 5502
f 5457 5511 5450
f 5501 5448 5450
f 5450 5511 5501
f 5505 5497 5496
f 5506 5464 5512
f 5513 5497 5505
f 5503 5506 5512
f 5505 5507 5514
f 5505 5514 5513
f 5477 5503 5515
f 5500 5475 5477
f 5500 5477 5515
f 5511 5457 5461
f 5516 5502 5188
f 5516 5188 5200
f 5515 5517 5500
f 5510 5501 5511
f 5511 5518 5510
f 5519 5511 5461
f 5520 5508 5502
f 5518 5511 5519
f 5518 5519 5521
f 5508 5520 5522
f 5515 5523 5524
f 5502 5516 5520
f 5525 5520 5516
f 5526 5522 5520
f 5525 5526 5520
f 5415 5400 5504
f 5515 5503 5523
f 5527 5469 5458
f 5527 5458 4971
f 5523 5503 5512
f 5528 5415 5504
f 5527 4971 5037
f 5397 5381 5509
f 5037 5529 5527
f 5397 5509 5403
f 5527 5529 5530
f 5509 5508 5522
f 5530 5531 5527
f 5532 5403 5509
f 5533 5465 5469
f 5465 5533 5507
f 5452 5451 5534
f 5535 5534 5536
f 5537 5528 5510
f 5510 5528 5504
f 5531 5469 5527
f 5535 5471 5454
f 5469 5531 5533
f 5454 5452 5535
f 5471 5535 5538
f 5403 5532 5539
f 5540 5533 5541
f 5541 5533 5531
f 5534 5535 5452
f 5542 5510 5518
f 5536 5538 5535
f 5538 5536 5543
f 5544 5542 5518
f 5544 5518 5521
f 5509 5522 5532
f 5537 5510 5542
f 5545 5532 5522
f 5538 5543 5546
f 5522 5526 5545
f 5537 5542 5547
f 5547 5542 5544
f 5471 5463 5460
f 5471 5548 5463
f 5046 5529 5037
f 5548 5471 5538
f 5549 5530 5529
f 5550 5551 5532
f 5532 5545 5550
f 5551 5539 5532
f 5046 5552 5529
f 5549 5529 5552
f 5463 5553 5464
f 5548 5554 5463
f 5519 5461 5488
f 5553 5463 5554
f 5488 5555 5519
f 5488 5490 5556
f 5549 5557 5530
f 5555 5488 5556
f 5554 5548 5558
f 5530 5541 5531
f 5548 5538 5559
f 5558 5548 5559
f 5243 5249 5560
f 5557 5541 5530
f 5560 5561 5243
f 5521 5519 5555
f 5558 5562 5563
f 5554 5558 5563
f 5564 5540 5541
f 5565 5516 5200
f 5566 5200 5250
f 5566 5565 5200
f 5556 5490 5499
f 5564 5541 5557
f 5567 5565 5566
f 5499 5568 5556
f 5566 5250 5567
f 5243 5250 5235
f 5243 5567 5250
f 5568 5499 1064
f 1064 1063 5568
f 5525 5516 5565
f 5555 5556 5568
f 5565 5567 5569
f 5569 5570 5525
f 5569 5525 5565
f 5571 5546 5543
f 5568 5572 5555
f 5573 5507 5533
f 5538 5546 5559
f 5570 5526 5525
f 5572 5568 1063
f 5559 5546 5574
f 5533 5540 5573
f 5574 5546 5571
f 5569 5575 5570
f 5573 5540 5576
f 5544 5521 5577
f 5578 5579 5571
f 5576 5580 5573
f 5573 5514 5507
f 5555 5572 5521
f 5581 5574 5579
f 5243 5561 5567
f 5577 5521 5572
f 5571 5579 5574
f 5514 5582 5513
f 5580 5514 5573
f 5559 5583 5558
f 5561 5569 5567
f 5561 5575 5569
f 5580 5582 5514
f 5584 5577 5572
f 5585 5582 5580
f 5562 5583 5586
f 5584 5572 5587
f 5588 5562 5586
f 5583 5562 5558
f 5589 5586 5583
f 5590 5591 5575
f 5590 5575 5561
f 5590 5561 5560
f 5581 5589 5583
f 5581 5592 5589
f 5540 5564 5576
f 5593 5526 5570
f 5588 5586 5594
f 5588 5594 5595
f 5575 5593 5570
f 2888 4682 1618
f 5594 5589 5592
f 5589 5594 5586
f 5593 5596 5597
f 5594 5592 5595
f 5545 5526 5597
f 4682 2888 3331
f 5583 5559 5574
f 5598 5576 5564
f 5581 5583 5574
f 5526 5593 5597
f 5599 5545 5597
f 5600 5601 5598
f 5598 5601 5576
f 5599 5550 5545
f 5601 5580 5576
f 5599 5602 5550
f 5512 5464 5603
f 3331 4683 4682
f 5604 5602 5599
f 5603 5464 5553
f 5603 5553 5605
f 5596 5599 5597
f 5554 5605 5553
f 5606 5580 5601
f 5604 5599 5596
f 5606 5585 5580
f 3333 3275 4683
f 4683 3331 3333
f 5607 5606 5601
f 5591 5593 5575
f 5593 5591 5596
f 5603 5605 5608
f 5608 5605 5609
f 5610 5523 5611
f 5512 5603 5611
f 5612 5613 5614
f 5614 5613 5591
f 5591 5613 5596
f 5523 5512 5611
f 5612 5604 5613
f 5615 5604 5612
f 5616 5611 5603
f 5613 5604 5596
f 5617 5372 5373
f 5618 5611 5616
f 5610 5611 5618
f 5539 5494 5403
f 5539 5498 5494
f 5551 5498 5539
f 5619 5620 5617
f 5602 5551 5550
f 5616 5603 5608
f 5602 5621 5551
f 5622 5621 5602
f 5227 5484 5623
f 5391 5227 5623
f 5624 5616 5608
f 5624 5625 5616
f 5626 5602 5604
f 5626 5622 5602
f 5627 5484 5497
f 5627 5623 5484
f 5608 5609 5628
f 5628 5609 5629
f 5628 5629 5630
f 5631 5622 5626
f 5623 5396 5391
f 5626 5604 5632
f 5633 5631 5626
f 5623 5634 5396
f 5631 5635 5622
f 5396 5634 5402
f 5624 5608 5628
f 5636 5402 5634
f 5624 5628 5637
f 5637 5628 5630
f 5638 5639 5631
f 5196 4073 4087
f 5640 5634 5641
f 5642 5624 5637
f 5641 5634 5623
f 5632 5633 5626
f 4215 5206 4087
f 4082 4216 4086
f 5615 5632 5604
f 5196 4087 5206
f 5643 5632 5615
f 5630 5644 5637
f 5513 5627 5497
f 5645 5644 5630
f 5206 4215 5646
f 5641 5623 5627
f 5633 5638 5631
f 5647 5644 5645
f 5648 5638 5633
f 5269 5206 5646
f 5649 5627 5513
f 5649 5641 5627
f 5605 5554 5563
f 5643 5633 5632
f 5562 5609 5563
f 5648 5633 5643
f 5563 5609 5605
f 5648 5643 5650
f 4218 5283 5646
f 5646 4215 4218
f 5283 4218 5651
f 5609 5562 5588
f 5629 5609 5588
f 5629 5588 5595
f 5269 5646 5283
f 5652 5653 5638
f 5638 5653 5639
f 5638 5648 5652
f 5283 5277 5269
f 5654 5653 5652
f 5655 5653 5654
f 5656 5652 5648
f 5657 5658 5641
f 5283 5651 5284
f 5658 5640 5641
f 5652 5656 5654
f 5659 5654 5656
f 5660 5629 5595
f 5661 5655 5654
f 5659 5661 5654
f 5630 5629 5660
f 5402 5423 5363
f 5402 5636 5423
f 4241 5651 4218
f 2006 2007 5662
f 4254 5651 4241
f 5579 5578 5663
f 5651 4254 5664
f 5423 5636 5665
f 5581 5666 5667
f 5668 5669 5666
f 5579 5666 5581
f 5640 5636 5634
f 5666 5579 5663
f 5666 5663 5668
f 5662 2007 5670
f 5671 5651 5664
f 5668 5663 5672
f 5619 5373 5665
f 5665 5373 5423
f 5668 5673 5669
f 5668 5672 5673
f 5662 5670 5674
f 5617 5373 5619
f 5592 5581 5667
f 5595 5592 5675
f 5676 5664 5677
f 5678 5662 5674
f 5675 5592 5667
f 5671 5664 5676
f 5679 5662 5678
f 5675 5667 5669
f 5680 5636 5640
f 5681 5665 5680
f 5680 5665 5636
f 654 5676 630
f 5682 5675 5669
f 5678 5683 5684
f 5685 5684 5683
f 5664 4254 5677
f 5677 4254 225
f 5640 5658 5680
f 5666 5669 5667
f 5686 5680 5658
f 5687 5685 5683
f 5677 225 622
f 5688 5689 5690
f 5691 5682 5669
f 5691 5669 5673
f 5676 5677 622
f 434 2045 4054
f 5620 5619 5681
f 5681 5619 5665
f 630 5676 622
f 5682 5691 5692
f 5293 5284 5671
f 5693 5620 5681
f 5651 5671 5284
f 2045 5694 4054
f 5695 5620 5693
f 5673 5672 5696
f 2004 2044 2005
f 2045 2044 5694
f 5694 2044 5697
f 5697 2044 2004
f 5691 5673 5696
f 5698 5694 5697
f 5691 5696 5699
f 2004 2006 5700
f 5700 5697 2004
f 5699 5701 5691
f 5701 5699 5702
f 5293 5671 5703
f 4052 4054 4057
f 5703 5671 5676
f 5703 5676 654
f 5691 5704 5692
f 4054 4060 4057
f 5705 4054 5698
f 5706 5698 5697
f 5700 5706 5697
f 5707 5695 5708
f 696 5293 5703
f 5310 5293 696
f 5698 4054 5694
f 5704 5691 5701
f 5705 5698 5709
f 5709 5698 5706
f 654 696 5703
f 5710 5707 5708
f 5662 5700 2006
f 5647 5645 5711
f 5700 5712 5706
f 5595 5675 5660
f 5712 5700 5662
f 5712 5713 5706
f 5310 696 5322
f 5713 5712 5679
f 5714 5707 5710
f 5715 5716 5714
f 5714 5716 5707
f 5660 5675 5717
f 5718 5717 5675
f 693 696 654
f 5582 5649 5513
f 5679 5712 5662
f 5718 5675 5682
f 5313 5310 5322
f 5649 5657 5641
f 4054 5705 4060
f 5718 5682 5719
f 5720 5657 5649
f 697 5322 696
f 5721 4092 4060
f 5720 5649 5582
f 5721 5705 5722
f 5585 5720 5582
f 5722 5723 5721
f 5705 5721 4060
f 5692 5719 5682
f 5322 5724 5321
f 5705 5709 5722
f 5725 5717 5718
f 5722 5709 5713
f 5711 5717 5725
f 5706 5713 5709
f 5724 5322 697
f 5660 5645 5630
f 5711 5645 5717
f 5717 5645 5660
f 4095 4092 5721
f 5721 5726 4095
f 5726 5721 5723
f 5727 5657 5720
f 5725 5718 5719
f 5728 5658 5657
f 4095 5729 4106
f 1064 959 964
f 5729 4095 5726
f 5728 5657 5727
f 5711 5725 5730
f 5730 5725 5731
f 5732 5720 5585
f 5722 5733 5723
f 5734 5726 5723
f 5732 5727 5720
f 5587 5572 1107
f 5606 5732 5585
f 5735 5732 5606
f 5719 5692 5736
f 1107 1063 1073
f 5737 5732 5735
f 5692 5738 5736
f 5739 5713 5679
f 5692 5704 5738
f 5740 5728 5727
f 5722 5713 5733
f 1107 5572 1063
f 5733 5713 5739
f 5738 5704 5741
f 5587 1107 5742
f 5679 5684 5739
f 5743 5736 5738
f 5744 5740 5727
f 5744 5727 5732
f 5678 5684 5679
f 5744 5732 5737
f 5745 5739 5684
f 5684 5685 5745
f 5746 5740 5744
f 5747 5746 5744
f 5748 5719 5736
f 5745 5733 5739
f 5731 5725 5719
f 5733 5745 5749
f 5749 5750 5733
f 5731 5719 5748
f 5723 5733 5750
f 5728 5686 5658
f 1247 1246 5751
f 5693 5681 5680
f 5680 5686 5693
f 5751 1246 5752
f 5693 5686 5708
f 5749 5745 5753
f 5748 5736 5754
f 5753 5745 5685
f 5754 5736 5743
f 5753 5688 5749
f 5753 5685 5689
f 5689 5685 5687
f 5755 5757 5748
f 5688 5753 5689
f 5755 5748 5754
f 1256 1247 5751
f 5728 5708 5686
f 5693 5708 5695
f 2012 2095 5759
f 5759 2095 5760
f 5761 5759 5762
f 5762 5759 5760
f 5670 2007 2012
f 5704 5701 5741
f 5763 5728 5740
f 5764 5741 5701
f 5759 5670 2012
f 5761 5670 5759
f 2095 2083 5760
f 5765 5763 5740
f 5763 5708 5728
f 5741 5764 5766
f 5760 2083 2089
f 5767 5768 5764
f 2089 5769 5760
f 5763 5710 5708
f 5752 1246 5770
f 5770 1246 4580
f 5762 5760 5771
f 5766 5764 5768
f 5766 5768 5772
f 5771 5760 5769
f 5740 5746 5765
f 5773 5774 5768
f 5772 5768 5774
f 5772 5774 5775
f 5763 5765 5710
f 5774 5773 5776
f 5776 5775 5774
f 5761 5762 5777
f 5778 5710 5765
f 5779 5775 5780
f 5674 5670 5761
f 5674 5761 5781
f 5782 5738 5741
f 5781 5761 5777
f 5783 5782 5741
f 1996 1994 2584
f 5784 5771 5769
f 5770 5785 5752
f 5743 5738 5782
f 5784 5762 5771
f 5743 5782 5786
f 5777 5762 5784
f 5786 5782 5783
f 5467 5787 2584
f 5788 5777 5784
f 2584 5787 1996
f 5789 5766 5772
f 5766 5783 5741
f 5783 5766 5789
f 5769 2114 2118
f 5790 5783 5789
f 5752 5791 5751
f 2089 2114 5769
f 5792 5783 5790
f 5791 5752 5794
f 1996 5787 5795
f 5755 5754 5797
f 5756 5796 5798
f 5799 5769 2118
f 2117 2119 5800
f 5800 2119 2396
f 5792 5786 5783
f 5800 2396 5801
f 5797 5786 5792
f 5796 5793 5802
f 5795 1992 1996
f 2118 2117 5800
f 5798 5796 5802
f 5801 5803 5800
f 5804 5792 5790
f 5803 2118 5800
f 5802 5793 5805
f 1992 5795 2046
f 5803 5799 2118
f 5804 5790 5806
f 5807 5808 5805
f 5752 5785 5794
f 5795 5809 2046
f 5810 5769 5799
f 5802 5805 5808
f 5811 5794 5812
f 5802 5808 5813
f 5814 5810 5815
f 5775 5816 5772
f 5794 5785 5812
f 5799 5803 5817
f 5789 5772 5816
f 5779 5816 5775
f 5818 5816 5779
f 5818 5779 5820
f 5812 5785 5822
f 5812 5822 5823
f 5820 5779 5780
f 5815 5810 5799
f 5815 5799 5817
f 5823 5824 5812
f 5808 5807 5825
f 5825 5807 5819
f 5826 5808 5825
f 5827 5809 5795
f 5813 5808 5826
f 5810 5784 5769
f 5811 5812 5824
f 5828 5809 5827
f 5788 5784 5814
f 5814 5784 5810
f 5829 5830 904
f 5831 5832 5787
f 5791 5794 5833
f 5781 5678 5674
f 5787 5827 5795
f 5833 5794 5811
f 5787 5832 5827
f 5834 5781 5777
f 5683 5678 5781
f 5687 5683 5834
f 5835 5791 5836
f 5836 5791 5833
f 5834 5683 5781
f 5837 5838 5839
f 5833 5840 5836
f 5841 5788 5842
f 5841 5842 5843
f 5841 5777 5788
f 5834 5777 5841
f 5844 5833 5811
f 5845 5834 5841
f 5844 5811 5824
f 5846 5847 5848
f 5849 5827 5832
f 5844 5824 5850
f 5837 5851 5852
f 5853 5844 5850
f 5852 5848 5837
f 5854 5687 5845
f 5845 5687 5834
f 5840 5833 5844
f 5846 5848 5852
f 5853 5840 5844
f 5689 5687 5854
f 5690 5689 5854
f 5843 5845 5841
f 5854 5845 5855
f 5855 5845 5843
f 5856 5851 5839
f 5857 5828 5827
f 5858 5855 5843
f 5859 5856 5860
f 5814 5815 5861
f 1286 1256 5862
f 5863 1286 5862
f 5864 5865 5866
f 5866 5865 5860
f 5865 5859 5860
f 5865 5864 5867
f 5857 5827 5849
f 5861 5815 5868
f 5868 5815 5817
f 5869 5857 5870
f 5870 5857 5849
f 5851 5837 5839
f 5871 5861 5872
f 5872 5861 5868
f 5859 5851 5856
f 5873 5851 5859
f 5873 5874 5851
f 5863 5862 5875
f 5876 5863 5875
f 2052 2046 5809
f 5874 5852 5851
f 5872 5877 5878
f 5878 5877 5879
f 5880 5852 5874
f 5788 5814 5842
f 5881 2052 5828
f 5842 5814 5861
f 5881 2054 2052
f 5863 1287 1286
f 5843 5842 5882
f 5883 5873 5859
f 5828 2052 5809
f 5882 5842 5861
f 1289 1287 5863
f 5883 5859 5865
f 5883 5865 5867
f 5873 5883 5884
f 5861 5871 5882
f 1289 5863 5885
f 5873 5886 5874
f 5885 5863 5887
f 5843 5882 5858
f 5888 5881 5828
f 5873 5889 5886
f 5890 5886 5889
f 5891 5858 5882
f 5891 5882 5871
f 5887 5863 5876
f 5881 5892 2054
f 5884 5889 5873
f 5875 5893 5876
f 5892 2058 2054
f 5891 5871 5878
f 5878 5871 5872
f 5879 5891 5878
f 5888 5892 5881
f 5534 5847 5894
f 5847 5895 5894
f 5896 5887 5876
f 5887 5896 5897
f 5898 5894 5895
f 5896 5876 5893
f 5899 5828 5857
f 5900 5895 5846
f 5836 5901 5835
f 5899 5888 5828
f 5875 5835 5901
f 5893 5875 5901
f 5846 5895 5847
f 5857 5869 5899
f 5901 5902 5893
f 5902 5903 5893
f 5904 5895 5900
f 5904 5898 5895
f 5896 5893 5903
f 5897 5896 5905
f 5905 5896 5903
f 5901 5836 5906
f 5906 5836 5840
f 5907 5892 5888
f 5908 5909 4311
f 5902 5901 5906
f 5543 5898 5910
f 5911 5912 5908
f 5908 5912 5909
f 5913 5910 5898
f 5913 5914 5910
f 5915 5840 5853
f 5906 5840 5915
f 5914 5578 5910
f 4308 4311 5909
f 5916 5915 5853
f 5909 4309 4308
f 5902 5906 5915
f 5917 5907 5888
f 5909 5918 4309
f 5904 5913 5898
f 5919 5918 5909
f 5919 5920 5918
f 5904 5921 5913
f 5921 5922 5913
f 5919 5909 5912
f 5899 5923 5888
f 5923 5917 5888
f 5913 5922 5914
f 5924 5917 5923
f 5925 5914 5922
f 5924 5926 5917
f 5927 5925 5922
f 5927 5922 5921
f 5928 5929 5911
f 5912 5911 5929
f 5930 5902 5915
f 5931 5929 5928
f 5930 5915 5932
f 5933 5931 5928
f 5903 5902 5930
f 5934 5903 5930
f 5930 5935 5934
f 5936 5937 5938
f 5935 5930 5932
f 5939 5938 5937
f 5846 5880 5900
f 5832 5940 5849
f 5941 5931 5933
f 5920 5919 5942
f 5886 5880 5874
f 5943 5944 5942
f 5940 5832 5945
f 5946 5900 5880
f 5919 5912 5929
f 5947 5940 5945
f 5946 5880 5886
f 5846 5852 5880
f 5931 5943 5929
f 5823 5948 5949
f 5942 5919 5943
f 5943 5919 5929
f 5900 5946 5936
f 5900 5936 5904
f 5949 5950 5951
f 5952 5944 5953
f 5870 5849 5940
f 5954 5952 5953
f 5931 5953 5943
f 5941 5953 5931
f 5955 5949 5956
f 5944 5943 5953
f 5946 5886 5957
f 5956 5949 5951
f 5890 5957 5886
f 5956 5951 5958
f 5726 5734 5729
f 5729 4344 4342
f 4344 5729 5734
f 5729 4342 4106
f 5959 5870 5940
f 5734 5960 4344
f 5937 5936 5946
f 5957 5937 5946
f 5723 5750 5961
f 5937 5957 5939
f 5962 5940 5947
f 5961 5963 5960
f 5904 5964 5921
f 5956 5958 5965
f 5904 5936 5964
f 5940 5962 5959
f 5966 5964 5936
f 5961 5734 5723
f 5961 5960 5734
f 5964 5967 5921
f 5921 5967 5927
f 4344 5960 4352
f 5850 5955 5853
f 5963 5968 5960
f 5969 5967 5964
f 4352 5970 4351
f 5960 5968 4352
f 5970 4352 5968
f 5959 5971 5870
f 5938 5966 5936
f 5972 5966 5938
f 5973 5968 5963
f 5908 5968 5973
f 5974 5966 5972
f 5975 5971 5959
f 5973 5963 5976
f 5916 5955 5977
f 5966 5969 5964
f 5969 5966 5974
f 5977 5955 5956
f 5750 5978 5961
f 5750 5749 5979
f 5980 5969 5974
f 5963 5961 5978
f 5750 5979 5978
f 5977 5956 5965
f 5979 5749 5688
f 5971 5981 5870
f 5982 5979 5688
f 5690 5982 5688
f 5976 5963 5978
f 5958 1040 5983
f 5978 5979 5984
f 5985 5986 5864
f 5958 5983 5965
f 5976 5978 5984
f 5984 5987 5976
f 5984 5988 5987
f 5869 5870 5981
f 5869 5923 5899
f 1040 1047 5983
f 5989 5923 5869
f 5988 5933 5987
f 5933 5928 5987
f 5983 1047 5990
f 5986 5867 5864
f 5869 5981 5989
f 5867 5991 5884
f 5867 5884 5883
f 5979 5988 5984
f 5988 5979 5982
f 5988 5992 5933
f 5965 5983 5990
f 5992 5988 5982
f 5991 5867 5986
f 5993 5989 5981
f 5994 5991 5986
f 5970 4311 4374
f 5995 5989 5993
f 5991 5996 5889
f 5889 5996 5890
f 4374 4351 5970
f 5989 5924 5923
f 5997 5890 5996
f 5970 5908 4311
f 5998 5997 5996
f 5908 5970 5968
f 5889 5884 5991
f 1047 1044 5999
f 5996 5991 5994
f 5990 1047 6000
f 5976 5911 5973
f 5908 5973 5911
f 6000 1047 5999
f 5995 5924 5989
f 6001 6000 6002
f 6003 6004 5994
f 5911 5976 5987
f 5987 5928 5911
f 5996 5994 5998
f 6004 5998 5994
f 6005 5981 5971
f 5971 5975 6005
f 5981 6005 5993
f 6006 5993 6005
f 6007 6005 5975
f 5977 5965 6008
f 6008 5965 5990
f 6009 5690 5854
f 6004 6010 5998
f 6007 6006 6005
f 6008 6011 6012
f 5690 6013 5982
f 6013 5690 6009
f 6009 6014 6013
f 6001 5990 6000
f 6008 5990 6001
f 6004 6015 6010
f 5855 6009 5854
f 6006 5995 5993
f 6016 6009 5855
f 6016 5855 5858
f 5995 6006 6017
f 6018 6001 6002
f 6019 6015 6004
f 6009 6016 6014
f 6011 6008 6001
f 6014 6016 6020
f 6011 6001 6018
f 6021 5982 6013
f 5992 5982 6021
f 5916 5853 5955
f 6022 5938 5939
f 6006 6023 6017
f 5916 5932 5915
f 6017 6023 6024
f 6025 6021 6013
f 6026 5938 6022
f 6013 6014 6025
f 6014 6020 6025
f 5892 2205 2058
f 6020 6027 6025
f 6028 2206 2205
f 5892 5907 2205
f 5890 5997 6029
f 6029 5957 5890
f 6020 6030 6027
f 5907 6028 2205
f 5939 5957 6029
f 6031 5932 5916
f 5916 5977 6032
f 6016 5858 6033
f 6033 5858 5891
f 5939 6029 6022
f 6031 5916 6032
f 6034 6033 5891
f 6010 5997 5998
f 6033 6020 6016
f 6029 5997 6035
f 6034 5891 5879
f 6035 5997 6010
f 6036 6034 5879
f 5879 6037 6036
f 6035 6022 6029
f 6022 6035 6038
f 2220 2206 6028
f 6033 6030 6020
f 6030 6033 6034
f 6039 2220 6028
f 6010 6040 6035
f 6035 6040 6038
f 5972 5938 6026
f 6030 6036 6041
f 6036 6030 6034
f 6041 6036 6037
f 6042 5972 6026
f 6043 5932 6031
f 6044 5932 6043
f 5974 6045 5980
f 6045 6042 6046
f 6042 5974 5972
f 6042 6045 5974
f 6047 6031 6032
f 6032 6048 6047
f 5941 5992 6049
f 6050 6028 5907
f 6050 5907 5917
f 5933 5992 5941
f 6043 6031 6047
f 6051 6050 5926
f 5926 6050 5917
f 6021 6049 5992
f 6051 6052 6050
f 6022 6038 6026
f 6049 6021 6025
f 6047 6053 6043
f 6054 6026 6038
f 6055 6056 6049
f 6049 6056 5941
f 6027 6057 6055
f 6025 6055 6049
f 6055 6025 6027
f 6052 6039 6028
f 6052 6028 6050
f 6058 6059 6046
f 6054 6042 6026
f 6046 6042 6054
f 6060 6046 6054
f 6046 6060 6058
f 6056 5954 5953
f 6012 6032 5977
f 6061 6062 5954
f 6063 6039 6052
f 5954 6056 6061
f 6012 5977 6008
f 5953 5941 6056
f 6064 6040 6010
f 6061 6056 6055
f 6065 6052 6051
f 6061 6055 6057
f 6061 6066 6062
f 6048 6032 6012
f 6048 6012 6067
f 6066 6057 6068
f 6065 6063 6052
f 6010 6015 6069
f 6066 6061 6057
f 6069 6064 6010
f 6070 6063 6065
f 6071 6038 6040
f 6067 6012 6011
f 6040 6064 6072
f 6039 2251 2220
f 6072 6071 6040
f 6073 2251 6039
f 6074 6075 6076
f 6077 6075 6074
f 6030 6078 6027
f 6069 6015 2495
f 6064 6069 6079
f 2251 6073 2265
f 2405 6079 6069
f 6080 6067 6011
f 6069 2495 2405
f 6078 6081 6082
f 6057 6027 6078
f 6078 6082 6057
f 2495 2406 2405
f 6083 6030 6041
f 6079 6072 6064
f 6072 6079 2413
f 6083 6078 6030
f 6041 6084 6083
f 6083 6081 6078
f 6081 6083 6084
f 6085 6048 6067
f 2412 2413 6079
f 6079 2405 2412
f 6086 2264 2265
f 2265 6073 6086
f 6057 6082 6068
f 6048 6087 6047
f 6038 6071 6054
f 6086 2784 2264
f 6068 6077 6088
f 6077 6068 6082
f 6087 6048 6089
f 6089 6048 6085
f 6054 6071 6060
f 6089 6085 6090
f 6081 6075 6082
f 6072 2428 6071
f 6076 6075 6081
f 6077 6082 6075
f 6085 6067 6091
f 6091 6067 6080
f 6063 6073 6039
f 6091 6080 6092
f 2424 6060 6071
f 6093 6060 2424
f 6058 6060 6093
f 6073 6063 6094
f 6085 6091 6090
f 2424 6071 2428
f 6095 6091 6092
f 6095 6090 6091
f 6070 6096 6063
f 6093 2424 2423
f 6096 6094 6063
f 6096 6097 6094
f 6094 6097 6098
f 6095 6092 6099
f 2253 6100 2254
f 6094 6098 6073
f 2253 2255 6100
f 6101 1289 5885
f 1451 1289 6101
f 6102 6100 2255
f 5924 5995 6103
f 6104 5926 6103
f 6103 5926 5924
f 5885 6105 6101
f 2428 6072 2413
f 2428 2422 2424
f 6106 6101 6105
f 6105 6107 6106
f 6051 5926 6104
f 6105 5885 5887
f 6104 6065 6051
f 6105 5887 5897
f 6102 2255 6108
f 6108 2255 2283
f 6109 6104 6103
f 1783 5412 1784
f 1783 6110 5412
f 6110 5414 5412
f 2283 2269 2286
f 6111 6065 6104
f 2125 6110 1783
f 2283 2286 6112
f 6107 6105 5897
f 6065 6111 6070
f 6110 6113 6114
f 6110 6114 5414
f 6070 6111 6115
f 2283 6112 6108
f 6114 5838 6116
f 6116 5420 6114
f 6114 5420 5414
f 6104 6109 6111
f 6101 1463 1451
f 6117 6115 6111
f 6106 1463 6101
f 2125 2136 6110
f 6118 6102 6108
f 6113 6110 2136
f 6119 6106 6107
f 6118 6108 6120
f 6103 5995 6017
f 1463 6106 6119
f 6121 6118 6120
f 6122 6109 6017
f 6017 6109 6103
f 2140 6123 2136
f 6108 6112 6124
f 6123 6113 2136
f 6017 6024 6122
f 1463 6119 1469
f 6113 6125 5838
f 5838 6114 6113
f 6120 6108 6124
f 6113 6123 6125
f 6125 5839 5838
f 6109 6122 6117
f 6121 6126 6127
f 6116 5446 5420
f 6116 6128 5446
f 6120 6124 6126
f 6117 6111 6109
f 6121 6120 6126
f 6126 6124 6129
f 5837 6116 5838
f 5837 6128 6116
f 5418 5420 5446
f 6130 6119 6107
f 6128 5447 5446
f 6130 6107 6131
f 5447 6128 5451
f 6132 6117 6122
f 5848 6128 5837
f 6117 6132 6133
f 5934 5905 5903
f 6127 6126 6134
f 6134 6126 6129
f 6134 6129 6135
f 5848 5451 6128
f 5451 5848 5847
f 5897 5905 6136
f 6136 5905 5934
f 6136 5934 6137
f 6115 6096 6070
f 2364 2362 2376
f 6136 6107 5897
f 6138 6097 6096
f 6139 6123 2140
f 6140 6125 6123
f 2371 6141 2376
f 2167 6139 2140
f 2375 6141 2371
f 6142 6139 2167
f 6096 6115 6138
f 6139 6140 6123
f 6143 6140 6142
f 6142 6140 6139
f 6131 6107 6136
f 6144 6141 6145
f 6145 6141 2375
f 5856 5839 6125
f 5856 6125 6140
f 6140 6143 5856
f 6115 6117 6133
f 6142 2167 2176
f 2286 2271 6146
f 2271 2389 6147
f 6142 2176 6148
f 6149 6115 6133
f 6142 6148 6143
f 6146 2271 6147
f 6149 6138 6115
f 2319 6148 2176
f 6150 6146 6147
f 6143 5860 5856
f 6147 2389 2393
f 6143 5866 5860
f 6151 6130 6131
f 6143 6148 5866
f 6133 6152 6149
f 6147 2393 6153
f 6147 6153 6150
f 6154 6153 2393
f 6131 6136 6137
f 6137 6155 6131
f 6156 6153 6154
f 5847 5534 5451
f 5894 5536 5534
f 6137 5934 5935
f 6157 6150 6153
f 6158 6138 6149
f 6153 6156 6157
f 5935 6159 6137
f 6149 6160 6158
f 5894 5543 5536
f 6146 6112 2286
f 5894 5898 5543
f 6155 6137 6159
f 6161 6159 5935
f 6124 6146 6150
f 5543 5910 5571
f 6146 6124 6112
f 6098 6086 6073
f 6098 6162 6086
f 6124 6150 6163
f 5571 5910 5578
f 6163 6150 6157
f 2321 6148 2319
f 6131 6164 6151
f 6165 6162 6098
f 6164 6131 6155
f 2393 2336 2364
f 2393 2364 6154
f 6164 6155 6166
f 6167 6148 2321
f 2364 2376 6154
f 6097 6165 6098
f 5866 6148 5864
f 6155 6159 6166
f 6144 6154 2376
f 6168 6165 6097
f 6156 6154 6144
f 6148 6167 5864
f 5864 6167 5985
f 6141 6144 2376
f 6097 6138 6168
f 2321 6169 6167
f 6170 6156 6144
f 6164 6166 6171
f 2321 2330 6169
f 6172 6169 2330
f 6171 6166 6173
f 6174 6157 6156
f 6172 6175 6169
f 6176 6168 6138
f 6177 6174 6170
f 6170 6174 6156
f 6167 6169 6175
f 6167 6175 5985
f 6144 6145 6170
f 6171 6173 6178
f 6170 6145 6179
f 5985 6175 6180
f 6158 6176 6138
f 6177 6170 6179
f 1469 6119 1521
f 6158 6181 6182
f 5985 5994 5986
f 6183 1521 6119
f 5994 5985 6003
f 5947 6184 6185
f 2330 2361 6172
f 6185 5962 5947
f 6163 6129 6124
f 6186 6185 6184
f 6183 6119 6130
f 6187 6172 2361
f 6186 6188 6185
f 6180 6175 6189
f 6163 6157 6190
f 6174 6190 6157
f 6191 1532 1521
f 6189 6175 6172
f 6172 6187 6189
f 6192 5975 5962
f 5962 5975 5959
f 6185 6192 5962
f 6193 6189 6187
f 6194 5975 6192
f 6180 6189 6193
f 6180 6193 6195
f 6129 6163 6135
f 6188 6192 6185
f 6188 6194 6192
f 6196 6193 6187
f 6193 6197 6195
f 6198 6135 6199
f 6197 6193 6196
f 6135 6163 6190
f 6191 1521 6183
f 6183 6200 6191
f 6201 6135 6190
f 6196 2471 6197
f 2499 6197 2471
f 6183 6130 6151
f 6199 6135 6201
f 2361 2373 6187
f 6202 6186 6203
f 6187 2373 2385
f 6204 6188 6186
f 6196 6187 2385
f 6200 6183 6151
f 6202 6204 6186
f 2390 2472 2385
f 6205 6200 6151
f 2472 6196 2385
f 2471 6196 2472
f 6204 6202 6206
f 6207 6174 6177
f 6208 6205 6151
f 6180 6003 5985
f 6019 6004 6003
f 6209 6194 6188
f 6210 6177 6179
f 6195 6019 6003
f 6003 6180 6195
f 6211 6188 6204
f 6204 6206 6211
f 6212 6209 6211
f 6211 6209 6188
f 1532 6191 1538
f 6207 6213 6214
f 1538 6191 6215
f 6177 6213 6207
f 6210 6213 6177
f 6213 6210 6216
f 1540 1538 6215
f 6214 6213 6217
f 6213 6216 6217
f 6019 6195 6197
f 6197 2499 6019
f 6174 6207 6190
f 6201 6190 6207
f 6209 6218 6194
f 6215 6191 6200
f 6219 6218 6209
f 6201 6207 6214
f 2494 6019 2499
f 2494 6015 6019
f 6205 6208 6220
f 6015 2494 2495
f 6219 6209 6212
f 6221 6200 6205
f 6221 6205 6220
f 6200 6221 6215
f 6134 6198 6222
f 6219 6223 6224
f 6198 6134 6135
f 5975 6194 6007
f 6225 6226 6227
f 6218 6006 6007
f 6151 6164 6208
f 6228 6229 6230
f 6229 6228 6231
f 6218 6007 6194
f 6208 6164 6232
f 5578 5914 6233
f 6234 6198 6199
f 6235 6234 6199
f 6236 6222 6198
f 6237 6238 5672
f 6239 6236 6234
f 6234 6236 6198
f 6237 6240 6238
f 6208 6232 6220
f 6241 6234 6235
f 6232 6164 6171
f 6230 6240 5925
f 5925 5927 6230
f 6218 6242 6006
f 6239 6234 6243
f 6243 6234 6241
f 5925 6233 5914
f 6233 5925 6240
f 6006 6242 6023
f 6244 6023 6242
f 6220 6232 6245
f 6219 6224 6218
f 6229 6238 6240
f 6230 6229 6240
f 6246 6232 6171
f 6242 6218 6224
f 6247 6217 6248
f 6246 6171 6178
f 6242 6224 6249
f 6199 6201 6235
f 6214 6235 6201
f 6245 6232 6246
f 6250 6235 6214
f 6251 6231 6252
f 6253 6246 6178
f 6254 6252 6231
f 6255 6249 6223
f 6223 6249 6224
f 6217 6250 6214
f 6256 6206 6202
f 5672 6238 6257
f 6241 6235 6250
f 6258 6259 6260
f 6261 6262 6256
f 6262 6206 6256
f 6250 6217 6247
f 6262 6263 6206
f 6260 6264 6257
f 6241 6250 6247
f 6220 6265 6221
f 6262 6266 6263
f 6264 6260 6259
f 6259 5702 6264
f 6231 6251 6229
f 6265 6220 6245
f 6247 6267 6241
f 6257 6238 6251
f 6238 6229 6251
f 6268 6247 6269
f 6265 6245 6270
f 6251 6260 6257
f 6271 6272 6263
f 6252 6260 6251
f 6271 6273 6272
f 6236 6239 6274
f 6221 6265 6275
f 6263 6211 6206
f 6243 6276 6239
f 6258 6260 6252
f 6276 6274 6239
f 6272 6212 6211
f 6277 6275 6265
f 6276 6243 6278
f 6278 6243 6241
f 6270 6277 6265
f 6211 6263 6272
f 6279 6274 6276
f 6280 6279 6276
f 6276 6278 6281
f 6282 6212 6272
f 5967 6283 5927
f 6270 6245 6246
f 6228 6230 6283
f 6283 6230 5927
f 6253 6270 6246
f 6280 6284 6279
f 6253 6285 6270
f 6280 6286 6284
f 6273 6282 6272
f 6281 6280 6276
f 6253 6287 6285
f 6288 6261 6289
f 6281 6286 6280
f 6290 6286 6291
f 6291 6286 6281
f 6266 6262 6261
f 6288 6266 6261
f 6292 6228 6283
f 6292 6293 6228
f 6263 6266 6294
f 6278 6241 6267
f 6266 6288 6294
f 6295 6278 6267
f 6296 5967 5980
f 6297 6288 6289
f 6298 6297 6289
f 6299 6296 5980
f 6300 6288 6297
f 6300 6294 6288
f 5980 5967 5969
f 6295 6281 6278
f 6044 5935 5932
f 6296 6283 5967
f 6283 6296 6292
f 6161 5935 6044
f 6247 6268 6267
f 6044 6043 6301
f 6302 6292 6296
f 6303 6268 6269
f 6161 6044 6301
f 6268 6295 6267
f 6295 6268 6304
f 6263 6294 6271
f 6299 6302 6296
f 6303 6304 6268
f 6271 6294 6305
f 6306 6292 6302
f 6271 6305 6307
f 6307 6273 6271
f 6294 6300 6305
f 6308 6161 6301
f 6309 6281 6295
f 6291 6281 6309
f 6306 6293 6292
f 6053 6301 6043
f 6310 6309 6295
f 6227 6254 6293
f 6087 6053 6047
f 6310 6295 6304
f 6231 6228 6293
f 6254 6231 6293
f 6307 6305 6311
f 6308 6301 6053
f 6227 6312 6254
f 6312 6313 6254
f 5801 2396 2254
f 2254 6314 5801
f 6315 6212 6282
f 6316 5801 6314
f 6317 6053 6318
f 6308 6053 6317
f 6227 6293 6306
f 6315 6219 6212
f 6315 6223 6219
f 6225 6227 6306
f 6319 6306 6302
f 6314 2254 6100
f 6320 6223 6315
f 6319 6225 6306
f 6166 6159 6321
f 6321 6159 6161
f 6321 6161 6308
f 6173 6166 6321
f 6321 6308 6322
f 6316 6314 6323
f 6308 6324 6322
f 6316 5803 5801
f 5817 5803 6316
f 6322 6173 6321
f 6325 5817 6316
f 5868 5817 6325
f 6323 6325 6316
f 6314 6100 6326
f 6227 6226 6327
f 6323 6314 6326
f 6328 6173 6322
f 6329 6327 6226
f 6178 6173 6328
f 6322 6324 6328
f 6330 6223 6320
f 6329 6331 6327
f 6102 6326 6100
f 6332 6333 6331
f 6332 6331 6329
f 6118 6326 6102
f 6329 6334 6332
f 6273 6307 6335
f 6317 6324 6308
f 6336 6324 6317
f 5868 6325 6337
f 6317 6338 6336
f 6323 6337 6325
f 6339 6337 6323
f 5868 6337 5872
f 6307 6311 6335
f 6340 6341 6334
f 6342 6324 6336
f 6343 6337 6339
f 6344 6345 6335
f 6342 6328 6324
f 6311 6344 6335
f 6333 6332 6341
f 6346 6323 6326
f 6334 6341 6332
f 6342 6336 6347
f 6339 6348 6343
f 6339 6323 6346
f 6344 6349 6345
f 6348 6339 6346
f 6340 455 6341
f 6350 6349 6344
f 6351 6349 6350
f 5872 6337 6352
f 6352 5877 5872
f 6273 6335 6282
f 6352 6337 6343
f 6353 6087 6089
f 6345 6315 6282
f 6053 6087 6318
f 6318 6087 6353
f 455 451 6341
f 6282 6335 6345
f 6352 6343 6354
f 6353 6089 6090
f 6355 6352 6354
f 6356 6348 6346
f 6258 6252 6357
f 6252 6254 6313
f 6358 6348 6356
f 6252 6313 6357
f 6357 6313 6359
f 6320 6315 6345
f 6357 6359 6360
f 6361 6318 6353
f 6349 6320 6345
f 6348 6354 6343
f 6317 6318 6361
f 6349 6362 6320
f 6358 6354 6348
f 6362 6349 6363
f 6364 6361 6353
f 6259 6258 6365
f 6330 6320 6362
f 6346 6326 6118
f 6121 6346 6118
f 6366 6353 6090
f 6365 6367 6259
f 6366 6090 6095
f 6095 6368 6366
f 5702 6259 6367
f 6364 6353 6366
f 6365 6369 6367
f 6363 6349 6351
f 6367 6369 6370
f 6370 6369 6371
f 6356 6346 6121
f 6356 6121 6127
f 6372 6366 6368
f 6370 6371 6373
f 6374 6356 6127
f 6372 6364 6366
f 6358 6356 6374
f 6375 6258 6357
f 6375 6357 6360
f 6375 6369 6365
f 6375 6365 6258
f 6338 6317 6361
f 6375 6360 6376
f 6369 6375 6376
f 6338 6361 6377
f 6377 6361 6364
f 6371 6376 6378
f 6379 6378 6376
f 6338 6377 6380
f 6379 6376 6360
f 6381 6024 6023
f 6382 6377 6364
f 6376 6371 6369
f 5879 5877 6383
f 6383 5877 6355
f 6355 5877 6352
f 6380 6377 6382
f 6381 6384 6024
f 6336 6338 6347
f 6379 6360 6385
f 6383 6355 6386
f 6244 6381 6023
f 6383 6386 6037
f 6379 6385 6387
f 6347 6338 6388
f 6338 6380 6388
f 6379 6387 6389
f 6354 6358 6390
f 6390 6355 6354
f 493 6387 536
f 6390 6386 6355
f 6381 6391 6384
f 6389 6387 493
f 6382 6364 6372
f 6382 6372 6392
f 493 536 490
f 6393 6384 6391
f 6394 6386 6390
f 6395 6394 6396
f 6041 6037 6397
f 6378 6379 6389
f 6037 6386 6397
f 6389 6398 6378
f 6384 6122 6024
f 6399 6084 6397
f 6399 6397 6400
f 6132 6122 6384
f 6401 6178 6328
f 6397 6386 6402
f 6402 6386 6394
f 6373 6371 6378
f 6373 6378 6398
f 6132 6384 6393
f 6395 6402 6394
f 6403 6401 6328
f 6400 6397 6402
f 492 6398 6389
f 6402 6395 6400
f 492 6389 493
f 6178 6401 6253
f 6037 5879 6383
f 6391 6404 6393
f 500 6398 492
f 6405 6406 6244
f 6249 6244 6242
f 6244 6249 6405
f 6253 6401 6407
f 6397 6084 6041
f 6401 6403 6408
f 6406 6381 6244
f 6406 6391 6381
f 6408 6407 6401
f 6390 6358 6374
f 6390 6374 6396
f 6403 6328 6342
f 6313 6312 6359
f 6409 6396 6374
f 6408 6403 6410
f 6255 6405 6249
f 6410 6403 6342
f 6410 6342 6411
f 6412 6406 6405
f 6342 6347 6411
f 6413 6396 6409
f 6396 6394 6390
f 6374 6127 6134
f 6409 6374 6222
f 6222 6374 6134
f 6331 6385 6359
f 6412 6391 6406
f 6385 6360 6359
f 6414 6409 6222
f 6415 6391 6412
f 6327 6312 6227
f 6327 6359 6312
f 6407 6287 6253
f 6416 6413 6414
f 6359 6327 6331
f 6417 6418 6412
f 6385 6331 6333
f 6413 6395 6396
f 6413 6416 6395
f 6418 6415 6412
f 6400 6395 6416
f 6333 6387 6385
f 534 6387 6333
f 6414 6222 6419
f 6414 6413 6409
f 6341 534 6333
f 6419 6222 6236
f 6388 6411 6347
f 6414 6419 6420
f 6416 6414 6420
f 534 536 6387
f 534 450 536
f 6393 6133 6132
f 6133 6393 6152
f 534 6341 451
f 6084 6399 6076
f 6399 6421 6076
f 6149 6152 6160
f 6421 6399 6422
f 6160 6152 6423
f 6422 6399 6400
f 6404 6152 6393
f 6152 6404 6423
f 6424 6423 6404
f 6422 6400 6425
f 6426 6011 6018
f 6421 6427 6076
f 6428 6429 6430
f 6074 6076 6427
f 6160 6181 6158
f 6080 6011 6426
f 6431 6432 6423
f 6433 6225 6319
f 6092 6080 6426
f 6434 6421 6422
f 6433 6319 6429
f 6422 6425 6434
f 6435 6436 6426
f 6225 6433 6437
f 6423 6432 6160
f 6421 6434 6427
f 6434 6438 6427
f 6432 6181 6160
f 6439 6438 6434
f 6076 6081 6084
f 6415 6424 6391
f 6440 6225 6437
f 6440 6226 6225
f 6426 6099 6092
f 6099 6426 6436
f 6428 6433 6429
f 6441 6424 6415
f 6418 6441 6415
f 6428 6437 6433
f 6442 6416 6420
f 6443 6442 6420
f 6095 6099 6444
f 6444 6099 6445
f 6446 6424 6441
f 6416 6442 6400
f 6436 6445 6099
f 6425 6400 6442
f 6447 6446 6441
f 6448 6425 6442
f 6443 6448 6442
f 6424 6404 6391
f 6449 6419 6274
f 6368 6095 6444
f 6449 6420 6419
f 6420 6449 6443
f 6431 6423 6424
f 6450 6437 6428
f 6431 6424 6446
f 6451 6428 6430
f 6452 6448 6443
f 6453 6451 6454
f 6455 6448 6452
f 6434 6425 6448
f 6456 6432 6431
f 6439 6434 6448
f 6448 6455 6439
f 6452 6443 6449
f 6452 6449 6457
f 6428 6451 6453
f 6431 6446 6456
f 2347 1540 6215
f 6428 6453 6450
f 6456 6458 6432
f 6457 6459 6452
f 6457 6460 6459
f 6461 6458 6456
f 6462 6463 6450
f 6450 6463 6437
f 6330 6255 6223
f 6462 6450 6464
f 6450 6453 6464
f 6465 6466 6330
f 6274 6419 6236
f 6465 6467 6466
f 2789 6453 6454
f 6279 6449 6274
f 2347 6215 6468
f 6457 6449 6279
f 2756 6469 6464
f 6279 6284 6457
f 6469 6462 6464
f 6351 6470 6363
f 6470 6351 6471
f 6460 6457 6284
f 2756 6464 6453
f 6453 2789 2756
f 6472 2347 6468
f 2754 2756 2789
f 2347 6472 2353
f 6363 6473 6362
f 6299 5980 6045
f 6215 6221 6468
f 6362 6465 6330
f 6221 6275 6468
f 6362 6473 6465
f 6474 6299 6045
f 6474 6045 6046
f 4503 3388 4502
f 6472 6468 6475
f 6476 6467 6465
f 6299 6474 6429
f 6477 5108 4503
f 6473 6476 6465
f 6477 5112 5108
f 6470 6473 6363
f 6475 6468 6275
f 6429 6302 6299
f 6319 6302 6429
f 4502 6477 4503
f 6478 6477 4502
f 6059 6430 6474
f 6059 6474 6046
f 6470 6476 6473
f 6479 6476 6470
f 6430 6059 6480
f 6477 6481 5112
f 6476 6482 6467
f 6480 6059 6058
f 6429 6474 6430
f 6481 6483 5112
f 6479 6482 6476
f 4502 4501 6478
f 6470 6471 6484
f 4561 4501 4514
f 6484 6479 6470
f 4561 6478 4501
f 6277 6475 6275
f 6093 6480 6058
f 6485 6477 6478
f 6485 6481 6477
f 6486 6481 6485
f 6480 6451 6430
f 6487 6485 6478
f 6488 6485 6487
f 6478 4561 6487
f 1049 5999 1044
f 6480 6454 6451
f 6488 6486 6485
f 6489 6490 6491
f 2769 6480 6093
f 6482 6479 6491
f 6483 5113 5112
f 6483 5146 5113
f 2769 6093 2423
f 6492 5146 6483
f 6479 6484 6493
f 6493 6491 6479
f 2769 2423 2425
f 6494 6492 6483
f 6492 6494 6495
f 6480 2769 6454
f 6496 6497 6493
f 6491 6493 6497
f 2769 2773 6454
f 6489 6491 6497
f 6494 6483 6481
f 6481 6486 6494
f 6498 6489 6497
f 6454 2773 2789
f 6499 6494 6486
f 6499 6495 6494
f 6500 6277 6501
f 6501 6277 6270
f 6488 6499 6486
f 6270 6285 6501
f 6285 6502 6501
f 6503 6499 6488
f 6498 6504 6489
f 6504 6498 6505
f 6506 6507 6495
f 6495 6507 6508
f 6499 6506 6495
f 6509 6506 6499
f 6499 6503 6509
f 6505 6498 6510
f 6511 6507 6506
f 6506 6509 6511
f 6512 6329 6226
f 6255 6417 6405
f 6405 6417 6412
f 6255 6330 6466
f 6466 6417 6255
f 6512 6226 6440
f 6334 6329 6512
f 6513 6368 6444
f 4554 4555 6514
f 6514 4555 6515
f 6513 6372 6368
f 6516 6334 6512
f 6517 6418 6417
f 6466 6517 6417
f 6518 6388 6380
f 6463 6440 6437
f 6519 6520 6521
f 6522 6380 6382
f 6463 6512 6440
f 6518 6380 6522
f 6418 6517 6441
f 6518 6522 6523
f 6467 6517 6466
f 6482 6517 6467
f 6517 6482 6524
f 4561 4560 6525
f 4561 6525 6487
f 6526 6512 6463
f 6392 6372 6513
f 6526 6516 6512
f 6527 6526 6463
f 6528 6392 6513
f 6382 6392 6522
f 6522 6392 6529
f 6530 6488 6487
f 6525 6531 6487
f 6523 6522 6529
f 6523 6529 6532
f 6532 6529 6528
f 6531 6530 6487
f 6528 6529 6392
f 684 707 6533
f 684 683 707
f 6516 6534 6533
f 6524 6441 6517
f 6535 6516 6526
f 6535 6534 6516
f 4554 6514 4560
f 4560 6514 6525
f 6534 740 684
f 684 6533 6534
f 6514 6536 6525
f 6410 6411 6537
f 740 682 684
f 6520 6536 6514
f 6447 6524 6490
f 6516 6340 6334
f 6441 6524 6447
f 6525 6536 6531
f 6538 6531 6536
f 6531 6538 6530
f 6410 6539 6408
f 6540 6446 6447
f 6514 6515 6520
f 6520 6519 6536
f 6539 6410 6537
f 6536 6519 6538
f 6533 6340 6516
f 6539 6537 6541
f 707 455 6340
f 6533 707 6340
f 6504 6542 6447
f 6538 6543 6530
f 6287 6407 6544
f 6540 6447 6542
f 6542 6545 6540
f 6546 6287 6544
f 6530 6503 6488
f 6544 6407 6408
f 6544 6408 6547
f 6548 6526 6527
f 6503 6530 6543
f 6503 6543 6549
f 6446 6540 6456
f 6546 6544 6547
f 6461 6456 6540
f 6549 6550 6509
f 6540 6545 6461
f 6549 6509 6503
f 6551 6552 6548
f 6287 6502 6285
f 6502 6287 6546
f 6511 6509 6550
f 6551 2854 2853
f 6524 6482 6491
f 6553 6549 6543
f 6463 6462 6527
f 6553 6550 6549
f 6524 6491 6490
f 6554 6511 6550
f 6554 6550 6553
f 6555 6546 6547
f 6490 6489 6504
f 6462 6469 6527
f 6408 6539 6547
f 6519 6556 6538
f 6551 6527 6469
f 6551 6548 6527
f 6556 6543 6538
f 6547 6539 6557
f 6447 6490 6504
f 6558 6543 6556
f 6557 6539 6541
f 6559 6542 6504
f 6560 6519 6521
f 6519 6560 6556
f 6505 6559 6504
f 6560 6561 6558
f 2758 2860 6469
f 6555 6547 6557
f 6556 6560 6558
f 2860 6551 6469
f 6469 2756 2758
f 6562 6553 6543
f 6563 6562 6558
f 6543 6558 6562
f 6562 6563 6564
f 6565 6563 6561
f 2854 6551 2860
f 6561 6563 6558
f 6563 6565 6566
f 6567 6557 6568
f 6526 6548 6535
f 6552 6535 6548
f 6569 6535 6552
f 6535 6569 6534
f 6554 6553 6562
f 6554 6562 6564
f 6555 6557 6570
f 6570 6557 6567
f 6569 743 740
f 6571 6507 6511
f 6569 740 6534
f 6572 6570 6567
f 6411 6388 6573
f 6573 6388 6518
f 6518 6574 6573
f 6573 6537 6411
f 6575 6537 6573
f 6575 6573 6574
f 6551 2853 6552
f 6523 6574 6518
f 2878 6569 6552
f 6086 6162 2784
f 6576 6575 6574
f 2853 2878 6552
f 6571 6511 6577
f 6578 6574 6523
f 6574 6578 6576
f 6579 6571 6577
f 6554 6577 6511
f 6575 6541 6537
f 6162 2788 2784
f 750 743 2878
f 6580 6577 6554
f 6580 6579 6577
f 2788 6162 6581
f 6576 6582 6575
f 2878 743 6569
f 6568 6541 6575
f 6568 6575 6582
f 6583 6571 6579
f 6582 6576 6578
f 6584 6579 6585
f 2788 2795 2785
f 6578 6523 6532
f 6584 6583 6579
f 6586 2795 2788
f 6584 6587 6583
f 6578 6532 6588
f 6233 5663 5578
f 6532 6528 6589
f 6240 6237 6233
f 6233 6237 5663
f 2788 6581 6586
f 5663 6237 5672
f 6563 6566 6564
f 6590 6586 6581
f 6568 6582 6591
f 6257 5696 5672
f 6580 6564 6592
f 6593 6592 6564
f 5696 6257 6264
f 6264 5699 5696
f 6162 6165 6594
f 6595 6588 6532
f 6595 6532 6589
f 6581 6162 6594
f 6585 6592 6596
f 5699 6264 5702
f 6595 6589 6597
f 6596 6598 6585
f 6599 6578 6588
f 6599 6588 6595
f 6580 6554 6564
f 6600 6165 6168
f 6601 6599 6595
f 6600 6594 6165
f 6599 6582 6578
f 6580 6592 6585
f 6579 6580 6585
f 6591 6582 6599
f 6591 6599 6601
f 6367 6602 5702
f 6370 6602 6367
f 6601 6595 6603
f 6585 6604 6584
f 6595 6597 6603
f 5701 5702 6602
f 5764 5701 6602
f 5764 6602 5767
f 5767 6602 6370
f 6568 6557 6541
f 5767 6370 6605
f 6606 6581 6594
f 6605 6370 6373
f 6594 6607 6606
f 6584 6608 6587
f 6609 6610 6608
f 5767 6605 5773
f 6567 6568 6591
f 6606 6590 6581
f 6611 6612 6613
f 6614 2827 2795
f 6598 6596 6613
f 2795 6586 6614
f 5773 5768 5767
f 6598 6613 6612
f 6615 6605 6373
f 6616 2827 6614
f 6617 6618 6619
f 6619 6618 6612
f 6373 6398 6620
f 6612 6611 6619
f 6620 6398 500
f 6616 2840 2827
f 6621 6622 6591
f 6623 6616 6614
f 6615 6373 6620
f 6617 6624 6618
f 6617 6619 6625
f 6615 5773 6605
f 6617 6625 6626
f 6585 6598 6604
f 6598 6627 6604
f 6591 6601 6621
f 6627 6608 6604
f 6621 6601 6628
f 6628 6601 6603
f 6590 6614 6586
f 6627 6598 6612
f 6590 6623 6614
f 6584 6604 6608
f 6627 6609 6608
f 6616 6629 2840
f 6615 6620 6630
f 6627 6612 6631
f 6616 6623 6629
f 6630 6620 818
f 500 818 6620
f 6609 6627 6631
f 6629 2848 2840
f 6609 6631 6632
f 6633 6609 6632
f 6634 6632 6631
f 6631 6612 6618
f 6629 6635 2848
f 6631 6618 6624
f 6631 6624 6634
f 2999 2848 6635
f 6615 5776 5773
f 6567 6591 6622
f 6629 6623 6636
f 6572 6567 6622
f 6635 6629 6636
f 6623 6637 6636
f 6615 6630 5776
f 5780 5775 5776
f 5780 5776 6630
f 6621 6638 6622
f 6639 6635 6636
f 6640 6622 6638
f 5146 6492 5149
f 6630 831 836
f 6508 5149 6492
f 6508 5150 5149
f 6630 818 831
f 6628 6603 6641
f 5780 6630 836
f 6590 6637 6623
f 5820 5780 836
f 6495 6508 6492
f 6590 6642 6637
f 6642 6590 6606
f 6638 6621 6628
f 5821 837 835
f 890 5821 835
f 6638 6628 6643
f 890 896 904
f 6643 6640 6638
f 6643 6628 6641
f 6508 5218 5150
f 6644 6639 6636
f 6645 2794 5492
f 6646 5218 6508
f 6647 6637 6642
f 2793 2794 6648
f 6644 6636 6637
f 6645 6648 2794
f 6647 6644 6637
f 6649 6644 6647
f 6649 6650 6644
f 6651 6648 6645
f 6652 5229 5219
f 6000 5999 6653
f 6645 5492 6654
f 6645 6654 6655
f 1049 6653 5999
f 6651 6645 6655
f 6653 1049 1842
f 5218 6652 5219
f 6655 6654 6656
f 6657 6652 5218
f 5218 6646 6657
f 6658 6653 1842
f 2807 2796 6648
f 6659 6652 6657
f 2796 2793 6648
f 6607 6594 6600
f 6002 6000 6653
f 2807 6648 6651
f 6176 6600 6168
f 6507 6646 6508
f 6660 6600 6176
f 6661 1842 1847
f 6660 6607 6600
f 6571 6646 6507
f 6571 6662 6646
f 6661 1847 6663
f 6655 6656 6664
f 6658 1842 6661
f 6665 6606 6607
f 6662 6657 6646
f 6651 6655 6666
f 6666 6655 6664
f 6667 6657 6662
f 6668 6651 6666
f 6669 6658 6661
f 6667 6659 6657
f 6670 6659 6667
f 6607 6660 6671
f 6672 6667 6662
f 6664 6656 6673
f 6672 6662 6571
f 6671 6665 6607
f 6674 6664 6673
f 6018 6002 6675
f 6672 6670 6667
f 6676 6672 6583
f 6664 6674 6666
f 6677 6665 6671
f 6674 6678 6666
f 6678 6674 6679
f 6679 6674 6673
f 6665 6642 6606
f 2805 2807 2849
f 5241 6652 6659
f 6680 2849 2807
f 6681 2849 6680
f 6680 2807 6651
f 5229 6652 5241
f 6660 6176 6182
f 5247 5238 5241
f 2850 2849 6681
f 6682 6681 6680
f 6675 6669 6683
f 6684 5247 5241
f 6182 6176 6158
f 6680 6651 6668
f 6182 6181 6685
f 6686 6660 6182
f 6663 1847 1872
f 6678 6668 6666
f 6687 6668 6678
f 6682 6680 6668
f 6663 1872 6688
f 6685 6686 6182
f 5247 6689 5249
f 6668 6687 6690
f 6684 6689 5247
f 6686 6671 6660
f 6669 6661 6663
f 6663 6691 6669
f 2861 2850 6692
f 6663 6693 6691
f 6693 6663 6688
f 6694 2850 6681
f 6695 6677 6671
f 6694 6681 6682
f 6696 5241 6659
f 6694 6682 6697
f 6695 6671 6686
f 6670 6696 6659
f 6692 2850 6694
f 6685 6695 6686
f 6676 6670 6672
f 6698 6699 6700
f 6701 6670 6676
f 6697 6692 6694
f 6701 6696 6670
f 6690 6682 6668
f 6697 6682 6690
f 6691 6702 6669
f 6691 6693 6703
f 6691 6703 6702
f 6704 6703 6693
f 6690 6705 6697
f 6696 6706 6684
f 6707 6696 6701
f 6705 6709 6697
f 6707 6706 6696
f 6683 6669 6702
f 6705 6690 6710
f 6711 6712 6706
f 6683 6702 6713
f 6696 6684 5241
f 6713 6702 6703
f 6678 6714 6687
f 6714 6678 6679
f 6715 6642 6665
f 6712 6689 6684
f 6704 6693 6698
f 6687 6714 6716
f 6716 6714 6717
f 6684 6706 6712
f 6718 6703 6704
f 6718 6704 6719
f 6677 6715 6665
f 6583 6672 6571
f 6710 6690 6687
f 6704 6698 6700
f 6716 6720 6687
f 6587 6676 6583
f 6710 6687 6720
f 6715 6647 6642
f 6722 6710 6723
f 6705 6710 6722
f 6725 6647 6715
f 6723 6710 6720
f 6727 6723 6720
f 6587 6701 6676
f 6426 6018 6675
f 6647 6725 6649
f 6610 6701 6587
f 6720 6716 6728
f 6435 6426 6675
f 6727 6720 6728
f 6610 6587 6608
f 6610 6707 6701
f 6729 6725 6715
f 6633 6707 6610
f 6711 6706 6707
f 6435 6675 6683
f 6730 6649 6725
f 6711 6707 6633
f 6610 6609 6633
f 6436 6435 6731
f 6732 6435 6733
f 6733 6435 6683
f 6435 6732 6731
f 6654 5492 5500
f 6695 6734 6677
f 6734 6729 6677
f 4612 6735 4613
f 6736 4613 6735
f 5517 6654 5500
f 6736 6735 6737
f 6731 6738 6436
f 6654 5517 6656
f 6731 6732 6739
f 5517 6673 6656
f 6673 5517 6740
f 6738 6731 6739
f 6741 6742 6743
f 6677 6729 6715
f 6743 6744 6737
f 6744 6743 6742
f 6515 4555 4614
f 6445 6436 6738
f 6736 6515 4613
f 6740 5517 5524
f 4614 4613 6515
f 6745 6520 6515
f 5517 5515 5524
f 6515 6736 6745
f 6445 6738 6746
f 5523 5610 5524
f 6740 5524 6747
f 6745 6736 6737
f 6748 6725 6729
f 6748 6730 6725
f 6747 5524 6749
f 6746 6738 6739
f 6746 6739 6750
f 6749 5524 5610
f 6520 6745 6521
f 6751 6673 6740
f 6752 6748 6729
f 6673 6751 6753
f 6733 6683 6713
f 6673 6753 6679
f 6745 6737 6744
f 6745 6744 6521
f 6713 6703 6718
f 6679 6753 6714
f 6733 6713 6754
f 6754 6713 6718
f 6751 6740 6747
f 6747 6755 6751
f 6755 6747 6749
f 6732 6733 6756
f 4309 6735 4612
f 6735 4309 5918
f 6756 6733 6754
f 6755 6753 6751
f 6639 2999 6635
f 6757 2999 6639
f 6737 6735 5918
f 6717 6714 6753
f 6737 5918 6743
f 6743 5918 5920
f 6743 5920 6741
f 6758 6718 6719
f 6717 6753 6759
f 6760 6718 6758
f 6761 6757 6639
f 6644 6761 6639
f 6717 6728 6716
f 6718 6760 6754
f 6728 6717 6762
f 6650 6761 6644
f 6764 6728 6762
f 6744 6742 6765
f 6727 6728 6764
f 6726 6763 6766
f 6767 6742 6741
f 6768 6763 6769
f 6770 6771 6767
f 6767 6771 6742
f 3000 2999 6757
f 6772 5610 5618
f 6770 6773 6771
f 6739 6732 6756
f 6772 5618 5625
f 5952 6774 6770
f 6773 6770 6774
f 6749 5610 6772
f 6756 6754 6775
f 6776 3026 3000
f 6775 6754 6760
f 6777 6560 6521
f 6560 6777 6561
f 6756 6775 6778
f 6521 6765 6777
f 6775 6779 6778
f 6521 6744 6765
f 6765 6742 6771
f 6750 6739 6778
f 6778 6739 6756
f 6771 6777 6765
f 5625 5618 5616
f 6780 6750 6778
f 6757 6776 3000
f 6777 6565 6561
f 5642 5625 5624
f 6781 6776 6757
f 6779 6780 6778
f 6773 6565 6777
f 6782 5625 5642
f 6783 3026 6776
f 6777 6771 6773
f 6755 6749 6784
f 6785 6773 6774
f 6772 6784 6749
f 6741 5920 5942
f 6757 6761 6786
f 6753 6755 6759
f 6759 6755 6784
f 6786 6787 6757
f 5942 6767 6741
f 5942 5944 6767
f 6770 6767 5944
f 6786 6761 6650
f 6784 6772 6788
f 6789 6784 6788
f 6790 6786 6650
f 6779 6775 6760
f 6788 6772 5625
f 6770 5944 5952
f 6788 5625 6782
f 6787 6781 6757
f 6788 6791 6789
f 6792 6779 6793
f 6793 6779 6760
f 6794 6781 6787
f 6790 6787 6786
f 6795 6787 6790
f 6795 6794 6787
f 6792 6796 6797
f 6794 6795 6798
f 5642 5637 6799
f 6782 5642 6800
f 6800 5642 6799
f 6699 1956 1955
f 6801 6699 1955
f 6801 1955 1958
f 6799 5637 5644
f 6799 5644 6802
f 6802 5644 5647
f 6803 6799 6802
f 6700 6699 6804
f 6805 6802 5647
f 6804 6699 6801
f 3055 3026 6783
f 6800 6799 6803
f 6803 6802 6805
f 6783 6806 3055
f 3055 6806 6807
f 6808 6785 6774
f 6801 6809 6804
f 6808 6810 6785
f 1960 6811 1958
f 1958 6811 6801
f 6812 6788 6782
f 6813 6814 6815
f 6812 6782 6800
f 6809 6801 6811
f 6811 6816 6809
f 6812 6800 6817
f 6814 6819 6815
f 1960 6816 6811
f 6565 6773 6820
f 6822 6812 6817
f 6823 6816 1960
f 6566 6565 6820
f 6825 6812 6822
f 3063 3055 6807
f 6820 6593 6566
f 6593 6820 6826
f 6817 6800 6803
f 6785 6820 6773
f 6785 6826 6820
f 6804 6719 6700
f 6803 6805 6827
f 6817 6803 6827
f 6719 6704 6700
f 6807 3067 3063
f 6810 6829 6785
f 6785 6829 6826
f 6830 3067 6807
f 6821 6818 6831
f 6804 6832 6719
f 6832 6804 6809
f 6831 6818 6828
f 6831 6828 6833
f 6829 6834 6826
f 6593 6826 6834
f 6834 6835 6593
f 6806 6836 6807
f 6819 6837 6834
f 6836 6830 6807
f 6835 6834 6837
f 6838 6759 6784
f 6815 6819 6829
f 6815 6829 6810
f 6819 6834 6829
f 6839 6719 6832
f 6838 6784 6789
f 6840 6783 6781
f 6781 6783 6776
f 6762 6717 6759
f 6762 6759 6838
f 6840 6781 6794
f 6774 5952 6808
f 6808 5952 5954
f 6840 6806 6783
f 6808 5954 6062
f 6810 6808 6062
f 6832 6809 6816
f 6841 6806 6840
f 6798 6840 6794
f 6066 6815 6062
f 6810 6062 6815
f 6842 6816 6823
f 6815 6066 6813
f 6789 6791 6843
f 6845 6832 6816
f 6841 6840 6798
f 6839 6832 6845
f 6845 6816 6842
f 6838 6846 6762
f 6848 6845 6842
f 6764 6762 6846
f 6813 6849 6814
f 6846 6838 6851
f 6851 6838 6789
f 6849 6813 6088
f 6850 6852 6847
f 6852 6850 6853
f 6088 6854 6849
f 6841 6855 6806
f 6854 6088 6077
f 6077 6856 6854
f 6769 6763 6847
f 6849 6857 6814
f 6849 6854 6857
f 6847 6852 6769
f 6819 6814 6857
f 6854 6858 6857
f 6823 1960 6859
f 6856 6858 6854
f 6841 6860 6855
f 6861 6769 6852
f 6077 6074 6856
f 6074 6862 6856
f 6862 6074 6863
f 6851 6789 6843
f 6842 6823 6864
f 6858 6856 6862
f 6853 6850 6844
f 6844 6865 6853
f 6864 6823 6859
f 6865 6844 6866
f 6855 6836 6806
f 6852 6867 6861
f 6868 6842 6864
f 6867 6852 6853
f 6867 6853 6869
f 6848 6842 6868
f 6868 6870 6848
f 6871 6858 6872
f 6871 6873 6837
f 6873 6871 6611
f 6837 6819 6871
f 6869 6853 6865
f 6791 6788 6812
f 6611 6871 6872
f 6812 6825 6791
f 6819 6857 6871
f 6843 6791 6825
f 6871 6857 6858
f 6866 6844 6824
f 6730 6874 6649
f 1960 1962 6859
f 6874 6790 6650
f 6874 6650 6649
f 6875 6790 6874
f 6876 6877 6872
f 6877 6876 6878
f 6877 6625 6872
f 6879 6824 6880
f 6880 6881 6879
f 6872 6858 6876
f 6876 6858 6862
f 6824 6821 6880
f 6863 6878 6862
f 6880 6821 6831
f 6831 6882 6880
f 6876 6862 6878
f 6882 6831 6833
f 6068 6813 6066
f 6813 6068 6088
f 1962 1976 6859
f 6881 6880 6882
f 6881 6882 6883
f 1967 6884 1976
f 6564 6566 6593
f 6885 6875 6874
f 6884 1967 1971
f 6886 6865 6866
f 6869 6865 6886
f 6887 6859 1976
f 6887 1976 6888
f 6592 6593 6835
f 6835 6596 6592
f 6866 6824 6879
f 6835 6837 6873
f 6888 1976 6884
f 6748 6889 6730
f 6879 6890 6866
f 6596 6835 6873
f 6891 6889 6748
f 6886 6866 6890
f 6889 6874 6730
f 6885 6874 6889
f 6892 6885 6889
f 6864 6893 6868
f 6879 6881 6894
f 6873 6613 6596
f 6613 6873 6611
f 6883 6894 6881
f 6864 6859 6887
f 6895 6889 6891
f 6896 6864 6887
f 6890 6879 6894
f 6896 6887 6897
f 6897 6887 6888
f 6888 6898 6897
f 6872 6619 6611
f 6890 6894 6899
f 6877 6900 6625
f 6889 6895 6892
f 6619 6872 6625
f 6901 6894 6883
f 6900 6626 6625
f 6899 6894 6901
f 6901 6883 6902
f 6893 6864 6896
f 6893 6896 6903
f 6903 6896 6897
f 3024 2861 6692
f 6903 6897 6904
f 6904 6897 6898
f 3028 3024 3039
f 6905 6875 6885
f 6906 6905 6885
f 6903 6904 6907
f 6697 6909 6692
f 6909 3024 6692
f 6892 6906 6885
f 3039 3024 6909
f 6908 6910 3040
f 6911 6719 6839
f 6912 6913 6906
f 6912 6906 6892
f 6758 6719 6911
f 6911 6839 6914
f 6909 6697 6709
f 6915 6916 6917
f 6722 6709 6705
f 6908 6708 6918
f 6632 6919 6633
f 6908 6918 6910
f 6920 6758 6911
f 6913 6921 6906
f 6922 6911 6914
f 6923 6918 6708
f 6923 6708 6721
f 6721 6924 6923
f 6920 6911 6922
f 6925 6921 6913
f 6926 6927 6928
f 6929 6921 6925
f 3038 3040 6930
f 6930 3040 6910
f 6845 6914 6839
f 3038 6930 3045
f 6624 6617 6626
f 6624 6626 6931
f 6932 3045 6930
f 6914 6845 6848
f 6932 6930 6910
f 6910 6918 6932
f 6933 6931 6934
f 6848 6935 6914
f 6936 6932 6918
f 6934 6937 6933
f 6938 6939 6937
f 6875 6795 6790
f 6922 6914 6935
f 3045 6932 6940
f 6941 6795 6875
f 6940 6932 6936
f 6941 6798 6795
f 6942 6933 6937
f 6942 6937 6939
f 6943 6922 6935
f 6944 6945 6634
f 6944 6946 6945
f 6919 6632 6945
f 6947 6918 6923
f 6634 6945 6632
f 6947 6923 6924
f 6919 6945 6926
f 6926 6945 6946
f 6931 6634 6624
f 6918 6947 6936
f 6905 6941 6875
f 6948 6936 6947
f 6941 6905 6949
f 6931 6944 6634
f 6933 6946 6944
f 6933 6944 6931
f 6920 6760 6758
f 6793 6760 6920
f 6793 6920 6950
f 6942 6927 6946
f 6942 6951 6927
f 6926 6946 6927
f 6951 6928 6927
f 6721 6724 6952
f 6952 6724 6726
f 6950 6920 6922
f 6953 6721 6952
f 6954 6950 6922
f 6942 6946 6933
f 6792 6793 6796
f 6796 6793 6950
f 6924 6721 6953
f 6955 6953 6952
f 6953 6956 6924
f 6796 6950 6957
f 6956 6953 6955
f 6958 6841 6798
f 6954 6957 6950
f 6949 6798 6941
f 6798 6949 6958
f 6924 6956 6947
f 6957 6954 6959
f 6947 6956 6960
f 6961 6939 6938
f 6961 6917 6939
f 6954 6922 6943
f 6939 6917 6962
f 3046 3045 3089
f 3089 3045 6940
f 6915 6917 6961
f 6841 6958 6963
f 6916 6964 6917
f 6964 6916 6965
f 3089 6940 6966
f 6962 6917 6964
f 6966 6940 6967
f 6935 6848 6870
f 3094 3089 6968
f 6966 6968 3089
f 6969 6962 6964
f 6967 6940 6936
f 6970 6951 6939
f 6928 6951 6970
f 6928 6970 6971
f 6942 6939 6951
f 6970 6939 6962
f 6962 6972 6970
f 6969 6972 6962
f 6949 6905 6921
f 6970 6972 6971
f 6906 6921 6905
f 6943 6935 6973
f 6949 6921 6958
f 6284 6286 6974
f 6460 6974 6975
f 6929 6976 6921
f 6977 6943 6973
f 6976 6963 6958
f 6974 6286 6290
f 6976 6958 6921
f 6943 6977 6954
f 6956 6955 6978
f 6959 6954 6979
f 6952 6726 6766
f 6954 6977 6979
f 6975 6974 6290
f 6768 6766 6763
f 6963 6976 6980
f 6955 6952 6766
f 6460 6975 6916
f 6955 6766 6981
f 6979 6977 6982
f 6978 6955 6981
f 6965 6916 6975
f 6981 6766 6768
f 6981 6768 6983
f 6929 6984 6976
f 6870 6868 6893
f 6984 6980 6976
f 6985 6935 6870
f 6290 6986 6975
f 6956 6987 6960
f 6973 6935 6985
f 6948 6947 6960
f 6986 6290 6988
f 6978 6987 6956
f 6975 6986 6989
f 6975 6989 6965
f 6989 6986 6990
f 6990 6991 6989
f 6992 6893 6903
f 6993 6685 6181
f 6992 6870 6893
f 6432 6993 6181
f 6987 6978 6981
f 6987 6981 6994
f 6993 6995 6685
f 6290 6291 6988
f 6988 6291 6309
f 6996 6995 6993
f 6997 6903 6907
f 6995 6998 6999
f 6985 6870 6992
f 6988 6309 7000
f 6997 6992 6903
f 6309 7001 7000
f 7002 6987 6994
f 7003 6985 6992
f 6997 7003 6992
f 6310 7001 6309
f 7002 6994 7004
f 6458 6993 6432
f 6996 6993 6458
f 6967 6936 6948
f 6988 7000 6986
f 6990 6986 7000
f 7000 7005 6990
f 7006 6967 7007
f 7001 7005 7000
f 7008 6973 6985
f 7007 6967 6948
f 7005 7009 6990
f 6967 7006 6966
f 7010 6996 6458
f 7008 6985 7003
f 7001 7011 7005
f 6977 6973 7012
f 7006 7007 7013
f 6973 7008 7012
f 7012 6982 6977
f 6996 6998 6995
f 6968 3106 3094
f 3106 6968 3117
f 3117 6968 7014
f 6966 7014 6968
f 7012 7008 7015
f 7014 6966 7006
f 6998 7016 7017
f 7012 7015 6982
f 7018 3117 7014
f 7018 7014 7019
f 7020 6998 6996
f 6996 7010 7020
f 7021 6969 6964
f 7022 7003 6997
f 7020 7016 6998
f 7022 6997 7023
f 7008 7003 7022
f 3117 7018 3118
f 7024 7016 7020
f 6965 7021 6964
f 7019 7014 7006
f 7019 7006 7013
f 7015 7008 7022
f 7022 7025 7015
f 7021 7026 7027
f 7026 7028 7027
f 7026 6991 7028
f 7029 7030 7016
f 7021 6965 6989
f 6989 7026 7021
f 7031 7029 7016
f 7031 7016 7024
f 7026 6989 6991
f 7032 7018 7019
f 6972 6969 7033
f 7034 7018 7032
f 7025 7022 7023
f 7033 6969 7035
f 7035 6969 7021
f 7032 7019 7036
f 7033 7035 7037
f 7036 7038 7032
f 7025 7023 7039
f 7007 6948 6960
f 6960 6987 7040
f 7035 7021 7027
f 7037 7035 7027
f 7007 6960 7040
f 7027 7041 7037
f 7041 7027 7028
f 6444 6445 7042
f 7043 7044 7045
f 7007 7046 7013
f 7045 6559 6505
f 7047 6444 7042
f 7046 7007 7040
f 7045 7048 6559
f 7040 7049 7046
f 6505 6510 7045
f 7040 6987 7002
f 7049 7040 7002
f 6513 6444 7047
f 7050 7051 7041
f 7041 7051 7052
f 7050 7053 7051
f 7053 7050 7054
f 7055 7013 7046
f 7055 7046 7049
f 7056 7047 7042
f 7056 7042 7057
f 7050 7058 7054
f 7049 7002 7059
f 7060 7058 7061
f 7054 7058 7060
f 7048 7045 7062
f 7042 6445 6746
f 7059 7002 7004
f 7059 7004 7063
f 7045 7044 7062
f 7005 7064 7009
f 6991 7009 7028
f 7055 7049 7059
f 7057 7042 6746
f 7009 7050 7028
f 7050 7009 7064
f 6991 6990 7009
f 7057 6746 6750
f 7059 7063 7065
f 7005 7011 7064
f 7011 7066 7064
f 7064 7066 7058
f 7064 7058 7050
f 7019 7013 7036
f 7036 7013 7055
f 7036 7055 7067
f 7028 7050 7041
f 7068 7069 7070
f 7069 7068 7071
f 7072 7056 7057
f 7073 7062 7070
f 7073 7070 7069
f 7074 7036 7067
f 7038 7036 7074
f 7061 7058 7066
f 7074 7067 7075
f 7076 6513 7047
f 6528 6513 7076
f 6528 7076 7077
f 7055 7059 7067
f 7059 7078 7067
f 7056 7076 7047
f 7079 7076 7056
f 7078 7059 7065
f 7077 7076 7080
f 7078 7075 7067
f 7080 7076 7079
f 5560 5249 7081
f 7071 7082 7069
f 7082 7071 7083
f 5249 6689 7081
f 7083 7084 7082
f 7084 7083 7085
f 5560 7081 7086
f 7087 7086 7081
f 7088 7078 7065
f 6542 7089 6545
f 7086 7087 7090
f 7091 7092 7089
f 7089 6542 7091
f 7088 7093 7078
f 7090 7094 7086
f 7093 7075 7078
f 6589 6528 7077
f 7095 7092 7091
f 6589 7077 7096
f 7095 7097 7092
f 7096 7077 7080
f 7098 7093 7088
f 7096 7080 7099
f 7100 6689 6712
f 7100 7081 6689
f 7056 7072 7079
f 7091 7048 7095
f 7101 7079 7072
f 7095 7048 7102
f 7081 7100 7087
f 7100 6712 7103
f 7102 7104 7095
f 7072 7105 7101
f 6861 6768 6769
f 7105 7072 7106
f 6461 7089 6458
f 7107 7100 7103
f 7105 7106 7108
f 6461 6545 7089
f 7101 7099 7079
f 7079 7099 7080
f 6983 6768 6861
f 6458 7089 7010
f 7010 7089 7092
f 6861 7109 6983
f 7097 7010 7092
f 7107 7087 7100
f 7110 7087 7107
f 7111 7099 7112
f 7112 7099 7101
f 7113 7110 7107
f 7110 7090 7087
f 6869 7114 6867
f 7097 7020 7010
f 7112 7101 7105
f 7112 7105 7108
f 6867 7115 6861
f 7109 6861 7115
f 7020 7097 7104
f 7057 6750 6780
f 7057 6780 7116
f 7104 7024 7020
f 7115 6867 7114
f 7095 7104 7097
f 7110 7117 7090
f 7115 7114 7118
f 7118 7114 7119
f 7094 7090 7117
f 7117 7120 7094
f 7120 7117 7121
f 6983 6994 6981
f 7122 7110 7113
f 7122 7117 7110
f 7116 6780 7123
f 7122 7121 7117
f 6559 7048 7091
f 7121 7122 7124
f 6559 7091 6542
f 7125 7120 7121
f 7106 7057 7116
f 7126 6994 6983
f 6983 7109 7126
f 7072 7057 7106
f 7126 7109 7127
f 7124 7125 7121
f 6994 7126 7128
f 7125 7124 7129
f 7129 7130 7125
f 7004 6994 7128
f 7131 7129 7124
f 7128 7126 7127
f 7132 7116 7123
f 7062 7102 7048
f 7133 7106 7116
f 7133 7116 7132
f 7134 7128 7127
f 6792 6780 6779
f 7135 7109 7115
f 7123 6780 6792
f 7102 7062 7073
f 7109 7135 7127
f 7086 5590 5560
f 7127 7135 7136
f 7118 7135 7115
f 7135 7118 7136
f 7086 7094 5590
f 7136 7118 7137
f 7123 6792 6797
f 7127 7136 7134
f 7123 6797 7138
f 7138 6797 7139
f 7140 5591 5590
f 5590 7094 7140
f 7114 6869 6886
f 7114 6886 7119
f 5591 7140 5614
f 7132 7123 7138
f 6890 7119 6886
f 6899 7119 6890
f 7104 7102 7141
f 7120 7140 7094
f 7120 7142 7140
f 7118 7119 7143
f 7119 6899 7144
f 7142 5614 7140
f 7144 7143 7119
f 5612 5614 7145
f 7145 5615 5612
f 7142 7145 5614
f 7146 7024 7104
f 6899 6901 7147
f 7130 7148 7142
f 7147 6901 6902
f 7141 7149 7146
f 7148 7145 7142
f 7133 7132 7150
f 7146 7031 7024
f 7106 7133 7108
f 7144 6899 7147
f 7151 7108 7133
f 7144 7147 7152
f 7150 7151 7133
f 7153 7029 7031
f 7149 7031 7146
f 7149 7153 7031
f 7118 7143 7137
f 7141 7146 7104
f 7137 7143 7154
f 7142 7120 7125
f 7154 7143 7144
f 7155 7137 7154
f 7150 7132 7156
f 7142 7125 7130
f 7138 7156 7132
f 7157 7149 7141
f 7152 7154 7144
f 6712 6711 7103
f 7103 6711 7158
f 6711 6633 7158
f 7153 7149 7159
f 7160 7136 7137
f 7103 7158 7161
f 7153 7159 7162
f 6919 7158 6633
f 7161 7158 6919
f 7152 7147 7163
f 7163 7147 7164
f 6919 6926 7161
f 7157 7165 7159
f 7107 7103 7161
f 7162 7165 7166
f 7167 7113 7107
f 7167 7107 7161
f 7157 7168 7165
f 7160 7137 7155
f 7166 7165 7169
f 7160 7155 7170
f 7149 7157 7159
f 7162 7159 7165
f 7113 7167 7171
f 7150 7156 7151
f 7172 7155 7154
f 6926 7173 7167
f 7167 7161 6926
f 7170 7155 7172
f 7174 7170 7172
f 7173 6926 6928
f 7175 7108 7151
f 7102 7073 7176
f 7172 7154 7177
f 7177 7154 7152
f 7173 7171 7167
f 7178 7151 7156
f 7176 7073 7179
f 7177 7152 7163
f 7177 7163 7180
f 7176 7141 7102
f 7180 7163 7181
f 7141 7176 7182
f 7172 7177 7174
f 7174 7177 7183
f 7179 7182 7176
f 7183 7177 7180
f 7069 7179 7073
f 7184 7156 7138
f 7179 7069 7082
f 7184 7138 7185
f 7186 7183 7180
f 7187 7182 7179
f 7182 7187 7188
f 7173 7189 7171
f 7187 7190 7188
f 7173 6928 7189
f 7141 7182 7168
f 6971 7191 7189
f 7189 6928 6971
f 7168 7182 7188
f 7178 7156 7184
f 7063 7004 7128
f 7168 7188 7169
f 7063 7128 7192
f 7193 7189 7191
f 7171 7189 7193
f 7169 7188 7190
f 7128 7134 7192
f 7179 7082 7187
f 7187 7082 7084
f 7194 7184 7195
f 7084 7190 7187
f 6971 7196 7191
f 6972 7196 6971
f 7196 6972 7033
f 7192 7134 7160
f 7197 7191 7196
f 7191 7197 7193
f 7160 7134 7136
f 7198 7197 7196
f 7141 7168 7157
f 7122 7113 7171
f 7169 7165 7168
f 7171 7193 7122
f 7193 7124 7122
f 7124 7193 7131
f 7193 7197 7131
f 7131 7197 7198
f 6597 6589 7096
f 7065 7063 7199
f 7199 7063 7192
f 7200 7199 7192
f 7111 7096 7099
f 7096 7111 6597
f 7160 7200 7192
f 7201 7200 7160
f 7129 7202 7130
f 7085 7203 7084
f 7202 7129 7204
f 7201 7160 7170
f 7129 7131 7205
f 7203 7085 7206
f 7129 7205 7204
f 7207 7204 7205
f 7206 7208 7203
f 7209 7111 7112
f 7199 7088 7065
f 7204 7207 7210
f 7210 7211 7204
f 7211 7210 7212
f 7213 7214 7206
f 7215 7199 7200
f 7200 7216 7215
f 7217 7215 7216
f 7199 7218 7088
f 7215 7218 7199
f 7214 7208 7206
f 7219 7220 7212
f 7098 7088 7218
f 7214 7221 7208
f 7212 7220 7222
f 7218 7215 7217
f 7223 7224 7222
f 7201 7216 7200
f 7225 7226 7221
f 7221 7214 7225
f 7213 7225 7214
f 7201 7227 7216
f 7145 7148 5615
f 7228 7229 7213
f 7218 7230 7098
f 6641 6603 6597
f 7231 6597 7111
f 7230 7218 7217
f 7202 7148 7130
f 7217 7232 7230
f 6641 6597 7231
f 7233 7234 7148
f 7233 7148 7202
f 7235 7236 7237
f 7233 7238 7234
f 7239 7227 7201
f 7235 7240 7228
f 7228 7240 7229
f 7241 7238 7233
f 7227 7217 7216
f 7235 7237 7240
f 7241 7242 7238
f 7237 7243 7240
f 7112 7108 7175
f 5643 5615 7234
f 7243 7237 7244
f 7209 7112 7175
f 5615 7148 7234
f 7232 7217 7245
f 7245 7217 7227
f 7111 7209 7231
f 7245 7246 7232
f 7225 7213 7229
f 5643 7234 7238
f 7247 7246 7245
f 5650 5643 7238
f 7248 7226 7225
f 7249 7231 7209
f 7201 7170 7250
f 7250 7170 7174
f 7242 5650 7238
f 7248 7225 7229
f 7248 7229 7251
f 7251 7229 7240
f 7233 7202 7252
f 7251 7240 7243
f 7204 7252 7202
f 7244 7253 7243
f 7254 7251 7243
f 7239 7201 7250
f 7254 7243 7253
f 7211 7255 7252
f 7252 7241 7233
f 7239 7250 7256
f 7251 7254 7248
f 7242 7241 7255
f 7250 7174 7257
f 7241 7252 7255
f 7249 6641 7231
f 7252 7204 7211
f 7257 7174 7183
f 7257 7183 7258
f 7258 7183 7186
f 7212 7255 7211
f 7257 7258 7259
f 7256 7250 7257
f 7256 7257 7260
f 7259 7260 7257
f 5650 5656 5648
f 7261 7262 7162
f 7263 5656 5650
f 7263 5659 5656
f 7239 7245 7227
f 7264 7261 7166
f 7239 7265 7245
f 7266 7166 7169
f 7256 7260 7239
f 7266 7264 7166
f 7242 7263 5650
f 7265 7239 7260
f 6641 7267 6643
f 7264 7268 7261
f 7269 7263 7242
f 7162 7166 7261
f 7267 6641 7249
f 5661 5659 7270
f 5659 7263 7270
f 7271 7270 7263
f 7272 5647 5711
f 6805 5647 7272
f 7270 6298 5661
f 6298 7270 7273
f 7269 7271 7263
f 7274 7271 7269
f 7268 7275 7261
f 6805 7272 7276
f 7276 7272 7278
f 7274 7273 7271
f 7249 7209 7280
f 7278 7272 7282
f 7270 7271 7273
f 7268 7283 7275
f 7284 7269 7255
f 7255 7269 7242
f 6827 6805 7276
f 7285 7269 7284
f 7222 7284 7212
f 7255 7212 7284
f 6833 6828 7277
f 7222 7224 7284
f 7224 7285 7284
f 7279 7286 7277
f 6833 7277 7286
f 7287 7267 7249
f 7224 7288 7285
f 7280 7287 7249
f 7281 7289 7279
f 7269 7285 7288
f 7287 7290 7291
f 7287 7291 7267
f 7190 7266 7169
f 7286 7279 7289
f 7266 7190 7292
f 7286 7289 7293
f 7274 7288 7294
f 7292 7264 7266
f 7288 7224 7295
f 7223 7295 7224
f 7295 7294 7288
f 7190 7084 7203
f 7175 7296 7209
f 7203 7292 7190
f 7272 5711 5730
f 7292 7203 7208
f 7288 7274 7269
f 7175 7151 7178
f 7296 7175 7178
f 7282 7272 5730
f 7280 7209 7296
f 7282 5730 7297
f 7297 5730 5731
f 7033 7299 7196
f 7292 7300 7264
f 7300 7268 7264
f 7037 7301 7299
f 7299 7033 7037
f 7299 7301 7302
f 7299 7302 7198
f 7198 7196 7299
f 7184 7303 7178
f 7300 7221 7226
f 7293 7289 7304
f 7304 7289 7281
f 7208 7300 7292
f 7300 7208 7221
f 5757 5731 5748
f 7037 7041 7052
f 7037 7052 7301
f 7052 7305 7301
f 7297 5731 5757
f 7306 7305 7052
f 7306 7052 7051
f 7301 7305 7302
f 7307 7302 7305
f 7306 7308 7305
f 7307 7305 7308
f 7131 7198 7205
f 7309 7296 7303
f 7205 7198 7207
f 7309 7280 7296
f 7302 7207 7198
f 7309 7303 7310
f 7298 5758 7311
f 7210 7207 7307
f 7311 5758 5756
f 7207 7302 7307
f 7307 7219 7210
f 7311 5756 7312
f 7303 7296 7178
f 7308 7219 7307
f 7212 7210 7219
f 7303 7184 7194
f 7304 7281 7298
f 7304 7298 7313
f 7303 7194 7314
f 7311 7313 7298
f 7314 7310 7303
f 7283 7268 7315
f 7313 7316 7317
f 7300 7318 7268
f 7318 7315 7268
f 7316 7311 7319
f 7313 7311 7316
f 7320 7318 7321
f 7306 7051 7053
f 7315 7318 7320
f 7320 7322 7315
f 7308 7306 7053
f 7323 7324 7053
f 6833 7325 6882
f 7053 7324 7308
f 7323 7326 7324
f 7323 7327 7326
f 7325 6833 7286
f 7286 7328 7325
f 7329 7280 7330
f 7329 7287 7280
f 7331 6882 7325
f 7054 7323 7053
f 7331 6883 6882
f 7309 7330 7280
f 7323 7054 7060
f 7331 7332 6883
f 7310 7333 7330
f 7330 7309 7310
f 7331 7325 7328
f 7332 7331 7328
f 7322 7320 7334
f 7332 7328 7335
f 7336 7322 7334
f 7220 7219 7324
f 7337 7334 7320
f 7219 7308 7324
f 7286 7293 7328
f 7220 7324 7338
f 7326 7223 7338
f 7293 7335 7328
f 7338 7324 7326
f 7335 7293 7339
f 7222 7220 7338
f 7222 7338 7223
f 6796 6957 6797
f 7340 6883 7332
f 7318 7300 7226
f 7340 7332 7335
f 7326 7295 7223
f 7295 7326 7341
f 7341 7326 7327
f 7226 7321 7318
f 7321 7226 7342
f 6902 6883 7340
f 7248 7342 7226
f 7342 7254 7343
f 7342 7337 7321
f 7139 6797 6957
f 7343 7337 7342
f 7139 6957 6959
f 7342 7248 7254
f 6863 6427 7344
f 7139 6959 7345
f 6863 6074 6427
f 7344 6427 6438
f 7344 7346 6863
f 6902 7340 7347
f 7185 7138 7139
f 7340 7335 7348
f 6439 7349 7350
f 7348 7335 7339
f 7350 7351 7344
f 7348 7339 7352
f 7337 7320 7321
f 7185 7139 7345
f 7340 7348 7347
f 7185 7345 7353
f 7347 7348 7354
f 7350 6438 6439
f 7345 6959 6979
f 7350 7344 6438
f 7348 7352 7354
f 7304 7355 7293
f 7346 7344 7351
f 7355 7304 7313
f 7355 7313 7317
f 7346 6900 6877
f 7339 7293 7355
f 6877 6878 7346
f 7356 7339 7355
f 7356 7355 7317
f 7357 7345 6979
f 7357 6979 6982
f 7358 6900 7346
f 7357 6982 7359
f 7351 7358 7346
f 7356 7317 7360
f 7360 7317 7316
f 6878 6863 7346
f 6685 6995 6999
f 7361 7339 7356
f 7353 7345 7357
f 7351 7350 7349
f 7361 7356 7360
f 7362 6695 6685
f 7359 7363 7357
f 7357 7363 7353
f 7360 7316 7364
f 7364 7316 7319
f 7319 7365 7364
f 7358 7366 6938
f 6695 7362 7367
f 6999 7362 6685
f 7368 7360 7364
f 7368 7364 7365
f 7368 7365 7369
f 7017 6999 6998
f 7370 7368 7369
f 7017 7362 6999
f 7367 7362 7017
f 6439 6455 7349
f 7352 7339 7361
f 7184 7185 7195
f 7195 7185 7371
f 6455 6452 6459
f 7371 7185 7353
f 7372 6455 6459
f 7372 6459 6460
f 7354 7352 7373
f 7373 7352 7361
f 7373 7361 7374
f 6455 7372 6915
f 7374 7361 7375
f 7372 6916 6915
f 7361 7360 7368
f 7375 7361 7368
f 7375 7368 7370
f 6734 6695 7367
f 7358 7351 7366
f 7366 7351 7349
f 7366 7349 6915
f 7376 6734 7367
f 6915 7349 6455
f 7376 6729 6734
f 7366 6961 6938
f 7377 7376 7367
f 6961 7366 6915
f 7378 7376 7377
f 7379 7371 7353
f 7377 7367 7017
f 7195 7371 7380
f 7380 7371 7379
f 7381 7375 7370
f 7381 7370 7382
f 7383 7380 7379
f 7194 7195 7380
f 6900 6931 6626
f 6931 6900 6934
f 7376 6752 6729
f 7378 7384 7376
f 6934 6900 7358
f 7358 6937 6934
f 6752 7376 7384
f 6937 7358 6938
f 5798 7312 5756
f 7353 7363 7379
f 5798 7385 7312
f 7363 7386 7379
f 7387 6752 7384
f 7388 7384 7389
f 7385 5798 5802
f 7388 7387 7384
f 7379 7386 7383
f 7385 5802 5813
f 6752 6891 6748
f 6284 6974 6460
f 7385 5813 7390
f 6460 6916 7372
f 7319 7311 7312
f 7030 7377 7017
f 7017 7016 7030
f 7391 7319 7312
f 7030 7378 7377
f 7392 7391 7312
f 6982 7015 7393
f 7025 7393 7015
f 7393 7359 6982
f 7394 7378 7030
f 7391 7392 7395
f 7029 7394 7030
f 7392 7312 7385
f 7392 7385 7396
f 7394 7389 7378
f 7396 7385 7390
f 7390 7397 7396
f 7378 7389 7384
f 7398 7392 7396
f 7398 7396 7399
f 7399 7396 7397
f 7400 7394 7153
f 7363 7359 7401
f 5826 7402 5813
f 7400 7389 7394
f 7393 7401 7359
f 7394 7029 7153
f 5787 5467 7403
f 5829 7404 5826
f 7401 7393 7405
f 7404 7402 5826
f 5813 7402 7390
f 7406 7402 7404
f 7403 5467 5470
f 7404 5829 907
f 7407 7403 5470
f 7405 7393 7025
f 907 5829 904
f 7404 7408 7406
f 7404 1550 7408
f 7404 907 1550
f 5831 5787 7403
f 7407 5470 5489
f 7405 7025 7039
f 5831 7403 7407
f 7406 7390 7402
f 7397 7390 7406
f 7406 7409 7397
f 7401 7405 7410
f 7162 7400 7153
f 5491 5489 5487
f 7399 7397 7409
f 7039 7411 7405
f 7412 7409 7406
f 7412 7406 7408
f 1550 1568 7408
f 7412 7408 7413
f 5491 5486 7414
f 7415 5491 7414
f 5495 7414 5486
f 7365 7319 7391
f 7416 7417 7387
f 7418 7415 7414
f 7365 7391 7395
f 7419 7363 7401
f 7386 7363 7419
f 7387 6891 6752
f 7420 7419 7401
f 7387 6895 6891
f 7421 7395 7398
f 7422 5489 5491
f 7369 7365 7395
f 7369 7395 7421
f 6895 7387 7417
f 7369 7421 7423
f 7422 7407 5489
f 7407 7422 5945
f 7395 7392 7398
f 5945 5831 7407
f 7421 7398 7399
f 7424 6912 6895
f 7425 7421 7399
f 7424 6913 6912
f 6892 6895 6912
f 7426 7421 7425
f 7426 7423 7421
f 7194 7427 7314
f 5945 5832 5831
f 7428 7424 7417
f 7417 7424 6895
f 7380 7427 7194
f 7415 7422 5491
f 7370 7369 7382
f 7382 7369 7423
f 7428 7429 7424
f 7424 7429 6913
f 7430 7422 7415
f 7431 7380 7383
f 7430 5945 7422
f 7427 7380 7431
f 7423 7432 7382
f 7433 7430 7415
f 7381 7382 7434
f 7387 7388 7416
f 7434 7382 7432
f 7435 7416 7388
f 7436 7416 7435
f 5945 7430 5947
f 7432 7423 7426
f 7432 7426 7437
f 7400 7162 7262
f 7426 7425 7438
f 7400 7262 7435
f 7438 7437 7426
f 7430 7433 7439
f 7439 5947 7430
f 7262 7436 7435
f 7388 7389 7400
f 7388 7400 7435
f 7440 7399 7409
f 7440 7409 7412
f 7416 7441 7417
f 7436 7441 7416
f 7440 7425 7399
f 7441 7436 7442
f 7425 7440 7443
f 7444 5495 5498
f 7445 7444 5498
f 5498 5551 7445
f 7438 7425 7443
f 7418 7414 5495
f 7442 7428 7441
f 7287 7329 7290
f 7446 7418 7444
f 7444 7418 5495
f 7275 7442 7436
f 7444 7445 7446
f 7290 7329 7447
f 7448 7418 7446
f 7448 7449 7418
f 5621 7445 5551
f 5622 7450 5621
f 6902 7164 7147
f 7450 7446 7445
f 7446 7450 7448
f 7417 7441 7428
f 7450 7445 5621
f 7450 5622 5635
f 7451 7450 5635
f 7451 7448 7450
f 7164 6902 7347
f 7452 7164 7347
f 7452 7347 7453
f 7454 7310 7314
f 7418 7433 7415
f 7449 7433 7418
f 7455 7347 7354
f 7354 7456 7455
f 7457 7433 7449
f 7457 7439 7433
f 7429 6925 6913
f 7453 7347 7455
f 7458 6925 7429
f 7455 7459 7453
f 7455 7456 7459
f 7456 7460 7459
f 7458 6929 6925
f 7428 7461 7429
f 7462 7453 7459
f 7463 7330 7333
f 6184 5947 7439
f 7439 7457 6184
f 7461 7458 7429
f 7181 7163 7164
f 6203 6184 7457
f 7180 7181 7464
f 7463 7329 7330
f 6203 6186 6184
f 7452 7181 7164
f 7458 7461 7465
f 7458 7465 7466
f 7464 7181 7452
f 7329 7463 7447
f 7180 7464 7186
f 6929 7458 7467
f 7310 7454 7333
f 7449 7468 7457
f 7449 7448 7468
f 7451 7468 7448
f 7466 7469 7458
f 7464 7452 7470
f 7451 7471 7468
f 7470 7452 7453
f 7470 7453 7462
f 7467 7458 7469
f 7471 7472 7468
f 7464 7473 7186
f 7186 7473 7258
f 7333 7454 7474
f 7464 7470 7473
f 7472 7457 7468
f 7472 6203 7457
f 7473 7470 7475
f 7475 7470 7462
f 7475 7476 7473
f 6256 6202 7472
f 7477 7478 7466
f 7283 7477 7442
f 7462 7459 7479
f 6202 6203 7472
f 7283 7478 7477
f 7480 7462 7479
f 7428 7442 7477
f 7462 7481 7475
f 7447 7463 7482
f 7482 7463 7483
f 7481 7484 7475
f 7463 7333 7485
f 7481 7462 7480
f 7480 7486 7481
f 5635 5639 7451
f 7485 7483 7463
f 7373 7456 7354
f 7482 7483 7487
f 7460 7373 7374
f 7460 7456 7373
f 5639 5635 5631
f 7488 7483 7485
f 7474 7485 7333
f 7489 7466 7478
f 7490 7451 5639
f 7485 7474 7491
f 7492 7489 7478
f 7490 7471 7451
f 7374 7375 7493
f 7489 7492 7494
f 5653 7490 5639
f 7477 7461 7428
f 7479 7459 7460
f 7477 7465 7461
f 7479 7460 7374
f 7479 7374 7495
f 7493 7495 7374
f 7495 7496 7479
f 7466 7465 7477
f 7497 7471 7490
f 7496 7495 7498
f 7497 7472 7471
f 7499 7488 7485
f 7499 7485 7491
f 7497 6256 7472
f 7493 7375 7381
f 7500 7499 7491
f 5655 7497 7490
f 7469 7466 7489
f 7493 7381 7434
f 7493 7434 7501
f 7495 7493 7498
f 6261 6256 7497
f 7497 5655 6261
f 7501 7498 7493
f 5655 7490 5653
f 6261 5655 6289
f 7479 7502 7480
f 7502 7479 7496
f 5655 5661 6289
f 7503 7499 7500
f 6289 5661 6298
f 7503 7500 7504
f 7467 6984 6929
f 7476 7258 7473
f 7476 7259 7258
f 690 700 710
f 7259 7476 7505
f 7506 7386 7507
f 7484 7476 7475
f 7261 7436 7262
f 7436 7261 7275
f 4575 4569 7508
f 7410 7405 7411
f 7442 7275 7283
f 7509 4565 711
f 690 710 4564
f 4565 7508 4569
f 7507 7386 7419
f 7508 4565 7509
f 7509 7510 7508
f 7315 7478 7283
f 7511 7419 7420
f 7478 7315 7322
f 7509 711 7512
f 7507 7419 7511
f 7420 7513 7511
f 715 7512 711
f 7492 7478 7322
f 7420 7401 7410
f 7512 7510 7509
f 7510 7512 7514
f 7322 7336 7492
f 7515 7410 7411
f 7516 4575 7508
f 7515 7517 7410
f 7516 7508 7510
f 4580 4575 7516
f 7515 7518 7517
f 7516 5770 4580
f 7259 7519 7260
f 7513 7420 7517
f 7517 7420 7410
f 7516 7510 7520
f 7521 7265 7260
f 7522 7513 7517
f 7517 7518 7522
f 5770 7516 7520
f 7247 7245 7265
f 7521 7247 7265
f 7523 6300 6297
f 7520 7510 7514
f 7247 7521 7524
f 7260 7519 7521
f 7519 7525 7521
f 7512 715 7526
f 7522 7518 7527
f 7526 715 753
f 7521 7525 7528
f 7514 7512 7526
f 6305 6300 7523
f 7314 7427 7529
f 7529 7427 7431
f 7530 7514 7526
f 6305 7523 7531
f 7531 6311 6305
f 7529 7431 7532
f 7523 7533 7531
f 753 7534 7526
f 7534 753 760
f 7529 7454 7314
f 7534 760 7535
f 7524 7521 7528
f 7532 7536 7529
f 7529 7536 7454
f 7537 7524 7528
f 7534 7530 7526
f 7534 7538 7530
f 7537 7528 7539
f 6311 7531 7540
f 7538 7534 7535
f 7514 5822 7520
f 7539 7528 7541
f 5822 5785 7520
f 7542 7543 7536
f 5770 7520 5785
f 7540 6344 6311
f 7383 7506 7431
f 7544 6344 7540
f 7506 7383 7386
f 6344 7544 7545
f 7532 7431 7506
f 5823 5822 5948
f 7546 7545 7544
f 5822 7514 7530
f 7537 7539 7547
f 7532 7506 7548
f 7548 7506 7507
f 7507 7549 7548
f 7545 6350 6344
f 7542 7548 7549
f 5822 7530 5948
f 7532 7542 7536
f 6350 7545 7550
f 7538 5948 7530
f 7542 7532 7548
f 7535 760 889
f 889 1004 7535
f 7538 7535 1004
f 7542 7551 7543
f 1004 7552 7538
f 7549 7553 7542
f 7553 7551 7542
f 1568 1550 1549
f 7413 7408 1568
f 7550 6351 6350
f 1568 1567 7413
f 7536 7474 7454
f 7538 7552 5950
f 6351 7550 6471
f 5949 5948 5950
f 5950 5948 7538
f 5950 7552 5951
f 7474 7536 7543
f 7552 1004 1011
f 7491 7474 7543
f 7554 7552 1011
f 7554 1011 1022
f 7550 7555 6471
f 6471 7555 7556
f 5951 7552 7554
f 7557 7437 7438
f 7491 7543 7558
f 5951 7554 5958
f 7557 7438 7559
f 5958 7554 1040
f 7440 7412 7560
f 7560 7443 7440
f 7558 7500 7491
f 1040 7554 1022
f 7560 7412 7413
f 6484 6471 7561
f 7413 1567 1620
f 7543 7551 7562
f 7561 7556 7563
f 6471 7556 7561
f 7564 7560 7413
f 7564 7413 1620
f 7564 1620 1624
f 7549 7507 7511
f 7443 7560 7565
f 7513 7566 7511
f 3338 2889 2903
f 7438 7443 7559
f 7565 7559 7443
f 7511 7567 7549
f 2971 3338 2903
f 2903 2900 2971
f 3338 2971 3376
f 7565 7568 7559
f 7564 7565 7560
f 2973 3376 2971
f 7566 7569 7567
f 7567 7511 7566
f 7566 7570 7569
f 7571 7565 7564
f 7571 7564 1624
f 6484 7561 6496
f 7553 7549 7567
f 7572 6497 6496
f 7571 7568 7565
f 6496 7561 7573
f 6496 7573 7572
f 7569 7553 7567
f 3204 3621 2972
f 7561 7574 7575
f 7576 7577 7575
f 7573 7561 7575
f 7568 7571 1645
f 7573 7575 7577
f 7571 1624 1645
f 7566 7513 7522
f 3625 3204 3205
f 7570 7566 7522
f 7568 1645 7578
f 1641 7578 1645
f 7527 7570 7522
f 7579 7580 7577
f 3175 7581 3197
f 3175 3208 7581
f 7579 7582 7580
f 7481 7583 7484
f 7573 7577 7572
f 7572 7577 7580
f 7583 7481 7486
f 7584 3205 3197
f 7570 7527 7585
f 7584 3625 3205
f 7581 7584 3197
f 7586 3625 7584
f 7582 6510 7580
f 7586 3627 3625
f 7576 7579 7577
f 7584 7587 7586
f 7587 7584 7581
f 7587 7581 7588
f 3648 3627 7586
f 3710 7586 7587
f 3710 3648 7586
f 7502 7496 7589
f 7486 7480 7502
f 7562 7551 7590
f 6496 6493 6484
f 7588 3208 3248
f 7588 7581 3208
f 7591 7486 7502
f 7592 7502 7589
f 3248 7593 7588
f 7502 7592 7591
f 7558 7543 7562
f 3714 7587 7588
f 7558 7562 7594
f 7498 7589 7496
f 7572 6498 6497
f 7593 3714 7588
f 6498 7572 7580
f 3714 3710 7587
f 7589 7498 7501
f 7580 6510 6498
f 7592 7589 7595
f 7595 7589 7501
f 7594 7500 7558
f 3254 7593 3248
f 7594 7504 7500
f 7593 3254 3716
f 3716 3714 7593
f 2403 1981 3254
f 7595 7596 7592
f 3716 3254 1981
f 1980 3716 1981
f 1980 3068 3716
f 7505 7476 7484
f 7505 7484 7597
f 7598 7562 7590
f 7505 7519 7259
f 7594 7562 7598
f 7582 7579 7599
f 7600 7582 7599
f 7582 7600 7043
f 7601 7519 7505
f 812 813 7602
f 7602 827 812
f 7505 7597 7601
f 7603 7043 7600
f 808 303 834
f 7597 7484 7583
f 7604 7603 7605
f 7486 7591 7583
f 305 834 303
f 7597 7583 7606
f 7044 7043 7603
f 7607 7504 7594
f 7583 7608 7606
f 7608 7583 7591
f 7044 7603 7604
f 7609 7603 7600
f 312 7602 813
f 305 312 813
f 305 813 834
f 7603 7609 7610
f 7610 7605 7603
f 7594 7598 7611
f 7612 7597 7606
f 6510 7582 7043
f 7612 7606 7613
f 7606 7608 7613
f 7608 7614 7613
f 7045 6510 7043
f 827 7602 971
f 7519 7601 7525
f 7607 7594 7611
f 972 971 216
f 216 214 972
f 7062 7044 7604
f 7604 7070 7062
f 7601 7528 7525
f 7528 7601 7541
f 7615 311 479
f 7541 7601 7612
f 7612 7601 7597
f 7602 7615 971
f 7590 7551 7553
f 7553 7569 7616
f 7617 7541 7612
f 7616 7569 7570
f 311 7602 312
f 7616 7590 7553
f 7602 311 7615
f 7615 479 243
f 7618 7605 7610
f 7618 7619 7605
f 7618 7620 7619
f 7612 7613 7621
f 7615 216 971
f 243 216 7615
f 7604 7605 7619
f 216 243 215
f 7570 7622 7616
f 7614 7591 7592
f 7585 7622 7570
f 7608 7591 7614
f 7623 7616 7622
f 7614 7592 7624
f 7620 7618 7625
f 7585 7626 7622
f 7627 7628 7625
f 7620 7625 7628
f 7626 7623 7622
f 7619 7620 7071
f 7613 7614 7629
f 7624 7629 7614
f 7628 7630 7620
f 7596 7624 7592
f 7624 7596 7631
f 7632 7623 7633
f 7633 7623 7626
f 7634 7624 7631
f 7070 7604 7068
f 7068 7604 7619
f 7634 7629 7624
f 7068 7619 7071
f 7598 7590 7635
f 7616 7635 7590
f 7623 7635 7616
f 7071 7620 7630
f 7630 7083 7071
f 7630 7085 7083
f 7547 7539 7636
f 7617 7636 7541
f 7541 7636 7539
f 7637 7636 7617
f 7598 7635 7611
f 7612 7621 7617
f 7638 7617 7621
f 7639 7635 7623
f 7611 7635 7639
f 7637 7617 7638
f 7628 7627 7640
f 7640 7627 7641
f 7623 7632 7639
f 7630 7628 7642
f 7642 7628 7640
f 7633 7643 7632
f 7642 7640 7644
f 7644 7206 7642
f 7637 7638 7645
f 7645 7638 7646
f 7646 7638 7621
f 7637 7645 7647
f 7648 7647 7645
f 7645 7646 7649
f 7649 7646 7650
f 7649 7648 7645
f 7641 7644 7640
f 7651 7644 7641
f 7634 7652 7629
f 7213 7644 7651
f 7631 7653 7634
f 7652 7634 7654
f 7085 7630 7642
f 7653 7654 7634
f 7642 7206 7085
f 7652 7654 7655
f 7656 7654 7653
f 7657 7504 7607
f 7657 7607 7658
f 7658 7607 7611
f 7655 7654 7656
f 7206 7644 7213
f 7629 7621 7613
f 7652 7621 7629
f 7659 7228 7651
f 7611 7660 7658
f 7661 7621 7652
f 7228 7659 7235
f 7213 7651 7228
f 7652 7655 7661
f 7662 7658 7660
f 7663 7662 7664
f 7664 7662 7660
f 7661 7646 7621
f 7661 7650 7646
f 7661 7655 7665
f 7665 7650 7661
f 7665 7655 301
f 7666 7663 7664
f 301 7655 7656
f 7501 7434 7667
f 7667 7434 7432
f 7667 7432 7437
f 7667 7668 7501
f 7668 7667 7669
f 4675 3064 3067
f 7611 7639 7670
f 6830 4675 3067
f 7669 7437 7557
f 7670 7639 7632
f 7667 7437 7669
f 7632 7671 7670
f 7672 4675 6830
f 7670 7660 7611
f 7669 7557 7673
f 7673 7557 7674
f 7675 6830 6836
f 7664 7660 7676
f 7676 7660 7670
f 7675 7672 6830
f 7677 7669 7673
f 7676 7670 7671
f 7678 7672 7675
f 4675 7679 4672
f 7672 7679 4675
f 7680 7679 7672
f 7681 7632 7682
f 7682 7632 7643
f 7672 7678 7680
f 7671 7632 7681
f 7595 7501 7668
f 7683 7671 7681
f 7680 7678 7684
f 7680 7684 7685
f 7677 7668 7669
f 6855 7675 6836
f 6855 7686 7675
f 7595 7668 7677
f 7664 7676 7687
f 7687 7676 7688
f 7596 7595 7677
f 7686 7678 7675
f 7688 7676 7671
f 7596 7677 7689
f 7596 7689 7631
f 7666 7664 7687
f 6860 7686 6855
f 7687 7688 7690
f 7687 7690 7666
f 7691 7677 7673
f 7689 7677 7691
f 7683 7681 7682
f 7691 7673 7692
f 7686 7684 7678
f 7691 7693 7689
f 7688 7683 7694
f 7694 7683 7695
f 7683 7688 7671
f 7674 7557 7559
f 7696 7697 7686
f 7697 7684 7686
f 7673 7674 7692
f 7684 7697 7698
f 7674 7559 7568
f 7699 7692 7674
f 7684 7698 7700
f 7578 7674 7568
f 7700 7701 7685
f 7700 7685 7684
f 7702 7700 7698
f 7703 7666 7704
f 1641 1881 7578
f 7578 1881 7705
f 7706 7700 7702
f 7704 7666 7690
f 7578 7699 7674
f 7699 7578 7705
f 6963 6860 6841
f 7690 7688 7694
f 7707 7694 7695
f 7689 7693 7708
f 7704 7690 7694
f 7693 7691 7709
f 7704 7694 7710
f 7710 7694 7711
f 7712 7693 7709
f 7711 7694 7707
f 6860 7696 7686
f 7713 7699 7705
f 7714 6860 6963
f 6860 7714 7696
f 1881 1887 7705
f 7696 7714 7715
f 7716 7710 7717
f 7692 7699 7713
f 7718 7697 7696
f 7709 7691 7692
f 7710 7711 7717
f 7713 7709 7692
f 7717 7711 7719
f 7718 7698 7697
f 7717 7719 7720
f 7709 7713 7721
f 7709 7721 7712
f 7712 7721 7722
f 7713 7723 7721
f 7724 7713 7705
f 7725 7718 7696
f 7724 7723 7713
f 7724 7705 1887
f 6980 7714 6963
f 7716 7717 7726
f 7727 7714 6980
f 7726 7717 7720
f 7727 7715 7714
f 7722 7721 7728
f 7726 7720 7729
f 7728 7721 7723
f 7730 7726 7729
f 7724 1887 1906
f 1906 7723 7724
f 7727 6980 6984
f 6984 7731 7727
f 315 7728 7723
f 7731 7732 7727
f 315 7723 1906
f 7732 7715 7727
f 7733 7631 7689
f 7734 7725 7715
f 7735 7734 7732
f 7715 7732 7734
f 7725 7734 7736
f 7653 7631 7733
f 7689 7708 7733
f 7708 7737 7733
f 7696 7715 7725
f 7738 7737 7708
f 7656 7653 7737
f 7737 7653 7733
f 7693 7712 7708
f 7708 7712 7738
f 7737 7738 7739
f 7656 7737 7740
f 7698 7718 7702
f 7739 7740 7737
f 6475 7741 6472
f 7740 301 7656
f 7742 7741 6475
f 280 301 7740
f 7740 7739 277
f 7740 277 280
f 7741 7742 7743
f 7725 7744 7718
f 7739 7738 7722
f 7712 7722 7738
f 7702 7718 7744
f 7739 7722 278
f 7702 7744 7706
f 7706 7744 7745
f 2375 2353 6472
f 7746 7745 7744
f 6472 7741 7747
f 278 277 7739
f 7747 2375 6472
f 7745 7748 7706
f 7749 2375 7747
f 7722 7728 313
f 2375 7749 6145
f 7722 313 278
f 7748 7745 7750
f 7728 315 313
f 7743 7747 7741
f 7751 7744 7725
f 7736 7751 7725
f 7751 7746 7744
f 7752 7753 7648
f 6145 7749 7754
f 7755 7751 7736
f 7756 7751 7755
f 7747 7754 7749
f 7757 7754 7747
f 7752 7649 7650
f 7752 7648 7649
f 7752 7650 7758
f 7759 7746 7756
f 7759 7745 7746
f 7743 7760 7761
f 7743 7757 7747
f 7750 7745 7759
f 7650 7665 7758
f 7761 7757 7743
f 7665 301 220
f 7762 7750 7759
f 220 7758 7665
f 7751 7756 7746
f 7763 7759 7756
f 218 7758 220
f 7764 7756 7755
f 7763 7756 7764
f 7763 7762 7759
f 7753 7752 237
f 7752 7758 218
f 218 237 7752
f 6475 6277 7742
f 6500 7742 6277
f 7760 7742 6500
f 7743 7742 7760
f 6500 6501 6502
f 7750 7762 7765
f 7765 7762 7766
f 7763 7767 7762
f 7762 7767 7766
f 7766 7767 7768
f 7760 6500 7769
f 7770 7765 7766
f 7769 7771 7760
f 7768 7770 7766
f 6502 7769 6500
f 7769 6502 7772
f 7773 7774 7770
f 7775 7773 7768
f 7770 7768 7773
f 7771 7769 7776
f 7777 7778 7773
f 7779 7780 7781
f 7777 7781 7780
f 7761 7760 7771
f 7237 7236 7244
f 7244 7236 7782
f 7783 7754 7757
f 7782 7784 7244
f 7783 7757 7761
f 7785 7786 7782
f 7786 7785 7787
f 7782 7786 7788
f 7782 7788 7784
f 7786 7789 7788
f 7783 7790 7791
f 7789 7786 7792
f 7253 7793 7254
f 7253 7244 7784
f 7793 7253 7784
f 7793 7784 7794
f 7793 7343 7254
f 7789 7795 7794
f 7761 7790 7783
f 7790 7761 7771
f 7790 7771 7796
f 7795 7789 7797
f 7794 7784 7788
f 7794 7788 7789
f 7797 7789 7792
f 7796 7771 7798
f 7776 7798 7771
f 7799 7800 7801
f 7792 7801 7800
f 7792 7786 7787
f 7787 7801 7792
f 7796 7802 7790
f 7803 7804 7799
f 7804 7803 7805
f 7800 7799 7804
f 7806 7798 7807
f 7806 7807 7808
f 7804 7809 7800
f 7809 7804 7810
f 7802 7796 7806
f 7806 7796 7798
f 7811 7802 7806
f 7797 7792 7800
f 7811 7806 7808
f 7812 7795 7797
f 7800 7813 7797
f 7812 7797 7813
f 6145 7754 6179
f 7809 7813 7800
f 7814 6179 7754
f 7809 7815 7813
f 7814 7754 7783
f 6210 6179 7814
f 7334 7337 7816
f 7791 7814 7783
f 7817 7818 7816
f 6210 7814 7819
f 7819 7814 7791
f 7816 7818 7334
f 7819 7791 7820
f 7821 7822 7818
f 6216 6210 7819
f 7817 7821 7818
f 7817 7823 7821
f 7820 6216 7819
f 7824 7823 7817
f 6217 6216 7825
f 7825 6216 7820
f 7793 7826 7343
f 7827 7820 7791
f 7343 7816 7337
f 7827 7791 7790
f 7826 7817 7343
f 7816 7343 7817
f 7826 7793 7794
f 7826 7794 7795
f 7795 7824 7826
f 7826 7824 7817
f 7802 7827 7790
f 6546 6555 6502
f 7772 6502 6555
f 6570 7828 6555
f 6555 7828 7772
f 7829 7823 7824
f 7829 7830 7823
f 7831 7830 7829
f 7831 7832 7830
f 7769 7772 7776
f 7831 7833 7832
f 6570 6572 7828
f 7821 7823 7834
f 7834 7823 7830
f 7835 7821 7834
f 7834 7836 7835
f 7772 7828 7776
f 7834 7830 7837
f 7837 7830 7832
f 7832 7838 7837
f 7838 7832 7833
f 7776 7828 7839
f 7836 7834 7837
f 7836 7837 7840
f 7840 7837 7838
f 7838 7841 7840
f 7824 7795 7812
f 7824 7812 7829
f 7813 7831 7812
f 7812 7831 7829
f 7828 6572 7839
f 7831 7813 7815
f 7815 7833 7831
f 7839 6572 7842
f 7843 7842 6572
f 7842 7844 7839
f 7844 7842 7845
f 7845 7842 7846
f 7798 7776 7807
f 7839 7807 7776
f 7807 7839 7847
f 7807 7847 7808
f 7848 7849 7850
f 7808 7847 7851
f 7852 7853 7848
f 7844 7847 7839
f 7852 7848 7850
f 7852 7850 7854
f 6622 7843 6572
f 7852 7855 7853
f 6640 7843 6622
f 7852 7854 7855
f 7856 7843 6640
f 7857 7855 7854
f 7858 7857 7854
f 7810 7805 7848
f 7848 7805 7849
f 7810 7804 7805
f 6640 7859 7856
f 7856 7859 7846
f 7842 7843 7856
f 7846 7842 7856
f 7810 7848 7853
f 7859 6640 6643
f 7810 7853 7809
f 7860 7809 7853
f 7855 7860 7853
f 7815 7809 7860
f 7859 7861 7862
f 6643 7861 7859
f 7863 7864 7865
f 7866 7863 7865
f 7854 7866 7867
f 7850 7863 7866
f 7854 7850 7866
f 7867 7866 7865
f 7868 7802 7811
f 7869 7864 7870
f 7869 7870 7871
f 7851 7811 7808
f 7872 7869 7871
f 7873 7868 7811
f 7869 7865 7864
f 7867 7865 7869
f 7872 7867 7869
f 7858 7854 7867
f 7811 7851 7873
f 7874 7873 7851
f 7875 7873 7874
f 7876 7872 7871
f 7877 7872 7876
f 7867 7877 7858
f 7867 7872 7877
f 7825 7820 7878
f 7860 7879 7880
f 7878 7820 7827
f 7880 7881 7833
f 7881 7880 7879
f 7882 7878 7827
f 7879 7860 7855
f 7883 7878 7882
f 7879 7855 7857
f 7883 7882 7884
f 7885 7879 7857
f 7858 7886 7857
f 7886 7885 7857
f 7881 7879 7885
f 7887 7881 7885
f 6248 6217 7825
f 7888 6248 7825
f 6247 6248 6269
f 6269 6248 7889
f 7881 7890 7833
f 7838 7833 7890
f 7890 7881 7891
f 7892 7889 7888
f 7888 7889 6248
f 7891 7881 7887
f 7841 7838 7890
f 7891 7841 7890
f 7893 7883 7884
f 7888 7825 7878
f 7878 7883 7888
f 7887 7894 7891
f 7892 7888 7883
f 7887 7885 7886
f 7860 7880 7815
f 7833 7815 7880
f 7802 7868 7827
f 7882 7827 7868
f 7882 7868 7884
f 7895 7886 7858
f 7884 7868 7896
f 7858 7897 7895
f 7897 7877 7898
f 7896 7893 7884
f 7897 7899 7895
f 7873 7896 7868
f 7897 7858 7877
f 7875 7896 7873
f 7895 7900 7901
f 7894 7887 7901
f 7901 7902 7894
f 6269 7889 6303
f 7902 7901 7900
f 7895 7901 7886
f 6303 7889 7903
f 7887 7886 7901
f 7899 7897 7904
f 7893 7892 7883
f 7895 7899 7900
f 7899 7905 7900
f 7906 7905 7899
f 7907 7906 7904
f 7903 7889 7908
f 7892 7908 7889
f 7909 7903 7908
f 7906 7899 7904
f 7908 7892 7910
f 7910 7892 7893
f 7909 7908 7910
f 7911 7903 7909
f 7467 7469 7731
f 7731 7469 7912
f 7909 7910 7913
f 7913 7910 7914
f 7915 7909 7913
f 7916 7915 7913
f 6304 6303 7911
f 7494 7336 7917
f 7918 7919 7920
f 7903 7911 6303
f 7469 7489 7912
f 6310 6304 7911
f 7909 7915 7911
f 7494 7912 7489
f 7494 7921 7912
f 7922 7893 7896
f 7875 7922 7896
f 7893 7922 7910
f 7912 7921 7923
f 7924 7925 7923
f 7923 7921 7924
f 7924 7921 7920
f 7494 7917 7921
f 7921 7917 7920
f 7874 7926 7875
f 7922 7875 7926
f 7914 7910 7922
f 7927 7928 7924
f 7914 7922 7929
f 7929 7922 7926
f 7928 7927 7930
f 7920 7919 7927
f 7927 7919 7931
f 7931 7932 7927
f 7924 7920 7927
f 7930 7927 7932
f 7933 7934 7930
f 7934 7933 7935
f 7936 7932 7937
f 7933 7932 7936
f 7937 7938 7936
f 7930 7932 7933
f 7935 7933 7936
f 7935 7936 7938
f 7939 7851 7847
f 7731 6984 7467
f 7940 7851 7939
f 7923 7735 7731
f 7731 7912 7923
f 7844 7939 7847
f 7939 7844 7845
f 7735 7732 7731
f 7941 7940 7939
f 7925 7735 7923
f 7942 7941 7939
f 7925 7943 7735
f 7874 7851 7940
f 7940 7944 7874
f 7940 7941 7945
f 7942 7946 7941
f 7941 7946 7945
f 7735 7947 7734
f 7736 7734 7947
f 7736 7947 7755
f 7755 7947 7948
f 7943 7947 7735
f 7947 7943 7948
f 7944 7940 7945
f 7928 7943 7925
f 7943 7949 7948
f 7928 7949 7943
f 7939 7845 7942
f 7942 7846 7950
f 7948 7764 7755
f 7951 7948 7949
f 7764 7948 7951
f 7942 7845 7846
f 7862 7861 7952
f 7862 7952 7953
f 7862 7846 7859
f 7954 7951 7949
f 7950 7846 7862
f 7950 7862 7953
f 7955 7942 7950
f 7764 7951 7763
f 7942 7955 7946
f 7928 7925 7924
f 7930 7949 7928
f 7956 7955 7950
f 7956 7950 7953
f 7949 7930 7934
f 7934 7935 7954
f 7934 7954 7949
f 7957 7955 7956
f 7957 7956 7958
f 7336 7494 7492
f 7818 7336 7334
f 7818 7917 7336
f 7818 7822 7917
f 7822 7918 7917
f 7835 7918 7822
f 7821 7835 7822
f 7920 7917 7918
f 7959 7874 7944
f 7960 7959 7961
f 7918 7835 7962
f 7963 7959 7944
f 7963 7944 7945
f 7962 7835 7836
f 7961 7959 7963
f 7919 7918 7962
f 7931 7962 7836
f 7919 7962 7931
f 7964 7931 7836
f 7964 7836 7840
f 7960 7961 7965
f 7841 7964 7840
f 7966 7961 7963
f 7937 7931 7964
f 7937 7932 7931
f 7841 7937 7964
f 7967 7961 7966
f 7965 7961 7967
f 7957 7958 7968
f 7963 7945 7969
f 7969 7945 7946
f 7963 7969 7966
f 7946 7970 7969
f 7969 7970 7971
f 7972 7973 7974
f 7966 7969 7971
f 7975 7935 7976
f 7977 7978 7976
f 7957 7946 7955
f 7970 7946 7957
f 7979 7938 7937
f 7970 7957 7968
f 7976 7938 7980
f 7976 7980 7977
f 7935 7938 7976
f 7967 7966 7971
f 7977 7981 7978
f 7982 7981 7977
f 7983 7971 7984
f 7977 7980 7973
f 7977 7973 7985
f 7983 7967 7971
f 7967 7983 7986
f 7977 7985 7982
f 7971 7970 7984
f 7984 7970 7968
f 7968 7987 7984
f 7973 7972 7988
f 7989 7983 7984
f 7990 7991 7992
f 7982 7985 7993
f 7959 7926 7874
f 7960 7926 7959
f 7985 7973 7988
f 7985 7988 7994
f 7995 7993 7985
f 7994 7995 7985
f 7929 7926 7960
f 7996 7929 7960
f 7965 7996 7960
f 7997 7993 7998
f 7995 7994 7991
f 7267 7861 6643
f 7991 7999 7995
f 7999 7991 8000
f 7861 7267 7952
f 7993 7995 7998
f 7291 7952 7267
f 7998 7995 7999
f 7998 7999 8001
f 7975 8002 7954
f 7954 8002 7951
f 8003 8002 8004
f 7952 7291 8005
f 8002 8003 7951
f 7953 7952 8005
f 8004 8006 8003
f 8004 8007 8006
f 7290 8005 7291
f 8008 8007 8004
f 8009 8007 8008
f 8009 8010 8007
f 7290 8011 8005
f 8003 7767 7951
f 7951 7767 7763
f 8006 7768 7767
f 8005 8011 8012
f 8003 8006 7767
f 7956 7953 8012
f 8012 7953 8005
f 7775 7768 8006
f 8007 7775 8006
f 7958 8012 8013
f 8012 7958 7956
f 8011 8013 8012
f 8010 7775 8007
f 8014 8011 7290
f 8014 7290 7447
f 7935 7975 7954
f 7482 8014 7447
f 8013 8011 8015
f 8015 8011 8014
f 8002 7975 8016
f 8016 8004 8002
f 8004 8016 7978
f 7976 8016 7975
f 8017 8014 7482
f 8016 7976 7978
f 8017 8015 8014
f 8008 7978 7981
f 8008 7981 8009
f 8004 7978 8008
f 7482 7487 8017
f 8018 7958 8013
f 8019 8018 8013
f 8010 8009 8020
f 7968 7958 8018
f 7968 8018 7987
f 8021 8020 8022
f 8023 8015 8017
f 8017 7487 8023
f 8022 8024 8021
f 8010 8025 7775
f 8023 8019 8015
f 8015 8019 8013
f 8020 8026 8010
f 8025 8010 8026
f 8026 7781 8025
f 8027 8019 8023
f 7773 7775 8025
f 7773 8025 7777
f 7777 8025 7781
f 8021 8026 8020
f 8018 8019 7987
f 7781 8026 8028
f 8029 7987 8030
f 8030 7987 8019
f 8028 7779 7781
f 8031 8029 8030
f 8032 8033 7779
f 7779 8028 8032
f 8026 8021 8028
f 8019 8027 8030
f 8028 8021 8024
f 8024 8032 8028
f 8009 7981 7982
f 8030 8027 8034
f 8009 7982 8020
f 7982 7993 8020
f 7993 7997 8020
f 7984 7987 8029
f 7989 7984 8029
f 7997 7998 8022
f 8022 7998 8001
f 8020 7997 8022
f 7487 8035 8023
f 8024 8022 8001
f 7488 7487 7483
f 7487 7488 8035
f 8027 8023 8035
f 8035 7488 7503
f 7503 7488 7499
f 8036 7979 7841
f 7979 8036 7974
f 7891 8036 7841
f 7841 7979 7937
f 7938 7979 7980
f 7980 7979 7974
f 8027 8035 8037
f 8036 7891 7894
f 7974 8036 7894
f 8037 8034 8027
f 7974 7973 7980
f 7894 7972 7974
f 8037 8035 7503
f 8038 7503 7504
f 8037 7503 8038
f 7902 7972 7894
f 7902 8039 7972
f 8039 7902 7905
f 8039 7905 7992
f 7900 7905 7902
f 8039 7988 7972
f 7994 7988 8039
f 7994 8039 7992
f 7992 7905 7906
f 7906 7990 7992
f 7994 7992 7991
f 7001 6310 8040
f 8040 6310 7911
f 8040 7911 7915
f 8041 7001 8040
f 8041 8040 8042
f 8042 8040 7915
f 7916 8042 7915
f 8043 8042 7916
f 8041 7011 7001
f 8041 8044 7011
f 8045 8046 8047
f 8048 8049 8046
f 8041 8042 8050
f 8050 8042 8043
f 8044 8041 8050
f 8050 8051 8044
f 7913 7914 8052
f 7916 7913 8052
f 8052 7914 8053
f 8043 7916 8052
f 8054 8055 8056
f 8057 8052 8053
f 8057 8043 8052
f 7996 8053 7929
f 8058 8053 8059
f 8059 8060 8058
f 7929 8053 7914
f 8061 8062 8048
f 8063 8064 8062
f 8061 8063 8062
f 8065 8043 8057
f 8066 8067 8063
f 8067 8066 8068
f 8069 8065 8057
f 8050 8043 8065
f 8067 8070 8063
f 8063 8070 8064
f 8065 8071 8050
f 8071 8065 8072
f 8069 8072 8065
f 8070 8067 8073
f 8070 8073 8074
f 8053 8058 8069
f 8073 8067 8068
f 8075 8058 8060
f 8075 8069 8058
f 8057 8053 8069
f 8075 8076 8069
f 8072 8069 8076
f 8077 8078 8079
f 8080 8081 8082
f 8083 8084 8086
f 8087 7061 8088
f 8087 8089 7061
f 8054 8084 8055
f 8084 8090 8055
f 8071 8051 8050
f 8091 8087 8051
f 8083 8090 8084
f 8081 8090 8083
f 8091 8051 8071
f 8092 8093 8074
f 8094 8093 8092
f 8068 8082 8073
f 8073 8082 8092
f 7061 8095 7060
f 8095 7061 8089
f 8092 8082 8081
f 8081 8096 8092
f 8081 8080 8090
f 8074 8073 8092
f 8089 8087 8091
f 8092 8096 8094
f 8097 8089 8091
f 8096 8083 8099
f 8096 8099 8094
f 8097 8100 8089
f 8099 8083 8086
f 8091 8101 8097
f 8094 8098 8079
f 7066 7011 8088
f 8088 7011 8044
f 8079 8098 8077
f 8096 8081 8083
f 7061 7066 8088
f 8044 8087 8088
f 8044 8051 8087
f 8102 8103 8104
f 8104 8103 8105
f 8103 8106 8107
f 8105 8103 8107
f 8104 8105 8108
f 8105 8107 8109
f 8108 8105 8109
f 8071 8110 8091
f 8110 8071 8072
f 8110 8072 8076
f 8107 8106 8111
f 8107 8111 8112
f 8109 8107 8113
f 8113 8107 8112
f 8076 8114 8115
f 8115 8114 8116
f 8114 8076 8075
f 8117 8118 8119
f 8120 8118 8117
f 8091 8110 8101
f 8113 8112 8118
f 8120 8113 8118
f 8110 8121 8101
f 8120 8122 8113
f 8123 8101 8121
f 8109 8113 8122
f 8115 8124 8125
f 8076 8115 8110
f 8121 8110 8115
f 8126 8108 8109
f 8126 8109 8127
f 8127 8109 8122
f 8115 8125 8121
f 8120 8128 8122
f 8127 8122 8128
f 7986 7965 7967
f 8129 8126 8130
f 8131 7965 7986
f 8132 8131 7986
f 8133 8134 8130
f 8133 8135 8136
f 8137 7986 7983
f 8138 8126 8127
f 7989 8137 7983
f 8130 8126 8138
f 8137 8132 7986
f 8128 8139 8140
f 8137 7989 8141
f 8142 8127 8128
f 8138 8127 8142
f 8140 8142 8128
f 8140 8143 8142
f 8144 8141 7989
f 8145 8142 8143
f 8146 8130 8138
f 8133 8130 8146
f 8146 8138 8147
f 8148 8132 8137
f 8135 8133 8146
f 8146 8147 8135
f 8148 8137 8141
f 8148 8141 8149
f 8150 8132 8151
f 8151 8132 8148
f 8138 8142 8152
f 8153 8151 8148
f 8147 8138 8152
f 8148 8149 8153
f 8152 8142 8145
f 8154 8141 8144
f 8141 8154 8149
f 8155 8147 8152
f 8156 8149 8154
f 8155 8152 8157
f 8157 8152 8145
f 8158 7871 8159
f 8159 7871 7870
f 8158 8159 8102
f 8158 8102 8104
f 8156 8153 8149
f 8160 7871 8158
f 8160 8158 8161
f 8161 8158 8104
f 8104 8108 8161
f 7876 7871 8160
f 8162 7876 8160
f 8151 8163 8150
f 8162 8160 8161
f 8164 8162 8161
f 7877 7876 7898
f 7898 7876 8162
f 8153 8163 8151
f 8165 7898 8162
f 8165 8162 8164
f 8164 8161 8108
f 8126 8164 8108
f 8165 8164 8129
f 8126 8129 8164
f 8156 8166 8153
f 8163 8153 8166
f 8167 8163 8168
f 8168 8163 8166
f 7898 8165 8169
f 8170 8168 8171
f 7904 7897 7898
f 8169 7904 7898
f 8169 8165 8134
f 8172 8168 8166
f 8134 8165 8129
f 8172 8171 8168
f 8130 8134 8129
f 7904 8169 7907
f 8169 8173 7907
f 8174 7996 7965
f 8059 8053 7996
f 8059 7996 8174
f 8059 8174 8060
f 8173 8175 7907
f 8060 8174 8176
f 8173 8169 8134
f 8133 8173 8134
f 8175 8173 8136
f 8131 8174 7965
f 8136 8173 8133
f 8060 8177 8075
f 8114 8075 8177
f 8177 8060 8176
f 8177 8176 8178
f 8176 8174 8131
f 8179 8180 8181
f 8182 8179 8181
f 8178 8176 8131
f 8178 8131 8150
f 8183 8181 8180
f 8183 8184 8181
f 8150 8131 8132
f 8182 8181 8185
f 8185 8181 8184
f 8185 8184 8186
f 8114 8177 8187
f 8119 8179 8117
f 8178 8187 8177
f 8116 8114 8187
f 8117 8179 8182
f 8117 8182 8188
f 8187 8178 8189
f 8189 8178 8150
f 8116 8187 8189
f 8185 8188 8182
f 8116 8189 8190
f 8190 8189 8167
f 8167 8189 8150
f 8120 8117 8188
f 8116 8124 8115
f 8139 8128 8120
f 8116 8191 8124
f 8139 8120 8188
f 8191 8116 8190
f 8192 8193 8194
f 8139 8188 8192
f 8194 8139 8192
f 8195 8188 8185
f 8192 8188 8195
f 8186 8195 8185
f 8193 8192 8195
f 8196 8191 8190
f 8197 8195 8186
f 8193 8195 8197
f 8196 8190 8167
f 8167 8170 8196
f 8198 8199 8200
f 8163 8167 8150
f 8183 8180 8199
f 8184 8183 8198
f 8198 8183 8199
f 8168 8170 8167
f 8201 8200 1852
f 8198 8200 8202
f 8202 8200 8201
f 8203 7341 8204
f 8205 8198 8202
f 8204 8206 8203
f 8202 8201 8207
f 8208 8209 8206
f 8208 8210 8209
f 8186 8184 8211
f 8211 8184 8198
f 8212 8186 8211
f 8213 8214 8210
f 8215 8212 8211
f 8205 8202 8207
f 8214 8213 8216
f 8217 8207 8218
f 8211 8198 8205
f 8219 8211 8205
f 8215 8211 8219
f 7273 6297 6298
f 8217 8219 8205
f 8217 8205 8207
f 7273 7523 6297
f 8220 7273 7274
f 8221 7523 7273
f 7523 8221 7533
f 7533 7540 7531
f 8220 8221 7273
f 8220 8222 8221
f 8223 8224 8222
f 8140 8139 8194
f 7540 7533 8224
f 8222 7533 8221
f 7533 8222 8224
f 8143 8140 8194
f 8143 8194 8225
f 8226 8220 7294
f 7294 8220 7274
f 7294 7295 8203
f 7295 7341 8203
f 8206 8226 8203
f 8203 8226 7294
f 8193 8225 8194
f 8227 8193 8197
f 8225 8193 8227
f 8222 8220 8226
f 8222 8226 8228
f 8222 8228 8223
f 8145 8143 8229
f 8229 8143 8225
f 8209 8228 8226
f 8226 8206 8209
f 8157 8229 8230
f 8230 8229 8231
f 8157 8145 8229
f 8225 8227 8231
f 8231 8229 8225
f 8232 8212 8215
f 8224 8223 8233
f 7540 8224 7544
f 8224 8233 7544
f 8215 8219 8234
f 8233 7546 7544
f 8235 8219 8217
f 8234 8219 8235
f 8234 8235 8236
f 8237 8232 8234
f 8234 8232 8215
f 8237 8234 8236
f 8236 8238 8237
f 8239 7550 7545
f 7545 7546 8239
f 8232 8240 8241
f 8240 8242 8231
f 8223 8228 8243
f 8243 8244 8223
f 8232 8245 8240
f 8242 8240 8245
f 8209 8243 8228
f 8243 8209 8214
f 8209 8210 8214
f 8243 8214 8246
f 8247 8248 8249
f 8232 8237 8245
f 8244 8243 8246
f 8238 8249 8237
f 8245 8237 8249
f 8246 8214 8250
f 8245 8249 8248
f 8216 8250 8214
f 8212 8197 8186
f 8250 8216 8251
f 8241 8197 8212
f 8251 8252 8250
f 8232 8241 8212
f 8227 8197 8241
f 8240 8227 8241
f 8246 8250 8252
f 8244 8233 8223
f 8231 8227 8240
f 8233 8244 7546
f 8246 7546 8244
f 8246 8239 7546
f 8239 8246 8252
f 8095 8253 7060
f 8175 8254 8000
f 8175 8000 7990
f 8000 7991 7990
f 8089 8100 8095
f 8095 8100 8255
f 8253 8095 8255
f 8000 8254 8256
f 7323 7060 8253
f 8136 8254 8175
f 8254 8136 8257
f 8257 8136 8135
f 8258 8259 8260
f 8100 8260 8255
f 8256 8254 8257
f 8260 8100 8097
f 8101 8123 8097
f 8260 8097 8123
f 8255 8260 8259
f 8001 7999 8261
f 7327 7323 8253
f 7327 8253 8262
f 7999 8000 8261
f 8262 8253 8255
f 8000 8256 8261
f 7341 7327 8204
f 8204 7327 8262
f 8262 8206 8204
f 8262 8255 8259
f 8259 8208 8262
f 8263 8264 8265
f 8208 8259 8258
f 8206 8262 8208
f 8261 8256 8265
f 8256 8257 8263
f 8265 8256 8263
f 8266 8267 8123
f 8123 8267 8260
f 8258 8260 8267
f 8147 8268 8135
f 8135 8268 8257
f 8266 8123 8121
f 8121 8125 8266
f 8125 8269 8266
f 8257 8268 8270
f 8267 8266 8269
f 8125 8271 8269
f 8272 8273 8274
f 8271 8125 8275
f 8147 8155 8268
f 8274 8155 8157
f 8274 8157 8272
f 8270 8268 8274
f 8274 8268 8155
f 8213 8258 8267
f 8213 8267 8269
f 8269 8216 8213
f 8257 8270 8263
f 8208 8258 8210
f 8210 8258 8213
f 8264 8263 8270
f 8216 8269 8271
f 8271 8251 8216
f 8276 8277 8264
f 8264 8270 8276
f 8276 8270 8274
f 8273 8278 8276
f 8273 8279 8278
f 8276 8274 8273
f 8277 8276 8278
f 8001 8280 8024
f 8281 8282 8283
f 8033 8032 8284
f 8284 8285 8033
f 8286 8287 8288
f 8289 8285 8284
f 8289 8284 8290
f 8024 8291 8032
f 8291 8284 8032
f 8292 8293 8294
f 8280 8291 8024
f 8251 8294 8295
f 8284 8291 8290
f 8291 8280 8290
f 8295 8294 8293
f 8287 8286 8292
f 8292 8286 8293
f 8281 8296 8289
f 8289 8296 8297
f 8289 8290 8281
f 8290 8280 8282
f 8293 8286 8298
f 8293 8298 8299
f 8290 8282 8281
f 8288 8170 8300
f 8300 8170 8171
f 8261 8265 8001
f 8265 8280 8001
f 8288 8301 8286
f 8301 8288 8300
f 8265 8282 8280
f 8282 8265 8264
f 8172 8302 8171
f 8303 8171 8302
f 8171 8303 8304
f 8300 8171 8304
f 8298 8286 8301
f 8300 8304 8301
f 8305 8298 8301
f 8305 8301 8304
f 8298 8306 8299
f 8306 8298 8305
f 8307 8308 8283
f 8283 8308 8281
f 8305 8309 8306
f 8307 8283 8277
f 8278 8310 8311
f 8304 8309 8305
f 8278 8279 8310
f 8309 8304 8312
f 8307 8311 8313
f 8307 8277 8311
f 8310 8314 8313
f 8313 8311 8310
f 8308 8315 8281
f 8315 8308 8316
f 8281 8317 8296
f 8317 8281 8315
f 7550 8239 7555
f 8317 8315 8047
f 8047 8315 8045
f 8316 8045 8315
f 7556 7555 8318
f 8308 8307 8316
f 8316 8046 8045
f 8316 8319 8046
f 8318 7563 7556
f 8314 8319 8313
f 8316 8313 8319
f 8048 8046 8319
f 8316 8307 8313
f 8320 8321 8252
f 8321 8320 8322
f 8251 8320 8252
f 8295 8320 8251
f 8282 8264 8283
f 8283 8264 8277
f 8320 8295 8323
f 8311 8277 8278
f 8299 8324 8325
f 8326 8322 8325
f 8326 8325 8324
f 8323 8295 8293
f 7907 8175 7906
f 8320 8323 8322
f 7990 7906 8175
f 8322 8323 8325
f 8323 8293 8299
f 8325 8323 8299
f 8252 8321 8239
f 8322 8318 8321
f 8239 8321 7555
f 7555 8321 8318
f 8322 8326 8318
f 8318 8326 7563
f 8326 8327 7563
f 8328 8329 8330
f 7561 7563 7574
f 8331 8332 8279
f 8333 7576 7574
f 7575 7574 7576
f 8334 8330 8331
f 8334 8331 8279
f 8329 8335 8330
f 8333 8336 8337
f 8333 8337 7576
f 7579 7576 8337
f 7579 8337 7599
f 8335 8331 8330
f 8324 8299 8306
f 8327 8324 8338
f 8338 8324 8306
f 8272 8157 8230
f 8231 8339 8230
f 8340 8272 8230
f 8340 8230 8339
f 8273 8272 8340
f 8340 8334 8273
f 8334 8340 8339
f 8312 8341 8309
f 8338 8306 8309
f 8309 8341 8338
f 8341 8342 8336
f 8339 8231 8242
f 8242 8328 8339
f 8330 8339 8328
f 7563 8327 7574
f 8324 8327 8326
f 8338 8333 8327
f 7574 8327 8333
f 8279 8273 8334
f 8333 8338 8341
f 8333 8341 8336
f 8330 8334 8339
f 8124 8275 8125
f 8275 8124 8191
f 8328 8242 8343
f 8343 8242 8245
f 8191 8292 8275
f 8294 8275 8292
f 8329 8328 8343
f 8344 8329 8343
f 8344 8343 8248
f 8196 8287 8191
f 8287 8196 8170
f 8288 8287 8170
f 8191 8287 8292
f 8248 8345 8344
f 8345 8247 8346
f 8345 8346 8056
f 8248 8247 8345
f 8275 8294 8271
f 8251 8271 8294
f 8343 8245 8248
f 8347 8329 8344
f 8348 8329 8347
f 8349 8080 8348
f 8349 8348 8347
f 8348 8335 8329
f 8345 8350 8344
f 8350 8347 8344
f 8345 8056 8350
f 8349 8347 8350
f 8350 8055 8349
f 8055 8090 8349
f 8055 8350 8056
f 8351 8031 8030
f 8034 8351 8030
f 8352 8351 8034
f 8332 8310 8279
f 8332 8353 8354
f 8310 8332 8314
f 8314 8332 8354
f 8144 7989 8029
f 8144 8029 8031
f 8144 8031 8355
f 8335 8348 8356
f 8355 8031 8351
f 8353 8357 8354
f 8356 8358 8357
f 8357 8358 8066
f 8358 8356 8080
f 8356 8357 8353
f 8356 8331 8335
f 8353 8332 8331
f 8331 8356 8353
f 8355 8154 8144
f 8359 8154 8355
f 8359 8355 8360
f 8319 8314 8061
f 8156 8154 8359
f 8359 8360 8361
f 8063 8061 8066
f 8061 8314 8354
f 8061 8354 8066
f 8066 8354 8357
f 8048 8319 8061
f 8360 8355 8351
f 8352 8360 8351
f 8361 8360 8362
f 8352 8362 8360
f 8358 8068 8066
f 8034 8037 8363
f 8363 8037 8038
f 8349 8090 8080
f 8363 8038 8364
f 8080 8082 8358
f 8356 8348 8080
f 8365 8363 8364
f 8365 8364 8366
f 8367 8034 8363
f 8034 8367 8352
f 8068 8358 8082
f 8352 8367 8368
f 8368 8362 8352
f 8369 8365 8366
f 8365 8367 8363
f 8368 8367 8365
f 8370 4681 7679
f 7679 4681 4672
f 8369 8368 8365
f 7680 8370 7679
f 4888 4681 8370
f 7685 4888 8370
f 8370 7680 7685
f 8371 8156 8359
f 8372 4884 4888
f 8166 8156 8371
f 7701 4888 7685
f 8371 8359 8361
f 7701 8372 4888
f 8372 4896 4884
f 8373 4896 8372
f 8373 4898 4896
f 7701 8373 8372
f 8371 8361 8374
f 8374 8361 8362
f 8375 8374 8362
f 8376 8302 8371
f 7701 7700 8377
f 8172 8166 8371
f 7706 8377 7700
f 8371 8302 8172
f 8378 8373 7701
f 8377 8378 7701
f 8376 8371 8374
f 8374 8379 8376
f 8379 8374 8375
f 8378 8380 8373
f 8377 8381 8378
f 7706 8381 8377
f 8382 8362 8368
f 8375 8362 8382
f 7748 8381 7706
f 8382 8368 8369
f 8382 8369 8383
f 8380 4898 8373
f 8375 8382 8384
f 4898 8380 8385
f 8384 8382 8383
f 8385 5002 4898
f 8383 8386 8384
f 5002 4995 4898
f 8387 8384 8386
f 8388 8386 8383
f 5008 4999 5002
f 8389 5002 8385
f 8389 5008 5002
f 8379 8375 8390
f 8375 8384 8390
f 8391 8379 8390
f 8391 8390 8387
f 8392 8385 8380
f 8387 8390 8384
f 8392 8380 8393
f 8394 8380 8378
f 8378 8381 8394
f 8395 8393 8394
f 8393 8380 8394
f 7657 8396 8038
f 7657 8038 7504
f 8364 8038 8396
f 7658 8396 7657
f 8396 8366 8364
f 7662 8396 7658
f 8366 8396 7662
f 8397 8398 8392
f 8397 8392 8393
f 8399 8398 8397
f 8392 8389 8385
f 8389 8392 8398
f 8389 8398 8400
f 7663 8366 7662
f 8366 7663 8401
f 8400 5028 5008
f 5028 5009 5008
f 5008 8389 8400
f 8402 5028 8400
f 8369 8366 8401
f 8402 5029 5028
f 8383 8369 8403
f 8402 8404 5029
f 8401 8403 8369
f 8404 5051 5029
f 5051 8404 8405
f 7703 7663 7666
f 7663 7703 8401
f 8403 8401 7703
f 8399 8406 8398
f 8407 8400 8398
f 8388 8383 8403
f 8388 8403 8408
f 8402 8400 8407
f 8409 8402 8407
f 8406 8407 8398
f 8410 8407 8406
f 8410 8409 8407
f 8411 8403 7703
f 8412 7703 7704
f 8409 8404 8402
f 8412 8411 7703
f 8408 8403 8411
f 8408 8411 8413
f 8412 8414 8411
f 8414 8413 8411
f 8409 8405 8404
f 8409 8415 8405
f 5051 5552 5046
f 7710 8412 7704
f 8414 8412 7716
f 7716 8412 7710
f 8381 7748 8394
f 8395 8394 7748
f 7765 8395 7748
f 8395 8397 8393
f 7765 8416 8395
f 7765 7748 7750
f 8416 8397 8395
f 8417 8397 8416
f 8417 8399 8397
f 8399 8417 8418
f 8419 8416 7765
f 8420 8303 8302
f 8419 8417 8416
f 8421 8417 8419
f 8421 8418 8417
f 8376 8422 8302
f 8422 8376 8379
f 8379 8391 8422
f 8420 8302 8422
f 8422 8391 8423
f 8424 8420 8422
f 8423 8424 8422
f 7770 8419 7765
f 7774 8421 8419
f 8303 8420 8425
f 7774 8419 7770
f 8425 8420 8424
f 8425 8426 8312
f 8426 8425 8427
f 8303 8425 8304
f 8418 8410 8399
f 8312 8304 8425
f 8399 8410 8406
f 8424 8427 8425
f 8423 8427 8424
f 8428 8418 8421
f 8429 8410 8418
f 8430 8431 8410
f 8410 8429 8430
f 8428 8429 8418
f 8430 8429 8432
f 8423 8433 8427
f 8434 8431 8430
f 8434 8430 8432
f 8435 8387 8386
f 8431 8409 8410
f 8409 8431 8436
f 8437 8386 8388
f 8438 8386 8437
f 8439 8436 8431
f 8431 8434 8439
f 8439 8434 8440
f 8441 8428 8421
f 8441 8421 7774
f 8435 8386 8438
f 8441 7774 7778
f 8442 8432 8441
f 8441 7778 8442
f 8441 8429 8428
f 8443 8438 8444
f 8429 8441 8432
f 7774 7773 7778
f 7777 8442 7778
f 8435 8391 8387
f 8423 8391 8435
f 8442 8445 8432
f 8446 8423 8435
f 8445 8033 8447
f 8432 8445 8434
f 8445 8447 8434
f 8447 8440 8434
f 8442 7777 7780
f 8442 7780 8445
f 8033 8445 7780
f 8435 8438 8446
f 7780 7779 8033
f 8433 8423 8446
f 8446 8448 8433
f 8443 8446 8438
f 8446 8443 8448
f 8449 8450 8451
f 8405 8452 5051
f 8450 7600 7599
f 8337 8336 8451
f 7599 8337 8451
f 7599 8451 8450
f 8450 7609 7600
f 8453 8454 8455
f 8450 8449 8453
f 8455 7610 8453
f 7609 8450 8453
f 8452 8405 8456
f 8453 7610 7609
f 8415 8456 8405
f 8457 8452 8456
f 8458 8457 8456
f 8458 8456 8415
f 8415 8409 8436
f 8341 8312 8459
f 8459 8312 8426
f 8459 8426 8460
f 8342 8341 8459
f 8459 8449 8342
f 8461 8458 8415
f 8449 8459 8460
f 8461 8462 8458
f 8427 8454 8426
f 8454 8427 8433
f 8460 8426 8454
f 8460 8453 8449
f 8453 8460 8454
f 8342 8451 8336
f 8449 8451 8342
f 8463 8448 8464
f 8465 8466 8467
f 8448 8443 8464
f 8468 5549 5552
f 8469 8443 8444
f 8468 5557 5549
f 8464 8443 8469
f 8452 5552 5051
f 8469 8470 8464
f 8464 8470 8471
f 8472 8468 8452
f 8452 8468 5552
f 8455 8448 8463
f 8473 8468 8472
f 7618 8455 8463
f 8463 7625 7618
f 8473 5557 8468
f 7618 7610 8455
f 5557 8473 5564
f 8474 5564 8473
f 8475 8473 8472
f 8473 8475 8474
f 8464 8471 8463
f 7625 8463 8471
f 8471 8470 8476
f 8471 8476 7625
f 8457 8472 8452
f 8476 7627 7625
f 8433 8448 8454
f 8472 8457 8475
f 8477 8475 8457
f 8458 8477 8457
f 8478 8479 8475
f 8475 8479 8474
f 8455 8454 8448
f 8480 8475 8477
f 8480 8478 8475
f 8477 8458 8462
f 8481 8480 8462
f 8462 8480 8477
f 8474 5598 5564
f 8479 5598 8474
f 8437 8388 8408
f 8479 5600 5598
f 8482 5600 8479
f 8438 8437 8483
f 8483 8437 8484
f 8484 8437 8408
f 5607 5601 5600
f 8408 8413 8484
f 8484 8413 8485
f 5607 5735 5606
f 8485 8413 8486
f 8482 5607 5600
f 8484 8485 8487
f 8487 8485 8488
f 8488 8485 8486
f 8465 5607 8482
f 8482 8479 8478
f 8444 8438 8483
f 8489 8482 8478
f 8487 8483 8484
f 8490 8478 8480
f 8478 8490 8489
f 8491 8444 8483
f 8481 8490 8480
f 8444 8491 8469
f 8466 8482 8489
f 8491 8483 8487
f 8487 8492 8491
f 8493 8487 8488
f 8493 8492 8487
f 8466 8465 8482
f 8486 8413 8414
f 8486 8414 7716
f 8494 8486 7716
f 8495 8461 8415
f 8415 8436 8495
f 8488 8486 8494
f 8496 8461 8495
f 8497 8495 8439
f 8439 8495 8436
f 8440 8497 8439
f 8494 7716 7726
f 8497 8496 8495
f 8497 8440 8498
f 7730 8494 7726
f 8497 8498 8499
f 8500 8501 8502
f 8461 8496 8502
f 8502 8462 8461
f 8488 8494 8503
f 8481 8462 8502
f 8503 8494 8504
f 8502 8501 8481
f 8501 8505 8481
f 8497 8499 8496
f 8488 8503 8493
f 8502 8496 8499
f 8502 8499 8500
f 8503 8504 8506
f 8507 8505 8501
f 8507 8501 8500
f 8508 8500 8499
f 8500 8508 8507
f 8504 8494 7730
f 7730 8509 8504
f 8510 8509 7730
f 8506 8504 8509
f 8506 8509 8511
f 8440 8447 8498
f 8498 8447 8512
f 8510 8511 8509
f 8512 8499 8498
f 8285 8512 8447
f 8447 8033 8285
f 8513 8469 8491
f 8513 8491 8492
f 8499 8512 8514
f 8469 8513 8470
f 8297 8512 8285
f 8297 8514 8512
f 8515 8470 8513
f 8499 8514 8508
f 8516 8517 8508
f 8518 8516 8514
f 8514 8297 8518
f 8508 8514 8516
f 8285 8289 8297
f 8492 8493 8519
f 8296 8518 8297
f 8296 8520 8518
f 8296 8317 8520
f 8492 8521 8513
f 8521 8492 8519
f 8519 8522 8521
f 8507 8508 8517
f 8515 7641 7627
f 7641 8515 8523
f 8476 8470 8515
f 8513 8523 8515
f 7627 8476 8515
f 8523 8513 8521
f 8524 8490 8481
f 8524 8481 8505
f 8524 8489 8490
f 8521 7651 8523
f 8525 8524 8505
f 7651 8521 8522
f 8489 8524 8526
f 8525 8526 8524
f 7641 8523 7651
f 8507 8525 8505
f 8517 8527 8507
f 8527 8525 8507
f 8526 8525 8527
f 8519 8493 8528
f 8528 8493 8503
f 8529 8466 8526
f 8526 8466 8489
f 8506 8528 8503
f 8506 8530 8528
f 8531 8467 8466
f 8528 8522 8519
f 8522 8528 8530
f 8529 8531 8466
f 8532 8529 8527
f 8529 8532 8533
f 8534 8533 8532
f 8535 8531 8533
f 8533 8531 8529
f 8536 8535 8533
f 8533 8534 8536
f 8526 8527 8529
f 8537 8506 8511
f 8530 8506 8537
f 8538 8530 8537
f 8538 8537 8539
f 8540 8537 8511
f 8516 8518 8541
f 8516 8541 8517
f 8539 8537 8540
f 8542 8532 8543
f 8544 8542 8545
f 8517 8541 8545
f 8545 8543 8517
f 8543 8545 8542
f 8522 7659 7651
f 8530 7659 8522
f 8520 8544 8545
f 8520 8317 8047
f 8520 8047 8544
f 8520 8541 8518
f 8541 8520 8545
f 8532 8542 8534
f 8546 8534 8542
f 8546 8542 8544
f 7659 8530 8538
f 8538 7235 7659
f 7235 8538 8539
f 8547 8536 8534
f 8546 8547 8534
f 8548 8547 8546
f 8546 8544 8049
f 8544 8047 8046
f 8539 7236 7235
f 8544 8046 8049
f 8546 8049 8548
f 8548 8049 8048
f 8527 8517 8543
f 8527 8543 8532
f 6884 1971 8549
f 6884 6898 6888
f 6884 8550 6898
f 8550 6884 8549
f 8549 1971 5036
f 8551 5036 5047
f 8549 5036 8551
f 8551 8552 8549
f 6904 6898 8550
f 8553 6904 8550
f 6907 6904 8553
f 8467 8554 8555
f 8556 8555 8554
f 8467 8557 8554
f 8556 8558 8555
f 8550 8549 8552
f 8559 8550 8552
f 8552 8560 8559
f 8553 8550 8559
f 8561 8556 8554
f 8553 8562 8563
f 8562 8553 8559
f 8562 8559 8564
f 8565 8566 8556
f 8558 8556 8566
f 8567 8565 8561
f 8561 8565 8556
f 8564 8559 8560
f 5047 5052 8568
f 8568 8569 5047
f 8570 8571 8572
f 8573 5710 5778
f 8573 5714 5710
f 8571 8573 5778
f 8551 5047 8569
f 8574 5714 8573
f 5714 8574 5715
f 8575 8574 8576
f 8577 8576 8578
f 8577 8575 8576
f 8568 5052 5069
f 8576 8573 8571
f 8578 8576 8570
f 8570 8576 8571
f 8568 5069 8579
f 8579 5069 5070
f 8576 8574 8573
f 8580 8568 8579
f 8569 8568 8580
f 8581 8569 8580
f 8582 8580 8579
f 8583 8584 8585
f 8586 8587 8588
f 8586 8588 8583
f 8583 8588 8584
f 8566 8589 8558
f 8560 8552 8551
f 8560 8551 8569
f 8590 8589 8566
f 8590 8572 8589
f 8581 8560 8569
f 8591 8570 8590
f 8591 8578 8570
f 8572 8590 8570
f 8592 8560 8581
f 8585 8591 8593
f 8593 8594 8585
f 8564 8560 8592
f 8565 8590 8566
f 8595 8564 8592
f 8565 8593 8590
f 8590 8593 8591
f 8596 8575 8577
f 8597 8580 8582
f 8592 8581 8597
f 8597 8581 8580
f 8588 8587 8596
f 8588 8596 8577
f 8578 8584 8577
f 8597 8582 8598
f 8591 8584 8578
f 8591 8585 8584
f 8588 8577 8584
f 5735 8599 5737
f 6997 6907 8600
f 8599 5735 5607
f 8600 7023 6997
f 5607 8465 8599
f 8599 8465 8555
f 8601 5737 8599
f 6907 8553 8563
f 8599 8555 8601
f 8600 6907 8563
f 5737 5747 5744
f 8602 8563 8603
f 8602 8600 8563
f 8601 5747 5737
f 8603 8563 8562
f 8604 8603 8562
f 8604 8562 8564
f 8558 5747 8601
f 8465 8467 8555
f 8595 8604 8564
f 8605 8603 8604
f 8602 8603 8605
f 8601 8555 8558
f 8595 8605 8604
f 8606 8605 8595
f 8607 5765 5746
f 5746 5747 8607
f 7023 8600 8608
f 8607 5778 5765
f 8608 8600 8602
f 5778 8607 8571
f 8589 8607 5747
f 8589 5747 8558
f 8607 8589 8572
f 8572 8571 8607
f 7039 7023 8608
f 8609 7039 8608
f 8609 8608 8610
f 8610 8608 8602
f 8610 8602 8605
f 8611 8612 8613
f 8070 8614 8615
f 8615 8616 8611
f 8611 8616 8617
f 8611 8617 8612
f 8616 8618 8617
f 8616 8619 8618
f 8619 8616 8620
f 8620 8621 8619
f 8614 8616 8615
f 8616 8614 8620
f 8622 8595 8592
f 8535 8557 8531
f 8622 8592 8623
f 8612 8624 8625
f 8606 8595 8622
f 8535 8625 8557
f 8624 8554 8625
f 8557 8467 8531
f 8625 8554 8557
f 8623 8592 8597
f 8613 8535 8536
f 8613 8625 8535
f 8613 8612 8625
f 8624 8561 8554
f 8626 8561 8624
f 8624 8612 8627
f 8624 8627 8626
f 8567 8561 8626
f 8628 8565 8567
f 8621 8628 8629
f 8567 8626 8629
f 8567 8629 8628
f 8617 8627 8612
f 8627 8617 8618
f 8618 8626 8627
f 8626 8618 8619
f 8619 8629 8626
f 8629 8619 8621
f 8547 8613 8536
f 8613 8547 8630
f 8548 8630 8547
f 8615 8611 8630
f 8613 8630 8611
f 8630 8548 8064
f 8630 8064 8615
f 8548 8048 8062
f 8548 8062 8064
f 8070 8615 8064
f 8074 8614 8070
f 8631 8597 8598
f 8605 8606 8632
f 8610 8605 8632
f 8609 8610 8633
f 8594 8621 8634
f 8632 8633 8610
f 8634 8585 8594
f 8635 8620 8614
f 8635 8636 8620
f 8636 8635 8637
f 8636 8637 8634
f 8636 8634 8621
f 8621 8620 8636
f 8638 8622 8639
f 8638 8606 8622
f 8623 8597 8631
f 8639 8622 8623
f 8078 8586 8640
f 8623 8631 8641
f 8639 8623 8641
f 8634 8640 8583
f 8585 8634 8583
f 8640 8586 8583
f 8639 8641 8642
f 8079 8640 8637
f 8637 8640 8634
f 8643 8639 8642
f 8079 8078 8640
f 8632 8606 8638
f 8628 8593 8565
f 8593 8628 8594
f 8621 8594 8628
f 8638 8639 8643
f 8632 8638 8644
f 8644 8638 8643
f 8633 8632 8645
f 8645 8632 8644
f 8074 8635 8614
f 8093 8635 8074
f 8646 8645 8644
f 8093 8637 8635
f 8637 8093 8094
f 8646 8644 8647
f 8644 8643 8647
f 8637 8094 8079
f 8648 8643 8642
f 8643 8648 8647
f 8649 8646 8647
f 8649 8647 8650
f 8650 8647 8648
f 8650 8648 8651
f 8650 8651 8652
f 8579 5070 8653
f 8653 5070 5100
f 8582 8579 8653
f 8653 5100 8654
f 8654 5100 5110
f 8655 8654 5110
f 8655 5110 5135
f 8654 8656 8653
f 8657 8656 8654
f 8598 8582 8653
f 8598 8653 8658
f 8631 8598 8659
f 8659 8598 8658
f 8659 8658 8660
f 8661 8659 8660
f 8658 8653 8656
f 8660 8658 8656
f 8660 8656 8662
f 8662 8656 8657
f 421 422 3500
f 8662 8657 8663
f 3500 426 421
f 3500 3485 8664
f 8665 3500 8664
f 426 3500 8665
f 8657 8654 8655
f 5135 8666 8655
f 435 400 426
f 435 426 8665
f 435 8665 8667
f 8666 5135 5140
f 3506 8664 3485
f 5364 5140 5138
f 5364 8668 5140
f 3561 8664 3506
f 8666 5140 8668
f 8665 8664 8669
f 8670 8669 8664
f 8671 8657 8655
f 8665 8669 8667
f 8666 8671 8655
f 8672 8667 8669
f 8673 8671 8666
f 8663 8657 8671
f 8673 8663 8671
f 8664 3561 8670
f 8674 8670 3561
f 8666 8675 8673
f 3559 8674 3561
f 8668 8675 8666
f 8676 8675 8668
f 8676 8668 8677
f 8675 8676 8673
f 8678 8673 8676
f 8674 3559 3586
f 8678 8676 8679
f 3573 3586 3559
f 8631 8680 8641
f 8680 8631 8659
f 8642 8641 8680
f 8642 8680 8681
f 8661 8680 8659
f 8681 8680 8661
f 8681 8661 8682
f 8683 8682 8661
f 8667 563 435
f 435 563 543
f 8642 8681 8684
f 563 8667 8672
f 8684 8681 8682
f 8660 8683 8661
f 8662 8683 8660
f 8684 8682 8685
f 8669 8686 8672
f 8687 8682 8683
f 8687 8683 8662
f 561 563 8688
f 8685 8682 8687
f 8688 563 8672
f 8685 8687 8690
f 8686 8691 8672
f 8648 8642 8684
f 8672 8691 8688
f 8693 8689 8692
f 8691 8686 8695
f 8648 8684 8651
f 591 562 8689
f 8651 8684 8696
f 8696 8684 8685
f 591 8689 8693
f 8696 8685 8697
f 8651 8696 8698
f 8652 8651 8698
f 602 571 591
f 8699 8698 8696
f 8699 8696 8697
f 602 591 8700
f 8693 8700 591
f 8700 8693 8701
f 8702 602 8700
f 8697 8685 8703
f 8685 8690 8703
f 8692 8694 8704
f 8693 8692 8704
f 8699 8697 8705
f 8697 8703 8705
f 8687 8662 8663
f 8701 8693 8704
f 8704 8706 8701
f 8687 8663 8690
f 8663 8673 8678
f 8707 8701 8706
f 8674 8708 8670
f 8690 8663 8678
f 8670 8709 8669
f 8709 8686 8669
f 8709 8670 8708
f 8690 8678 8710
f 3586 8711 8674
f 8674 8711 8708
f 8703 8690 8710
f 8708 8712 8709
f 8708 8713 8712
f 8711 8713 8708
f 8711 8714 8713
f 8699 8705 8715
f 8705 8703 8716
f 8705 8716 8715
f 8716 8717 8715
f 8695 8686 8712
f 8712 8686 8709
f 8712 8719 8695
f 8719 8712 8713
f 8720 8678 8679
f 8710 8678 8720
f 8720 8679 8721
f 8704 8694 8722
f 8718 8722 8694
f 8716 8703 8710
f 8720 8723 8710
f 8706 8704 8722
f 8723 8716 8710
f 8723 8717 8716
f 8706 8722 8724
f 8725 8723 8720
f 8713 8726 8719
f 8725 8720 8728
f 8722 8718 8729
f 8727 8730 8718
f 8729 8718 8730
f 8730 8731 8729
f 8724 8722 8729
f 8725 8732 8723
f 8728 8733 8725
f 8733 8732 8725
f 8734 8732 8733
f 3586 8735 8711
f 3842 8735 3586
f 8609 7411 7039
f 3842 8736 8735
f 8714 8711 8735
f 8714 8735 8736
f 8737 8738 8609
f 7411 8609 8738
f 7515 7411 8738
f 8714 8736 8739
f 8740 8738 8737
f 8740 8737 8741
f 3842 3871 3877
f 8737 8609 8633
f 8737 8633 8742
f 8633 8645 8742
f 3842 3877 8736
f 3877 3880 8743
f 8741 8737 8742
f 3877 8743 8736
f 8739 8736 8743
f 8741 8742 8744
f 8738 8740 7515
f 7515 8740 7518
f 8746 8714 8739
f 8747 7518 8740
f 8741 8747 8740
f 8748 8745 8739
f 8739 8743 8749
f 8749 8743 8750
f 7527 7518 8747
f 7527 8747 8751
f 8752 8739 8749
f 8751 8747 8753
f 8748 8739 8752
f 8754 8751 8753
f 8726 8713 8714
f 8714 8746 8726
f 8727 8745 8755
f 8753 8747 8741
f 8753 8741 8744
f 8744 8756 8753
f 8727 8755 8730
f 8757 8730 8755
f 8748 8755 8745
f 8754 8753 8758
f 8756 8758 8753
f 8759 8755 8748
f 8757 8755 8759
f 8730 8757 8731
f 8742 8645 8760
f 8760 8645 8646
f 8761 8748 8752
f 8649 8760 8646
f 8760 8649 8762
f 3940 8743 3880
f 8760 8744 8742
f 8760 8763 8744
f 3940 8750 8743
f 8763 8760 8762
f 8763 8762 8764
f 8764 8762 8765
f 3947 3940 3939
f 8750 3940 3947
f 8766 8762 8649
f 8650 8652 8766
f 8766 8649 8650
f 3947 8767 8750
f 8766 8652 8768
f 8766 8765 8762
f 8749 8750 8767
f 8749 8769 8752
f 8769 8749 8767
f 8756 8744 8763
f 8763 8770 8756
f 8764 8770 8763
f 8767 3947 8771
f 8771 3947 3962
f 8771 3962 3972
f 8754 8772 8751
f 8758 8773 8754
f 8772 8754 8773
f 8756 8770 8758
f 8702 8700 8701
f 8773 8758 8774
f 8702 8775 602
f 8774 8758 8770
f 8773 8774 8776
f 8775 8702 8707
f 8707 8702 8701
f 8777 8765 8778
f 8765 8766 8778
f 8768 8778 8766
f 8706 8724 8707
f 8779 8770 8764
f 8780 8707 8724
f 8774 8770 8779
f 8780 8724 8781
f 8779 8782 8774
f 8764 8765 8777
f 8777 8779 8764
f 8724 8729 8783
f 8783 8729 8731
f 8731 8784 8783
f 8777 8778 8785
f 8786 8777 8785
f 8781 8724 8783
f 8783 8787 8781
f 8784 8787 8783
f 8776 8774 8782
f 8788 8781 8787
f 8788 8787 8789
f 8782 8779 8777
f 8786 8782 8777
f 8790 8782 8786
f 8790 8786 8791
f 823 602 8775
f 7585 7527 8751
f 8707 8792 8775
f 8792 8707 8780
f 8751 8772 7585
f 8793 823 8775
f 829 823 8793
f 7585 8772 8794
f 8793 8795 829
f 8796 8794 8772
f 8794 7626 7585
f 8773 8796 8772
f 8792 8797 8793
f 8793 8775 8792
f 8797 8792 8780
f 8797 8795 8793
f 7626 8794 8798
f 8798 8794 8799
f 8798 7633 7626
f 8796 8799 8794
f 7643 7633 8798
f 7643 8798 8800
f 8798 8799 8800
f 8800 8799 8801
f 8780 8802 8797
f 8796 8773 8776
f 8802 8780 8803
f 8799 8796 8776
f 8803 8780 8781
f 8799 8776 8804
f 8803 8781 8788
f 8805 8803 8788
f 8806 8803 8805
f 8805 8788 8807
f 8801 8799 8804
f 894 829 8795
f 894 8795 8808
f 8782 8809 8776
f 8776 8809 8810
f 8795 8797 8811
f 8795 8812 8808
f 8790 8809 8782
f 8812 8795 8811
f 8812 8811 8813
f 916 894 8808
f 8768 8652 8698
f 8814 916 8808
f 8699 8815 8698
f 915 916 8816
f 916 8814 8816
f 8816 8814 8817
f 8778 8768 8815
f 8815 8768 8698
f 8814 8808 8818
f 8818 8808 8812
f 8819 8815 8699
f 8820 8812 8813
f 8818 8812 8820
f 8785 8778 8815
f 8818 8817 8814
f 8821 8817 8822
f 8822 8817 8818
f 8822 8818 8820
f 8815 8823 8785
f 8823 8815 8819
f 8699 8715 8819
f 8811 8797 8802
f 8811 8802 8824
f 8802 8803 8806
f 8715 8825 8819
f 8824 8802 8806
f 8823 8819 8825
f 8813 8811 8824
f 8825 8715 8717
f 8826 8824 8806
f 8827 8806 8805
f 8807 8828 8805
f 8827 8805 8828
f 8826 8806 8827
f 8826 8827 8829
f 8830 8825 8831
f 8823 8825 8830
f 8828 8832 8827
f 8831 8825 8833
f 8829 8827 8832
f 8813 8834 8820
f 8834 8813 8824
f 8834 8835 8820
f 8834 8836 8835
f 8824 8837 8834
f 8837 8824 8826
f 8836 8834 8837
f 8836 8837 8838
f 8822 8820 8835
f 8786 8785 8839
f 8839 8791 8786
f 8838 8840 8836
f 8830 8785 8823
f 8837 8826 8829
f 8829 8841 8837
f 8837 8841 8838
f 8829 8842 8841
f 8830 8839 8785
f 8843 8841 8842
f 8840 8838 8841
f 8841 8844 8840
f 8830 8845 8839
f 8844 8841 8843
f 8846 8757 8759
f 8846 8759 8847
f 8830 8831 8845
f 8784 8731 8757
f 8784 8757 8846
f 8833 8825 8717
f 8833 8717 8723
f 8848 8787 8784
f 8848 8784 8846
f 8848 8846 8849
f 8759 8748 8761
f 8723 8850 8833
f 8850 8723 8732
f 8847 8759 8761
f 8851 8833 8850
f 8851 8850 8852
f 8853 8761 8752
f 8847 8761 8853
f 8851 8831 8833
f 8847 8849 8846
f 8851 8854 8855
f 8855 8831 8851
f 8732 8856 8850
f 8852 8850 8856
f 8734 8856 8732
f 8789 8787 8848
f 8857 8848 8849
f 8789 8848 8857
f 8789 8807 8788
f 8858 8807 8789
f 8858 8789 8857
f 8858 8857 8859
f 8860 8668 5364
f 8860 5364 5365
f 8860 5365 8861
f 8849 8847 8862
f 8861 5365 5367
f 8860 8677 8668
f 8677 8860 8861
f 8861 8863 8677
f 8863 8861 5367
f 8864 8677 8863
f 8865 8857 8849
f 8857 8865 8859
f 8866 5367 5375
f 8867 8865 8849
f 8849 8868 8867
f 8866 8863 5367
f 8769 8853 8752
f 8676 8677 8864
f 8869 8769 8767
f 8864 8863 8870
f 8871 8769 8869
f 8679 8676 8864
f 8871 8853 8769
f 8872 8767 8771
f 8869 8767 8872
f 8872 8771 8873
f 8873 8771 3972
f 8866 5375 8874
f 8873 3972 5281
f 8863 8866 8870
f 8866 8874 8875
f 8875 8874 8876
f 8870 8866 8875
f 8872 8873 8877
f 8864 8870 8878
f 8679 8864 8878
f 8879 8869 8872
f 8871 8869 8879
f 8870 8875 8880
f 8881 8871 8879
f 8882 8878 8870
f 8882 8870 8883
f 8883 8870 8880
f 8877 8879 8872
f 8884 8879 8877
f 8882 8883 8885
f 8884 8886 8879
f 8886 8881 8879
f 8874 5375 5409
f 8874 5409 8876
f 8876 5409 5411
f 8880 8875 8876
f 8862 8847 8853
f 8862 8853 8871
f 8880 8876 8887
f 8880 8887 8888
f 5421 8876 5411
f 8887 8876 5421
f 8887 5421 8889
f 5421 5415 8890
f 8868 8849 8862
f 8889 5421 8890
f 8881 8862 8871
f 8868 8862 8881
f 8891 8868 8881
f 8889 8890 8892
f 8891 8881 8886
f 8883 8880 8893
f 8880 8888 8893
f 8894 8895 8859
f 8894 8859 8865
f 8887 8889 8888
f 8894 8865 8867
f 8893 8896 8883
f 8897 8894 8867
f 8893 8888 8898
f 8898 8899 8893
f 8900 8888 8889
f 8894 8901 8895
f 8900 8889 8892
f 8901 8894 8897
f 8888 8900 8898
f 8897 8902 8901
f 8902 8897 8903
f 8904 8902 8903
f 8898 8900 8905
f 8906 8898 8905
f 8907 8902 8904
f 8908 8886 8884
f 8721 8878 8909
f 8721 8679 8878
f 8720 8721 8728
f 8910 8728 8721
f 8909 8878 8882
f 8911 8909 8882
f 8911 8882 8885
f 8896 8885 8883
f 8912 8867 8868
f 8721 8909 8910
f 8910 8909 8911
f 8912 8868 8891
f 8885 8913 8911
f 8911 8914 8910
f 8914 8911 8913
f 8891 8886 8908
f 8914 8913 8915
f 8891 8908 8916
f 8916 8912 8891
f 8917 8914 8915
f 8918 8916 8908
f 8867 8912 8897
f 8903 8897 8912
f 8910 8919 8728
f 8912 8920 8903
f 8920 8912 8921
f 8919 8733 8728
f 8733 8919 8922
f 8904 8903 8920
f 8734 8733 8922
f 8923 8922 8919
f 8924 8920 8921
f 8923 8925 8922
f 8925 8923 8926
f 8919 8910 8914
f 8921 8912 8916
f 8919 8914 8917
f 8923 8919 8917
f 8916 8918 8927
f 8921 8916 8927
f 8928 8921 8927
f 8917 8915 8929
f 8926 8923 8917
f 8929 8926 8917
f 8828 8807 8858
f 8858 8930 8828
f 8896 8893 8899
f 8885 8896 8913
f 8832 8828 8930
f 8895 8930 8858
f 8931 8832 8930
f 8931 8930 8895
f 8895 8858 8859
f 8915 8913 8896
f 8932 8915 8896
f 8931 8895 8933
f 8932 8896 8899
f 8933 8895 8901
f 8934 8933 8901
f 8899 8935 8932
f 8934 8936 8933
f 8935 8899 8898
f 8934 8937 8936
f 8934 8901 8902
f 8935 8898 8938
f 8906 8939 8938
f 8938 8898 8906
f 8937 8934 8902
f 8902 8907 8937
f 8932 8929 8915
f 919 915 8816
f 8940 919 8816
f 8890 5415 5528
f 8822 8941 8821
f 8942 8816 8817
f 8942 8817 8821
f 8890 5528 5537
f 8943 8821 8941
f 8890 5537 8944
f 8942 8821 8943
f 8944 5537 8945
f 8946 8943 8941
f 1367 919 8940
f 8892 8890 8944
f 8892 8944 8947
f 8947 8944 8945
f 1367 8948 1362
f 8945 5537 5547
f 8948 1367 8940
f 8940 8949 8948
f 8950 8945 5547
f 8950 8951 8945
f 8950 5547 5544
f 8940 8816 8942
f 8940 8942 8952
f 8949 8940 8952
f 8952 8942 8943
f 8943 8953 8952
f 8953 8943 8946
f 8949 8952 8953
f 8951 8947 8945
f 8954 8951 8950
f 8955 8949 8953
f 8835 8941 8822
f 8835 8956 8941
f 8956 8835 8836
f 8946 8941 8956
f 8956 8836 8840
f 8840 8957 8956
f 8905 8900 8892
f 8905 8892 8958
f 8958 8892 8947
f 8956 8959 8946
f 8959 8956 8957
f 8957 8960 8959
f 8906 8905 8958
f 8957 8840 8844
f 8843 8961 8844
f 8958 8947 8951
f 8958 8951 8962
f 8963 8844 8961
f 8964 8961 8843
f 8961 8964 8965
f 8965 8966 8961
f 8844 8967 8957
f 8967 8844 8963
f 8960 8957 8967
f 8950 5544 5577
f 8950 5577 5584
f 8963 8968 8967
f 8966 8963 8961
f 8954 8950 5584
f 8968 8963 8969
f 8969 8963 8966
f 8969 8966 8970
f 8959 8971 8946
f 8971 8959 8960
f 8953 8946 8971
f 8960 8972 8971
f 8955 8953 8973
f 8973 8953 8974
f 8974 8953 8971
f 8974 8971 8972
f 8975 8974 8972
f 8968 8960 8967
f 8972 8960 8968
f 8976 8968 8969
f 8976 8969 8977
f 8972 8968 8976
f 8975 8972 8978
f 8978 8972 8976
f 8791 8979 8790
f 8980 8976 8977
f 8978 8976 8980
f 8948 8981 1362
f 8949 8981 8948
f 7643 8800 7682
f 1442 1362 8981
f 8981 1475 1442
f 7682 8800 8982
f 8982 8800 8801
f 7682 8982 8983
f 8981 8984 1475
f 8804 8776 8810
f 8804 8810 8985
f 8949 8986 8981
f 8987 8801 8804
f 8986 8949 8955
f 8988 8986 8955
f 8987 8804 8985
f 8986 8989 8981
f 8984 8981 8989
f 8987 8982 8801
f 8989 8986 8988
f 8987 8990 8982
f 8989 8988 8991
f 1464 1475 1471
f 8992 1475 8984
f 1471 1475 8992
f 8982 8990 8983
f 8993 8990 8987
f 8993 8987 8985
f 8990 8993 8994
f 8994 8993 8995
f 8992 8984 8996
f 8992 8996 8997
f 8996 8984 8989
f 8996 8989 8991
f 7682 8983 8998
f 8998 8983 8999
f 8998 7683 7682
f 9000 8997 8996
f 7695 7683 8998
f 7695 8998 8999
f 8988 8955 8973
f 8973 9001 8988
f 8990 8994 8983
f 8974 8975 8973
f 9001 8973 8975
f 8999 8983 8994
f 9002 8999 8994
f 8995 9003 8994
f 9001 8991 8988
f 8975 9004 9001
f 9005 8991 9001
f 9005 9001 9004
f 9004 9006 9005
f 8809 9007 8810
f 8810 9007 9008
f 9004 8975 8978
f 9004 8978 9009
f 8810 9008 8985
f 8980 9009 8978
f 9010 9009 8980
f 9011 9004 9009
f 9006 9004 9011
f 9010 9012 9009
f 9007 8809 8790
f 8979 9007 8790
f 9013 9009 9012
f 9014 9007 8979
f 8997 9015 9016
f 8996 8991 9000
f 8991 9005 9000
f 9005 9015 9000
f 9015 9005 9006
f 9015 9006 9016
f 8993 8985 9008
f 9015 8997 9000
f 8995 8993 9017
f 9017 8993 9008
f 9008 9018 9017
f 9019 9020 9013
f 9021 9022 9020
f 9021 9020 9019
f 9016 9022 9023
f 9014 8979 9024
f 9024 9025 9014
f 9007 9018 9008
f 9014 9018 9007
f 9011 9022 9006
f 9025 9026 9018
f 9018 9014 9025
f 9006 9022 9016
f 9025 9027 9026
f 9022 9011 9020
f 9020 9011 9009
f 9017 9018 9026
f 9013 9020 9009
f 9028 9017 9026
f 9026 9029 9028
f 9027 9030 9026
f 9026 9030 9029
f 9030 9027 9031
f 9017 9032 8995
f 9033 9034 9035
f 9035 9036 9037
f 9038 7695 8999
f 9002 9038 8999
f 7695 9038 7707
f 7707 9038 9039
f 9040 9039 9038
f 9040 9038 9002
f 9041 8920 8924
f 8904 9041 8907
f 9041 8904 8920
f 9002 8994 9003
f 9042 9002 9003
f 9034 8907 9043
f 9043 8907 9041
f 9040 9002 9042
f 9042 9044 9040
f 9041 9045 9043
f 9035 9034 9043
f 9043 9046 9035
f 9046 9043 9045
f 9045 9041 8924
f 9047 9042 9003
f 8924 9048 9045
f 9046 9045 9048
f 9049 9048 8924
f 8921 8928 8924
f 7711 7707 9039
f 7719 7711 9039
f 7719 9039 9050
f 9040 9050 9039
f 9051 7719 9050
f 9049 8924 8928
f 8928 8927 9052
f 9044 9042 9047
f 9044 9050 9040
f 9047 9053 9044
f 9047 9054 9053
f 9055 9050 9044
f 9055 9056 9050
f 9055 9044 9053
f 9053 9057 9055
f 9057 9053 9054
f 9036 9035 9046
f 9048 9049 9058
f 9059 9046 9048
f 9046 9059 9036
f 9037 9036 9060
f 9060 9036 9059
f 9059 9048 9058
f 9061 9059 9058
f 8995 9032 9003
f 9060 9059 9061
f 9017 9028 9032
f 8928 9062 9049
f 9028 9063 9032
f 9062 9058 9049
f 9062 8928 9052
f 9047 9003 9032
f 9047 9032 9064
f 9064 9032 9063
f 9062 9052 9065
f 9066 9058 9062
f 9063 9067 9064
f 9068 9062 9065
f 9063 9028 9069
f 9069 9028 9029
f 9058 9066 9061
f 9029 9030 9070
f 9069 9029 9070
f 9069 9071 9067
f 9067 9063 9069
f 9072 9073 9074
f 9054 9047 9064
f 9075 9054 9076
f 9076 9054 9064
f 9076 9064 9067
f 9054 9075 9057
f 9077 9073 9072
f 9075 9076 9078
f 9079 9080 9072
f 9072 9080 9077
f 9071 9081 9067
f 9076 9067 9081
f 9071 9069 9070
f 9082 9071 9070
f 9078 9076 9081
f 9083 9078 9081
f 9081 9071 9084
f 9084 9083 9081
f 9085 9086 9087
f 9085 9088 9089
f 8845 9090 8839
f 9074 9037 9060
f 9060 9091 9074
f 9091 9060 9061
f 8791 9092 8979
f 8839 9090 9092
f 8839 9092 8791
f 9093 9092 9090
f 8979 9092 9093
f 9072 9074 9091
f 9094 9061 9066
f 9061 9094 9091
f 8845 8831 8855
f 9095 9066 9062
f 9096 8845 8855
f 9095 9062 9068
f 9097 9095 9068
f 9096 9090 8845
f 9095 9098 9066
f 9099 9090 9096
f 9099 9093 9090
f 9098 9094 9066
f 9100 9101 9096
f 9086 9098 9095
f 9097 9086 9095
f 9102 9093 9099
f 9102 9099 9101
f 9101 9100 9103
f 9101 9099 9096
f 9104 9101 9103
f 9105 9072 9091
f 9106 9105 9094
f 9094 9105 9091
f 9107 9105 9106
f 8852 8854 8851
f 8854 8852 9108
f 9079 9105 9107
f 9109 9108 8852
f 9079 9072 9105
f 9107 9106 9110
f 8734 9111 8856
f 8856 9109 8852
f 9111 9109 8856
f 9112 9106 9098
f 9112 9098 9086
f 9109 9113 9108
f 9114 9110 9112
f 9113 9109 9111
f 9110 9106 9112
f 9085 9112 9086
f 9114 9085 9089
f 9114 9112 9085
f 9106 9094 9098
f 8965 8964 9115
f 9115 9116 8965
f 8966 8965 9117
f 9117 8965 9116
f 9116 9115 8936
f 8936 8937 9116
f 8855 8854 9118
f 9117 9116 9119
f 9119 9116 8937
f 9118 9096 8855
f 8970 8966 9117
f 9100 9096 9118
f 9120 9100 9118
f 8854 9108 9118
f 9120 9118 9108
f 9117 9119 9121
f 9117 9121 8970
f 9120 9108 9113
f 9034 9119 8937
f 9120 9122 9100
f 9034 8937 8907
f 9034 9033 9119
f 9119 9123 9121
f 9123 9119 9033
f 9124 9122 9125
f 9103 9100 9122
f 8970 9121 9126
f 9103 9122 9124
f 8977 8969 8970
f 8977 8970 9126
f 9123 9126 9121
f 9127 9120 9113
f 9125 9122 9120
f 9128 8977 9126
f 9126 9129 9128
f 9125 9120 9127
f 9123 9129 9126
f 9128 8980 8977
f 9130 9123 9033
f 9130 9033 9035
f 9129 9123 9130
f 9129 9130 9131
f 9035 9037 9130
f 9131 9130 9037
f 9124 9132 9103
f 9124 9133 9132
f 9134 9133 9124
f 9135 9128 9129
f 9136 9129 9137
f 9135 9129 9136
f 9124 9125 9138
f 9138 9125 9127
f 9135 9139 9012
f 9138 9127 9140
f 9139 9135 9136
f 9138 9140 9141
f 9010 8980 9128
f 9138 9134 9124
f 9128 9135 9010
f 9012 9010 9135
f 9134 9138 9141
f 9137 9129 9131
f 9133 9134 9142
f 9074 9131 9037
f 9137 9131 9074
f 9141 9142 9134
f 9141 9143 9142
f 9074 9073 9137
f 9144 9142 9143
f 9145 9144 9143
f 9019 9013 9146
f 9145 9143 9147
f 9012 9148 9013
f 9013 9148 9146
f 9147 9143 9149
f 9149 9143 9141
f 9150 9019 9146
f 9150 9146 9148
f 9139 9136 9151
f 9139 9148 9012
f 9150 9148 9151
f 9151 9148 9139
f 9093 9152 9024
f 9093 9024 8979
f 9021 9153 9154
f 9154 9153 9155
f 9021 9019 9150
f 9021 9150 9153
f 9153 9150 9151
f 9153 9151 9156
f 9155 9153 9156
f 9152 9025 9024
f 9027 9025 9152
f 9102 9152 9093
f 9151 9136 9137
f 9151 9137 9073
f 9156 9151 9073
f 9152 9102 9031
f 9031 9027 9152
f 9156 9073 9077
f 9077 9157 9156
f 9104 9102 9101
f 5304 8873 5281
f 8877 8873 5304
f 8877 5304 5309
f 9031 9102 9158
f 8884 8877 5309
f 9159 9030 9031
f 9158 9159 9031
f 9160 9159 9158
f 9161 9102 9104
f 9102 9161 9158
f 8884 5309 9162
f 9163 8884 9162
f 9132 9104 9103
f 5357 5309 5307
f 9162 5309 5357
f 9161 9104 9132
f 9161 9132 9164
f 9164 9165 9161
f 9160 9158 9166
f 9166 9158 9161
f 9163 9162 9167
f 9165 9166 9161
f 9163 8908 8884
f 9168 9165 9164
f 9169 9164 9170
f 8918 8908 9163
f 9160 9166 9171
f 9171 9166 9168
f 9168 9166 9165
f 9164 9169 9168
f 9171 9168 9172
f 9168 9169 9173
f 9173 9172 9168
f 9070 9030 9159
f 9159 9082 9070
f 9082 9159 9160
f 9163 9174 8918
f 9082 9175 9084
f 9174 9163 9167
f 9175 9160 9176
f 9160 9175 9082
f 8918 9174 8927
f 9084 9175 9176
f 9177 9176 9178
f 9082 9084 9071
f 9179 9174 9167
f 5374 9167 9162
f 5374 9162 5357
f 5374 5357 5368
f 9180 9084 9176
f 9180 9083 9084
f 9177 9180 9176
f 9176 9160 9171
f 9176 9171 9178
f 9172 9178 9171
f 5374 9181 9179
f 9167 5374 9179
f 5374 5372 9181
f 9164 9132 9133
f 9164 9133 9170
f 9142 9170 9133
f 9182 9170 9144
f 9183 8927 9174
f 9170 9182 9169
f 9052 8927 9183
f 9142 9144 9170
f 9179 9184 9174
f 9182 9144 9185
f 9174 9184 9183
f 9182 9173 9169
f 9183 9065 9052
f 9184 9186 9183
f 9065 9183 9186
f 9184 9187 9186
f 9184 9179 9181
f 5617 9181 5372
f 9187 9181 5617
f 9051 7720 7719
f 9187 9184 9181
f 9051 7729 7720
f 9056 9051 9050
f 7729 9051 9056
f 9056 9188 7729
f 9055 9189 9056
f 9189 9055 9057
f 9057 9190 9189
f 9191 9189 9190
f 9188 9056 9189
f 9189 9191 9188
f 9192 9065 9193
f 9193 9065 9186
f 9193 9186 9187
f 9190 9194 9191
f 7730 7729 8510
f 8510 7729 9188
f 9192 9068 9065
f 8511 8510 9195
f 9195 8510 9188
f 9195 9188 9196
f 9197 9195 9198
f 9198 9195 9196
f 9196 9188 9191
f 9196 9191 9199
f 9200 9187 5617
f 9199 9191 9201
f 9202 9193 9203
f 9203 9193 9187
f 9203 9187 9200
f 9204 9196 9199
f 9204 9199 9205
f 5620 9200 5617
f 5620 5695 9200
f 9190 9057 9075
f 9190 9075 9206
f 9078 9083 9207
f 9207 9083 9208
f 9209 9207 9208
f 9201 9210 9199
f 9211 9210 9201
f 9205 9199 9210
f 9212 9068 9192
f 9097 9068 9212
f 9211 9213 9210
f 9213 9211 9214
f 9212 9192 9202
f 9202 9192 9193
f 9215 9209 9208
f 9215 9208 9216
f 9216 9208 9217
f 9218 9097 9212
f 9219 9216 9217
f 9215 9220 9214
f 9216 9220 9215
f 9086 9097 9218
f 9202 9218 9212
f 9220 9216 9219
f 9221 9218 9202
f 9222 9220 9219
f 9221 9202 9223
f 9197 8511 9195
f 9223 9202 9203
f 8540 8511 9197
f 9223 9203 9200
f 9223 9200 9224
f 9225 9197 9198
f 9226 8540 9197
f 8540 9226 8539
f 9224 9200 5695
f 9226 9197 9225
f 9227 9226 9225
f 9224 9228 9229
f 9229 9223 9224
f 9198 9196 9204
f 9225 9198 9204
f 9228 5695 5707
f 5695 9228 9224
f 9205 9230 9204
f 9225 9204 9230
f 9231 9230 9205
f 9227 9225 9230
f 9221 9223 9229
f 9232 8539 9226
f 9232 9226 9227
f 9232 7236 8539
f 9227 7785 9232
f 9087 9086 9218
f 9232 7782 7236
f 7782 9232 7785
f 9087 9218 9221
f 9233 9221 9229
f 9231 9234 9230
f 9235 9087 9236
f 7785 9227 9234
f 9234 9227 9230
f 9237 9235 9236
f 9085 9087 9235
f 9088 9085 9235
f 9236 9087 9221
f 9233 9236 9221
f 9234 7787 7785
f 9236 9238 9237
f 9238 9236 9233
f 9239 9229 9228
f 9239 9233 9229
f 9210 9213 9205
f 9213 9231 9205
f 9240 9213 9214
f 5707 5716 9228
f 9231 9213 9240
f 9228 5716 9239
f 5715 9239 5716
f 9241 9233 9239
f 9240 9242 9231
f 9233 9241 9238
f 9239 5715 9241
f 9220 9243 9214
f 9240 9214 9243
f 9222 9244 9243
f 9243 9220 9222
f 9240 9245 9242
f 9240 9244 9245
f 9244 9240 9243
f 9234 9231 9246
f 9231 9242 9246
f 7787 9234 9246
f 7787 9246 7801
f 7801 9246 9242
f 9242 7799 7801
f 1746 1748 9247
f 9244 9248 9249
f 1743 1746 1899
f 1899 1746 9247
f 7799 9249 7803
f 1899 9247 9250
f 9249 7805 7803
f 9250 9247 9251
f 9245 7799 9242
f 9249 9245 9244
f 7799 9245 9249
f 9254 9250 9251
f 9255 9254 9257
f 9254 9255 9250
f 9258 9145 9147
f 9147 9259 9258
f 9258 9259 9260
f 9257 9261 9255
f 9261 9257 9263
f 9264 9265 9262
f 9263 9266 9261
f 9260 9259 9267
f 9265 9264 9268
f 9269 9265 9268
f 9268 9270 9269
f 9271 9172 9173
f 9271 9173 9272
f 9271 9272 9273
f 9274 1855 1856
f 9273 9275 9276
f 9274 1856 9277
f 9276 9275 9278
f 9278 9279 9276
f 9277 1856 1859
f 9280 9180 9177
f 9280 9083 9180
f 9280 9208 9083
f 9281 9177 9178
f 9280 9177 9282
f 9280 9282 9217
f 9280 9217 9208
f 9281 9282 9177
f 9283 9282 9281
f 9178 9172 9271
f 9281 9178 9271
f 9284 9285 9274
f 9284 9274 9277
f 9284 9277 9286
f 9287 9271 9273
f 9284 9286 9288
f 9287 9283 9281
f 9271 9287 9281
f 9288 9289 9284
f 9290 9291 9292
f 9293 1897 9294
f 9219 9217 9295
f 9282 9290 9217
f 9290 9282 9283
f 9295 9217 9290
f 9293 1894 1897
f 9291 9290 9283
f 9293 9296 1894
f 9296 9293 9297
f 9295 9222 9219
f 9292 9295 9290
f 1892 1899 1897
f 1897 1899 9294
f 9287 9273 9276
f 9294 1899 9250
f 9283 9287 9291
f 9287 9276 9291
f 9250 9298 9294
f 9291 9276 9279
f 9279 9292 9291
f 9298 9293 9294
f 9298 9297 9293
f 9145 9185 9144
f 9299 9185 9145
f 9297 9298 9300
f 9301 9185 9299
f 9301 9302 9185
f 9182 9272 9173
f 9185 9272 9182
f 9250 9255 9298
f 9273 9272 9302
f 9185 9302 9272
f 9255 9300 9298
f 9255 9303 9300
f 9258 9299 9145
f 9301 9299 9304
f 9258 9260 9304
f 9258 9304 9299
f 9296 1859 1894
f 9305 9302 9306
f 9306 9302 9301
f 9296 9277 1859
f 9307 9305 9306
f 9273 9302 9275
f 9302 9305 9275
f 9297 9286 9296
f 9286 9297 9308
f 9286 9277 9296
f 9306 9301 9304
f 9306 9304 9309
f 9309 9304 9260
f 9308 9297 9300
f 9309 9310 9311
f 9309 9311 9307
f 9309 9307 9306
f 9310 9309 9260
f 9310 9260 9267
f 9279 9278 9312
f 9278 9313 9312
f 9288 9314 9289
f 9308 9288 9286
f 9288 9308 9315
f 9315 9316 9314
f 9314 9288 9315
f 9313 9317 9318
f 9313 9319 9317
f 7849 9318 9317
f 7850 7849 9317
f 9320 9321 9322
f 7850 9317 9319
f 9312 9323 9292
f 9324 9325 9326
f 9318 9323 9312
f 9320 9314 9316
f 9315 9324 9316
f 9292 9222 9295
f 9320 9316 9321
f 9323 9222 9292
f 9327 9321 9316
f 9222 9323 9244
f 9316 9324 9326
f 9326 9327 9316
f 9292 9279 9312
f 9303 9328 9300
f 9318 9312 9313
f 9328 9303 9329
f 9330 9328 9329
f 9248 9244 9323
f 9323 7849 9248
f 7849 9323 9318
f 9261 9303 9255
f 9248 7849 7805
f 9329 9303 9331
f 9303 9266 9331
f 9261 9266 9303
f 7805 9249 9248
f 9325 9330 9333
f 9333 9330 9329
f 9334 9305 9307
f 9335 9333 9337
f 9334 9307 9338
f 9333 9335 9325
f 9339 9334 9338
f 9305 9278 9275
f 9313 9278 9334
f 9334 9278 9305
f 9332 9265 9269
f 9313 9334 9340
f 9336 9332 9269
f 9339 9340 9334
f 9341 9340 9339
f 9331 9333 9329
f 9337 9333 9331
f 9311 9338 9307
f 9328 9308 9300
f 9339 9338 9342
f 9328 9315 9308
f 9342 9311 9343
f 9311 9342 9338
f 9315 9328 9330
f 9319 9340 9341
f 9313 9340 9319
f 9325 9324 9330
f 9330 9324 9315
f 7863 9319 7864
f 9319 7863 7850
f 7864 9319 9341
f 9339 9342 9341
f 9341 9342 9344
f 9342 9343 9345
f 9342 9345 9344
f 9344 7870 7864
f 7870 9344 9345
f 1471 9346 1936
f 9344 7864 9341
f 1938 1936 1747
f 1936 9346 1747
f 9346 1471 8992
f 8992 9347 9346
f 9347 8992 8997
f 8922 8925 9348
f 9347 9252 9346
f 9347 9349 9252
f 9350 9347 8997
f 9349 9347 9350
f 9351 8925 8926
f 9247 1748 9251
f 9352 8926 8929
f 9351 8926 9352
f 9352 9353 9351
f 9252 1747 9346
f 9354 9352 8929
f 9353 9352 9355
f 9355 9352 9354
f 8935 9356 8932
f 9253 9349 9357
f 9253 9252 9349
f 9357 9256 9253
f 9358 8935 8938
f 8997 9016 9350
f 9358 8938 8939
f 9359 9350 9016
f 8929 8932 9356
f 9356 8935 9360
f 9023 9359 9016
f 9361 9023 9154
f 9023 9022 9021
f 9023 9021 9154
f 9356 9354 8929
f 9362 9354 9356
f 9360 9362 9356
f 9023 9363 9359
f 9363 9023 9361
f 9364 9359 9363
f 9360 8935 9358
f 9350 9357 9349
f 9350 9365 9357
f 9262 9357 9365
f 9365 9350 9359
f 9366 9354 9362
f 9262 9365 9264
f 9357 9262 9256
f 9365 9359 9364
f 9264 9365 9364
f 9264 9364 9268
f 9367 9360 9358
f 9268 9364 9368
f 9368 9364 9363
f 9268 9368 9270
f 9363 9270 9368
f 9362 9360 9369
f 9367 9370 9369
f 9367 9369 9360
f 9371 9369 9370
f 9372 9373 9374
f 9375 8906 8958
f 9376 8962 8951
f 9377 9080 9079
f 9377 9157 9080
f 9157 9077 9080
f 9375 8958 8962
f 9375 8962 9378
f 9374 9157 9379
f 9374 9373 9157
f 9379 9157 9377
f 9378 8962 9376
f 9380 9378 9376
f 9372 9363 9361
f 9270 9363 9372
f 9381 9270 9372
f 9381 9372 9374
f 9381 9374 9382
f 8954 5584 5587
f 9270 9381 9269
f 9383 5587 9384
f 5587 9383 8954
f 9381 9382 9385
f 5587 5742 9384
f 9385 9382 9386
f 5742 1107 1117
f 9385 9386 9387
f 9384 5742 1117
f 9387 9386 9388
f 9386 9379 9388
f 9384 1117 9389
f 9386 9374 9379
f 9382 9374 9386
f 1481 9389 1117
f 9389 1481 1488
f 9376 8951 8954
f 9383 9376 8954
f 9390 9376 9383
f 9383 9384 9391
f 9390 9383 9391
f 9390 9380 9376
f 9392 9089 9088
f 9392 9088 9393
f 9389 9391 9384
f 9393 9394 9392
f 9392 9394 9395
f 9396 9397 9394
f 9398 9390 9391
f 9391 9389 9399
f 9394 9397 9395
f 9399 9389 1488
f 9399 1488 1512
f 9394 9393 9400
f 9391 9399 9398
f 9396 9394 9401
f 9401 9394 9400
f 9398 9399 1541
f 1541 9399 1512
f 9401 9400 9402
f 9402 9400 9403
f 9404 9110 9405
f 9404 9107 9110
f 9406 9404 9407
f 9375 8939 8906
f 9407 9404 9405
f 9405 9395 9407
f 9407 9395 9397
f 8939 9375 9408
f 9377 9079 9404
f 9404 9079 9107
f 9358 8939 9409
f 9406 9377 9404
f 9409 8939 9408
f 9379 9377 9406
f 9406 9388 9379
f 9375 9378 9408
f 9110 9114 9405
f 9380 9408 9378
f 9395 9405 9114
f 9392 9395 9114
f 9392 9114 9089
f 9409 9410 9411
f 9407 9397 9412
f 9407 9388 9406
f 9410 9409 9408
f 9408 9380 9410
f 9388 9407 9412
f 9413 9412 9396
f 9396 9412 9397
f 9413 9387 9412
f 9412 9387 9388
f 9410 9380 9414
f 9409 9367 9358
f 9409 9411 9367
f 9416 9417 9418
f 9370 9367 9411
f 9419 9370 9411
f 9421 9422 9417
f 9410 9419 9411
f 9420 9415 9423
f 9421 9417 9416
f 9422 9421 9424
f 9420 9423 9426
f 9427 9426 9423
f 9426 9425 9420
f 9414 9380 9390
f 9414 9390 9398
f 9322 9321 9428
f 9398 9429 9414
f 9430 9431 9432
f 9432 9428 9430
f 9428 9432 8346
f 9418 9430 9327
f 9418 9327 9326
f 9429 9398 1541
f 9418 9417 9431
f 9431 9430 9418
f 9321 9327 9430
f 9430 9428 9321
f 9432 9433 9434
f 9424 9435 9433
f 9433 9435 9434
f 9419 9436 9370
f 8346 9432 9434
f 8346 9434 8056
f 9370 9436 9371
f 9419 9437 9436
f 9434 9435 8054
f 9434 8054 8056
f 9410 9438 9419
f 9431 9422 9433
f 9438 9410 9414
f 9431 9417 9422
f 9438 9414 9439
f 9431 9433 9432
f 9433 9422 9424
f 9419 9438 9440
f 9439 9441 9438
f 9438 9441 9440
f 9441 9442 9440
f 9336 9385 9443
f 9440 9437 9419
f 9335 9444 9445
f 9337 9444 9335
f 9440 9442 9437
f 9416 9418 9445
f 9445 9444 9416
f 9336 9269 9381
f 9385 9336 9381
f 9446 9387 9427
f 9429 9439 9414
f 9427 9423 9446
f 9446 9385 9387
f 9443 9385 9446
f 1631 9439 9429
f 9413 9427 9387
f 9446 9415 9443
f 9415 9446 9423
f 9429 1541 1631
f 9445 9326 9325
f 9445 9325 9335
f 9418 9326 9445
f 1631 9447 9439
f 1647 9447 1631
f 1647 1631 1542
f 9448 9450 9451
f 9448 9451 8085
f 1655 9447 1647
f 9413 9396 9452
f 9452 9396 9401
f 9452 9401 9450
f 9447 9441 9439
f 9453 9426 9452
f 9453 9448 9425
f 9425 9426 9453
f 9413 9426 9427
f 9452 9426 9413
f 9452 9450 9453
f 9448 9453 9450
f 9454 9441 9447
f 9455 9450 9402
f 9455 9402 9456
f 8078 9455 9456
f 9454 9442 9441
f 9451 9455 8077
f 9451 8077 8085
f 9457 9442 9454
f 9451 9450 9455
f 9454 9447 1668
f 8077 9455 8078
f 9402 9450 9401
f 1668 9447 1655
f 8054 9435 8084
f 9435 9424 9449
f 8086 8084 9435
f 9435 9449 8086
f 8077 8098 8085
f 9458 9454 9459
f 1668 1667 1786
f 9459 9454 1668
f 9459 1668 1786
f 9361 9154 9155
f 9361 9155 9373
f 9373 9155 9156
f 1802 9459 1786
f 9373 9372 9361
f 9373 9156 9157
f 1802 1804 9460
f 8922 9348 8734
f 9348 9461 9111
f 9348 9111 8734
f 9462 9461 9348
f 8201 1852 1855
f 9462 9348 8925
f 8207 8201 9463
f 9463 8201 1855
f 9462 8925 9351
f 9462 9351 9464
f 9462 9464 9461
f 9463 1855 9274
f 9111 9461 9113
f 9351 9353 9464
f 8207 9463 9285
f 9285 9463 9274
f 8235 8217 8218
f 8218 8207 9285
f 8218 9285 9289
f 9289 9285 9284
f 9461 9127 9113
f 9461 9465 9127
f 9464 9465 9461
f 9466 9465 9464
f 9127 9465 9467
f 9466 9468 9469
f 9466 9467 9465
f 9466 9469 9467
f 9466 9464 9470
f 9470 9464 9353
f 9354 9366 9355
f 9366 9471 9355
f 9355 9470 9353
f 9355 9471 9470
f 9468 9466 9470
f 8235 8218 9472
f 9468 9470 9471
f 8235 9472 8236
f 9473 9468 9471
f 9289 9472 8218
f 8236 9472 9474
f 9474 8238 8236
f 9474 9472 9289
f 9474 9289 9314
f 9314 9320 9474
f 9366 9473 9471
f 9475 9473 9366
f 9362 9369 9366
f 9475 9366 9369
f 9322 8238 9474
f 8238 9322 8249
f 9322 9474 9320
f 8249 9322 8247
f 9467 9469 9476
f 9469 9468 9477
f 9477 9478 9469
f 9428 8247 9322
f 8346 8247 9428
f 9127 9467 9140
f 9140 9467 9476
f 9140 9476 9479
f 9479 9141 9140
f 9469 9480 9476
f 9479 9476 9480
f 9478 9480 9469
f 9149 9141 9479
f 9149 9479 9481
f 9481 9479 9480
f 9482 9149 9481
f 9483 9238 9241
f 9483 9241 9484
f 9147 9149 9482
f 9485 9484 9486
f 9484 9487 9483
f 9481 9480 9488
f 9487 9484 9485
f 9488 9480 9478
f 9088 9235 9237
f 9481 9488 9489
f 9483 9237 9238
f 9393 9088 9237
f 9393 9237 9490
f 9473 9475 9491
f 9475 9369 9492
f 9490 9237 9483
f 9490 9483 9487
f 9492 9491 9475
f 5715 9493 9241
f 9493 5715 8574
f 9473 9477 9468
f 9491 9477 9473
f 9494 9477 9491
f 9493 9484 9241
f 9492 9495 9491
f 8575 9493 8574
f 8575 9486 9493
f 9493 9486 9484
f 9492 9369 9371
f 9403 9496 9497
f 9498 9492 9371
f 9497 9485 8587
f 8587 9485 9486
f 8596 8587 9486
f 9497 9487 9485
f 9497 9496 9487
f 9456 9499 8586
f 9403 9497 9499
f 9478 9477 9494
f 9488 9478 9494
f 9402 9403 9456
f 9494 9491 9495
f 9499 9456 9403
f 8587 9499 9497
f 8586 9499 8587
f 9393 9490 9496
f 9403 9400 9393
f 9403 9393 9496
f 9487 9496 9490
f 8596 9486 8575
f 9498 9495 9492
f 9500 9495 9498
f 8078 9456 8586
f 9498 9371 9436
f 9436 9501 9498
f 9437 9442 9501
f 9501 9436 9437
f 9500 9498 9501
f 9500 9501 9502
f 9502 9501 9442
f 9259 9147 9482
f 9503 9259 9482
f 9504 9259 9503
f 9503 9482 9481
f 9503 9481 9489
f 9505 9489 9488
f 9506 9503 9489
f 9489 9505 9506
f 9503 9507 9504
f 9267 9259 9504
f 9508 9267 9504
f 9509 9507 9510
f 9509 9504 9507
f 9504 9509 9508
f 9507 9503 9506
f 9510 9506 9511
f 9506 9510 9507
f 9505 9494 9495
f 9505 9495 9512
f 9512 9495 9513
f 9513 9495 9500
f 9514 9512 9513
f 9515 9513 9500
f 9516 9514 9513
f 9516 9513 9515
f 9505 9488 9494
f 9506 9505 9517
f 9517 9505 9512
f 9517 9511 9506
f 9511 9517 9514
f 9514 9517 9512
f 9510 9511 9518
f 9511 9514 9518
f 9518 9514 9516
f 9519 9518 9516
f 9520 9508 9509
f 9311 9508 9343
f 9343 9508 9520
f 9509 9510 9520
f 8106 9520 9521
f 9521 9520 9510
f 9522 9343 9520
f 9522 9520 8106
f 8103 9522 8106
f 8102 9522 8103
f 9521 9510 9518
f 9521 9518 9523
f 9521 9523 8111
f 9523 9518 9519
f 9524 9523 9519
f 8111 9523 8112
f 8106 9521 8111
f 8112 9523 9524
f 8112 9524 8118
f 8118 9524 8119
f 9508 9310 9267
f 9508 9311 9310
f 9345 9343 8102
f 9522 8102 9343
f 7870 9345 8159
f 8159 9345 8102
f 9500 9502 9515
f 9457 9502 9442
f 9525 9502 9457
f 9525 9457 9458
f 9515 9502 9525
f 9516 9515 9526
f 9526 9515 9525
f 9526 9525 9527
f 9525 9458 9528
f 9525 9528 9527
f 9454 9458 9457
f 1802 9458 9459
f 9528 9458 1802
f 9519 9516 9526
f 9526 9527 9529
f 9529 9527 9530
f 9530 9527 9531
f 9532 9529 9530
f 9532 9530 8179
f 8179 9530 8180
f 9530 9531 8180
f 9526 9529 9519
f 9532 9519 9529
f 9532 9524 9519
f 9524 9532 8119
f 8119 9532 8179
f 9531 9527 9528
f 9528 1802 9460
f 9460 9533 9534
f 9460 9534 9528
f 9531 9528 9534
f 9531 9534 8180
f 8180 9534 8199
f 9533 8199 9534
f 9533 9460 1852
f 1852 9460 1804
f 8200 8199 9533
f 1852 8200 9533
f 9206 9075 9078
f 9190 9206 9194
f 9201 9191 9194
f 9194 9535 9201
f 9206 9535 9194
f 9535 9206 9209
f 9209 9206 9207
f 9209 9215 9535
f 9207 9206 9078
f 9211 9201 9535
f 9211 9535 9215
f 9214 9211 9215
f 9537 344 9538
f 317 9538 343
f 9538 344 343
f 345 320 343
f 320 317 343
f 9537 9538 9539
f 9539 9538 316
f 9539 316 544
f 316 321 544
f 147 9539 544
f 9538 317 316
f 9539 192 190
f 190 9537 9539
f 147 192 9539
f 320 345 335
f 335 345 9540
f 325 335 9541
f 335 9540 9541
f 9540 9542 9541
f 9542 323 9541
f 323 325 9541
f 9536 9542 9540
f 354 399 9543
f 399 9544 9543
f 9544 375 9542
f 323 9542 375
f 376 375 399
f 375 9544 399
f 364 596 588
f 9545 597 596
f 9545 9546 597
f 9546 600 597
f 9546 9548 600
f 9548 601 600
f 9549 9548 9547
f 626 9549 627
f 9549 9550 627
f 625 601 9551
f 601 9548 9551
f 9548 9549 9551
f 620 625 626
f 625 9551 626
f 9551 9549 626
f 900 897 892
f 675 688 669
f 9552 632 629
f 663 639 688
f 487 725 675
f 663 688 9554
f 9554 688 725
f 725 688 675
f 9558 9554 725
f 9558 725 9559
f 9558 9559 786
f 9561 712 662
f 712 701 706
f 716 5724 697
f 701 9565 698
f 9565 716 698
f 927 926 5724
f 716 927 5724
f 716 9565 928
f 9565 701 9566
f 674 667 673
f 928 9565 938
f 9565 9566 938
f 9566 701 712
f 9566 712 9567
f 9567 712 9561
f 9566 9567 938
f 9567 949 938
f 9567 9561 981
f 9567 981 949
f 663 9568 9562
f 9568 663 9554
f 9568 9554 9569
f 9570 9562 9568
f 9571 9570 9569
f 9569 9570 9568
f 9569 9554 9558
f 9571 9569 9558
f 1323 1119 1121
f 9571 9558 9572
f 980 9562 9570
f 9570 9573 980
f 9573 9570 9571
f 980 9573 1002
f 9573 9571 9574
f 9573 9574 1002
f 9574 1015 1002
f 9574 9571 9572
f 9574 9572 851
f 1323 1121 1275
f 9574 1023 1015
f 1275 1274 9575
f 9574 851 1023
f 1422 1323 1275
f 9575 1428 1275
f 1279 9575 1232
f 9575 1274 1232
f 9575 1279 1290
f 1279 1253 1282
f 1279 1282 1290
f 1282 1287 1290
f 850 1023 851
f 632 9552 1046
f 1428 9575 1444
f 9575 1290 1444
f 9552 9553 9576
f 9576 1046 9552
f 9577 1051 9576
f 1051 1046 9576
f 1057 1056 9577
f 1056 1051 9577
f 9556 9577 9555
f 9555 9577 9576
f 1078 9577 9556
f 9577 1078 1057
f 9557 1078 9556
f 1161 1078 9557
f 725 724 9559
f 1161 1096 1077
f 1078 1161 1077
f 9559 724 744
f 786 9559 744
f 673 1090 674
f 9578 1161 9560
f 9578 1160 1161
f 9579 1160 9578
f 9578 9563 9579
f 1169 1164 9579
f 1164 1160 9579
f 9580 9579 9563
f 9580 1169 9579
f 9580 1184 1169
f 9572 9558 786
f 9581 1184 9580
f 790 9572 786
f 9580 9564 9581
f 9581 1185 1184
f 851 9572 790
f 852 851 790
f 790 842 852
f 1873 1825 1753
f 6688 1872 1873
f 6688 1873 9582
f 9582 1956 6688
f 1854 1873 1753
f 9582 1873 1854
f 1870 9583 1854
f 9583 9582 1854
f 1956 9582 9583
f 1941 1929 4982
f 1877 1870 1867
f 1870 1877 9584
f 1877 1880 9584
f 1880 1913 9585
f 9584 1880 9586
f 9586 1880 9585
f 9583 1870 1954
f 1954 1870 9584
f 9583 1954 1956
f 1954 9584 1959
f 9584 9586 1959
f 9586 1961 1959
f 1961 1960 1959
f 9586 9585 9587
f 9586 9587 1961
f 1913 1880 1818
f 1941 9588 1913
f 9588 9585 1913
f 1941 1966 9588
f 9587 9585 9588
f 9587 9588 1965
f 1965 9588 1966
f 1966 1941 4982
f 1967 1966 1972
f 1966 4982 1972
f 1961 9587 1965
f 4936 4944 9589
f 4944 4948 9589
f 4952 9590 4948
f 9589 4948 9591
f 9591 4948 9590
f 9591 9590 9592
f 5018 4982 4973
f 4973 4988 5018
f 4996 4988 4979
f 5004 9593 5007
f 9594 5004 4814
f 9594 4814 5087
f 9595 9594 5087
f 5087 4807 4934
f 9596 5087 4934
f 4936 9596 4934
f 9595 5087 9596
f 9595 9596 9597
f 9593 5004 9594
f 9593 9594 5094
f 5094 9594 9595
f 5007 9593 5092
f 5092 9593 5094
f 9598 5094 9597
f 9597 5094 9595
f 9598 5093 5094
f 9596 4936 9599
f 9599 4936 9589
f 9597 9596 9599
f 9599 9600 9597
f 9599 9589 9601
f 9600 9599 9601
f 9601 9589 9591
f 9601 9591 9602
f 9602 9591 9592
f 9603 9601 9602
f 9598 9597 9600
f 5114 5093 9598
f 9600 5114 9598
f 5118 5114 9600
f 9600 9601 9603
f 5118 9600 9603
f 9603 5342 5118
f 5055 5007 5092
f 5055 5092 5072
f 5122 5116 5118
f 5342 5122 5118
f 5232 9604 4952
f 9604 9590 4952
f 9604 5232 9605
f 9592 9590 9606
f 9606 9590 9604
f 9606 9604 9607
f 9607 9604 9605
f 9607 9605 9608
f 9605 5232 5240
f 9609 9605 5240
f 9608 9605 9609
f 5257 5256 5260
f 9610 5257 5260
f 9609 5240 5252
f 5257 9611 5252
f 9611 9609 5252
f 9608 9609 9612
f 9612 9609 9611
f 5427 9611 5257
f 5427 5257 9610
f 5331 9611 5427
f 5299 9610 5260
f 9610 5299 9613
f 5299 5290 9613
f 5290 9614 9613
f 5295 9614 5290
f 5427 9610 5428
f 5428 9610 9615
f 5433 5428 9615
f 9615 9610 9613
f 9615 9613 9614
f 5436 9615 9614
f 9614 5295 5314
f 9614 5314 9616
f 9616 5314 5313
f 5321 9616 5313
f 9614 9616 5436
f 9616 5462 5436
f 9616 5321 5462
f 5321 926 5462
f 9602 9592 9606
f 9602 9606 9617
f 9607 9617 9606
f 9603 9602 9618
f 9618 9602 9617
f 9617 9619 9618
f 9617 9607 9608
f 9619 9617 9620
f 9620 9617 9608
f 9621 9603 9618
f 9618 9619 9621
f 5342 9603 9621
f 5344 5342 9621
f 9621 9619 5344
f 5326 9619 9620
f 5326 9620 5327
f 5344 9619 5326
f 9608 9612 9620
f 5339 9612 9611
f 5327 9620 9612
f 5327 9612 5339
f 5339 9611 5331
f 5330 5339 5331
f 5327 5339 5336
f 5332 5428 5433
f 9615 5436 5433
f 5462 926 5468
f 925 5468 926
f 5789 5806 5790
f 5797 5754 5743
f 5786 5797 5743
f 5789 5816 5806
f 5816 5818 5806
f 5819 5821 5830
f 5821 890 5830
f 890 904 5830
f 5829 5826 5825
f 5819 5830 5825
f 5830 5829 5825
f 5724 926 5321
f 5862 1256 5751
f 5791 9622 5751
f 9622 5862 5751
f 5835 9622 5791
f 5823 5850 5824
f 9622 5875 5862
f 5835 5875 9622
f 5850 5823 5949
f 5955 5850 5949
f 6675 6002 6658
f 6002 6653 6658
f 6669 6675 6658
f 1956 6698 6688
f 6688 6698 6693
f 6699 6698 1956
f 8832 9623 8829
f 9623 8842 8829
f 9623 8964 8842
f 8843 8842 8964
f 9623 8832 8931
f 8933 9623 8931
f 8964 9623 9115
f 9623 8933 9115
f 9115 8933 8936
f 9624 9625 9626
f 9627 9625 9624
f 9628 9627 9624
f 9624 9626 9629
f 9630 9624 9629
f 9631 9632 9630
f 9633 9630 9634
f 9634 9630 9632
f 9624 9630 9633
f 9635 9636 9637
f 9635 9639 9640
f 9635 9640 9641
f 9635 9642 9636
f 9642 9635 9641
f 141 9643 142
f 141 143 9643
f 9643 9644 142
f 9645 9643 9646
f 9646 9643 143
f 9645 9644 9643
f 9647 9644 9645
f 9639 9648 9640
f 9646 9649 9645
f 9645 9650 9647
f 9640 9648 9651
f 9652 9647 9650
f 9655 9652 9650
f 9645 9649 9650
f 9650 9656 9655
f 9656 9650 9649
f 9657 9641 9640
f 9651 9648 9659
f 9657 9640 9651
f 9662 9664 9658
f 9657 9651 9665
f 9665 9651 9659
f 9666 9667 9668
f 9666 9668 9669
f 9669 9668 9670
f 9664 9660 9658
f 9671 9672 9666
f 9666 9672 9667
f 9673 9666 9669
f 9670 9653 9654
f 9665 9659 9674
f 9675 9676 9664
f 9670 9668 9653
f 9676 9660 9664
f 9636 9654 9637
f 9670 9654 9636
f 9677 9642 9641
f 9678 9669 9670
f 9642 9670 9636
f 9670 9642 9678
f 9673 9669 9678
f 9676 9675 9679
f 9680 9677 9681
f 9681 9677 9641
f 9682 9683 9684
f 9685 9677 9680
f 9683 9686 9684
f 9666 9687 9671
f 9681 9641 9657
f 9671 9687 9688
f 9687 9666 9673
f 9689 9690 9683
f 9673 9691 9687
f 9685 9690 9689
f 9690 9686 9683
f 9690 9692 9686
f 9685 9693 9690
f 9694 9673 9678
f 9693 9695 9696
f 9642 9697 9678
f 9678 9697 9694
f 9693 9696 9692
f 9692 9690 9693
f 9642 9677 9697
f 9698 9680 9681
f 9699 9687 9691
f 9685 9680 9693
f 9694 9691 9673
f 9680 9700 9693
f 9694 9689 9691
f 9699 9691 9689
f 9698 9700 9680
f 9701 9679 9675
f 9699 9682 9679
f 9679 9701 9699
f 9682 9699 9683
f 9683 9699 9689
f 9657 9698 9681
f 9677 9685 9697
f 9694 9685 9689
f 9697 9685 9694
f 9702 9657 9665
f 9702 9665 9674
f 9702 9698 9657
f 9627 9659 9648
f 9628 9659 9627
f 9659 9628 9674
f 9703 143 175
f 9703 175 177
f 9674 9704 9705
f 9646 143 9703
f 9628 9624 9633
f 9628 9633 9706
f 9706 9704 9628
f 9703 9649 9646
f 9634 9707 9633
f 9633 9707 9706
f 9708 9649 9703
f 177 9708 9703
f 9704 9674 9628
f 9656 9649 9708
f 9631 55 163
f 9709 9708 177
f 43 177 32
f 163 9632 9631
f 9711 9632 163
f 9713 9709 43
f 43 9709 177
f 9711 163 166
f 9711 166 9714
f 9714 166 176
f 176 166 153
f 9656 9708 9716
f 9716 9708 9709
f 9655 9656 9638
f 9638 9656 9716
f 9635 9637 9639
f 9639 9637 9715
f 9715 9710 9717
f 9712 9717 9710
f 9634 9632 9718
f 9718 9632 9711
f 9718 9711 9714
f 9718 9714 9719
f 9634 9718 9720
f 9720 9707 9634
f 9715 9717 9639
f 9639 9717 9648
f 9648 9717 9625
f 9713 43 9722
f 9722 43 44
f 9712 9721 9625
f 9721 45 9626
f 9626 9625 9721
f 45 49 9723
f 9723 49 54
f 9723 9626 45
f 9629 9626 9723
f 9695 9693 9700
f 9723 54 9631
f 54 55 9631
f 9631 9629 9723
f 9630 9629 9631
f 9717 9712 9625
f 9648 9625 9627
f 9724 187 9725
f 9725 187 188
f 9725 188 189
f 9725 9727 9726
f 9727 9725 189
f 189 9728 9727
f 9727 9732 9729
f 9732 9727 9728
f 9730 9729 9732
f 9733 189 195
f 9733 195 9644
f 195 142 9644
f 9728 189 9734
f 9734 189 9733
f 9734 9733 9647
f 9733 9644 9647
f 9652 9734 9647
f 9732 9728 9735
f 9730 9732 9736
f 9736 9732 9735
f 9735 9728 9734
f 9736 9735 9739
f 9739 9735 9734
f 9739 9734 9652
f 9741 9731 9737
f 9737 9672 9741
f 9740 9741 9742
f 9741 9672 9742
f 9672 9671 9742
f 9743 9742 9663
f 9671 9688 9742
f 9688 9663 9742
f 9662 9663 9744
f 9663 9688 9744
f 9688 9675 9744
f 9675 9664 9744
f 9664 9662 9744
f 9672 9737 9667
f 9737 9738 9667
f 9667 9738 9668
f 9738 9653 9668
f 9675 9688 9701
f 9688 9687 9701
f 9687 9699 9701
f 9745 9746 9747
f 9748 9749 9750
f 9751 9752 9753
f 9754 4219 4210
f 9754 4210 9755
f 9753 9752 9756
f 9756 9752 9757
f 9758 9759 4219
f 9760 9757 9752
f 4220 4219 9759
f 4219 9754 9758
f 9761 9762 9763
f 9760 9764 9757
f 9765 9754 9755
f 9766 9754 9765
f 9752 9767 9760
f 9767 9752 9751
f 9766 9758 9754
f 9764 9760 9768
f 9769 9758 9766
f 9769 9766 9770
f 9767 9768 9760
f 9771 9767 9751
f 9762 9748 9763
f 4220 9759 4248
f 4248 9759 9772
f 9767 9773 9768
f 9767 9771 9773
f 9769 9772 9759
f 9759 9758 9769
f 9768 9773 9774
f 9775 4249 4248
f 9745 9751 9753
f 4248 9772 9775
f 9745 9776 9751
f 9770 9777 9769
f 9778 9751 9776
f 9779 9777 9770
f 9747 9776 9745
f 9779 9780 9777
f 9781 9778 9776
f 9772 9769 9777
f 9782 9748 9750
f 9780 9775 9777
f 9777 9775 9772
f 9778 9771 9751
f 9782 9750 9783
f 9784 9785 9765
f 9785 9766 9765
f 9786 9778 9781
f 9765 9787 9784
f 9786 9788 9778
f 9782 9763 9748
f 9786 9789 9788
f 9785 9770 9766
f 9771 9778 9788
f 9785 9784 9790
f 9789 9791 9788
f 9787 9792 9784
f 9783 9793 9782
f 9794 9784 9792
f 9773 9771 9788
f 9795 9796 9793
f 9793 9783 9795
f 9788 9797 9773
f 9794 9790 9784
f 9798 9763 9799
f 9799 9763 9782
f 9798 9799 9800
f 9770 9785 9801
f 9790 9802 9785
f 9802 9801 9785
f 9799 9782 9793
f 9803 9804 9801
f 9800 9799 9805
f 9805 9799 9793
f 9806 9802 9790
f 9790 9794 9806
f 9793 9796 9805
f 9807 9803 9806
f 9806 9803 9802
f 9796 9808 9805
f 9801 9802 9803
f 9809 9810 9811
f 9809 9811 9812
f 9770 9801 9779
f 9761 9813 9809
f 9810 9809 9813
f 9761 9814 9813
f 9817 9818 9819
f 9820 9810 9821
f 9822 9823 9824
f 9824 9823 9817
f 9821 9810 9813
f 9821 9813 9825
f 9825 9813 9814
f 9826 9824 9819
f 9819 9824 9817
f 9827 9824 9826
f 9826 9828 9827
f 9823 9829 9817
f 9823 9830 9829
f 9822 9830 9823
f 9829 9830 9831
f 9831 9830 9832
f 9833 9820 9821
f 9834 9833 9821
f 9834 9821 9835
f 9825 9835 9821
f 9836 9837 9838
f 9837 9839 9840
f 9841 9842 9843
f 9761 9763 9814
f 9844 9842 9845
f 9846 9842 9844
f 9846 9843 9842
f 9847 9848 9846
f 9849 9841 9843
f 9843 9846 9848
f 9814 9850 9825
f 9840 9839 9846
f 9814 9763 9850
f 9839 9847 9846
f 9850 9763 9798
f 9831 9832 9836
f 9836 9838 9831
f 9851 9836 9832
f 9851 9852 9836
f 9837 9836 9852
f 9837 9852 9839
f 4249 9775 9853
f 9834 9835 9854
f 4310 9853 9855
f 9828 9856 9827
f 9857 9834 9854
f 9858 9780 9779
f 9858 9859 9780
f 9822 9827 9856
f 9858 9860 9859
f 9780 9853 9775
f 9822 9856 9861
f 9822 9861 9862
f 9859 9855 9853
f 9853 9780 9859
f 9863 9862 9861
f 9835 9825 9850
f 9835 9850 9864
f 9859 9865 9855
f 9865 9859 9860
f 9866 9830 9822
f 9867 9832 9866
f 9866 9832 9830
f 9798 9864 9850
f 9865 9868 9855
f 9865 9869 9868
f 9862 9866 9822
f 9870 9864 9798
f 9871 9862 9863
f 9871 9863 9872
f 9867 9866 9873
f 9873 9866 9862
f 9873 9874 9867
f 9871 9873 9862
f 9854 9835 9864
f 9871 9872 9873
f 9875 9874 9873
f 9875 9873 9872
f 9865 9860 9876
f 9877 9869 9865
f 9878 9872 9863
f 9865 9876 9877
f 9878 9879 9872
f 9875 9872 9879
f 9804 9803 9880
f 9858 9804 9881
f 9880 9881 9804
f 9803 9807 9880
f 9882 9883 9884
f 9882 9885 9886
f 9885 9887 9886
f 9883 9882 9886
f 9887 9888 9886
f 9870 9798 9800
f 9889 9883 9886
f 9889 9886 9888
f 9890 9878 9884
f 9890 9884 9891
f 9891 9884 9883
f 9879 9878 9890
f 9880 9892 9893
f 9894 9879 9890
f 9895 9800 9805
f 9895 9805 9808
f 9896 9897 9891
f 9896 9898 9897
f 9899 9893 9900
f 9893 9881 9880
f 9891 9883 9889
f 9889 9896 9891
f 9881 9893 9899
f 9896 9889 9888
f 9779 9801 9804
f 9804 9858 9779
f 9881 9860 9858
f 9860 9881 9876
f 9901 9902 9848
f 9847 9901 9848
f 9903 9904 9901
f 9905 9903 9901
f 9876 9906 9877
f 9876 9881 9899
f 9899 9906 9876
f 9905 9901 9847
f 9839 9907 9847
f 9908 9905 9907
f 9847 9907 9905
f 9909 9903 9905
f 9908 9909 9905
f 9910 9747 9904
f 9910 9904 9903
f 9903 9909 9911
f 9912 9911 9909
f 9913 9910 9911
f 9911 9910 9903
f 9914 9915 9877
f 9911 9912 9913
f 9913 9912 9916
f 9851 9832 9867
f 9851 9867 9874
f 9917 9851 9918
f 9918 9851 9874
f 9875 9918 9874
f 9914 9919 9915
f 9918 9875 9920
f 9917 9852 9851
f 9839 9852 9907
f 9907 9852 9917
f 9917 9908 9907
f 9919 9914 9921
f 9918 9908 9917
f 9918 9920 9908
f 9909 9908 9920
f 9922 9923 9919
f 9919 9921 9922
f 9924 9906 9899
f 9879 9925 9875
f 9920 9875 9925
f 9879 9894 9925
f 9894 9916 9925
f 9925 9912 9920
f 9909 9920 9912
f 9912 9925 9916
f 9899 9900 9926
f 9927 1398 1397
f 9926 9928 9929
f 9927 3516 1398
f 9924 9899 9926
f 9929 9924 9926
f 9930 9931 9927
f 9913 9916 9932
f 9929 9933 9924
f 9933 9929 9934
f 9935 9776 9747
f 9910 9935 9747
f 9935 9910 9936
f 9937 9927 9931
f 9937 9938 9927
f 9935 9936 9939
f 9939 9781 9935
f 9938 3520 3516
f 9929 9928 9940
f 3516 9927 9938
f 9941 9939 9936
f 9938 9942 3520
f 9932 9936 9913
f 9936 9932 9941
f 9936 9910 9913
f 9940 9934 9929
f 9943 9939 9944
f 9906 9914 9877
f 9944 9945 9943
f 9906 9924 9914
f 9939 9941 9944
f 9946 9944 9941
f 9946 9947 9944
f 9948 9894 9890
f 9948 9916 9894
f 9948 9890 9891
f 9948 9932 9916
f 9932 9948 9949
f 9914 9924 9933
f 9921 9933 9950
f 9891 9897 9948
f 9921 9950 9922
f 9922 9950 9951
f 9952 9937 9953
f 9953 9937 9931
f 9934 9950 9933
f 9949 9948 9897
f 9933 9921 9914
f 9954 9897 9898
f 9931 9955 9956
f 9956 9953 9931
f 9941 9932 9949
f 9897 9954 9949
f 9957 9953 9956
f 9954 9946 9949
f 9954 9958 9946
f 9953 9957 9952
f 4249 9853 4310
f 9949 9946 9941
f 9937 9942 9938
f 9856 9828 9959
f 9959 9828 9960
f 4312 4310 9868
f 4312 9868 4318
f 9961 9959 9960
f 9962 9942 9937
f 4310 9855 9868
f 9856 9959 9861
f 9869 4318 9868
f 9861 9959 9963
f 9963 9959 9961
f 9863 9861 9963
f 9952 9962 9937
f 9963 9961 9964
f 9960 9965 9961
f 9965 9964 9961
f 9966 9962 9952
f 9964 9967 9968
f 9964 9965 9967
f 9878 9963 9964
f 9863 9963 9878
f 9878 9964 9968
f 9967 9969 9968
f 9882 9968 9970
f 9869 4334 4318
f 9968 9884 9878
f 9942 3535 3520
f 9884 9968 9882
f 9915 4334 9869
f 9885 9882 9970
f 9915 4336 4334
f 9869 9877 9915
f 9971 3535 9942
f 9942 9972 9971
f 4336 9915 9919
f 9919 9973 4336
f 9974 3538 3535
f 9974 3543 3538
f 4338 4336 9973
f 9973 3636 4338
f 9776 9935 9781
f 9975 3542 3543
f 9781 9939 9943
f 9781 9943 9786
f 9786 9943 9945
f 9976 3543 9974
f 9945 9789 9786
f 9974 3535 9971
f 9919 9923 9973
f 9977 9976 9974
f 3543 9976 9975
f 9978 9975 9976
f 9962 9972 9942
f 9979 9972 9962
f 9979 9980 9972
f 9962 9966 9979
f 9981 9980 9979
f 9981 9982 9980
f 9983 9981 9984
f 9983 9982 9981
f 9983 9985 9982
f 9980 9971 9972
f 9980 9986 9971
f 9986 9974 9971
f 9986 9977 9974
f 9986 9980 9982
f 9986 9982 9977
f 9977 9978 9976
f 9977 9982 9987
f 9987 9978 9977
f 9985 9987 9982
f 9774 9956 9768
f 9988 9956 9774
f 9989 9988 9774
f 9989 9990 9988
f 7034 3118 7018
f 9797 9989 9774
f 9797 9774 9773
f 3118 7034 9991
f 9991 7034 9992
f 9990 9989 9993
f 9994 9989 9797
f 9993 9989 9994
f 7034 9995 9992
f 9993 9996 9990
f 9997 9996 9993
f 9998 9999 9996
f 9997 9998 9996
f 7034 7032 10000
f 10001 10002 10003
f 9995 7034 10000
f 9791 9789 10003
f 10000 7032 7038
f 10003 10002 9791
f 10002 10001 10004
f 10004 10001 10005
f 9797 9788 9791
f 9791 9994 9797
f 10006 9993 9994
f 10006 9994 9791
f 10007 9992 9995
f 10002 10006 9791
f 10006 9997 9993
f 10008 10000 7038
f 10006 10009 9997
f 10004 10010 10009
f 9997 10009 10010
f 9998 9997 10010
f 10008 10011 9995
f 10008 9995 10000
f 10002 10009 10006
f 10012 10011 10008
f 10009 10002 10004
f 10007 9995 10013
f 9995 10011 10013
f 10011 10014 10013
f 9998 10015 9999
f 10015 9998 10016
f 9783 9750 9992
f 10015 10016 10017
f 9783 9992 10007
f 9795 9783 10018
f 10018 9783 10007
f 10018 10007 10013
f 10017 10019 10020
f 10004 10005 10021
f 10022 10021 10023
f 10021 10005 10023
f 10024 10018 10025
f 10025 10018 10013
f 9796 9795 10018
f 10018 10024 9796
f 10023 10026 10027
f 10028 10027 10029
f 10030 9796 10024
f 10030 10024 10031
f 10013 10014 10025
f 10016 10010 10022
f 10016 9998 10010
f 10016 10022 10017
f 10021 10010 10004
f 10010 10021 10022
f 10025 10014 10032
f 10022 10023 10027
f 10017 10022 10028
f 10025 10031 10024
f 10022 10027 10028
f 10025 10032 10031
f 10033 9700 9698
f 10028 10019 10017
f 10034 10031 10032
f 10008 7038 7074
f 9702 10033 9698
f 7074 10012 10008
f 9702 10035 10033
f 10012 7074 7075
f 10036 9702 10037
f 9988 9957 9956
f 10035 9702 10036
f 9957 9988 9990
f 10012 7075 10038
f 10038 7075 7093
f 10035 10036 10039
f 10040 10012 10038
f 9996 9966 9990
f 9952 9957 9990
f 10040 10011 10012
f 9952 9990 9966
f 9999 9966 9996
f 9704 9706 10041
f 7093 10042 10038
f 10041 9705 9704
f 7098 10042 7093
f 10041 9706 10043
f 10043 9706 9707
f 10044 10041 10043
f 10044 10043 10045
f 9999 9979 9966
f 10014 10011 10040
f 9674 10037 9702
f 10040 10046 10014
f 10037 9674 9705
f 9999 10047 9979
f 10048 10040 10038
f 10049 9984 10047
f 10046 10040 10048
f 9981 9979 10047
f 9981 10047 9984
f 10015 10047 9999
f 10050 10036 10037
f 10015 10017 10049
f 10015 10049 10047
f 10048 10038 10042
f 10041 10037 9705
f 10041 10044 10037
f 10037 10044 10050
f 9984 10049 10051
f 10051 9983 9984
f 9983 10051 10052
f 10042 10053 10054
f 10039 10036 10050
f 10042 10054 10048
f 10017 10051 10049
f 10051 10017 10020
f 10055 10048 10054
f 10044 10045 10056
f 10020 10052 10051
f 10044 10057 10050
f 10057 10044 10058
f 10046 10032 10014
f 10056 10058 10044
f 10059 10032 10046
f 10048 10055 10046
f 9714 176 10060
f 10061 9714 10060
f 9796 10030 9808
f 10062 9808 10030
f 10063 3822 3542
f 3542 9975 10063
f 9720 9718 9719
f 10064 10063 9975
f 9975 9978 10064
f 10064 10065 10063
f 10061 9719 9714
f 10066 9719 10061
f 10067 3832 10063
f 10068 9720 9719
f 9719 10066 10068
f 10068 10066 10069
f 10069 10066 10070
f 176 2655 10060
f 10060 2655 2661
f 10071 10064 9978
f 9978 9987 10071
f 7230 10053 10042
f 7230 10042 7098
f 10060 2661 10072
f 10073 10060 10072
f 10074 10065 10064
f 10053 7230 7232
f 9985 10071 9987
f 10075 10053 7232
f 10064 10071 10076
f 10071 9985 10076
f 10076 10074 10064
f 2661 2663 10077
f 10078 10079 10076
f 10077 10072 2661
f 10074 10076 10079
f 10072 10077 10080
f 10063 10065 10067
f 10067 10065 10081
f 10065 10074 10081
f 10082 10083 10067
f 10067 10081 10082
f 10084 10082 10081
f 10031 10034 10085
f 10061 10060 10073
f 10086 10084 10079
f 10066 10061 10073
f 10059 10034 10032
f 10066 10073 10070
f 10079 10078 10086
f 10072 10070 10073
f 10084 10086 10087
f 10081 10074 10079
f 10081 10079 10084
f 10055 10088 10089
f 10088 10055 10054
f 10054 10090 10091
f 10091 10088 10054
f 10092 10069 10070
f 10092 10070 10093
f 10088 10091 10094
f 10094 10091 10095
f 10072 10080 10070
f 10094 10095 10096
f 10084 10097 10082
f 10080 10077 10098
f 10099 10082 10097
f 10100 10080 10098
f 10070 10080 10093
f 10099 10097 10101
f 10093 10080 10100
f 10087 10097 10084
f 10102 10093 10100
f 10059 10046 10055
f 10087 10103 10097
f 10055 10089 10104
f 10102 10100 10105
f 10103 10101 10097
f 10104 10059 10055
f 10106 9707 9720
f 10106 9720 10068
f 10059 10104 10107
f 10043 9707 10106
f 10106 10045 10043
f 10107 10104 10108
f 10045 10106 10109
f 10068 10109 10106
f 10110 10101 10103
f 10111 10112 10101
f 10111 10101 10110
f 10094 10089 10088
f 10089 10094 10113
f 10114 10115 10019
f 10019 10115 10020
f 10116 10117 10115
f 10115 10114 10116
f 10104 10089 10118
f 10113 10118 10089
f 10069 10119 10068
f 10120 10119 10069
f 10119 10109 10068
f 10108 10104 10118
f 10121 10109 10119
f 10119 10120 10122
f 10096 10113 10094
f 10123 10113 10096
f 10124 10123 10096
f 10125 10126 10127
f 10028 10029 10128
f 10128 10029 10127
f 10128 10127 10126
f 10129 10123 10124
f 10109 10056 10045
f 10123 10129 10130
f 10118 10113 10131
f 10056 10109 10121
f 10131 10132 10118
f 10123 10131 10113
f 10126 10125 10133
f 10133 10134 10126
f 10131 10123 10130
f 10128 10114 10019
f 10019 10028 10128
f 10114 10128 10135
f 10069 10092 10120
f 10136 10120 10092
f 10135 10128 10137
f 10130 10129 10138
f 10139 10138 10140
f 10092 10093 10102
f 10116 10114 10135
f 10130 10139 10131
f 10138 10139 10130
f 10121 10141 10056
f 10134 10142 10137
f 10142 10134 10143
f 10056 10141 10058
f 10141 10144 10058
f 10116 10135 10145
f 10137 10145 10135
f 10145 10137 10142
f 10146 10058 10144
f 10145 10142 10147
f 10144 10148 10146
f 10144 10141 10149
f 10143 10150 10142
f 10148 10144 10149
f 10147 10142 10150
f 10151 10152 10153
f 10137 10128 10126
f 10140 10151 10139
f 10137 10126 10134
f 10154 10141 10121
f 10121 10119 10122
f 10151 10153 10139
f 10133 10143 10134
f 10154 10121 10155
f 10155 10121 10122
f 10152 10151 10156
f 10157 10156 10151
f 10140 10157 10151
f 10154 10149 10141
f 10030 10158 10062
f 10085 10030 10031
f 10158 10030 10085
f 10155 10160 10154
f 10161 10133 10162
f 10163 10158 10085
f 10161 10164 10133
f 10165 10148 10149
f 10149 10160 10165
f 10154 10160 10149
f 10166 10158 10167
f 10168 10165 10160
f 10167 10158 10163
f 10122 10120 10136
f 10164 10161 10169
f 10170 10122 10136
f 10155 10122 10170
f 10171 10085 10034
f 10059 10107 10034
f 10085 10171 10163
f 10092 10102 10136
f 10102 10172 10136
f 10173 10164 10169
f 10171 10034 10107
f 10102 10105 10174
f 10174 10172 10102
f 10173 10169 10175
f 10170 10136 10172
f 10164 10176 10177
f 10172 10178 10170
f 10177 10179 10150
f 10107 10180 10171
f 10174 10181 10172
f 10150 10143 10177
f 10176 10179 10177
f 10182 10183 9661
f 10184 10166 10167
f 10167 10185 10184
f 10167 10186 10185
f 10182 9661 9660
f 10172 10181 10178
f 10133 10164 10143
f 10186 10167 10163
f 10163 10187 10186
f 10177 10143 10164
f 10182 9660 9676
f 10186 10188 10185
f 10182 9676 10189
f 10190 10182 10191
f 10191 10182 10189
f 10188 10186 10187
f 10182 10190 10183
f 10176 10164 10173
f 10178 10192 10170
f 10187 10171 10180
f 10173 10193 10176
f 10194 10190 10191
f 10187 10163 10171
f 10155 10170 10192
f 10160 10155 10192
f 10195 10176 10193
f 10196 10187 10197
f 10168 10192 10198
f 10178 10198 10192
f 10187 10180 10197
f 10168 10160 10192
f 10199 10183 10190
f 10200 10199 10190
f 10181 10201 10178
f 10200 10190 10194
f 10198 10178 10201
f 10202 10076 9985
f 10052 9985 9983
f 10201 10203 10198
f 10181 10204 10201
f 10201 10204 10203
f 10202 10078 10076
f 10052 10020 10117
f 10185 10205 10206
f 10185 10188 10205
f 10115 10117 10020
f 10209 10206 10205
f 10187 10196 10188
f 10208 10199 10200
f 10205 10188 10211
f 10212 10208 10200
f 10117 10116 10213
f 10211 10188 10196
f 10212 10200 10214
f 9985 10052 10202
f 10202 10052 10117
f 10207 10208 10212
f 10202 10117 10213
f 10212 10215 10207
f 10213 10078 10202
f 10216 10212 10214
f 10215 10212 10216
f 10198 10203 10217
f 10198 10217 10168
f 10215 10216 10218
f 10217 10219 10168
f 10189 9676 9679
f 10189 9679 9682
f 9682 10220 10189
f 10220 10221 10189
f 9684 10220 9682
f 9684 9686 10222
f 9684 10222 10220
f 10220 10223 10221
f 10078 10224 10086
f 10225 10223 10222
f 10222 10223 10220
f 10203 10204 10226
f 10227 10213 10116
f 10228 10213 10227
f 10228 10227 10229
f 10191 10189 10221
f 10203 10230 10217
f 10191 10221 10223
f 10223 10231 10191
f 10078 10213 10228
f 10231 10223 10225
f 10078 10228 10224
f 10224 10228 10229
f 9686 10232 10222
f 10232 9686 9692
f 10225 10222 10232
f 10180 10107 10108
f 10233 10219 10217
f 9696 9695 10234
f 10232 10235 10225
f 9692 10235 10232
f 10235 9692 9696
f 10235 10236 10225
f 10217 10230 10233
f 10225 10236 10231
f 10237 10235 9696
f 10237 9696 10234
f 10236 10235 10237
f 10238 10108 10132
f 10239 10233 10230
f 10238 10132 10240
f 10241 10233 10239
f 10242 10194 10191
f 10242 10191 10231
f 10108 10238 10180
f 10241 10239 10243
f 10132 10108 10118
f 10244 10243 10239
f 10116 10145 10227
f 10227 10145 10147
f 10147 10229 10227
f 10131 10240 10132
f 10200 10194 10245
f 10245 10194 10242
f 10246 10243 10244
f 10214 10200 10245
f 10245 10247 10214
f 10242 10248 10245
f 10242 10231 10248
f 10246 10244 10249
f 10231 10250 10248
f 10248 10251 10247
f 10247 10245 10248
f 10248 10250 10251
f 10214 10252 10216
f 9700 10253 9695
f 10252 10214 10247
f 10252 10218 10216
f 10254 10251 10250
f 10253 9700 10033
f 10247 10255 10252
f 10234 9695 10253
f 10234 10253 10256
f 10255 10247 10251
f 10251 10257 10255
f 10033 10258 10253
f 10257 10251 10254
f 10224 10087 10086
f 10256 10253 10258
f 10087 10224 10259
f 10250 10231 10236
f 10250 10236 10260
f 10237 10261 10236
f 10234 10256 10237
f 10260 10236 10261
f 10237 10256 10261
f 10262 10263 10229
f 10254 10250 10260
f 10254 10260 10264
f 10196 10197 10265
f 10258 10033 10035
f 10260 10261 10266
f 10267 10263 10262
f 10268 10269 10267
f 10264 10260 10270
f 10263 10224 10229
f 10266 10270 10260
f 10263 10259 10224
f 10254 10264 10257
f 10256 10258 10271
f 10267 10259 10263
f 10261 10256 10272
f 10259 10267 10269
f 10259 10273 10103
f 10272 10256 10271
f 10274 10275 10273
f 10276 10277 10265
f 10275 10274 10278
f 10279 10272 10271
f 10280 10281 10279
f 10280 10279 10271
f 10276 10282 10277
f 10283 10279 10281
f 10035 10039 10258
f 10271 10258 10280
f 10269 10268 10195
f 10195 10274 10269
f 10205 10284 10209
f 10280 10258 10039
f 10285 10286 10210
f 10274 10195 10287
f 10287 10288 10274
f 10284 10205 10211
f 10210 10286 10159
f 10269 10274 10273
f 10259 10269 10273
f 10285 10207 10215
f 10285 10215 10290
f 10290 10215 10218
f 10218 10291 10290
f 10292 10285 10290
f 10292 10290 10291
f 10285 10210 10207
f 10284 10293 10209
f 10293 10284 10294
f 10286 10285 10295
f 10295 10285 10292
f 10284 10211 10294
f 10294 10211 10296
f 10296 10211 10196
f 10297 10294 10296
f 10291 10298 10292
f 10299 10295 10292
f 10259 10103 10087
f 10299 10292 10298
f 10272 10266 10261
f 10279 10266 10272
f 10300 10289 10286
f 10279 10283 10301
f 10279 10301 10266
f 10289 10300 10302
f 10300 10303 10302
f 10275 10110 10103
f 10300 10286 10304
f 10299 10305 10304
f 10299 10304 10295
f 10295 10304 10286
f 10303 10300 10304
f 10303 10304 10306
f 10306 10304 10305
f 10103 10273 10275
f 10305 10299 10307
f 10307 10299 10298
f 10308 10110 10275
f 10265 10296 10196
f 10307 10309 10305
f 10306 10305 10309
f 10308 10275 10278
f 10294 10297 10310
f 10311 10039 10050
f 10293 10294 10312
f 10311 10280 10039
f 10313 10280 10311
f 10310 10312 10294
f 10111 10110 10308
f 10057 10311 10050
f 10229 10147 10150
f 10150 10262 10229
f 10314 10291 10218
f 10218 10252 10314
f 10262 10150 10179
f 10314 10252 10255
f 10255 10315 10314
f 10262 10179 10267
f 10316 10291 10314
f 10267 10179 10268
f 10316 10314 10315
f 10315 10317 10316
f 10315 10255 10257
f 10315 10257 10318
f 10315 10318 10317
f 10307 10298 10316
f 10316 10298 10291
f 10281 10280 10313
f 10316 10317 10307
f 10268 10179 10176
f 10277 10297 10296
f 10281 10313 10319
f 10317 10320 10307
f 10277 10296 10265
f 10268 10176 10195
f 10318 10321 10317
f 10320 10317 10321
f 10281 10319 10322
f 10195 10193 10287
f 10264 10270 10323
f 10323 10270 10324
f 10310 10297 10277
f 10323 10257 10264
f 10318 10257 10323
f 10301 10270 10266
f 10323 10321 10318
f 10325 10270 10301
f 10325 10301 10283
f 10238 10240 10326
f 10324 10270 10325
f 10324 10325 10327
f 10309 10307 10320
f 10325 10283 10322
f 10326 10240 10153
f 10320 10321 10328
f 10180 10238 10197
f 10281 10322 10283
f 10238 10326 10197
f 10329 9887 9885
f 10265 10197 10326
f 10330 10321 10323
f 10328 10321 10330
f 9887 10329 10331
f 10330 10323 10324
f 10332 10330 10333
f 10333 10330 10324
f 10327 10325 10334
f 10265 10326 10276
f 10335 10328 10332
f 10332 10328 10330
f 9887 10336 9888
f 10337 10327 10334
f 10338 10339 10331
f 10327 10333 10324
f 9887 10339 10336
f 10240 10131 10139
f 9887 10331 10339
f 10337 10340 10327
f 10327 10340 10333
f 10325 10322 10334
f 10139 10153 10240
f 10334 10322 10341
f 10334 10341 10342
f 10331 10343 10338
f 10338 10343 10344
f 10337 10334 10342
f 10342 10341 10345
f 10152 10346 10153
f 10153 10346 10326
f 10339 10338 10347
f 10347 10338 10344
f 10313 10311 10348
f 10348 10311 10349
f 10302 10350 10289
f 10319 10313 10348
f 10352 10350 10302
f 10319 10348 10353
f 10352 10302 10303
f 10276 10326 10346
f 10349 10311 10057
f 9896 9888 10336
f 10336 9898 9896
f 10354 10276 10346
f 10303 10306 10355
f 10058 10146 10349
f 10058 10349 10057
f 10339 10356 10336
f 10355 10306 10357
f 10357 10306 10309
f 10349 10358 10348
f 9898 10336 10356
f 10146 10358 10349
f 10353 10348 10358
f 10356 10347 10359
f 10341 10322 10319
f 10341 10319 10353
f 10360 10341 10353
f 10309 10320 10361
f 10309 10361 10357
f 10328 10361 10320
f 10335 10361 10328
f 10359 10347 10362
f 10341 10360 10345
f 10347 10356 10339
f 10146 10363 10358
f 10360 10353 10358
f 10363 10360 10358
f 10054 10053 10090
f 10364 10345 10360
f 10075 7232 7246
f 10363 10364 10360
f 10075 10090 10053
f 10363 10365 10364
f 10366 10075 7246
f 10367 10368 10369
f 10091 10090 10095
f 10095 10090 10075
f 10095 10075 10370
f 10095 10370 10096
f 10371 10372 10344
f 10347 10344 10372
f 10363 10146 10148
f 10370 10075 10366
f 10363 10148 10373
f 10165 10373 10148
f 10371 10374 10375
f 7246 10376 10366
f 10377 10378 10379
f 10377 10380 10378
f 10379 10378 10381
f 7247 10376 7246
f 10378 10382 10381
f 10379 10381 10383
f 10383 10384 10385
f 10383 10381 10386
f 10383 10386 10384
f 10386 10381 10387
f 10387 10381 10388
f 10388 10381 10382
f 10371 10375 10372
f 10375 10374 10389
f 10389 10369 10375
f 10332 10340 10391
f 10391 10340 10392
f 10392 10340 10337
f 10362 10347 10372
f 10393 10391 10392
f 10386 10394 10384
f 10390 10385 10395
f 10395 10385 10384
f 10337 10396 10397
f 10337 10397 10392
f 10395 10384 10394
f 10398 10370 10366
f 10394 10386 10387
f 10388 10399 10387
f 10124 10370 10400
f 10399 10394 10387
f 9816 10390 10395
f 9826 10395 10394
f 9818 9816 9819
f 9819 9816 10395
f 10400 10370 10398
f 9819 10395 9826
f 10400 10398 10401
f 9826 10394 9828
f 9828 10394 10399
f 10372 10402 10362
f 10396 10337 10342
f 10366 10376 10403
f 10342 10345 10404
f 10396 10342 10404
f 10405 10396 10404
f 10376 10406 10403
f 10405 10397 10396
f 10372 10375 10402
f 10375 10369 10402
f 10392 10397 10393
f 10403 10406 10407
f 10408 10393 10397
f 10398 10366 10403
f 10409 10393 10410
f 10369 10368 10402
f 10411 10409 10410
f 10410 10408 10412
f 10408 10410 10393
f 10408 10397 10405
f 10412 10408 10405
f 10412 10405 10413
f 10414 10415 9958
f 10416 10415 10414
f 10124 10096 10370
f 10124 10400 10129
f 10345 10364 10417
f 9945 9944 9947
f 10418 10417 10364
f 10419 10420 9947
f 10418 10364 10365
f 7247 7524 10376
f 9947 9946 9958
f 9947 9958 10415
f 10406 10376 7524
f 10421 10417 10418
f 10406 7524 7537
f 10415 10419 9947
f 10407 10406 10422
f 10420 10419 10423
f 10423 10424 10420
f 10422 10406 7537
f 10417 10404 10345
f 10424 10423 10425
f 10419 10415 10416
f 10416 10423 10419
f 10405 10404 10426
f 10426 10404 10417
f 10416 10427 10423
f 10427 10425 10423
f 10413 10405 10426
f 10416 10428 10427
f 10400 10401 10431
f 10432 10426 10417
f 10421 10432 10417
f 10433 10414 9954
f 10356 10433 9898
f 9954 9898 10433
f 9954 10414 9958
f 10410 10412 10434
f 10434 10411 10410
f 10403 10401 10398
f 10435 10411 10434
f 10407 10401 10403
f 10433 10416 10414
f 10428 10416 10433
f 10433 10356 10359
f 10428 10433 10359
f 10430 10438 10436
f 10434 10412 10413
f 10437 10436 10438
f 10439 10401 10407
f 10438 10380 10437
f 10441 10442 10407
f 10434 10413 10443
f 10377 10437 10380
f 10442 10439 10407
f 10444 10329 10435
f 10444 10331 10329
f 10434 10444 10435
f 10343 10444 10445
f 10445 10444 10434
f 10443 10445 10434
f 10344 10343 10445
f 10343 10331 10444
f 10344 10445 10446
f 10447 10442 10441
f 10431 10129 10400
f 10448 10427 10428
f 10448 10449 10427
f 10432 10421 10450
f 10138 10129 10431
f 10432 10450 10451
f 10402 10452 10448
f 10449 10448 10452
f 10453 10138 10431
f 10454 10138 10453
f 10454 10140 10138
f 10432 10413 10426
f 10401 10453 10431
f 10439 10453 10401
f 10443 10413 10455
f 10432 10455 10413
f 10451 10455 10432
f 10452 10402 10368
f 10368 10456 10452
f 10457 10452 10456
f 10458 10459 10454
f 10454 10459 10140
f 10460 10425 10461
f 10443 10455 10446
f 10458 10454 10453
f 10458 10453 10439
f 10446 10455 10451
f 10439 10442 10458
f 10157 10140 10459
f 10344 10446 10371
f 10371 10446 10451
f 10462 10157 10459
f 10446 10445 10443
f 10463 10462 10459
f 10459 10458 10463
f 10449 10461 10427
f 10463 10458 10442
f 10427 10461 10425
f 10374 10451 10450
f 10451 10374 10371
f 10463 10442 10447
f 10440 10437 10377
f 10440 10377 10379
f 10457 10449 10452
f 10457 10464 10449
f 10457 10456 10465
f 7547 10422 7537
f 10464 10461 10449
f 10466 10464 10457
f 10466 10457 10465
f 10359 10362 10448
f 10359 10448 10428
f 10448 10362 10402
f 10365 10363 10373
f 10365 10373 10467
f 10373 10165 10468
f 10467 10373 10469
f 10418 10365 10467
f 10470 10471 10380
f 10165 10168 10468
f 10469 10373 10468
f 10472 10469 10468
f 10219 10468 10168
f 10472 10468 10219
f 10473 10335 10332
f 10332 10333 10340
f 10441 10422 10474
f 10473 10332 10391
f 10421 10467 10475
f 10421 10418 10467
f 10476 10473 10391
f 10393 10476 10391
f 10469 10475 10467
f 10422 10441 10407
f 10477 10421 10475
f 10409 10476 10393
f 10478 10472 10219
f 10378 10380 10479
f 10479 10380 10471
f 10447 10441 10480
f 10481 10482 10479
f 10481 10479 10471
f 10382 10378 10479
f 10474 10480 10441
f 10382 10479 10482
f 10483 10482 10481
f 10482 10484 10382
f 10474 10422 7547
f 10485 10472 10478
f 10388 10382 10484
f 10472 10475 10469
f 10484 10482 10486
f 10486 10482 10483
f 10487 10488 10389
f 10489 10484 10486
f 10485 10475 10472
f 7547 7636 10490
f 10490 10474 7547
f 10389 10488 10491
f 10492 10399 10388
f 10492 10388 10489
f 10489 10388 10484
f 10488 10493 10491
f 10494 10474 10490
f 10478 10219 10233
f 10495 10488 10487
f 10241 10478 10233
f 10488 10495 10496
f 10494 10480 10474
f 10496 10495 10497
f 10329 9885 10435
f 10352 10498 10351
f 10493 10488 10496
f 10429 10351 10498
f 10498 10499 10429
f 10352 10303 10500
f 10450 10421 10477
f 10500 10498 10352
f 10501 10430 10429
f 10501 10429 10499
f 10499 10498 10502
f 10502 10498 10500
f 10501 10499 10503
f 10503 10499 10502
f 10369 10389 10491
f 10491 10367 10369
f 10500 10303 10355
f 10450 10477 10487
f 10355 10504 10500
f 10355 10357 10505
f 10506 10485 10478
f 10505 10507 10504
f 10505 10504 10355
f 10500 10504 10502
f 10503 10502 10504
f 10504 10508 10503
f 10367 10491 10493
f 10505 10509 10507
f 10508 10504 10510
f 10510 10504 10507
f 10510 10507 10509
f 10477 10475 10485
f 10511 10477 10485
f 10501 10470 10438
f 10438 10430 10501
f 10512 10470 10501
f 10511 10485 10506
f 10512 10501 10513
f 10513 10501 10503
f 10380 10438 10470
f 10471 10470 10512
f 10374 10450 10487
f 10493 10496 10514
f 10471 10512 10515
f 10516 10515 10513
f 10513 10515 10512
f 10481 10471 10515
f 10374 10487 10389
f 10516 10481 10515
f 10513 10517 10516
f 10513 10503 10517
f 10517 10503 10508
f 10487 10477 10511
f 10518 10152 10156
f 10510 10519 10508
f 10520 10493 10514
f 10521 10522 10518
f 10510 10523 10519
f 10517 10508 10519
f 10524 10518 10156
f 10517 10525 10516
f 10495 10487 10511
f 10462 10524 10157
f 10157 10524 10156
f 10526 10516 10525
f 10525 10527 10526
f 10524 10521 10518
f 10525 10517 10519
f 10519 10528 10525
f 10528 10519 10523
f 10527 10525 10528
f 10529 10522 10521
f 10521 10530 10529
f 10521 10524 10531
f 10524 10532 10531
f 10505 10357 10533
f 10533 10357 10361
f 10509 10505 10533
f 10506 10478 10241
f 10533 10361 10335
f 10534 10533 10335
f 10506 10241 10243
f 10509 10533 10534
f 10535 10509 10534
f 10473 10534 10335
f 10536 10537 10538
f 10476 10534 10473
f 10530 10521 10531
f 10539 10529 10530
f 10497 10537 10536
f 10523 10510 10509
f 10540 10531 10541
f 10541 10531 10532
f 10509 10535 10523
f 10542 10536 10543
f 10530 10531 10540
f 10544 10523 10535
f 10497 10495 10537
f 10545 10511 10506
f 10506 10243 10545
f 10530 10540 10539
f 10546 10528 10547
f 10547 10528 10523
f 10544 10535 10548
f 10537 10545 10538
f 10549 10497 10536
f 10544 10547 10523
f 10545 10495 10511
f 10535 10534 10476
f 10548 10535 10476
f 10538 10246 10249
f 10538 10249 10543
f 10537 10495 10545
f 10409 10548 10476
f 10545 10243 10246
f 10536 10538 10543
f 10411 10550 10409
f 10409 10550 10548
f 10543 10249 10551
f 10545 10246 10538
f 10552 10543 10551
f 10553 2663 2933
f 2663 10553 10077
f 10481 10516 10554
f 10555 10556 10557
f 10554 10483 10481
f 10483 10554 10558
f 10558 10486 10483
f 10486 10558 10489
f 10489 10558 10559
f 10554 10516 10526
f 10560 10561 10542
f 10554 10526 10562
f 10562 10526 10527
f 10563 10564 10565
f 10528 10546 10527
f 10566 10565 10564
f 10564 10567 10566
f 2933 2936 2943
f 10496 10497 10549
f 10565 10566 10555
f 10514 10496 10549
f 10553 2933 2943
f 10554 10562 10558
f 10568 10562 10527
f 10558 10562 10559
f 10556 10555 10566
f 10566 10569 10556
f 10568 10559 10562
f 10542 10549 10536
f 10098 10077 10553
f 10561 10514 10549
f 10098 10553 10570
f 10561 10571 10514
f 10527 10546 10572
f 10527 10572 10568
f 10570 10553 2943
f 10569 10566 10567
f 10572 10573 10568
f 10573 10572 10574
f 10549 10542 10561
f 10489 10559 10492
f 10559 9960 10492
f 10560 10542 10543
f 10543 10552 10560
f 9828 10399 10492
f 10575 2943 2944
f 9828 10492 9960
f 2944 2947 2963
f 10539 10576 10577
f 10578 10577 10576
f 10552 10579 10560
f 10570 2943 10575
f 10580 10559 10568
f 9960 10559 10581
f 10552 10551 10582
f 10583 10575 2944
f 10564 10563 10578
f 10581 10559 10580
f 10578 10584 10564
f 10579 10552 10582
f 10585 10570 10575
f 10585 10575 10586
f 10575 10583 10586
f 10587 10581 10580
f 10584 10578 10576
f 10574 10588 10587
f 10583 2944 2963
f 9965 9960 10581
f 9967 10581 10587
f 9967 10587 10588
f 9965 10581 9967
f 10539 10540 10589
f 10580 10568 10573
f 10580 10573 10587
f 10574 10587 10573
f 10589 10576 10539
f 10589 10540 10590
f 10590 10591 10589
f 10098 10592 10100
f 10589 10591 10593
f 10592 10098 10570
f 10592 10570 10585
f 10576 10589 10593
f 10367 10594 10368
f 10368 10594 10456
f 10594 10367 10493
f 10544 10548 10595
f 10544 10595 10596
f 10544 10596 10547
f 10594 10465 10456
f 10572 10547 10596
f 10597 10574 10572
f 10597 10572 10596
f 10465 10594 10598
f 10599 10597 10596
f 10599 10596 10595
f 10547 10572 10546
f 10595 10548 10550
f 10600 10567 10564
f 10600 10564 10584
f 10520 10594 10493
f 10599 10595 10550
f 10601 10599 10550
f 10411 10435 10550
f 10571 10520 10514
f 10600 10602 10567
f 10602 10600 10603
f 10574 10597 10604
f 10588 10574 10604
f 10583 10605 10586
f 10605 10583 2963
f 10606 10599 10601
f 10598 10594 10520
f 10606 10604 10597
f 10597 10599 10606
f 10585 10607 10592
f 10608 10609 10610
f 10604 9969 10588
f 9969 10604 10606
f 10105 10592 10607
f 9967 10588 9969
f 10598 10520 10611
f 10606 9970 9969
f 9969 9970 9968
f 10584 10576 10593
f 9970 10606 10601
f 10105 10100 10592
f 10600 10584 10593
f 10593 10612 10600
f 10465 10613 10614
f 10593 10608 10612
f 10612 10608 10610
f 10466 10465 10614
f 10601 10550 10435
f 10105 10607 10615
f 10603 10600 10612
f 10616 10105 10615
f 10601 9885 9970
f 10603 10612 10610
f 9885 10601 10435
f 10607 10585 10586
f 10586 10617 10607
f 10617 10586 10605
f 10607 10617 10615
f 10618 10619 10620
f 10617 10605 10621
f 10622 10617 10621
f 10623 10624 10619
f 10613 10465 10598
f 10622 10615 10617
f 10613 10598 10611
f 10282 10354 10625
f 10354 10282 10276
f 10614 10613 10125
f 10625 10626 10623
f 10615 10622 10627
f 10624 10623 10626
f 10354 10628 10626
f 10162 10613 10629
f 10625 10354 10626
f 10630 2963 2962
f 10631 10632 10633
f 10630 2962 2976
f 10630 2976 10634
f 10632 10631 10635
f 10631 10620 10619
f 10621 10605 2963
f 2963 10630 10621
f 10636 10630 10634
f 10630 10636 10621
f 10561 10560 10637
f 10635 10619 10624
f 10631 10619 10635
f 10634 2976 2977
f 10611 10571 10637
f 2978 10634 2977
f 10635 10638 10639
f 10637 10571 10561
f 2978 10640 10634
f 10641 10639 10638
f 10571 10611 10520
f 10636 10634 10642
f 10643 10639 10641
f 10637 10560 10579
f 10624 10638 10635
f 10638 10624 10626
f 10642 10634 10640
f 10640 2978 10644
f 10579 10582 10645
f 1185 9581 10646
f 10647 10642 10640
f 10645 10582 10648
f 10649 1185 10646
f 10641 10638 10626
f 1185 10649 1188
f 10637 10579 10645
f 10622 10621 10636
f 10618 10312 10310
f 10649 10650 10651
f 10651 10652 10649
f 10310 10653 10618
f 10653 10623 10618
f 10636 10654 10622
f 10654 10636 10642
f 10655 10622 10654
f 10655 10654 10656
f 10629 10613 10611
f 10629 10611 10657
f 10622 10655 10627
f 10658 10659 10660
f 10660 10659 10661
f 10619 10618 10623
f 10657 10611 10637
f 10658 10660 10662
f 10653 10310 10277
f 10277 10625 10653
f 10657 10161 10629
f 9849 10659 10658
f 10629 10161 10162
f 10277 10282 10625
f 10623 10653 10625
f 10656 10663 10655
f 10664 10665 9849
f 9849 10665 10659
f 10642 10656 10654
f 10656 10642 10647
f 9849 9843 10664
f 10664 9843 9848
f 9848 9902 10664
f 10645 10666 10637
f 10657 10637 10666
f 10666 10169 10657
f 10169 10161 10657
f 10174 10105 10616
f 10616 10181 10174
f 10518 10522 10152
f 10667 1222 1188
f 10346 10522 10354
f 10649 10667 1188
f 10346 10152 10522
f 10668 1222 10667
f 10628 10354 10522
f 9789 9945 9947
f 9789 9947 10420
f 10669 10181 10616
f 10652 10667 10649
f 10669 10616 10615
f 10667 10652 10670
f 10671 10668 10670
f 10670 10668 10667
f 10420 10003 9789
f 10672 10652 10651
f 10420 10001 10003
f 10672 10670 10652
f 10670 10672 10671
f 10673 10672 10651
f 10628 10522 10529
f 10674 10672 10673
f 10674 10671 10672
f 10669 10675 10181
f 10204 10181 10675
f 10668 1242 1222
f 10001 10420 10424
f 10204 10675 10226
f 10676 1242 10668
f 10628 10641 10626
f 10001 10424 10425
f 10615 10677 10669
f 10678 1242 10676
f 10678 1245 1242
f 10627 10677 10615
f 10677 10675 10669
f 10677 10679 10675
f 10627 10679 10677
f 10680 10676 10671
f 10671 10676 10668
f 10680 10678 10676
f 10628 10529 10681
f 1245 10678 10682
f 10682 1248 1245
f 10628 10681 10641
f 10678 10683 10682
f 10539 10681 10529
f 1248 1244 1245
f 10681 10643 10641
f 1248 10682 10684
f 10683 10684 10682
f 10539 10643 10681
f 10674 10680 10671
f 10643 10539 10577
f 2978 2979 10685
f 2978 10685 10644
f 2979 3062 10685
f 10005 10001 10425
f 10005 10425 10460
f 10686 10674 10687
f 10687 10674 10673
f 10688 10680 10674
f 10644 10685 10689
f 10685 3062 10689
f 10680 10683 10678
f 10680 10688 10683
f 10005 10460 10023
f 10026 10023 10460
f 10647 10640 10644
f 10647 10644 10689
f 10635 10690 10632
f 10647 10689 10691
f 10692 10683 10688
f 10693 10694 10632
f 10461 10026 10460
f 10695 10691 10689
f 10026 10461 10464
f 10691 10695 10696
f 10690 10697 10693
f 10027 10026 10029
f 10689 3062 10698
f 10698 3062 3070
f 10464 10029 10026
f 10693 10632 10690
f 10029 10464 10466
f 10661 10686 10687
f 10686 10688 10674
f 10699 3070 3075
f 10690 10635 10639
f 10639 10700 10690
f 10701 10688 10686
f 10695 10689 10698
f 10695 10698 10699
f 10699 10698 3070
f 10659 10701 10661
f 10661 10701 10686
f 10700 10639 10643
f 10700 10697 10690
f 10691 10696 10647
f 10565 10697 10700
f 10688 10702 10692
f 10702 10703 10692
f 10643 10563 10700
f 10700 10563 10565
f 10665 10702 10701
f 10701 10702 10688
f 10701 10659 10665
f 10704 10703 10702
f 10665 10704 10702
f 10693 10557 10705
f 10029 10466 10614
f 10557 10693 10697
f 10555 10557 10697
f 9902 10704 10665
f 10614 10125 10127
f 9902 10665 10664
f 10656 10647 10706
f 10029 10614 10127
f 10555 10697 10565
f 10656 10706 10663
f 1351 1248 10684
f 10706 10707 10663
f 10708 1353 1351
f 10125 10613 10162
f 10709 9812 10707
f 10133 10125 10162
f 10684 10708 1351
f 10578 10643 10577
f 10226 10675 10679
f 10710 1353 10708
f 10710 1359 1353
f 10563 10643 10578
f 10627 10711 10679
f 10708 10712 10710
f 10713 10679 10714
f 10711 10714 10679
f 10684 10683 10715
f 10715 10683 10692
f 10715 10708 10684
f 10715 10716 10708
f 10203 10226 10717
f 10692 10718 10715
f 10715 10718 10716
f 10463 10447 10719
f 10720 10716 10718
f 10716 10712 10708
f 10230 10203 10717
f 10719 10447 10721
f 10721 10447 10722
f 10723 10712 10716
f 10717 10226 10713
f 10724 10725 10723
f 10723 10725 10712
f 10725 10710 10712
f 10713 10226 10679
f 10714 10726 10713
f 10727 10249 10728
f 10720 10723 10716
f 10230 10717 10239
f 10717 10713 10726
f 10727 10728 10729
f 10239 10717 10726
f 10249 10727 10551
f 1359 10710 1388
f 10462 10463 10730
f 10730 10463 10719
f 10551 10727 10731
f 1388 10710 10732
f 10524 10462 10532
f 10532 10462 10730
f 10732 10733 1388
f 10541 10532 10730
f 10726 10734 10239
f 10735 10726 10714
f 10714 10736 10735
f 10729 10737 10738
f 10719 10739 10730
f 10710 10725 10732
f 10725 10724 10732
f 10734 10726 10735
f 10729 10738 10740
f 10735 10741 10734
f 10727 10729 10740
f 10733 10732 9764
f 10731 10727 10740
f 10724 9764 10732
f 10740 10738 10742
f 10663 10627 10655
f 10711 10627 10663
f 10743 10711 10663
f 9757 9764 10724
f 9757 10724 9756
f 10721 10744 10719
f 10743 10663 10707
f 9768 10733 9764
f 9955 10733 9768
f 10541 10730 10739
f 9768 9956 9955
f 10745 10731 10740
f 10745 10740 10742
f 10746 10747 10739
f 10748 10731 10745
f 10707 10749 10743
f 10748 10745 10750
f 1388 10751 1389
f 10752 10745 10742
f 10751 1397 1389
f 10743 10736 10714
f 10743 10714 10711
f 10750 10745 10752
f 10590 10540 10541
f 9930 9927 10751
f 10751 9927 1397
f 10747 10541 10739
f 10736 10743 10749
f 10751 1388 10733
f 10747 10590 10541
f 10719 10744 10739
f 10733 9930 10751
f 10753 10736 10754
f 10754 10736 10749
f 10749 10707 9812
f 10737 10755 10756
f 9955 9930 10733
f 9931 9930 9955
f 9811 10749 9812
f 10756 10755 10757
f 10757 10758 10756
f 10754 10749 9811
f 10754 9811 9820
f 9820 9811 9810
f 10759 10746 10744
f 10744 10746 10739
f 10760 10756 10758
f 10692 10703 10761
f 10744 10721 10759
f 10718 10692 10761
f 10718 10761 10720
f 10762 10761 10704
f 10704 10761 10703
f 10756 10738 10737
f 10756 10760 10738
f 10736 10753 10735
f 10763 10720 10761
f 10742 10738 10760
f 10763 9756 10720
f 10758 10757 10764
f 10722 10447 10480
f 10722 10480 10765
f 10239 10734 10244
f 9753 9756 10763
f 9753 10763 9745
f 10758 10764 10766
f 10244 10734 10767
f 10758 10766 10760
f 9756 10723 10720
f 10768 10764 9857
f 10724 10723 9756
f 10768 10766 10764
f 10735 10753 10741
f 10704 9902 10762
f 10762 9902 10769
f 10762 9746 10761
f 10755 10741 10770
f 10765 10480 10494
f 9746 10762 10769
f 10763 10761 9746
f 9901 10769 9902
f 9904 9746 10769
f 10769 9901 9904
f 10494 10771 10765
f 10772 10742 10760
f 10752 10742 10772
f 10249 10244 10728
f 10763 9746 9745
f 10767 10728 10244
f 9747 9746 9904
f 10729 10728 10767
f 10773 10721 10722
f 10766 10772 10760
f 10765 10773 10722
f 10741 10767 10734
f 10766 10768 10774
f 10755 10737 10767
f 10755 10767 10741
f 10721 10773 10759
f 10767 10737 10729
f 10759 10773 10775
f 10774 10772 10766
f 10753 10754 10770
f 10773 10765 10776
f 10776 10765 10771
f 10754 9820 9833
f 9833 10770 10754
f 10648 10777 10778
f 10752 10779 10750
f 10764 9833 9834
f 10764 9834 9857
f 10748 10777 10648
f 10741 10753 10770
f 10777 10748 10750
f 10750 10779 10777
f 10666 10780 10169
f 10666 10778 10780
f 10757 10755 10770
f 10780 10778 10781
f 10777 10782 10778
f 9833 10757 10770
f 10747 10783 10784
f 10785 10777 10779
f 10783 10747 10746
f 10777 10785 10782
f 10764 10757 9833
f 10781 10778 10782
f 10786 10784 10783
f 10783 10787 10786
f 10590 10784 10591
f 10784 10590 10747
f 10695 10699 10788
f 10786 10591 10784
f 10593 10591 10786
f 10788 10699 10789
f 10783 10746 10790
f 10790 10746 10759
f 10706 10647 10696
f 10706 10696 10709
f 10695 10788 10696
f 10752 10772 10791
f 10752 10791 10779
f 10788 10709 10696
f 10709 10788 10792
f 10790 10793 10783
f 10783 10793 10787
f 10709 10707 10706
f 10794 10793 10790
f 10791 10772 10795
f 10785 10779 10791
f 10786 10608 10593
f 10795 10772 10774
f 10789 10792 10788
f 10796 10786 10787
f 10608 10786 10796
f 10608 10796 10609
f 10796 10797 10609
f 10792 9809 10709
f 10798 10795 10799
f 9812 10709 9809
f 10792 9761 9809
f 10798 10791 10795
f 10792 10789 9762
f 10800 10787 10793
f 10800 10793 10794
f 10794 10801 10800
f 10787 10800 10802
f 10787 10802 10797
f 10791 10803 10785
f 10797 10796 10787
f 9761 10792 9762
f 10791 10798 10803
f 10800 10801 10802
f 10785 10803 10782
f 10803 10804 10782
f 10699 3075 10805
f 10805 3075 3102
f 10805 3102 10806
f 10775 10773 10807
f 10789 10699 10805
f 10799 10808 10798
f 10809 10789 10805
f 10798 10808 10803
f 10810 10775 10807
f 10806 3102 3106
f 10807 10773 10776
f 3118 10806 3106
f 10811 10807 10776
f 10806 9749 10805
f 10809 10805 9749
f 10807 10811 10812
f 10806 3118 9991
f 9749 10806 9991
f 9750 9749 9991
f 10810 10813 10801
f 9750 9991 9992
f 9857 9854 10814
f 10814 9854 10815
f 10813 10810 10807
f 10809 9762 10789
f 10807 10812 10813
f 9864 9870 10816
f 9762 10809 9748
f 9749 9748 10809
f 9854 9864 10815
f 10815 9864 10816
f 10813 10812 10817
f 10790 10759 10775
f 10794 10790 10775
f 10775 10810 10794
f 10818 10814 10819
f 10819 10814 10815
f 10801 10794 10810
f 10819 10815 10820
f 10820 10815 10816
f 10821 10819 10820
f 10820 10816 10822
f 10820 10822 10823
f 10824 10819 10821
f 10821 10820 10823
f 10825 10821 10823
f 10768 9857 10818
f 10814 10818 9857
f 10774 10768 10818
f 10824 10774 10818
f 10824 10818 10819
f 10490 7636 7637
f 10816 9870 10826
f 10490 7637 7647
f 10826 9870 10827
f 10827 9870 9800
f 10822 10816 10826
f 10827 10828 10826
f 10827 9800 9895
f 10062 9895 9808
f 10829 10490 7647
f 10830 10827 9895
f 10829 10494 10490
f 10830 9895 10062
f 7648 10829 7647
f 10062 10166 10830
f 10828 10827 10830
f 10830 10831 10828
f 10771 10494 10829
f 10831 10830 10166
f 10166 10062 10158
f 10832 10822 10826
f 10832 10826 10828
f 7753 10829 7648
f 10828 10833 10832
f 10822 10834 10823
f 10834 10822 10832
f 10832 10833 10834
f 10835 10834 10833
f 10836 10835 10833
f 10776 10771 10837
f 10837 10771 10829
f 10837 10829 7753
f 10828 10831 10833
f 10838 10837 7753
f 10166 10184 10831
f 10837 10811 10776
f 10836 10833 10831
f 10836 10831 10206
f 10206 10831 10184
f 10839 7753 10840
f 10185 10206 10184
f 10206 10209 10836
f 10839 10838 7753
f 10838 10839 10841
f 10838 10811 10837
f 10825 10823 10842
f 10842 10823 10843
f 10844 10842 10843
f 10845 10842 10844
f 10811 10841 10812
f 10841 10811 10838
f 10846 10845 10844
f 237 10840 7753
f 10847 10845 10846
f 10795 10774 10848
f 10839 10840 10849
f 10848 10774 10824
f 10848 10799 10795
f 10841 10839 10850
f 10848 10824 10825
f 10825 10824 10821
f 10817 10812 10841
f 10817 10841 10851
f 10825 10845 10848
f 10845 10825 10842
f 10852 10848 10845
f 10851 10841 10850
f 10851 10850 10853
f 10854 10849 236
f 10849 10850 10839
f 10854 10850 10849
f 10852 10799 10848
f 10855 10799 10852
f 10853 10850 10854
f 10799 10855 10808
f 10856 10855 10852
f 10845 10847 10852
f 10849 10840 236
f 236 10840 237
f 10856 10852 10847
f 10843 10823 10834
f 10843 10834 10835
f 10843 10857 10844
f 250 10854 236
f 10857 10843 10835
f 10858 10859 10847
f 10858 10847 10846
f 10835 10860 10857
f 10860 10835 10836
f 10844 10857 10846
f 10857 10861 10846
f 10861 10857 10860
f 10836 10209 10860
f 9922 10862 9923
f 10860 10863 10861
f 9923 10862 10864
f 10864 10862 10865
f 10209 10293 10860
f 10860 10293 10863
f 10866 10865 10867
f 10858 10846 10861
f 9950 9934 10868
f 10868 9951 9950
f 9951 10868 10869
f 10870 10858 10861
f 10705 10868 9940
f 10705 10871 10868
f 10557 10871 10705
f 10557 10556 10871
f 10872 10871 10556
f 10870 10861 10863
f 9934 9940 10868
f 10869 10868 10871
f 10312 10870 10863
f 10869 10871 10872
f 10312 10863 10293
f 10312 10873 10870
f 10874 10872 10875
f 10569 10872 10556
f 10875 10872 10569
f 10869 10876 9951
f 9922 9951 10876
f 10111 10877 10112
f 10876 10869 10872
f 10877 10111 10878
f 10862 9922 10876
f 10877 10878 10879
f 10876 10865 10862
f 10872 10865 10876
f 10877 10879 10880
f 10865 10872 10874
f 10880 10879 9792
f 10881 9794 9792
f 10882 9806 9794
f 10882 9807 9806
f 10883 10884 10867
f 10884 10883 10885
f 10885 10886 10884
f 10886 10885 10887
f 10887 10888 10886
f 10175 10169 10780
f 10175 10780 10889
f 10889 10780 10781
f 10890 10891 10892
f 10890 10892 10875
f 10891 10893 10892
f 10175 10889 10894
f 10874 10875 10892
f 10175 10894 10173
f 10890 10569 10567
f 10875 10569 10890
f 10889 10895 10894
f 10890 10567 10602
f 10603 10891 10602
f 10890 10602 10891
f 10896 10897 10895
f 10804 10898 10897
f 10891 10603 10899
f 10781 10896 10889
f 10899 10603 10610
f 10896 10781 10782
f 10900 10899 10610
f 10901 10900 10610
f 10782 10804 10896
f 10893 10891 10899
f 10893 10899 10900
f 10804 10897 10896
f 10902 10893 10900
f 10895 10889 10896
f 10894 10193 10173
f 10903 10193 10894
f 10903 10894 10895
f 10903 10904 10193
f 10287 10193 10904
f 10892 10883 10874
f 10893 10902 10892
f 10892 10902 10883
f 10903 10905 10904
f 10903 10906 10905
f 10865 10874 10867
f 10867 10874 10883
f 10902 10900 10907
f 10902 10885 10883
f 10885 10902 10907
f 10908 10895 10897
f 10903 10895 10908
f 10900 10909 10907
f 10907 10887 10885
f 10887 10907 10909
f 10908 10897 10898
f 10906 10903 10908
f 10908 10910 10906
f 9923 3636 9973
f 3636 9923 10911
f 3645 3637 3636
f 3645 3636 10911
f 10912 10913 3645
f 10912 3645 10911
f 9923 10864 10911
f 10911 10864 10912
f 10914 10915 10916
f 10913 3644 3645
f 10803 10917 10804
f 10804 10917 10898
f 10866 10913 10912
f 10866 10918 10913
f 10917 10919 10898
f 10918 10920 10913
f 10912 10864 10866
f 10917 10921 10919
f 10865 10866 10864
f 10917 10803 10808
f 10808 10922 10917
f 10921 10917 10922
f 3651 3644 10913
f 3651 10913 10920
f 10910 10908 10898
f 10910 10898 10919
f 10919 10923 10910
f 10906 10910 10924
f 10924 10910 10923
f 10923 10919 10921
f 10921 10922 10914
f 10925 10920 10918
f 10914 10916 10921
f 10920 10925 10926
f 10867 10918 10866
f 10923 10921 10916
f 10918 10867 10884
f 10925 10918 10884
f 10904 10288 10287
f 10904 10905 10288
f 10927 10926 10925
f 10927 10928 10926
f 10905 10929 10288
f 10928 10927 10930
f 10274 10288 10278
f 10925 10884 10886
f 10886 10927 10925
f 10927 10886 10888
f 10887 10931 10888
f 10888 10930 10927
f 10930 10888 10931
f 10906 10929 10905
f 10920 3652 3651
f 10920 3659 3652
f 3659 10920 10926
f 10906 10924 10929
f 3668 3659 10926
f 3668 10926 10928
f 3668 10928 3669
f 10932 10278 10288
f 10308 10278 10932
f 10932 10288 10933
f 10933 10288 10929
f 10111 10308 10932
f 10111 10932 10878
f 10878 10932 10933
f 10933 10879 10878
f 10933 10929 10934
f 10879 10933 10934
f 10879 10934 9792
f 10935 10936 10909
f 10936 10935 10937
f 10909 10936 10887
f 10938 10936 10937
f 10937 10935 10939
f 10940 10924 10923
f 10939 10941 10937
f 10941 10939 10942
f 10924 10943 10929
f 10940 10943 10924
f 10940 10944 10943
f 10941 10945 10937
f 10937 10945 10938
f 10901 10610 10609
f 10797 10946 10901
f 10944 10940 10947
f 10947 10923 10916
f 10901 10609 10797
f 10940 10923 10947
f 10947 10916 10915
f 10947 10915 10948
f 10949 10944 10947
f 10946 10935 10901
f 10947 10948 10949
f 10797 10802 10946
f 10934 10929 10943
f 10943 10881 10934
f 10881 10943 10944
f 10802 10801 10942
f 10944 10949 10881
f 10802 10939 10946
f 9792 10934 10881
f 10935 10946 10939
f 10939 10802 10942
f 10881 10949 9794
f 10909 10900 10901
f 10901 10935 10909
f 10882 10949 10950
f 10948 10950 10949
f 9794 10949 10882
f 9807 10882 10950
f 10942 10801 10813
f 10951 10942 10813
f 10952 10942 10951
f 10951 10813 10817
f 10951 10817 10953
f 10954 9893 9892
f 10954 9900 9893
f 10941 10942 10952
f 10941 10955 10945
f 10956 9926 9900
f 10952 10955 10941
f 10956 9928 9926
f 10957 10958 10959
f 10951 10957 10952
f 10957 10951 10953
f 10957 10959 10952
f 10955 10952 10959
f 10859 10960 10847
f 10960 10961 10962
f 10960 10859 10961
f 10962 10961 10963
f 10914 10964 10915
f 10965 10915 10964
f 3677 3674 10966
f 10938 3677 10931
f 10928 10930 10966
f 10966 10930 10931
f 10966 10931 3677
f 10931 10887 10936
f 10964 10967 10965
f 10967 10964 10963
f 10936 10938 10931
f 10968 10963 10969
f 10967 10963 10968
f 10855 10970 10922
f 10922 10808 10855
f 10970 10855 10856
f 10971 3677 10938
f 10922 10970 10914
f 10962 10970 10856
f 10914 10970 10962
f 10945 10971 10938
f 3669 10928 10966
f 10856 10960 10962
f 3669 10966 3674
f 10847 10960 10856
f 3681 3677 10971
f 3676 3677 3681
f 3690 3681 10971
f 3690 3683 3681
f 10964 10914 10962
f 10964 10962 10963
f 10858 10972 10859
f 3688 3690 10971
f 10945 3688 10971
f 10973 10974 10972
f 3688 10945 10955
f 10972 10975 10859
f 10961 10859 10975
f 10975 10972 10974
f 3688 10955 10976
f 10977 10975 10974
f 10973 10977 10974
f 10959 10976 10955
f 10976 3691 3688
f 10961 10969 10963
f 10969 10961 10975
f 3691 10976 3703
f 10975 10977 10969
f 10978 10968 10969
f 10977 10979 10969
f 10978 10969 10979
f 10980 10981 10977
f 10979 10977 10981
f 10977 10973 10980
f 10981 10980 10631
f 10620 10631 10980
f 10980 10973 10620
f 10982 10979 10981
f 10981 10633 10982
f 10633 10981 10631
f 10870 10972 10858
f 10972 10870 10973
f 10973 10870 10873
f 10618 10873 10312
f 10620 10873 10618
f 10873 10620 10973
f 10983 10984 10985
f 10915 10965 10948
f 10986 10817 10851
f 10965 10984 10948
f 10986 10953 10817
f 10953 10986 10987
f 10965 10985 10984
f 10985 10988 10983
f 10985 10989 10988
f 10967 10985 10965
f 10986 10851 10853
f 10968 10985 10967
f 10990 10985 10968
f 10853 10991 10986
f 10989 10985 10990
f 10986 10991 10987
f 3967 10991 10853
f 10984 10950 10948
f 10950 10984 10983
f 9892 10950 10983
f 10958 10957 10953
f 9807 10950 9892
f 9880 9807 9892
f 10958 10953 10987
f 10987 10992 10958
f 10988 10954 10983
f 10988 10993 10954
f 10989 10993 10988
f 9892 10983 10954
f 10991 3967 3978
f 10993 9900 10954
f 10992 10991 4006
f 10992 4006 10994
f 10992 10987 10991
f 4006 10991 3978
f 10853 10854 3967
f 3967 10854 250
f 10995 10996 10990
f 10990 10996 10989
f 10995 10982 10997
f 10995 10997 10996
f 10998 10996 10997
f 10990 10968 10978
f 10978 10995 10990
f 3967 3968 3971
f 10978 10979 10982
f 10995 10978 10982
f 3978 3967 3971
f 10997 10982 10633
f 10633 10694 10997
f 10633 10632 10694
f 10997 10694 10998
f 10694 10693 10999
f 10958 11000 10959
f 10958 11001 11000
f 10996 10956 10993
f 10976 10959 11000
f 10993 10989 10996
f 11001 10958 10992
f 10992 10994 11001
f 10996 10998 10956
f 10998 9928 10956
f 11000 3703 10976
f 11000 3989 3703
f 3989 3991 3703
f 3989 11000 11001
f 9900 10993 10956
f 3989 11001 10994
f 10694 10999 10998
f 9928 10998 10999
f 10693 10705 10999
f 4006 3995 10994
f 10994 3995 3989
f 9928 10999 9940
f 9940 10999 10705
f 4004 4006 3978
f 10551 10731 10582
f 10748 10582 10731
f 10582 10748 10648
f 10778 10645 10648
f 10645 10778 10666
f 3822 10063 3832
f 3832 10067 10083
f 3827 3832 10083
f 10083 11002 3827
f 11002 3851 3827
f 3851 11002 11003
f 10083 10082 10099
f 10083 10099 11002
f 11003 3852 3851
f 11004 3852 11003
f 3852 11004 3854
f 11003 11002 10099
f 11003 10099 11005
f 11003 11005 11004
f 11004 11005 11006
f 11005 10099 10101
f 11006 11005 10112
f 11005 10101 10112
f 4204 3854 11004
f 11007 11004 11006
f 11008 11007 11006
f 4204 11004 11007
f 11007 4203 4204
f 11009 11010 11007
f 4203 11007 11010
f 4203 11010 9755
f 9765 9755 11010
f 4204 4201 3854
f 4210 4203 9755
f 11008 11006 10112
f 11008 10112 10877
f 10880 11009 10877
f 10877 11009 11008
f 11007 11008 11009
f 9787 11010 11009
f 9787 11009 10880
f 9787 9765 11010
f 9792 9787 10880
f 9564 10646 9581
f 11011 10646 9564
f 10649 10646 10650
f 10646 11011 10650
f 11011 11012 11015
f 11014 11015 11012
f 11016 10650 11015
f 11015 10650 11011
f 10650 11016 10651
f 11016 10673 10651
f 11017 11016 11014
f 11014 11016 11015
f 11017 10673 11016
f 10673 11017 10687
f 11013 11018 11014
f 11019 11020 11018
f 11021 11017 11014
f 11021 11014 11018
f 11022 10687 11017
f 11021 11022 11017
f 11018 11020 11021
f 11023 11021 11020
f 11021 11023 11022
f 11024 11020 11019
f 11025 11020 11024
f 11027 11025 11024
f 11027 11024 11026
f 11025 11023 11020
f 10660 10661 11022
f 10661 10687 11022
f 11023 10660 11022
f 11028 11025 11027
f 10662 10660 11023
f 11028 10662 11025
f 11025 10662 11023
f 9841 10662 11028
f 10658 10662 9849
f 10662 9841 9849
f 11031 11032 11033
f 11034 11033 11035
f 11034 11035 11029
f 11035 11033 11036
f 11036 11033 11032
f 11032 11031 9829
f 11036 11032 9831
f 11032 9829 9831
f 11037 9815 9818
f 9815 9816 9818
f 11031 11037 9818
f 11031 9818 9817
f 9827 9822 9824
f 11034 11037 11033
f 11033 11037 11031
f 11029 11030 11034
f 9817 9829 11031
f 11026 11029 11027
f 11035 11038 11027
f 11035 11027 11029
f 11039 11038 11035
f 11027 11038 11028
f 11028 11038 9845
f 11039 9845 11038
f 11035 11036 11039
f 9844 9845 11039
f 11039 11036 9838
f 11036 9831 9838
f 9837 9840 9838
f 9840 9844 9838
f 9844 11039 9838
f 9842 9841 9845
f 9841 11028 9845
f 9840 9846 9844

